tree
version=v4
num_class=1
num_tree_per_iteration=1
label_index=0
max_feature_idx=48
objective=binary sigmoid:1
feature_names=ret_cc_1 ret_cc_3 ret_cc_6 ret_cc_12 ret_cc_24 ret_oc_1 ret_oc_3_mean ret_oc_6_mean ret_oc_12_mean range_1 range_3_mean range_6_mean range_12_mean body_1 body_3_mean body_6_mean body_12_mean close_pos_1 upper_wick_1 lower_wick_1 vol_cc_3 vol_cc_6 vol_cc_12 vol_cc_24 up_frac_3 up_frac_6 up_frac_12 close_vs_sma_3 close_vs_sma_6 close_vs_sma_12 close_vs_sma_24 range_expansion_1_6 body_accel_1_3 trend_strength_6 trend_strength_12 trend_strength_24 volume_log_1 volume_ratio_3 volume_ratio_12 quote_volume_ratio_3 trade_count_log_1 trade_count_ratio_3 avg_trade_size_log_1 taker_buy_ratio_3 taker_buy_ratio_12 hour_sin hour_cos dow_sin dow_cos
feature_infos=[-0.09067709840149514:0.048931005598049658] [-0.094087314136138162:0.053934205405202447] [-0.091375218688493937:0.063192751835816588] [-0.096309759064322875:0.071785322777419849] [-0.10427344460353882:0.087582553035699201] [-0.09067709840149514:0.048931005598049658] [-0.031362317590786164:0.01797817204370112] [-0.015229203326477122:0.010532177078545342] [-0.0080258134166885011:0.0059821624757112864] [1.016820860238716e-07:0.087671155389985198] [1.4412510051180779e-07:0.055149870729884427] [4.341025506032289e-07:0.033305173314178559] [1.2151756924041689e-05:0.020564753086339625] [-0.09067709840149514:0.048931005598049658] [-0.031362317590786164:0.01797817204370112] [-0.015229203326477122:0.010532177078545342] [-0.0080258134166885011:0.0059821624757112864] [0:1] [0:1] [0:1] [0:0.065359654544671325] [2.8009764803695522e-07:0.042195400786682574] [2.3941249685154107e-05:0.02902210973333573] [6.1989301489880267e-05:0.020458560190782817] [0:1] [0:1] [0:1] [-0.061069826287300844:0.035818762344383082] [-0.075795524427491046:0.048077335981099756] [-0.082538228545131931:0.060192597125063196] [-0.089129749883107401:0.06822882883348047] [-0.99987317222573002:4.9757672880506645] [-0.059314780810708977:0.05298534399844794] [-34.342267182362335:38.852318900435492] [-21.099632422475743:18.773467300633513] [-19.02164475941003:21.908682749066006] [1.0134537395867877:8.7321715734797234] [-0.87955448015644255:2.6673409916584054] [-0.80247744078849281:0.92466872044074844] [-0.87956340256003551:2.6732365435917713] [6.0844994130751715:12.739009993281293] [-0.80425849831901386:2.4085373581427501] [0.00067125232157260253:0.20760045843254479] [0.074854940801352077:0.92670790509298617] [0.11314084698989516:0.80025650171175522] [-1:1] [-1:1] [-0.97492791218182362:0.97492791218182362] [-0.90096886790241903:1]
tree_sizes=3556 3588 3576 3587 3593 3632 3591 3603 3582 3606 3580 3596 3603 3580 3585 3598 3601 3614 3580 3604 3589 3594 3604 3593 3592 3612 3603 3610 3559 3587 3611 3609 3599 3589 3603 3588 3595 3616 3601 3592 3582 3581 3591 3592 3607 3566 3574 3591 3576 3566 3589 3573 3588 3584

Tree=0
num_leaves=31
num_cat=0
split_feature=28 34 28 19 42 5 2 47 20 19 42 42 44 43 30 9 29 29 5 1 7 40 42 19 42 30 40 21 20 30
split_gain=385.349 138.066 88.0087 65.2205 56.8993 45.873 52.9978 42.1752 39.1458 38.5587 32.2629 31.8779 31.2983 30.0974 28.846 40.8602 30.4686 28.3473 33.4851 27.1849 26.6443 26.462 25.3917 24.7749 24.0743 39.8685 23.6878 23.5044 23.4464 23.3957
threshold=-0.0008293054717727898 2.6287772951570996 -0.0022172547399712523 0.014393842223295346 0.023715485835736152 -0.00048065177897671122 0.0024876092040149308 -0.8783796973249266 0.0017139372377205206 0.71052595931987217 0.0072396448975247723 0.028726395262411827 0.49807437642049851 0.41062053483046451 -0.0042711850182581826 0.0054218450954746367 -0.0019197788653979029 -0.001876753520860641 -0.0001473905143189328 7.0999319605647438e-05 -0.00043320570571682822 8.0178019317010403 0.032594163574178374 0.24865129325727384 0.0073459959213269983 -0.0036466655392317633 10.24594186020472 0.00070252435121630089 0.00056354203371146731 -0.0042711850182581826
decision_type=2 2 2 2 2 2 2 2 2 2 2 2 2 2 2 2 2 2 2 2 2 2 2 2 2 2 2 2 2 2
left_child=2 3 4 11 8 10 -7 -4 27 13 -3 17 -13 26 16 21 28 18 -2 -19 -6 -16 -15 -8 25 -10 -5 -1 -9 -29
right_child=1 5 7 9 20 6 23 14 24 -11 -12 12 -14 22 15 -17 -18 19 -20 -21 -22 -23 -24 -25 -26 -27 -28 29 -30 -31
leaf_value=0.032727923740106218 0.0012331861151841615 0.0036266954784940457 0.017658782816518719 0.012699590478602715 0.021145546318838415 0.0071545191773637901 0.0018343137574537149 0.024958106029678236 0.0021888682609475544 0.014009007655516787 0.011419262356315976 0.0067970053680692262 -0.0003503752081825684 0.0098481895550327509 0.014747729743678472 -0.0047573594770939209 0.027284608914423584 0.0059612117410731205 0.027502013150396017 0.0095054793892366454 0.011491197376432734 0.010256463195463448 0.0070964726158145117 0.0057874829433321364 0.013652369493817096 0.01695970502554494 -0.0030347019342366836 0.019730755784855621 0.012454348930376013 0.012937415798266697
leaf_weight=84.055863082408905 63.077994540333748 625.92806968092918 1050.7236085534096 3593.1481451541185 2084.1679425686598 6381.3957832306623 3965.352214500308 148.88036550581455 506.78775429725647 2138.39332857728 2023.2621165663004 1640.1016506403685 832.06988035142422 18048.682200089097 1396.8738474696875 151.30221778154373 161.9467645585537 3393.5125209093094 140.16730546951294 4575.3759064972401 294.46533614397049 7638.9865848273039 3623.56714810431 2235.7400838434696 1385.9685839861631 243.07849007844925 87.966120064258575 961.08332075178623 1445.370206952095 872.24182461202145
leaf_count=183 163 1584 3242 11774 3994 20300 8889 346 895 6606 5068 5763 2768 48998 4579 266 331 12299 306 14783 586 19719 10523 5052 2502 459 160 1864 2957 1984
internal_value=0.00969563 0.00840421 0.0134362 0.00936865 0.0162676 0.00598976 0.00523433 0.0119174 0.0141044 0.0101405 0.00957892 0.00737479 0.00438955 0.0098141 0.0113658 0.0106919 0.0148888 0.00827833 0.0193344 0.00799574 0.0199519 0.0109512 0.00938823 0.00325893 0.0113089 0.00698169 0.0123221 0.0172163 0.0136257 0.016501
internal_weight=71793.7 53367.7 18425.9 38136.1 6431.85 15231.7 12582.5 11994.1 4053.22 27491.8 2649.19 10644.3 2472.17 25353.4 10943.4 9187.16 1756.2 8172.13 203.245 7968.89 2378.63 9035.86 21672.2 6201.09 2135.83 749.866 3681.11 1917.38 1594.25 1833.33
internal_count=198943 155036 43907 114143 12467 40893 34241 31440 7887 78061 6652 36082 8531 71455 28198 24564 3634 27551 469 27082 4580 24298 59521 13941 3856 1354 11934 4031 3303 3848
is_linear=0
shrinkage=1


Tree=1
num_leaves=31
num_cat=0
split_feature=28 30 28 19 0 42 34 42 47 19 30 20 17 11 43 9 46 44 43 9 40 43 23 42 47 40 40 17 44 1
split_gain=362.597 131.751 83.1502 81.8737 68.9387 61.973 44.8281 41.6284 41.0975 37.6221 36.7627 39.8982 35.6397 39.7829 34.7105 33.3182 32.6799 31.9207 29.5901 27.964 27.6669 27.571 24.7453 24.6367 23.7273 22.8059 22.5436 22.2592 21.1146 20.8188
threshold=-0.0008293054717727898 0.0029327061937416414 -0.0024808111309647658 0.014393842223295346 -0.00066569761567331911 0.023715485835736152 1.2223380708041864 0.028726395262411827 -0.8783796973249266 0.71052595931987217 -0.0042711850182581826 0.00056901914208984893 0.25232232329864496 0.00039010316390650739 0.4710173072434975 0.0015831615400003233 -0.84915165824291605 0.49807437642049851 0.41316809547457739 0.0054218450954746367 10.24594186020472 0.37441670899750351 0.0012678045470351327 0.028070895080649302 -0.8783796973249266 8.0178019317010403 10.287763071382086 0.99989635694418733 0.40029703356086466 -0.0051646009624123782
decision_type=2 2 2 2 2 2 2 2 2 2 2 2 2 2 2 2 2 2 2 2 2 2 2 2 2 2 2 2 2 2
left_child=2 3 5 7 -3 15 -6 12 -4 18 11 23 13 -2 -13 -1 -8 -9 20 25 -5 -17 29 -10 -18 -12 28 -20 -24 -7
right_child=1 4 8 9 6 22 16 17 10 -11 19 14 -14 -15 -16 21 24 -19 27 -21 -22 -23 26 -25 -26 -27 -28 -29 -30 -31
leaf_value=0.024260257391044659 -0.011244009366987358 0.0012127971050358813 0.0079328852577739382 0.0027987621140993647 0.0020080209306279936 0.035587979669841611 -0.0097855349076815795 -0.0030574130002053758 0.024481460677639677 0.0040341822079826544 0.0048447003357455489 0.0010302721587873052 6.0343135931233434e-05 -0.0024745780289353808 0.0094308592355632076 0.0085656017906380923 -0.011857473151195039 -0.0094668326257663707 -0.00057525960236090871 -0.010638022805190217 -0.014340365784032579 0.0022752918486473443 -0.0072952246411951719 0.0023451597099116272 -0.0044475619225339954 0.00071735377747629732 0.01920017763427255 0.0028979761297137098 0.0091601608276783413 0.015156290317376701
leaf_weight=73.763091236352921 540.2621978521347 1874.0797298997641 1102.4212971925735 4086.5471539050341 740.97466014325619 55.479204386472702 1453.0110889673233 1768.161510899663 148.61985093355179 2404.0262807756662 1411.8573140054941 1222.8598541170359 5486.726993277669 3377.0868537724018 694.54810778796673 844.19056294858456 412.34497505426407 1159.2478187829256 21192.077400237322 178.97372396290302 86.314282417297363 2447.1225438416004 73.446637481451035 65.533640801906586 6985.5442577749491 8235.0625185221434 195.42931531369686 1801.4913576990366 1432.462805211544 243.64334473013878
leaf_count=181 2515 3993 3371 13468 1584 113 3224 6271 332 7617 4620 2542 18371 11497 1366 1684 996 4039 60249 314 158 4513 134 146 15568 21076 305 5486 2647 563
internal_value=5.37398e-05 -0.00119896 0.00368222 -0.000419135 -0.00404846 0.00682665 -0.00507674 -0.00247267 0.00239004 0.000437138 0.00187864 0.00545025 -0.00149966 -0.00368529 0.00407547 0.00433886 -0.00567022 -0.00559703 0.000118689 0.00110344 0.00244286 0.00389003 0.0110091 0.01773 -0.00486129 0.0013218 0.00960441 -0.000302987 0.00835474 0.0189771
internal_weight=71793.3 53367.9 18425.4 41901.9 11466 5365.54 9591.87 12331.5 13059.9 29570.5 11957.5 2131.56 9404.08 3917.35 1917.41 3365.08 8850.9 2927.41 27166.4 9825.89 4172.86 3291.31 2000.46 214.153 7397.89 9646.92 1701.34 22993.6 1505.91 299.123
internal_count=198943 155036 43907 129671 25365 10140 21372 42693 33767 86978 30396 4386 32383 14012 3908 6378 19788 10310 79361 26010 13626 6197 3762 478 16564 25696 3086 65735 2781 676
is_linear=0
shrinkage=0.03


Tree=2
num_leaves=31
num_cat=0
split_feature=28 34 28 19 0 2 47 19 33 3 2 36 43 34 4 41 30 20 48 34 40 40 38 36 43 1 31 19 40 40
split_gain=341.195 124.115 78.5658 57.7943 41.3467 47.9587 37.3599 34.271 31.0596 29.4753 32.8023 27.5988 26.6797 26.1825 25.5941 25.2371 25.9792 25.8744 23.3383 28.8754 22.7078 22.6716 28.1435 22.4361 23.81 21.7398 25.9731 29.124 23.8028 24.364
threshold=-0.0008293054717727898 2.6287772951570996 -0.0022172547399712523 0.014393842223295346 -0.00048105812976181655 0.0024876092040149308 -0.8783796973249266 0.71052595931987217 -4.0165139739837175 -0.0013548705527144159 -0.0021186090256744392 5.4505949432019003 0.41062053483046451 2.9892438736162066 0.009096914459493401 0.12068917548875648 -0.0042711850182581826 0.00032357137438874471 0.81174490092936691 6.1026858154059012 9.2465276415751685 9.4100515154688882 -0.06876067833662268 7.0716155562112801 0.42624107557110708 -0.0051646009624123782 0.9413398852552407 0.14549258328401019 10.208469121386758 10.09870476819801
decision_type=2 2 2 2 2 2 2 2 2 2 2 2 2 2 2 2 2 2 2 2 2 2 2 2 2 2 2 2 2 2
left_child=2 3 8 9 11 -6 -4 12 20 -2 -11 21 -5 -13 15 16 -8 -17 19 -7 -1 22 -3 24 -22 26 27 -10 29 -27
right_child=1 4 6 7 5 18 14 -9 25 10 -12 13 -14 -15 -16 17 -18 -19 -20 -21 23 -23 -24 -25 -26 28 -28 -29 -30 -31
leaf_value=0.013944315067384741 0.00064505379748975688 0.0052883589511436881 0.0075411779410994254 0.0025316650640607591 -0.0023426856945692721 -0.0054691094915273386 0.0073184256275613778 0.0041252075373655528 0.011225678656925564 -0.015627739133804223 -0.0027326541604028721 -0.012915417193312207 -0.00023066107398647348 0.0071436383657759546 -0.0042806144199436227 0.0095022076646047865 0.002214090329742094 -0.00097794162145641581 -0.0021743010917296092 -0.010464129548238362 0.0091953319692351012 -0.0076925413609775515 -0.0031808562728666443 0.020447725234495801 0.0011464835975887346 0.0038585724104631632 0.015872771439856243 0.0022164583843469333 -0.0024040629135560509 0.019656837980320054
leaf_weight=636.88619223237038 2607.5324092358351 558.12711136043072 1050.5760039240122 3680.979687422514 6383.361377030611 3585.9401756078005 1054.4005294889212 2138.272966131568 533.99027673900127 181.57208976149559 7855.2896741628647 64.535673975944519 21672.300525888801 607.11321625113487 623.82120165228844 228.03177574276924 6054.4399203807116 2982.3204458653927 1144.0452986806631 1471.8253875672817 883.48976948857307 456.32880087196827 960.5984598249197 106.76848340034485 530.22454631328583 1991.5248389393091 276.50265951454639 819.66883035004139 560.146868288517 91.848664432764053
leaf_count=1347 7905 1585 3242 11934 20306 8338 2180 6606 963 493 27684 131 59521 1191 1319 683 16471 7545 2468 3138 1667 1025 2711 170 962 4253 471 1458 994 182
internal_value=5.21482e-05 -0.001163 0.00357201 -0.000248576 -0.0034522 -0.00416897 0.00213706 0.00047804 0.00624751 -0.00212548 -0.00302474 -4.27128e-05 0.000170293 0.00520852 0.00161784 0.00197478 0.00297178 -0.000232055 -0.0060481 -0.00692363 0.00918345 -0.00183034 -6.61834e-05 0.00718572 0.00617926 0.00476438 0.0074903 0.00577376 0.00308183 0.00455832
internal_weight=71792.5 53367.8 18424.6 38135.9 15231.9 12585.2 11993.6 27491.6 6431.05 10644.4 8036.86 2646.7 25353.3 671.649 10943 10319.2 7108.84 3210.35 6201.81 5057.77 2157.37 1975.05 1518.73 1520.48 1413.71 4273.68 1630.16 1353.66 2643.52 2083.37
internal_count=198943 155036 43907 114143 40893 34250 31440 78061 12467 36082 28177 6643 71455 1322 28198 26879 18651 8228 13944 11476 4146 5321 4296 2799 2629 8321 2892 2421 5429 4435
is_linear=0
shrinkage=0.03


Tree=3
num_leaves=31
num_cat=0
split_feature=28 30 28 19 0 34 47 19 3 48 19 33 18 17 30 9 29 40 34 20 45 9 36 17 0 2 36 44 38 20
split_gain=321.057 118.181 73.9427 73.4317 62.3132 40.8663 35.158 33.589 32.3081 29.427 31.8489 29.2351 28.2302 28.8155 24.2965 36.3067 28.1137 23.2476 22.7227 21.6412 31.5925 31.1324 30.0865 30.1709 23.4216 21.5125 20.6207 26.0688 22.6022 20.4087
threshold=-0.0008293054717727898 0.0029327061937416414 -0.0022172547399712523 0.014393842223295346 -0.00066569761567331911 1.2223380708041864 -0.8783796973249266 0.71052595931987217 -0.0013548705527144159 -0.22252093395631442 0.13111257457335787 -4.0165139739837175 0.67745635530171955 0.34241089452759138 -0.0042711850182581826 0.0054218450954746367 -0.0019197788653979029 8.0178019317010403 -0.94525273758033224 0.0013760451243904498 -0.69151305578226929 0.0046812306958262783 6.4680627642598845 0.55963233038076188 -0.0032318264068284122 -0.0021186090256744392 5.1436397603947652 0.40029703356086466 0.2643706746236259 0.00056354203371146731
decision_type=2 2 2 2 2 2 2 2 2 2 2 2 2 2 2 2 2 2 2 2 2 2 2 2 2 2 2 2 2 2
left_child=2 3 11 8 -3 -6 -4 12 18 10 -7 19 13 -5 16 17 29 -16 -2 20 -1 -22 23 -21 -24 -10 -13 28 -28 -8
right_child=1 4 6 7 5 9 14 -9 25 -11 -12 26 -14 -15 15 -17 -18 -19 -20 22 21 -23 24 -25 -26 -27 27 -29 -30 -31
leaf_value=0.0048506225769108973 0.0010958868445653171 0.0011751266037890364 0.0073158072704808475 0.0020443598441241143 0.0019598353886489507 -0.010762950523384773 0.014165973194106035 0.0038202807306977945 -0.013538566090449957 -0.0040286956445419993 -0.0048677617629161833 0.0013965253258705595 -0.004334497808163691 -0.00025261225428781762 0.0047540045002490497 -0.013612410716645351 0.016712497746080301 0.00054415654375182575 -0.016882882052314561 0.00060634871975540723 0.018195922389871808 0.00010484372115112737 0.02137041450963776 0.016375274448797467 0.001949455044132509 -0.0029343774675228544 0.0059734717296040241 0.0067820566438720562 -0.01261823320016143 0.0024969365315125856
leaf_weight=374.74334079027176 2523.4009909629822 1874.0464659929276 1050.4596927314997 6587.5393003821373 740.96736282110214 1541.1608143299818 148.79240319132805 2403.8729989826679 175.32466827332973 5528.1269309967756 1781.5525488704443 1260.4377256780863 1222.2608571797609 19356.534812599421 1396.7444930225611 151.29510073363781 161.88049513101578 7638.8763086050749 64.682324960827827 692.64344163239002 607.08970712125301 100.05084989964962 168.89520670473576 129.54867784678936 84.074069514870644 9568.1304120570421 113.71443295478821 2777.9324568361044 121.3150380551815 1445.2418606728315
leaf_count=739 7722 3993 3242 20003 1584 3494 346 7617 481 12212 4082 2759 3477 55881 4579 266 331 19719 142 1271 1311 178 274 233 140 34348 230 5110 222 2957
internal_value=5.05977e-05 -0.00112812 0.00346511 -0.000389548 -0.00382692 -0.00480453 0.00207302 0.000421382 -0.00233432 -0.0053712 -0.00760349 0.00606086 0.000120487 0.000330515 0.00156934 0.000950866 0.00480297 0.00119535 0.000644126 0.00890956 0.011908 0.0156413 0.00588797 0.00309801 0.0149344 -0.00312577 0.00462189 0.00597001 -0.00361281 0.00358969
internal_weight=71791.3 53367.6 18423.7 41901.7 11465.9 9591.81 11993.3 29570.2 12331.5 8850.84 3322.71 6430.44 27166.3 25944.1 10942.8 9186.92 1755.91 9035.62 2588.08 2157.05 1081.88 707.141 1075.16 822.192 252.969 9743.46 4273.4 3012.96 235.029 1594.03
internal_count=198943 155036 43907 129671 25365 21372 31440 86978 42693 19788 7576 12467 79361 75884 28198 24564 3634 24298 7864 4146 2228 1489 1918 1504 414 34829 8321 5562 452 3303
is_linear=0
shrinkage=0.03


Tree=4
num_leaves=31
num_cat=0
split_feature=28 34 28 42 18 0 33 47 30 9 29 18 42 17 10 43 5 42 17 9 0 23 33 48 35 41 40 44 33 1
split_gain=302.113 111.51 70.025 56.5857 45.6635 36.7903 43.1722 34.5174 31.3561 31.258 30.4078 30.0459 30.0446 29.3016 27.5395 25.3974 25.0462 80.1646 34.1888 24.4285 24.4256 22.9168 22.3099 22.2732 22.0703 20.293 20.2874 19.6782 19.5694 19.5328
threshold=-0.0008293054717727898 2.6287772951570996 -0.0024808111309647658 0.023715485835736152 0.65884437523849437 -0.00048105812976181655 1.5174180552964998 -0.8783796973249266 -0.0042711850182581826 0.0015831615400003233 -0.0019197788653979029 0.04212133533892027 0.0072396448975247723 0.99987250589605836 0.0020656637558953287 0.37441670899750351 0.00073921273681880567 0.032896391773027479 0.0095742618587835743 0.0054218450954746367 0.00012416548151626962 0.0012678045470351327 -8.9902498661461969 0.81174490092936691 -4.0462539248819676 -0.33997063412041545 10.287763071382086 0.40029703356086466 2.680492922006088 -0.0051646009624123782
decision_type=2 2 2 2 2 2 2 2 2 2 2 2 2 2 2 2 2 2 2 2 2 2 2 2 2 2 2 2 2 2
left_child=2 4 3 9 13 12 25 -4 10 -1 14 -8 28 16 -9 -11 18 -18 -2 22 -6 29 -10 -13 -15 -7 27 -23 -3 -5
right_child=1 5 7 21 20 6 11 8 19 15 -12 23 -14 24 -16 -17 17 -19 -20 -21 -22 26 -24 -25 -26 -27 -28 -29 -30 -31
leaf_value=0.023171940272133675 -0.0025427239781008596 -0.0089347866799387148 0.0072563861141306243 0.034016141541501149 -0.0059543622762715928 -0.0072300891606059048 -0.0019648930421376195 0.010390303085089871 0.015141989739917344 0.007923821837737122 0.017091418960599594 -0.0068106138337995026 0.0017284096334804857 0.0086090668738780518 0.001975716551608702 0.0018859253433690106 -0.00031767123140946679 -0.0080725728329079337 0.00073983738279930563 -0.009984042456376286 0.0005391367594828018 -0.0074005412891628855 0.001045556568689286 -0.0021865396704549753 0.001706380032953349 -0.00036668998932809602 0.018000676462796562 0.0084857440353141179 0.0031659435109872721 0.014215307601104808
leaf_weight=73.713806316256523 3325.321276396513 463.20923490822315 1102.0595285594463 55.405409932136536 1826.14788672328 440.82316711544991 2141.3406775146723 456.84388566017151 101.96597589552402 843.93075792491436 172.18445241451263 5658.1804486513138 2021.5528731048107 485.72829562425613 1502.0537986159325 2446.7489883154631 7175.4982885867357 1440.5868375450373 20201.857328638434 178.94018226861954 728.44487878680229 73.440405443310738 9544.5864478945732 1126.4148130565882 2952.0832653045654 3218.1290640085936 195.25683736801147 1431.9341733306646 161.89469175040722 243.4960120767355
leaf_count=181 12074 1211 3371 113 5829 1216 6224 1080 311 1684 350 14667 5061 1492 2956 4513 17580 3806 61844 314 1934 134 25385 2635 9584 9508 305 2647 371 563
internal_value=4.91001e-05 -0.0010943 0.00336148 0.00624762 -0.00022755 -0.00326417 -0.00394031 0.00217566 0.001707 0.00387037 0.00500598 -0.00506539 -4.79296e-05 5.05348e-05 0.00394051 0.00343571 -0.000230934 -0.00161478 0.000275736 0.000991082 -0.00410166 0.0102453 0.00119518 -0.00604343 0.00268298 -0.00119475 0.00889336 0.00770785 -0.00579603 0.017916
internal_weight=71789.8 53367.2 18422.6 5363.93 38135.7 15231.5 12584.9 13058.6 11956.6 3364.39 2131.08 8925.94 2646.66 35581.1 1958.9 3290.68 32143.3 8616.09 23527.2 9825.49 2554.59 1999.53 9646.55 6784.6 3437.81 3658.95 1700.63 1505.37 625.104 298.901
internal_count=198943 155036 43907 10140 114143 40893 34250 33767 30396 6378 4386 23526 6643 106380 4036 6197 95304 21386 73918 26010 7763 3762 25696 17302 11076 10724 3086 2781 1582 676
is_linear=0
shrinkage=0.03


Tree=5
num_leaves=31
num_cat=0
split_feature=29 30 24 18 32 19 42 19 48 32 17 17 33 29 22 45 32 27 42 46 27 42 28 17 26 30 44 27 27 30
split_gain=302.701 79.1513 77.3386 70.0471 51.6211 42.8239 34.0583 33.0689 34.9056 34.2601 31.1243 40.5935 30.5831 30.2739 29.8987 27.1064 26.9857 26.811 26.3098 25.4695 25.0761 23.9111 33.0694 23.768 22.6918 22.4858 24.9756 24.1296 22.2166 21.8091
threshold=-0.0011789725612389443 0.0030711664483417116 1.0000000180025095e-35 0.67745635530171955 -0.0019812333106714597 0.014393842223295346 0.028726395262411827 0.25423878946382589 -0.22252093395631442 0.00053073046364752216 0.34241089452759138 0.99984356667111463 -0.92667347495078078 0.0023798683241933465 0.00037281087002939949 -0.33172980431441518 0.00047516906680403518 0.00046610347299436144 0.0062831751217707153 -0.99845357241023047 8.3941490103711671e-05 0.01532226685217467 -0.0031880069548065322 0.77797938585940229 0.54166666666666685 -0.0033510023573081189 0.40363310511197087 -0.0029576055229714178 0.00049673075712708414 0.001813256405012398
decision_type=2 2 2 2 2 2 2 2 2 2 2 2 2 2 2 2 2 2 2 2 2 2 2 2 2 2 2 2 2 2
left_child=2 3 12 5 18 6 14 8 13 15 16 -12 23 -6 -2 -9 -7 19 -3 -4 29 -21 -23 25 -8 26 -1 -27 -11 -5
right_child=1 4 17 20 7 10 24 9 -10 28 11 -13 -14 -15 -16 -17 -18 -19 -20 21 -22 22 -24 -25 -26 27 -28 -29 -30 -31
leaf_value=0.014354409980581042 -0.0056848091296313246 -0.0079928363007555799 0.015101897123735247 -0.0066956765117157152 -0.0030850725090329719 0.0018735660688650095 -0.0025340498313053202 -0.00066460586582230933 -0.0036320024332594726 -0.0019253751539291776 -0.00073575790746415316 0.0032437462543965694 -0.0014648038723365211 -0.010332403388452751 -0.00022299085617320292 -0.0062964387611512615 0.019570753107265179 -0.0012333848546994966 0.0043153020436738901 0.00092538633088219474 -0.0019723200631288373 0.0091292145440726447 0.0027924070004891463 0.021738388936513964 -0.0082456455928641374 0.026235010442452567 0.0070474973171054632 0.0040719981093070836 0.0079954450972728325 -0.018278129974890315
leaf_weight=530.7008306235075 1028.2159461975098 183.57617829740047 144.09316551685333 1248.3287820369005 742.96445225179195 7246.1890755146742 1569.8797210305929 1641.7505847066641 4050.7205662727356 365.08669869601727 17698.243544250727 2652.4401323348284 425.80789110064507 1730.7032762020826 7351.8050369769335 1449.2431007474661 78.229394793510437 1946.1711644083261 1041.4726708382368 5240.9302891343832 1071.9766308516264 863.47775712609291 5256.8062664717436 95.341350302100182 1043.8224434256554 44.93526503443718 2062.8493098765612 2321.8865081518888 456.53198118507862 166.12022386491299
leaf_count=1136 4708 357 389 4236 1827 22009 5625 3476 8898 786 51925 8355 989 3655 24343 3501 199 4094 1988 12374 3197 1562 13233 252 3657 75 4048 6553 908 474
internal_value=-8.1759e-06 -0.00117486 0.00324634 -0.000556555 -0.00335655 -0.000242619 -0.00182665 -0.00404047 -0.00534839 -0.00185854 0.000386526 -0.000216908 0.00625016 -0.00815731 -0.000893625 -0.00330635 0.00206352 0.00202197 0.00246745 0.0025729 -0.00543727 0.00241347 0.00368719 0.00690057 -0.00481667 0.00661391 0.00854481 0.00449622 0.00358408 -0.00806049
internal_weight=71750.3 52817.3 18933 41155.3 11662 38668.8 10993.7 10437 6524.39 3912.61 27675.1 20350.7 5481.52 2473.67 8380.02 3090.99 7324.42 13451.5 1225.05 11505.3 2486.43 11361.2 6120.28 5055.71 2613.7 4960.37 2593.55 2366.82 821.619 1414.45
internal_count=198829 154124 44705 128728 25396 120821 38333 23051 14380 8671 82488 60280 13053 5482 29051 6977 22208 31652 2345 27558 7907 27169 14795 12064 9282 11812 5184 6628 1694 4710
is_linear=0
shrinkage=0.03


Tree=6
num_leaves=31
num_cat=0
split_feature=29 30 24 19 0 33 42 2 4 35 33 19 32 47 27 18 46 36 42 17 47 17 30 10 27 18 36 8 44 45
split_gain=284.837 74.5724 72.7912 67.6342 53.4338 39.0574 33.0165 35.1263 32.8025 30.0841 28.7854 27.922 35.2862 31.5494 25.2287 25.2 23.9729 23.2341 26.3317 22.3813 21.4921 21.2124 21.1686 23.586 22.7327 20.5379 19.8004 24.0005 19.6147 19.4787
threshold=-0.0011789725612389443 0.0018510405821031697 1.0000000180025095e-35 0.073466844025414257 -0.00066569761567331911 -2.3080122116495434 0.0062831751217707153 0.0017115982538831681 -0.0043984728392800765 0.86982984276671049 -0.92667347495078078 0.23172894893078291 0.00053073046364752216 -1.0000000180025095e-35 0.00046610347299436144 0.61766951922513169 -0.99845357241023047 6.7746224921530276 0.027034023332636634 0.77797938585940229 0.6078576107927941 0.42254826767087628 -0.0033510023573081189 0.0041575698652676031 -0.0029576055229714178 0.51312583716036131 6.0276368664316555 -0.00060889660660249734 0.54003341808554794 0.60003553868615167
decision_type=2 2 2 2 2 2 2 2 2 2 2 2 2 2 2 2 2 2 2 2 2 2 2 2 2 2 2 2 2 2
left_child=2 3 10 8 6 -6 9 29 26 -3 19 13 -13 -7 16 28 -4 -18 -19 22 -9 25 23 -1 -24 -12 27 -2 -10 -8
right_child=1 4 14 -5 5 11 7 20 15 -11 21 12 -14 -15 -16 -17 17 18 -20 -21 -22 -23 24 -25 -26 -27 -28 -29 -30 -31
leaf_value=0.01006342310028116 0.022213655736739793 0.01037982726643852 0.014652574138046737 0.00073696508739651441 0.013970792201850673 -0.0072780336758231307 -0.0043571066324473613 0.0022885186221124013 -0.0014092209994825654 -0.0076841517864652499 0.0063847229123121553 -0.0032298711060511119 0.0023623841680020844 -0.0034234042404103797 -0.0011963774635680776 -0.0059029786121461208 0.0021468642903765506 -0.0034293394690505441 0.018641468219185043 0.021096738144092929 0.0093281204692762659 -0.012520516807711317 0.025469942049212692 0.0036630153180664238 0.0039500752100903522 -0.013058270221165761 -0.016352902149452522 0.0022150719500287496 -0.0051670927393182697 0.0057937042529766303
leaf_weight=1874.0357370078564 56.228239625692368 96.152731567621231 144.0630035251379 21139.124118298292 114.42320510745049 2863.5396237522364 803.24780096113682 1078.3495965003967 8912.6727551668882 593.41971753537655 251.91141670942307 4813.338267609477 1286.2075923681259 5764.0510921776295 1946.1864330023527 1676.0240568965673 11133.471946135163 70.005495503544807 157.32101860642433 95.300547897815704 613.16884197294712 113.50155232846737 44.902951180934906 718.95600861310959 2321.7553363740444 60.402627766132355 48.787251368165016 1287.484460413456 1455.0092770308256 215.45360933244228
leaf_count=4014 116 217 389 64256 279 7279 1880 2369 31586 1355 609 11941 2826 13659 4094 5777 26795 110 264 252 1299 248 75 1170 6553 132 83 3388 5233 581
internal_value=-7.92693e-06 -0.00113965 0.00314921 -0.000320761 -0.00269162 -0.00346876 0.000700074 0.00219213 -0.00198509 -0.00515871 0.00606364 -0.00360465 -0.0020501 -0.00470326 0.00196141 -0.00248924 0.00249586 0.00234118 0.0118345 0.00669474 0.00484292 -0.00142085 0.00641656 0.00829037 0.00436176 0.00260883 0.00237288 0.00305733 -0.00193698 -0.00220657
internal_weight=71748.5 52816.7 18931.8 34575.3 18241.4 14841.6 3399.79 2710.22 13436.2 689.572 5480.77 14727.1 6099.55 8627.59 13451 12043.7 11504.9 11360.8 227.327 5054.95 1691.52 425.816 4959.65 2592.99 2366.66 312.314 1392.5 1343.71 10367.7 1018.7
internal_count=198829 154124 44705 110439 43685 35984 7701 6129 46183 1572 13053 35705 14767 20938 31652 42596 27558 27169 374 12064 3668 989 11812 5184 6628 741 3587 3504 36819 2461
is_linear=0
shrinkage=0.03


Tree=7
num_leaves=31
num_cat=0
split_feature=29 30 18 33 32 19 43 28 20 12 17 17 19 48 32 38 34 41 46 39 45 23 17 32 34 34 34 45 17 36
split_gain=268.024 71.599 63.7537 53.9598 46.6281 37.4382 32.4895 39.7599 35.7427 32.0736 30.0716 38.1922 29.8532 32.0971 30.7673 29.6363 29.2995 28.3731 25.7041 25.6073 25.5555 23.6953 31.2002 22.65 21.7352 21.1305 21.0166 20.7647 20.4393 20.4376
threshold=-0.0011789725612389443 0.0030711664483417116 0.66793290043279352 -4.0165139739837175 -0.0019812333106714597 0.014393842223295346 0.47373057122990664 -0.0031880069548065322 0.00061777355239310018 0.00237858846966129 0.34241089452759138 0.99984356667111463 0.25423878946382589 -0.22252093395631442 0.00053073046364752216 -0.26853870274901209 3.6815990628868369 0.14393470203166916 -0.9970268106651744 -0.23781678363604405 -0.33172980431441518 0.00031552634241901079 0.99621212121215674 0.00016486483500248236 -5.3678375450099205 -1.0153437668190912 -4.4792800102552706 0.98990318592078563 0.11748597627444242 5.7213137989737364
decision_type=2 2 2 2 2 2 2 2 2 2 2 2 2 2 2 2 2 2 2 2 2 2 2 2 2 2 2 2 2 2
left_child=3 2 5 15 29 21 7 9 -9 24 23 -12 13 16 20 26 -6 -11 -8 -10 -14 22 -2 -7 -5 -23 -1 -15 -4 -3
right_child=1 4 28 6 12 10 18 8 19 17 11 -13 14 27 -16 -17 -18 -19 -20 -21 -22 25 -24 -25 -26 -27 -28 -29 -30 -31
leaf_value=0.007762491013620111 -0.012416230389570064 -0.0012325196817836402 -0.0079341870596291077 -0.00026314478555945309 -0.0039759009521002581 0.0016966314012091983 0.017041845621605566 0.0065490311543079929 0.0049774851946921585 0.0099749661241791028 -0.00071387410061929727 0.0031461813434281605 -0.00056442786532640314 -0.0030817026370005009 0.0034001938198056051 0.0068491059878568183 -0.01058472485299106 0.0011362329028531391 -0.00011554501080630695 0.0004341732955895229 -0.0060328690317979763 0.00091339447499100182 0.0020045799100327265 0.010242584992410505 0.01903401559726586 -0.0021677923749660608 -0.0064722165500057114 -0.016820543136382784 -0.0026200701778301451 0.0065359103320266872
leaf_weight=141.68009032309055 395.01856291294098 659.00511480867863 1195.0978711098433 64.001657500863075 1055.0680324733257 6948.4177626818419 79.710124686360359 1474.301713809371 1414.2371564954519 612.33793593943119 17698.243896603584 2652.3606176376343 1641.7237344533205 3949.0316699892282 821.62387263774872 3845.4279679358006 1418.1930142790079 702.8481285572052 4728.4494747817516 5310.0030120462179 1449.1606761664152 2716.2462485432625 204.52572767436504 290.79460184276104 285.17445608973503 7616.6850142925978 272.31853358447552 101.48132494091988 1437.3826976567507 565.96783523261547
leaf_count=336 1874 1325 4000 128 2284 21122 202 4294 3447 1096 51925 8355 3476 8652 1694 9115 3198 1203 10616 13004 3501 9453 975 846 587 25834 677 246 4344 1020
internal_value=-7.672e-06 -0.00110547 -0.000517408 0.003055 -0.00318055 -0.000208647 0.00219161 0.00317732 0.00231846 0.00740543 0.000379984 -0.000210607 -0.00383058 -0.00507339 -0.0017574 0.00602791 -0.00776723 0.00525463 0.000168965 0.00139029 -0.0031295 -0.0016944 -0.00749275 0.0020406 0.0154903 -0.00135754 -0.00159213 -0.00342747 -0.00503414 0.00235472
internal_weight=71746.5 52816 41154.8 18930.5 11661.3 38522.3 14671.1 9862.9 8198.54 1664.36 27589.8 20350.6 10436.3 6523.77 3912.51 4259.43 2473.26 1315.19 4808.16 6724.24 3090.88 10932.5 599.544 7239.21 349.176 10332.9 413.999 4050.51 2632.48 1224.97
internal_count=198829 154124 128728 44705 25396 120384 34577 23759 20745 3014 82248 60280 23051 14380 8671 10128 5482 2299 10818 16451 6977 38136 2849 21968 715 35287 1013 8898 8344 2345
is_linear=0
shrinkage=0.03


Tree=8
num_leaves=31
num_cat=0
split_feature=29 24 16 0 19 19 32 42 4 33 42 20 7 26 1 28 42 40 27 40 23 4 47 4 36 17 32 36 45 44
split_gain=252.207 65.6426 61.6956 58.9297 47.0759 47.0203 48.1262 39.5845 36.9661 26.8116 25.7581 25.1673 25.0212 24.8269 23.9818 23.6287 39.2267 31.1669 35.2626 28.3097 30.5376 26.4806 25.9661 23.1596 26.0047 33.6557 22.9834 22.8202 21.7108 21.3186
threshold=-0.0011789725612389443 1.0000000180025095e-35 0.00023472591039589588 -0.000469533558475666 0.073466844025414257 0.2205806943912498 0.00053073046364752216 0.0062016660460761366 -0.0043984728392800765 -0.92667347495078078 0.010798049208609016 0.00029690065212758854 -1.2811911880321901e-05 0.54166666666666685 0.0081497827589904013 -0.0020028997787808751 0.02255619049614082 8.3597203257407511 -0.00070906611909599116 10.287763071382086 0.0013983358460809641 -0.0091031676057807646 -0.8783796973249266 0.0045554297281563396 5.2200274738627792 0.40706333704626085 -0.00020295610157718521 5.9807848205607277 0.61734245059639015 0.56147560505687233
decision_type=2 2 2 2 2 2 2 2 2 2 2 2 2 2 2 2 2 2 2 2 2 2 2 2 2 2 2 2 2 2
left_child=1 9 4 7 8 10 14 -4 -2 29 27 -12 28 -8 -7 16 21 18 -17 20 -18 -3 -20 24 -6 -26 -23 -5 -9 -1
right_child=2 15 3 5 23 6 13 12 -10 -11 11 -13 -14 -15 -16 17 19 -19 22 -21 -22 26 -24 -25 25 -27 -28 -29 -30 -31
leaf_value=0.0066401321733880123 0.003208141467401289 -0.0027094228195971271 -0.0052911950719002517 -0.0033742676273151224 0.0011590783819707092 -0.0037177545323669268 0.01173557825516529 -0.0062144087520879529 -0.0022013731035440964 -0.0014916194216779593 -0.016634630402164546 -0.006096231319309758 0.003373545033737668 0.0013816879648197659 0.0076406058434208158 0.01046592289993269 0.014430071264559844 0 0.011630291729961906 0.02182434703816799 0.0039508166291512426 0.0011521451656085861 0.00086786312918883451 -0.0021723616299298503 0.0042065283388578551 -0.0051417938861038383 0.0093809545608310382 0.010025459575574354 0.0079051819418208043 -0.0063461756726126027
leaf_weight=4937.251302793622 1243.8256185501814 883.70879009366035 831.32410231232643 2069.3464190810919 17984.398673072457 3716.143854662776 259.75869698822498 488.82470841705799 13159.783361628652 425.78655253350735 214.11908330023289 4409.8744734376669 2547.5598835349083 1056.7444431334734 174.83885669708252 564.56079879403114 326.5989937633276 7011.3781260102987 225.88995370268822 115.92767660319805 1076.3711349070072 897.84946601092815 1884.0950002968311 2643.4907694011927 472.08551153540611 1299.931236743927 463.6735795289278 120.78750613331795 122.23653431236744 116.06752975285053
leaf_count=11744 3248 1555 1916 5106 56882 9206 571 1124 45564 989 605 10217 5821 2309 290 1662 757 16336 754 178 2009 1901 5561 6770 1098 2881 939 205 311 320
internal_value=-7.43577e-06 0.00296362 -0.00107234 -0.00262688 -0.000395934 -0.00367541 -0.0015283 0.000531587 -0.00173399 0.00573176 -0.00531574 -0.00658557 0.00206529 0.00342836 -0.00320624 0.00183568 0.00385297 0.00105134 0.00380655 0.00757652 0.00639414 0.00133221 0.00202248 0.000464336 0.000817308 -0.00264941 0.00395768 -0.00263305 -0.00338336 0.00634102
internal_weight=71744.2 18929.2 52815.1 16011.6 36803.5 12021.6 5207.49 3989.95 14403.6 5479.11 6814.13 4623.99 3158.62 1316.5 3890.98 13450.1 3764.13 9685.92 2674.55 1518.9 1402.97 2245.23 2109.98 22399.9 19756.4 1772.02 1361.52 2190.13 611.061 5053.32
internal_count=198829 44705 154124 37681 116443 28509 12376 9172 48812 13053 16133 10822 7256 2880 9496 31652 7339 24313 7977 2944 2766 4395 6315 67631 60861 3979 2840 5311 1435 12064
is_linear=0
shrinkage=0.03


Tree=9
num_leaves=31
num_cat=0
split_feature=29 24 18 29 46 27 19 27 3 42 6 22 4 22 33 24 27 42 36 27 10 41 19 19 18 2 35 0 18 36
split_gain=237.324 61.7793 59.8588 65.4521 44.941 41.7227 36.3192 33.5017 32.9258 28.2113 26.8939 26.5716 26.5509 33.5207 25.2359 24.8114 22.5024 22.0499 32.1627 23.1623 23.3593 20.52 19.0655 18.853 18.8574 18.3601 20.5118 21.745 18.0863 18.0403
threshold=-0.0011789725612389443 1.0000000180025095e-35 0.67745635530171955 0.0027994191183053911 -0.97854064376158167 -0.0014122959885788931 0.009566228470407093 8.3941490103711671e-05 -0.0047696809259088003 0.028726395262411827 0.0010416099137525701 0.00038916086255122434 0.0050622423390316324 0.0036961301775558695 -0.92667347495078078 1.0000000180025095e-35 0.00046610347299436144 0.01532226685217467 6.7746224921530276 -0.00015910319256090541 0.0019363269243235148 -0.52668851139666351 0.73064249378055934 0.42638415532759566 0.51312583716036131 0.0088928068628698186 5.6522465984570731 0.00065321756415014835 0.25791228506915109 4.2987504549593529
decision_type=2 2 2 2 2 2 2 2 2 2 2 2 2 2 2 2 2 2 2 2 2 2 2 2 2 2 2 2 2 2
left_child=1 14 3 6 -5 28 9 29 -7 11 -11 -2 15 -14 22 -8 17 19 21 -3 -21 -19 -1 24 -16 26 27 -9 -6 -4
right_child=2 16 7 4 5 8 12 25 -10 10 -12 -13 13 -15 23 -17 -18 18 -20 20 -22 -23 -24 -25 -26 -27 -28 -29 -30 -31
leaf_value=0.0058185043962619308 -0.0052020410902336176 -0.00028080487366335531 -0.0054004954754495139 -0.012933019997780092 0.0042056648002909034 -0.025948946093854543 0.0039601436957844493 0.00017272721408735103 -0.002985264483546456 -0.0039537509689410565 -0.023409361536306687 -0.00026801235388530873 -0.0021735613462358443 0.012986053911513785 0.0058917045748497409 0.00035671233056240191 -0.001201477066367697 0.020083902295853953 0.015388257511674022 0.00035847168462269037 0.0083118835512971286 0.0029251887351466159 0.016387885079018255 -0.012052283744561298 -0.012722718650859633 0.017267748614833621 -0.010151722490615809 -0.02012348591455768 0.022219671423160121 -0.011817373466263869
leaf_weight=4893.5732810199261 1131.7625300884247 3975.390157520771 963.5308553725481 411.70684710144997 175.57507705688477 56.474415153264999 1855.1780323088169 1111.9163756370544 7246.1806114763021 2662.0400793254375 65.403225660324097 7444.4099393486977 4891.5704557001591 134.64845104515553 254.10842570662498 23577.640790402889 1946.1608153134584 63.267685279250145 198.23454812169075 673.47627349197865 657.57153709232807 5935.333337828517 158.80198197066784 111.27766439318657 60.408587291836739 43.935455217957497 250.88024111092091 49.417900264263153 70.439383953809738 671.43005065619946
leaf_count=11663 5136 9267 3442 853 316 100 6101 3214 15008 9375 168 24400 12096 245 615 70963 4094 149 329 1903 1378 14532 401 242 132 77 638 103 125 1764
internal_value=-7.19534e-06 0.002875 -0.00104019 -0.000788284 -0.00328134 -0.00275421 -0.000312998 -0.00509095 -0.00316397 -0.00176527 -0.00442307 -0.000919592 0.000225864 -0.00176635 0.00556074 0.000619709 0.00178077 0.00228559 0.00350116 0.000865416 0.00429057 0.00310733 0.00615194 -0.00144686 0.00230113 -0.00177853 -0.00237557 -0.000691665 0.00938952 -0.00803868
internal_weight=71741.7 18927.6 52814.1 49723 7960.38 7548.67 41762.7 3091.11 7302.66 11303.6 2727.44 8576.17 30459 5026.22 5478.17 25432.8 13449.4 11503.3 6196.84 5306.44 1331.05 5998.6 5052.38 425.795 314.517 1456.15 1412.21 1161.33 246.014 1634.96
internal_count=198829 44705 154124 144886 16402 15549 128484 9238 15108 39079 9543 29536 89405 12341 13053 77064 31652 27558 15010 12548 3281 14681 12064 989 747 4032 3955 3317 441 5206
is_linear=0
shrinkage=0.03


Tree=10
num_leaves=31
num_cat=0
split_feature=28 30 43 19 33 26 47 32 35 33 17 36 41 35 9 38 42 5 33 43 35 46 33 1 30 11 22 33 34 8
split_gain=209.358 63.7553 47.7764 47.1405 43.2868 35.5525 35.3498 34.9377 29.8007 36.0544 29.4889 29.2506 28.998 28.1994 27.9314 27.1225 26.6393 47.6374 25.4773 25.4441 25.0073 24.7111 31.9521 24.4401 23.366 25.1089 23.2565 22.1902 29.0179 21.6475
threshold=-0.0008293054717727898 0.00088842472342975942 0.41434253795278464 0.43061078522316926 -4.0165139739837175 0.70833333333333337 -0.60785761079279388 -0.00082966892277756496 4.8086484159633365 -2.8088549661911348 0.99987250589605836 6.0276368664316555 -0.056398730183122518 0.089392223453722872 0.0038257523861672045 -0.24464320211446308 0.023041234735661938 0.00013205420360843585 -2.3907784464918889 0.50286384054000643 2.8597352168010821 -0.27982901403099208 3.8470157030084553 -0.0011742407411173899 -0.0038785443446832653 0.0022270525868083278 0.0029305951456237646 6.9997062364866585 1.5389154741074633 0.00065348652460388214
decision_type=2 2 2 2 2 2 2 2 2 2 2 2 2 2 2 2 2 2 2 2 2 2 2 2 2 2 2 2 2 2
left_child=4 3 13 7 15 8 21 18 16 -10 11 -9 -11 -3 -5 24 20 -18 -2 -16 -6 22 -4 -15 -1 -26 -20 -8 -29 -23
right_child=1 2 6 14 5 -7 27 10 9 12 -12 -13 -14 23 19 -17 17 -19 26 -21 -22 29 -24 -25 25 -27 -28 28 -30 -31
leaf_value=0.0069131945612981695 -0.012871476494010547 0.01500651281524213 -0.005711886882333087 0.0026388294901551097 0.0005877527368338797 0.014443229465142869 -0.0016761941757019836 -0.0013740342328128325 0.013160804534724117 -0.0019924013010700213 0.0024419292783192143 -0.011456422052946592 -0.01461316427132321 0.011126354204874954 0.00041991647234077304 0.0062788364328930707 0.00532581717086795 -0.0024290568329146216 0.0019526745310492685 -0.017463372830135118 0.0063209819416975817 -0.002143637683549934 -0.016213872381051708 -3.0808432073693102e-05 -0.0028567358978898393 -0.027215973832783017 0.010831969456491147 0.011712502509349555 -0.0093272443061968337 -0.01065277591382764
leaf_weight=187.06908325850964 95.222794815897942 157.1253220140934 1401.9021939635277 6237.9417073577642 7663.5733265280724 201.56786070764065 17729.243404626846 17346.342212334275 102.37547209858894 552.52472892403603 1864.6557685285807 262.79246079921722 233.20270615816116 206.90281388163567 177.42620825767517 3697.3476578593254 3897.6596703231335 871.79336889088154 2535.422974973917 119.48628543317318 751.94472953677177 2440.9770354032516 320.88813875615597 1200.1095083206892 242.97008089721203 45.07234700024128 296.625128865242 65.137626230716705 599.87059499323368 302.56716722249985
leaf_count=372 245 444 4401 19308 18200 476 44348 56458 243 1305 6402 474 561 551 334 8611 9558 1921 6809 218 1894 7749 948 3701 697 91 535 170 1356 576
internal_value=-3.15869e-05 -0.000984061 -0.00211274 -3.12336e-05 0.00272339 0.00193733 -0.00245988 -0.000685347 0.00175779 -0.00355963 -0.0011448 -0.0015248 -0.00574481 0.00295858 0.00221052 0.00541169 0.00211623 0.00390766 0.00237004 -0.00677366 0.00110052 -0.00485433 -0.00767139 0.00160908 -0.00133002 -0.00669507 0.00288444 -0.00187827 -0.00725899 -0.00308386
internal_weight=71807.7 53360.6 24424.7 28935.9 18447.1 14274.6 22860.6 22401.1 14073.1 888.103 19473.8 17609.1 785.727 1564.14 6534.85 4172.46 13185 4769.45 2927.27 296.912 8415.52 4466.33 1722.79 1407.01 475.112 288.042 2832.05 18394.3 665.008 2743.54
internal_count=198956 155027 64244 90783 43929 34158 59548 70923 33682 2109 63334 56932 1866 4696 19860 9771 31573 11479 7589 552 20094 13674 5349 4252 1160 788 7344 45874 1526 8325
is_linear=0
shrinkage=0.03


Tree=11
num_leaves=31
num_cat=0
split_feature=28 30 19 32 42 0 17 33 0 26 47 34 35 33 27 3 38 36 42 5 33 35 31 30 4 23 21 33 46 21
split_gain=196.999 60.5494 54.6256 43.3617 45.2603 54.47 51.7796 40.7425 38.9021 33.4602 30.659 30.3321 28.041 33.9323 26.4904 26.7266 25.5304 25.4182 25.0689 44.8305 24.574 23.5321 22.32 21.9899 22.8698 22.104 21.8308 20.7727 35.5146 30.2657
threshold=-0.0008293054717727898 0.0029327061937416414 0.43907122112614488 -0.00082966892277756496 0.032896391773027479 0.00085643334766935975 0.075803276978556891 -4.0165139739837175 -0.00066569761567331911 0.70833333333333337 -0.8783796973249266 2.093926001926786 4.8086484159633365 -2.8088549661911348 -0.00062410624394793046 0.001033835678264845 -0.24464320211446308 3.9866013954706792 0.023041234735661938 0.00013205420360843585 -2.3907784464918889 2.8597352168010821 0.4945793434907006 -0.0038785443446832653 -0.0078607930128326755 0.002243196894487954 0.00060472154868857777 1.8704369429675307 -0.91959550581536675 0.0040953559765830915
decision_type=2 2 2 2 2 2 2 2 2 2 2 2 2 2 2 2 2 2 2 2 2 2 2 2 2 2 2 2 2 2
left_child=7 2 3 20 6 -6 -5 16 27 12 -10 17 18 -14 15 -4 23 -12 21 -20 -2 -9 -15 24 -1 -25 -13 28 -3 -30
right_child=1 8 14 4 5 -7 -8 9 10 -11 11 26 13 22 -16 -17 -18 -19 19 -21 -22 -23 -24 25 -26 -27 -28 -29 29 -31
leaf_value=-0.0053960664585030651 -0.012743206799535778 -0.021076471453658225 -0.00059935810951983724 -0.0042015032978662053 -0.0020530250719128481 -0.0091278620429476407 -0.00028902634534052376 0.00057012638288299051 -0.010768681683029583 0.014012717177073336 0.015665678335689912 -0.011291139609400334 0.012770262075497852 -0.0040834675486936256 0.0019675051829173024 -0.01919787271918208 0.0060917777984710736 -0.00032585060515048276 0.0051667310808414758 -0.0023560966220360626 0.0020778435340253532 0.0061319196811142652 -0.022821917324129002 -0.0026553840269551324 0.015769256561908088 -0.024555658649424286 -0.0036501999930038534 0.0039688912014193929 -0.0021090707528647222 0.019818000709829215
leaf_weight=79.964816853404045 102.78493189811707 82.319544091820717 204.04355551302433 3590.1252880990505 3419.1677726209164 1373.4516872763634 20035.809717416763 7663.4972750544548 516.05786746740341 201.53441320359707 95.57002954185009 353.09565524756908 102.34766925871372 723.70060689747334 8612.7024288624525 105.57957777380943 3696.5726133584976 1352.7199792861938 3897.1542429924011 871.83168621361256 4418.2873407751322 751.88226079940796 62.05207633972168 237.90200185775757 107.05993647873402 50.172039076685905 7302.4549556523561 1017.0622570514679 717.35971592366695 61.305204197764397
leaf_count=158 265 183 458 13442 12177 3821 61391 18200 1242 476 251 971 243 1721 26200 232 8611 2848 9558 1921 11641 1894 145 680 214 108 16079 2148 1576 102
internal_value=-3.0641e-05 -0.00095456 -0.000424845 -0.000988915 -0.00142312 -0.00408143 -0.000883712 0.0026419 -0.00288286 0.00187931 -0.00365394 -0.00325007 0.00170514 -0.00345286 0.00165724 -0.00695932 0.0052503 0.000729348 0.00205285 0.00379079 0.00173968 0.00106754 -0.00557252 -0.00129042 0.00670763 -0.00649441 -0.0040033 0.0010652 -0.00236151 -0.000374229
internal_weight=71805.6 53359.9 41862 32939.6 28418.6 4792.62 23625.9 18445.7 11497.9 14274 9619.9 9103.84 14072.5 888.1 8922.33 309.623 4171.67 1448.29 13184.4 4768.99 4521.07 8415.38 785.753 475.099 187.025 288.074 7655.55 1878.05 860.984 778.665
internal_count=198956 155027 129627 102737 90831 15998 74833 43929 25400 34158 21391 20149 33682 2109 26890 690 9771 3099 31573 11479 11906 20094 1866 1160 372 788 17050 4009 1861 1678
is_linear=0
shrinkage=0.03


Tree=12
num_leaves=31
num_cat=0
split_feature=29 28 34 42 48 17 21 43 46 0 46 0 45 20 30 22 27 43 4 47 2 35 32 40 30 1 0 3 7 20
split_gain=190.058 54.3059 48.368 48.186 45.4579 41.0442 56.7349 46.7848 39.801 36.7879 34.8267 33.8007 31.6902 32.4916 29.852 29.211 28.2221 25.9784 24.3863 23.8304 25.5487 22.2275 22.0632 27.8024 20.5977 20.5692 20.4034 18.7193 18.0334 17.7455
threshold=-0.00059735310061992386 -0.0022172547399712523 6.1026858154059012 0.035186129567639855 0.81174490092936691 0.018363745868010522 0.00041302303351200474 0.41434253795278464 -0.9998810135399544 0.0010776321260865694 0.99988101353995462 -0.0058886301717721874 -0.37256073532439565 0.0017139372377205206 0.00088842472342975942 0.0035037887166107068 0.0020732757734299727 0.6340974576644679 0.0054238709045858358 -0.8783796973249266 -0.0015969740781548467 4.8836067403736472 -0.00079511319062859664 8.1099765389797902 -0.0034435600036767928 -0.0061375044831267047 -0.0018595871627915138 0.0049879024937541554 -6.1765648958350791e-05 0.0015964017047826876
decision_type=2 2 2 2 2 2 2 2 2 2 2 2 2 2 2 2 2 2 2 2 2 2 2 2 2 2 2 2 2 2
left_child=1 3 5 12 16 6 28 27 -3 19 14 -5 18 25 -9 -15 26 21 -1 20 -10 -6 29 -24 -21 -14 -4 -7 -2 -8
right_child=2 8 4 11 17 7 22 10 9 -11 -12 -13 13 15 -16 -17 -18 -19 -20 24 -22 -23 23 -25 -26 -27 -28 -29 -30 -31
leaf_value=0.00044147796129187131 -0.0036914526248267533 0.025368882378956483 0.012733631015329053 0.027405172992856386 -0.005297057791104778 0.0017569513875364856 0.0039595760681789714 7.2366801492640802e-05 0.0083497945719359368 -0.0025301175459679238 -0.017740630051308045 0.0086627733177592221 0.019452545699543609 -0.00011665989618470793 -0.0017251554151595872 0.012716945249348932 -0.013843504888378726 -0.013688001602618511 0.010601199020213907 0.0032008168133188819 0.0015057906855034566 0.0090173175140292588 -0.0011717192937677351 -0.008691797474381641 0.00063302027082201681 0.007841054859317383 -0.0057520131212265482 0.010050589419554048 -0.012889020779515563 -0.0034199220810513125
leaf_weight=2711.2379292845726 270.2820849865675 61.188094884157181 55.014696598052979 95.674824222922325 133.02664916217327 4246.0060908943415 790.38234734535217 14463.799652770162 929.28740175068378 2151.8584184497595 111.50825625658035 921.31924022734165 159.31459958851337 882.04718467593193 19549.800531491637 194.56936332583427 415.58482713997364 75.470781788229942 230.61125440895557 3669.8530857264996 1043.2949349880219 363.46332933008671 1225.3038976937532 693.43079441785812 12039.793260827661 1015.0462059676647 1907.4230249226093 259.95901216566563 671.49265326559544 465.70369252562523
leaf_count=5066 1193 173 100 152 343 14220 2453 44663 2883 4731 319 1846 277 1688 50900 318 713 163 452 8102 3783 744 4614 2121 35053 2263 4983 573 2972 1095
internal_value=-2.97338e-05 0.00201232 -0.00119634 0.00446163 -0.00491181 -0.000939848 -0.0037876 -0.000636291 0.00124764 0.00117282 -0.00101572 0.010434 0.00329103 0.00597044 -0.000960701 0.00220181 -0.00673844 0.00267718 0.00123958 0.00162365 0.00473205 0.00517538 -0.00186797 -0.00389166 0.00123309 0.00942188 -0.00523102 0.00223652 -0.0102539 0.00122107
internal_weight=71802.7 26105.1 45697.7 6209.82 2949.98 42747.7 4116.6 38631.1 19895.3 19834.1 34125.1 1016.99 5192.83 2250.98 34013.6 1076.62 2378.02 571.961 2941.85 17682.2 1972.58 496.49 3174.82 1918.73 15709.6 1174.36 1962.44 4505.97 941.775 1256.09
internal_count=198956 66787 132169 12062 7046 125123 14448 110675 54725 54552 95882 1998 10064 4546 95563 2006 5796 1250 5518 49821 6666 1087 10283 6735 43155 2540 5083 14793 4165 3548
is_linear=0
shrinkage=0.03


Tree=13
num_leaves=31
num_cat=0
split_feature=29 33 19 33 35 0 17 46 43 32 17 17 31 26 9 30 10 41 10 40 46 4 2 3 11 39 31 46 46 35
split_gain=178.845 51.709 42.981 53.951 35.9335 36.0434 36.0348 34.9477 32.4382 32.2633 32.6704 31.5372 30.6831 24.9416 22.1448 22.5825 21.9582 21.4632 21.0918 20.5809 19.8372 19.7586 19.8543 19.6251 18.8811 18.2704 18.4727 18.0043 20.8871 17.281
threshold=-0.00059735310061992386 -4.0165139739837175 0.25705852342064178 3.765204125912605 5.6522465984570731 -0.00072475449199317253 0.99971707454523939 -0.99512551815703254 0.47373057122990664 0.00059069462603224038 0.90459770085512115 0.96596837135593083 1.0807201651769012 0.54166666666666685 0.00068918824339274994 0.0084609249648220936 0.001183646072914179 0.76012452709188916 0.0035307851350400133 10.476963976839182 0.99940512433088358 0.018030924157392551 -0.0013667831147527664 -0.0090184530722896405 0.0052233658093359435 -0.30337420828605549 -0.20854325705328106 0.96863394805116487 -0.3725607353243956 10.753734751510057
decision_type=2 2 2 2 2 2 2 2 2 2 2 2 2 2 2 2 2 2 2 2 2 2 2 2 2 2 2 2 2 2
left_child=1 12 3 4 5 24 -7 25 9 17 -11 13 -1 27 16 -16 -15 -9 -14 -13 23 22 -6 -10 -2 -3 -27 28 -4 -23
right_child=2 7 11 -5 21 6 -8 8 20 10 -12 19 18 14 15 -17 -18 -19 -20 -21 -22 29 -24 -25 -26 26 -28 -29 -30 -31
leaf_value=0.0041903856411666671 0.0012753855916067956 -0.0048986422514951736 -0.00083880050357012235 -0.0052633587546290677 -0.017827374593294903 -0.0020023497877994585 0.0020610353066405122 0.0026891444764196091 0.0033819224768849663 0.0013685076195276908 -0.0047311519178182652 0.0024077868881578405 0.0080430483195031866 0.0011629385585540935 -0.0030632784653531076 0.0024879985515545199 0.017725824113914657 0.01112629812879572 0.02546573672631568 0.019739798334557791 0.014108535469617763 0.0035859626396213887 -0.0047176941176635557 -0.0012840568080665458 0.011723815100743384 0.020386211342053862 0.007245412186230143 -0.0047426394413691937 0.0027055108674538834 -0.0085420146411392221
leaf_weight=4494.2593770772219 3691.8771606981754 77.362319231033325 2600.4957907795906 3674.2546780109406 108.00979548692703 15415.693520486355 2250.1508741825819 9237.4339085221291 932.83081223070621 2950.484965801239 1079.1015491038561 3060.6059752851725 166.30414055287838 809.8262435644865 5622.0837834328413 746.41220505535603 78.946568176150322 279.66099341213703 101.05877144634724 62.791215285658836 82.433880597352982 458.47265657782555 2800.683314114809 6206.031522244215 162.41662353277206 131.5074607282877 364.81992518901825 495.78263904154301 3521.0488280653954 137.16484460234642
leaf_count=11349 10008 216 7223 9660 266 48041 7504 25374 1685 6844 2755 9456 428 3065 14516 1306 229 571 170 115 219 873 7755 15797 270 368 1011 1434 10194 254
internal_value=-2.88268e-05 0.00195216 -0.00116049 -0.00186857 -0.00136997 -0.000911029 -0.0014846 0.00132124 0.00111926 0.00198495 -0.000264358 3.48358e-05 0.00477913 -0.000578103 -0.00179279 -0.00241212 0.00264119 0.00293762 0.0146539 0.00275842 -0.00050431 -0.00418726 -0.00520673 -0.000673858 0.00171704 0.00862498 0.0107401 0.000753612 0.00119938 0.000786138
internal_weight=71800 26103.3 45696.7 28698.7 25024.5 21520.1 17665.8 21341.7 20768 13546.7 4029.59 16998 4761.62 13874.6 7257.27 6368.5 888.773 9517.09 267.363 3123.4 7221.3 3504.33 2908.69 7138.86 3854.29 573.69 496.327 6617.33 6121.54 595.638
internal_count=198956 66787 132169 84631 74971 65823 55545 54840 53245 35544 9599 47538 11947 37967 19116 15822 3294 25945 598 9571 17701 9148 8021 17482 10278 1595 1379 18851 17417 1127
is_linear=0
shrinkage=0.03


Tree=14
num_leaves=31
num_cat=0
split_feature=29 28 34 48 18 46 27 0 45 46 17 45 31 27 43 18 43 20 20 29 47 2 31 4 44 38 26 23 17 2
split_gain=168.288 49.3861 44.5368 42.7163 38.8034 36.7526 34.1795 33.452 32.3808 28.3099 27.969 33.3476 27.8006 26.4582 24.3556 23.8678 23.8544 22.8368 31.2686 23.3424 22.3082 23.9101 21.4882 21.0748 19.999 19.4542 29.795 19.1485 21.7024 18.7888
threshold=-0.00059735310061992386 -0.0022172547399712523 6.1026858154059012 0.81174490092936691 0.67745635530171955 -0.9998810135399544 0.00084291201361297319 0.0010776321260865694 -0.37256073532439565 0.99988101353995462 0.99984356667111463 -0.96863394805116465 -0.10542239364933408 0.0020732757734299727 0.6340974576644679 0.083333333333366025 0.5132497222714606 0.0017139372377205206 0.0038222010774555393 -0.0031730234808470255 -0.8783796973249266 -0.0015969740781548467 -0.23493357980926197 0.0050622423390316324 0.47207452445993053 0.22607656664023626 0.70833333333333337 0.0013422410344997812 0.88028860276595267 0.0032016132379847815
decision_type=2 2 2 2 2 2 2 2 2 2 2 2 2 2 2 2 2 2 2 2 2 2 2 2 2 2 2 2 2 2
left_child=1 8 4 13 9 -3 12 20 15 10 11 -2 22 27 25 16 23 19 -19 -10 21 -7 -6 -1 -11 26 -5 -4 -29 -14
right_child=2 5 3 14 6 7 -8 -9 17 24 -12 -13 29 -15 -16 -17 -18 18 -20 -21 -22 -23 -24 -25 -26 -27 -28 28 -30 -31
leaf_value=0.0052139750573085338 0.0020433870389963316 0.024354909855469363 -0.0072831737719517425 -0.013976552867326434 -0.0049901698868697053 0.0080310067543133464 0.0090110437490523356 -0.0024383007540652768 0.012001038621862369 0.0018641758945719667 0.0017337290960450365 -0.0011620842062337925 -0.011319357947820779 -0.013344048242938309 -0.013183446488670768 0.00033927760865660528 -0.011216018182698599 0.0010618065945513092 0.011857619838992821 0.0033779514490499965 0.0011447816351465895 0.0014093961794485923 0.0034865197015310581 0.019999072268416872 -0.022360022736504375 0.011648902287541915 0.0068720994151537885 -0.0037668668684199612 0.0090696777789163775 0.0015414517818473684
leaf_weight=1295.6870965957642 3205.506445646286 61.128994151949883 1232.5440072864294 93.739812314510345 1065.5284335911274 928.98977994918823 156.7754519879818 2151.8764055073261 959.85621781647205 45.769214302301407 4114.9756620079279 32818.949791103601 770.71026456356049 415.35955722630024 75.443718940019608 2120.6590796560049 74.200970962643623 936.51136952638626 325.51909038424492 402.16166600584984 15708.812672272325 1043.2473818659782 359.50035767257214 93.030325278639793 91.290151104331017 223.27443619072437 179.48047068715096 580.87531484663486 148.65203796327114 117.35227724909782
leaf_count=2470 8412 173 3606 223 3365 2883 331 4731 1972 139 13119 95777 2397 713 163 3925 156 1814 557 986 43155 3783 1057 182 268 434 430 1167 310 258
internal_value=-2.79397e-05 0.00189376 -0.00112569 -0.00469137 -0.000879582 0.00116459 -0.00452966 0.00109271 0.00422998 -0.000655653 -0.000609062 -0.000876764 -0.00544941 -0.00646245 0.00266511 0.0023744 0.00532203 0.00676258 0.00385022 0.00945798 0.00152265 0.00453042 -0.00284941 0.00620933 -0.0142579 0.00508372 -0.000274935 -0.00500292 -0.00114535 -0.00961654
internal_weight=71797.4 26101.7 45695.7 2949.37 42746.4 19894.1 2469.87 19832.9 6207.63 40276.5 40139.4 36024.5 2313.09 2377.43 571.938 3583.58 1462.92 2624.05 1262.03 1362.02 17681 1972.24 1425.03 1388.72 137.059 496.495 273.22 1962.07 729.527 888.063
internal_count=198956 66787 132169 7046 125123 54725 7408 54552 12062 117715 117308 104189 7077 5796 1250 6733 2808 5329 2371 2958 49821 6666 4422 2652 407 1087 653 5083 1477 2655
is_linear=0
shrinkage=0.03


Tree=15
num_leaves=31
num_cat=0
split_feature=30 43 33 33 0 11 18 19 30 10 42 31 28 45 28 4 36 33 20 27 20 40 19 4 18 46 9 30 46 29
split_gain=179.066 59.7833 44.3643 42.3071 39.1259 34.9711 31.8805 29.1795 28.7724 39.2744 27.7846 27.0713 26.7864 25.6966 25.1284 23.8738 22.8089 24.6287 22.2862 21.8675 21.9456 21.3002 25.4007 21.4221 19.8812 19.2042 18.5194 22.9777 17.4378 22.7668
threshold=-0.0019281096040980048 0.44834901536009625 -4.0165139739837175 2.7743434561965512 -0.00037169159596042045 0.00016693922183972344 0.57339942446457492 0.000461680517092221 0.0044778081962387759 0.0025306298807198382 0.045238683131543375 1.0807201651769012 0.0044159499822437063 -0.98279651670771895 -0.0033900254637953538 0.0010391597764357412 6.7746224921530276 -3.1475287484645285 0.00025879024080696498 0.0003488990520733593 0.0017139372377205206 10.208469121386758 0.69163326799015812 1.0000000180025095e-35 0.92344766930240174 -0.6259234721840593 0.0012860017504442258 0.0084609249648220936 0.99940512433088358 0.0014707690588960933
decision_type=2 2 2 2 2 2 2 2 2 2 2 2 2 2 2 2 2 2 2 2 2 2 2 2 2 2 2 2 2 2
left_child=2 5 11 7 26 -2 14 10 13 -10 24 18 16 -6 -7 -16 21 -18 -1 20 -8 23 -23 -4 -3 -13 -5 -28 -9 -30
right_child=1 3 12 4 8 6 19 28 9 -11 -12 25 -14 -15 15 -17 17 -19 -20 -21 -22 22 -24 -25 -26 -27 27 -29 29 -31
leaf_value=0.014629179531265154 -0.013118250247696825 -0.0019182038843140665 0.0019601424870821747 0.0086148821467165477 0.0056370686071489642 0.013073152764150052 -0.0036920212124396182 -0.00033893735308513094 -0.0111101354638268 -0.0038623685220756355 -0.0097903865855218358 0.0020892624357903354 -0.012345663179696334 -0.0031311871280848818 0.0022897738952200458 -0.00027131567252925733 -0.0031834741820935351 0.015655703390285481 0.0043347335123090662 0.0093828695817518449 -0.024928638532089733 -0.0019132041720230136 0.014284552774809993 0.0071925105620132728 -0.014553262095214133 0.021518565486905342 -0.0031212425698913071 0.0078197166321315632 -0.0041111575079669877 -0.027925712027171583
leaf_weight=202.42811225354671 162.1981890052557 6031.1256060749292 10905.502761572599 282.79862247407436 319.11682537198067 161.91445629298687 1293.1626602709293 22800.312806457281 1006.3030491620302 2037.7803676426411 461.0971450060606 65.174744337797165 117.8744892179966 5135.0406751036644 7615.7739648967981 5744.7682458311319 87.78265069425106 213.69877551496029 2947.7173696756363 111.71520286798477 45.201536893844604 1803.7875487059355 91.326715141534805 753.25389809906483 114.09313248097897 156.95976994931698 647.70700821280479 235.35130114853382 207.68408620357513 43.693011581897736
leaf_count=586 793 19191 26229 878 909 292 4222 63806 2266 3729 1388 128 199 15733 25902 16943 146 343 6476 295 100 3205 168 1669 395 324 1482 416 635 107
internal_value=-2.92808e-05 -0.000874846 0.00262521 -0.00149154 -0.0032155 0.000727211 0.000877573 -0.000929667 -0.00392263 -0.00625987 -0.00268749 0.00571394 0.00187949 -0.00261743 0.00133106 0.00118834 0.0020009 0.0101619 0.00499809 -0.0033489 -0.00441512 0.00181901 -0.00112962 0.00229857 -0.00215374 0.0158385 0.00193616 -0.000200769 -0.00042575 -0.00828131
internal_weight=71802.3 54456.8 17345.5 39322.1 9664.1 15134.7 14972.5 29658 8498.24 3044.08 6606.32 3372.28 13973.2 5454.16 13522.5 13360.5 13855.4 301.481 3150.15 1450.08 1338.36 13553.9 1895.11 11658.8 6145.22 222.135 1165.86 883.058 23051.7 251.377
internal_count=198955 159482 39473 110935 25413 48547 47754 85522 22637 5995 20974 7514 31959 16642 43137 42845 31760 489 7062 4617 4322 31271 3373 27898 19586 452 2776 1898 64548 742
is_linear=0
shrinkage=0.03


Tree=16
num_leaves=31
num_cat=0
split_feature=29 29 19 42 42 27 12 42 44 29 11 8 22 17 2 18 38 41 33 35 2 21 41 27 2 45 19 34 29 33
split_gain=166.049 58.5179 39.6719 37.6429 33.1685 38.008 29.5431 29.1271 32.638 28.7165 28.6146 27.5818 37.1884 31.7455 30.5735 26.7628 24.8511 24.1712 24.1666 25.8656 23.6774 22.6739 22.4414 23.3494 21.8057 21.94 21.7722 20.9588 20.8952 21.8381
threshold=-0.00053082028792728042 -0.0027797316607839346 0.036550107300737766 0.028726395262411827 0.035186129567639855 -0.0015952872694897089 0.0012472840364493153 0.0055569666385151349 0.45916263823559583 0.0021155731553845762 0.0055041094176891429 0.0002838010103885176 0.00038098653489589937 0.95802913361052455 -0.001706070587151034 0.65884437523849437 0.1226013238864453 1.035230871461835 2.0407347531810038 -4.6094657446195901 0.005098656130875818 0.0024688495750389864 0.080200491206280936 0.00035719170758774515 0.00085874023843219541 -0.40274668985873679 0.7543980000962941 -2.6429433200212804 0.00045730025643042632 3.3285198094862825
decision_type=2 2 2 2 2 2 2 2 2 2 2 2 2 2 2 2 2 2 2 2 2 2 2 2 2 2 2 2 2 2
left_child=1 4 3 11 6 -6 16 -3 26 15 27 12 13 -2 -14 20 -1 18 -11 -20 -4 -19 23 -10 25 -8 -9 -7 -13 -30
right_child=2 7 9 -5 5 10 24 8 22 17 -12 28 14 -15 -16 -17 -18 21 19 -21 -22 -23 -24 -25 -26 -27 -28 -29 29 -31
leaf_value=0.0063219832383433622 -0.0096853161894729142 -0.0016080315589887661 0.00016276057096925771 -0.0051182024947981908 0.014357247690159563 0.0087333080118215198 0.0013615911542002646 0.0026430765023051656 0.0017613064920550005 0.00017847286425159119 -0.010629238632583958 -0.016084396039829665 -0.014447652345217936 0.00082902288570366038 0.0003167968415286477 -0.0048763581279009311 0.028454530515209676 -0.0014911977786281946 -0.019705872954421881 -0.0031274347641874899 0.010529450561847422 0.014140027957025509 -0.0024070557735398688 -0.0039511166316131803 -0.014115046684269222 0.0048071181855468556 0.010695630054042402 -0.0040536425421721497 -0.0015807604125589615 -0.0078019192874575864
leaf_weight=124.08281171321869 706.64020976424217 3425.367238342762 20687.232912123203 3586.5328485667706 541.65422815084457 589.30891293287277 3706.0780755579472 6360.8348964899778 5734.8040246367455 2444.9852705299854 103.06236010789871 130.37582492828369 128.33771547675133 406.56165385246277 7018.5208292603493 953.62086798250675 72.635714694857597 176.06130829453468 85.846033036708832 5764.8538317233324 200.02176433801651 158.11057026684284 2168.7936563491821 724.99865205585957 68.143997773528099 3022.5728815644979 317.40005679428577 142.95470394194126 1472.6894156187773 776.36541560292244
leaf_count=335 3229 9264 61757 11403 1008 1270 6973 19322 16249 5082 175 316 354 1870 22933 2747 199 361 185 12785 410 275 5931 1699 118 6160 954 301 3522 1768
internal_value=-2.84053e-05 0.00182427 -0.00115188 -0.00245998 0.00390969 0.00816669 0.00307087 0.000892202 0.00145191 -0.000541047 0.00414645 -0.00156354 -0.000743235 -0.00584313 5.08517e-05 3.7734e-05 0.01453 -0.00200617 -0.00232513 -0.00337186 0.000262278 0.00589965 0.00023281 0.00111962 0.00273835 0.0029099 0.00302655 0.00623248 -0.0044096 -0.00373012
internal_weight=71799.4 27102.7 44696.8 14226 8370.49 1376.98 6993.51 18732.2 15306.8 30470.7 835.326 10639.5 8260.06 1113.2 7146.86 21840.9 196.719 8629.86 8295.69 5850.7 20887.3 334.172 8628.6 6459.8 6796.79 6728.65 6678.23 732.264 2379.43 2249.05
internal_count=198955 69958 128997 45395 16539 2754 13785 53419 44155 83602 1746 33992 28386 5099 23287 64914 534 18688 18052 12970 62167 636 23879 17948 13251 13133 20276 1571 5606 5290
is_linear=0
shrinkage=0.03


Tree=17
num_leaves=31
num_cat=0
split_feature=30 43 30 21 31 5 11 18 45 16 29 38 46 48 19 4 28 32 24 30 2 9 4 35 42 29 27 17 30 17
split_gain=159.9 54.6599 37.7237 57.0163 36.7315 34.9708 32.2032 29.4803 29.4075 27.1049 27.0862 31.718 25.3799 24.5762 24.5338 23.6738 23.4097 22.9485 22.2774 24.0833 27.8668 27.3891 22.0336 29.5092 21.3913 20.6801 20.6302 20.8137 19.8762 18.7101
threshold=-0.0019281096040980048 0.44834901536009625 0.0044778081962387759 0.0021881960621697649 1.2906078317835616 0.0030131158064899853 0.00016693922183972344 0.57339942446457492 -0.19509032201612828 0.00065348652460388214 0.0022686878421890326 0.10550511688015553 0.99988101353995462 -0.22252093395631442 0.000461680517092221 0.0094486515736797953 -0.0033900254637953538 -0.0026696654421499346 1.0000000180025095e-35 -0.0041283489053460789 -0.0007512740927935604 0.0041879201084458742 1.0000000180025095e-35 -2.3424233928026528 0.028726395262411827 0.00092409838804086164 0.0003488990520733593 0.24783795541555623 0.0043308832938387951 0.95059721144864684
decision_type=2 2 2 2 2 2 2 2 2 2 2 2 2 2 2 2 2 2 2 2 2 2 2 2 2 2 2 2 2 2
left_child=4 6 12 13 10 8 -2 16 -5 -7 18 -12 14 -4 24 -15 -8 -18 19 21 -21 -1 23 -20 -3 -14 27 -9 -16 -24
right_child=1 2 3 5 -6 9 7 26 -10 -11 11 -13 25 15 28 -17 17 -19 22 20 -22 -23 29 -25 -26 -27 -28 -29 -30 -31
leaf_value=0.00908783944920857 -0.012583544898314661 -0.0015387789825340467 -0.0087574316053749372 0.0043270356062597767 0.010210587110523608 0.0047751779935235987 0.012623135417055602 -0.0015565040809636477 -0.0034536629772672 -0.0085244174631781758 0.0066063857173233893 -0.019096556226190258 -0.0051142787721202504 -0.0069616995681296787 -0.00055904150223595522 -0.0011052092060145043 -0.01667407708982041 0.0012349007073741267 0.0021115163743824668 0.0030037498679442269 -0.0096878669962408379 0.0019703254320337393 0.007878921991353826 -0.0018340093118975316 -0.0052779476104511201 -0.029469242289392378 0.0091512990005151902 -0.0094554415681019077 0.0081073892236883244 -0.0099014345727507988
leaf_weight=1347.4920963048935 162.13339866697788 5867.7335778325796 1515.6123322993517 1401.3315409868956 536.24779714643955 177.48117437958717 161.80217450857162 882.41735146939754 634.80683033168316 612.98966413736343 69.686620250344276 112.60094708204269 88.149765655398369 1192.3360183537006 24439.624416336417 1299.808340921998 64.488074421882629 13295.635209038854 9862.9952298700809 1622.3863025307655 171.95295761525631 763.65713082253933 736.22197431325912 2061.8932406753302 1800.8994486480951 48.952796578407288 111.71642622351646 455.87651637196541 240.28080129623413 57.103798598051071
leaf_count=2786 793 18954 3207 2587 1111 325 292 2905 1211 1035 135 205 263 2591 71542 2641 132 42713 22716 4336 443 1279 1592 4742 5896 132 295 1417 551 128
internal_value=-2.75533e-05 -0.000826569 -0.00141627 -0.00344232 0.00248114 -0.000178381 0.000705329 0.000849603 0.00189967 -0.00553407 0.00223421 -0.00925768 -0.000989911 -0.00574345 -0.000935176 -0.00390871 0.0012857 0.00114798 0.00236051 0.00434282 0.00178489 0.0065151 0.00175149 0.00142904 -0.00241739 -0.0138624 -0.00321472 -0.00425045 -0.00047448 0.00659313
internal_weight=71796.3 54454.1 39320 6834.37 17342.2 2826.61 15134.1 14971.9 2036.14 790.471 16806 182.288 32485.6 4007.76 32348.5 2492.14 13521.9 13360.1 16623.7 3905.49 1794.34 2111.15 12718.2 11924.9 7668.63 137.103 1450.01 1338.29 24679.9 793.326
internal_count=198955 159482 110935 13597 39473 5158 48547 47754 3798 1360 38362 340 97338 8439 96943 5232 43137 42845 38022 8844 4779 4065 29178 27458 24850 395 4617 4322 72093 1720
is_linear=0
shrinkage=0.03


Tree=18
num_leaves=31
num_cat=0
split_feature=30 43 33 33 0 11 18 18 27 48 31 26 28 28 46 29 32 20 32 23 36 33 19 40 27 46 44 1 41 20
split_gain=150.467 51.4315 39.1863 36.5266 36.1019 30.3112 27.7388 26.4787 28.6692 26.044 24.4982 24.4508 24.0576 22.0451 21.6416 25.6673 21.5939 21.0387 20.7462 20.6042 20.5336 23.4641 20.3915 20.5727 19.4613 18.1074 18.0168 19.5545 17.9207 17.5986
threshold=-0.0019281096040980048 0.44834901536009625 -4.0165139739837175 2.7743434561965512 -0.00037169159596042045 0.00016693922183972344 0.57339942446457492 0.65884437523849437 0.0011291800503993035 1.0000000180025095e-35 1.0807201651769012 0.62500000000000011 0.0044159499822437063 -0.0033900254637953538 0.99940512433088358 0.001074564249136212 -0.0026696654421499346 0.00025879024080696498 0.00099272481501105621 0.0023050661489171674 6.7746224921530276 -3.1475287484645285 0.87091229363814771 10.208469121386758 0.00056241485278396574 -0.6259234721840593 0.52174319963593618 -0.0034078389102739719 0.59306454349769422 0.0018303911836348565
decision_type=2 2 2 2 2 2 2 2 2 2 2 2 2 2 2 2 2 2 2 2 2 2 2 2 2 2 2 2 2 2
left_child=2 5 10 7 -5 -2 13 14 28 11 17 -6 20 -7 18 -16 -15 -1 -3 -11 22 -22 23 -4 29 -12 -19 -28 -9 -8
right_child=1 3 12 4 9 6 24 8 -10 19 25 -13 -14 16 15 -17 -18 26 -20 -21 21 -23 -24 -25 -26 -27 27 -29 -30 -31
leaf_value=0.013993153209556627 -0.012210469593822984 -0.00017254174822379351 0.0020117442078043447 0.0019726734714076259 -0.0028829984575544101 0.012252775479878141 -0.0031361646636302587 -0.0053398156241508208 0.01520082201637293 -0.00090342979484132728 0.0015999483556165058 -0.0071835422838376906 -0.011776473409736416 -0.016173334757091734 -0.0036240449996740682 -0.024045549252502685 0.0011978679646864273 0.003475865060801657 -0.0024734454954772455 -0.0075136680311984217 -0.003458848131427896 0.014937860133852485 0.013840855461062387 -0.001368680147946978 0.016197639902222744 0.020480647754351718 0.028778729884865843 0.0052053952684672292 0.012378776486094758 -0.022381445207606758
leaf_weight=202.20437596738338 162.0814368724823 23198.567748442292 11545.98796671629 1165.8028554171324 2289.7675789296627 161.69971415400505 1360.7385947853327 1878.2264633476734 66.094356089830399 3232.8222272247076 65.097232148051262 2484.9532914608717 117.84612844884396 64.496191740036011 228.50170777738094 73.173301190137863 13295.485038131475 2814.0513588041067 4159.771208524704 488.65614284574986 87.720411852002144 213.3765814602375 122.21226128935814 1883.5397412031889 45.222671136260033 156.51281568408012 53.517662420868874 78.393453449010849 52.535936713218689 44.023510918021202
leaf_count=586 793 69063 27624 2776 6441 292 4412 5518 125 8967 128 6332 199 132 718 186 42713 6177 9777 897 146 343 296 3351 115 324 100 199 135 90
internal_value=-2.6738e-05 -0.000801815 0.00240697 -0.00137384 -0.00297592 0.000684166 0.000824124 -0.000851779 -0.00418812 -0.00365532 0.00531111 -0.00512201 0.0017062 0.00124715 -0.000610781 -0.00860001 0.00111354 0.00463042 -0.000522514 -0.00177256 0.00182128 0.00956954 0.00164877 0.00153739 -0.00311834 0.0149545 0.00398586 0.0148211 -0.00485491 -0.00374452
internal_weight=71793.1 54452.6 17340.5 39318.9 9662 15133.7 14971.7 29656.9 1996.86 8496.2 3369.78 4774.72 13970.7 13521.7 27660 301.675 13360 3148.17 27358.3 3721.48 13852.8 301.097 13551.7 13429.5 1449.98 221.61 2945.96 131.911 1930.76 1404.76
internal_count=198955 159482 39473 110935 25413 48547 47754 85522 5778 22637 7514 12773 31959 43137 79744 904 42845 7062 78840 9864 31760 489 31271 30975 4617 452 6476 299 5653 4502
is_linear=0
shrinkage=0.03


Tree=19
num_leaves=31
num_cat=0
split_feature=30 43 33 30 22 11 18 48 18 36 5 19 43 29 38 28 32 42 30 19 6 45 40 27 17 30 2 9 42 12
split_gain=141.594 48.3933 36.8991 34.4396 46.6782 28.5321 27.9707 27.4755 26.1009 24.8353 30.6876 23.4299 22.91 22.9003 29.672 20.8555 24.0761 20.291 22.86 19.2231 18.8315 27.2845 23.3258 18.7958 19.5297 18.7299 17.9585 17.9432 17.7821 20.7301
threshold=-0.0019281096040980048 0.44834901536009625 -4.0165139739837175 0.0044778081962387759 0.0019049155440106363 0.00016693922183972344 8.8581805347464794e-05 -0.22252093395631442 0.57339942446457492 4.7926344546660022 0.0030131158064899853 0.000461680517092221 0.51799789921241135 0.0022686878421890326 0.10550511688015553 -0.0031880069548065322 -0.0023119054947266797 0.028726395262411827 -0.00084102007801467582 0.87091229363814771 -0.0016125302778862011 -0.39271506111191307 10.208469121386758 0.0003488990520733593 0.24783795541555623 0.0043308832938387951 -0.0019427838774211871 0.0049980620548066073 0.0093853263593341087 0.0039394102745832285
decision_type=2 2 2 2 2 2 2 2 2 2 2 2 2 2 2 2 2 2 2 2 2 2 2 2 2 2 2 2 2 2
left_child=2 5 28 11 6 -2 12 -8 15 -6 -11 17 -5 19 -15 -7 -17 26 -19 20 21 -4 -22 24 -10 27 -3 -13 -1 -30
right_child=1 3 13 4 9 8 7 -9 23 10 -12 25 -14 14 -16 16 -18 18 -20 -21 22 -23 -24 -25 -26 -27 -28 -29 29 -31
leaf_value=0.0018942711490633171 -0.011849249786080783 -0.0089247451130830442 0.001650516755338537 -0.012631448336626962 -0.0082682647273590211 0.01070646414617338 -0.010517591681233075 -0.0044960326326328494 -0.0014040179298672045 0.0015882860345211869 -0.0050054155738966282 -0.00043498934479915043 0.0079644006895712802 0.00644100301256162 -0.018420175824585536 -0.0138139173404153 0.0011728457497411353 0.0046685823799812514 -0.006311226883231446 0.01343883810208326 0.0017662948290996755 0.0097686932429250101 -0.0023191955905686157 0.0087786992570761321 -0.0090556395919307326 0.0078506443984921737 -0.0011468289140581258 -0.0059288365905942036 0.0077899016936474894 -0.00019736037896622295
leaf_weight=1042.9208985716105 162.01879695057869 280.47996309399605 971.26104287803173 62.884480804204941 376.00766864418983 204.83782887458801 1108.7528787702322 1780.4041911959648 882.36940090358257 2434.8339670747519 859.23821444809437 23990.964834079146 210.84943425655365 69.68424092233181 112.56371127068996 96.955954775214195 13219.61947157979 190.33623312413692 1616.3439641445875 126.31331473588943 10659.385948121548 605.54656307399273 1425.2257427871227 111.70688870549202 455.84980072081089 240.52849215269089 5618.9689997285604 547.1664030700922 1983.6581983715296 342.14617981016636
leaf_count=2328 793 756 1698 137 805 378 2382 3795 2905 4538 1464 70817 476 135 205 207 42552 617 5299 303 25948 1100 2570 295 1417 552 18295 1002 4631 555
internal_value=-2.59318e-05 -0.000777799 0.00233507 -0.00133268 -0.00326877 0.000663637 -0.0059398 -0.00680849 0.000799408 -0.000965839 -0.000130929 -0.00092533 0.00321623 0.0016551 -0.00890118 0.00120976 0.0010633 -0.00237014 -0.00515244 0.00179498 0.00168691 0.00477091 0.00128418 -0.00302496 -0.00401366 -0.00047586 -0.00151742 -0.000557664 0.00515371 0.0066137
internal_weight=71789.8 54451.1 17338.7 39317.8 6832.97 15133.4 3162.89 2889.16 14971.3 3670.08 3294.07 32484.8 273.734 13970 182.248 13521.4 13316.6 7706.13 1806.68 13787.7 13661.4 1576.81 12084.6 1449.93 1338.22 24778.7 5899.45 24538.1 3368.73 2325.8
internal_count=198955 159482 39473 110935 13597 48547 6790 6177 47754 6807 6002 97338 613 31959 340 43137 42759 24967 5916 31619 31316 2798 28518 4617 4322 72371 19051 71819 7514 5186
is_linear=0
shrinkage=0.03


Tree=20
num_leaves=31
num_cat=0
split_feature=29 44 5 36 18 40 33 7 36 7 17 11 4 34 48 44 30 33 46 7 0 18 12 41 41 10 45 38 45 34
split_gain=135.577 63.6126 28.2487 41.7219 33.5766 31.9606 28.0115 31.0703 29.117 29.9807 26.7612 37.9412 31.8383 24.6183 25.812 22.4048 25.9787 23.4077 25.2612 22.3884 27.1176 21.0919 18.6261 21.0441 18.5456 22.7853 17.7166 24.4179 17.5807 17.1776
threshold=-0.0027797316607839346 0.52592334568894061 0.00073921273681880567 3.8477817200979807 0.65884437523849437 8.0822477660523138 -1.2755809628070514 -0.00090412591909438088 6.6052590297500648 -0.0024389214188973974 0.95059721144864684 0.00016693922183972344 -0.0054218005125238724 6.1026858154059012 0.81174490092936691 0.48460470105899395 -0.0042711850182581826 0.16567677451969967 -0.054511258297739423 -0.00015637917285232379 -0.000469533558475666 0.044218607081696969 0.0012956478569541307 0.23853104920656878 -0.33435316737195558 0.0023611706184616128 -0.9927505997980649 -0.007101277281330364 -0.86046863722869249 -2.0186819794570181
decision_type=2 2 2 2 2 2 2 2 2 2 2 2 2 2 2 2 2 2 2 2 2 2 2 2 2 2 2 2 2 2
left_child=6 2 4 -4 10 29 8 -8 9 -1 11 -2 -12 24 -15 17 -17 18 -9 20 -6 -10 -11 -24 25 -3 27 -26 -21 -5
right_child=1 13 3 5 19 -7 7 15 21 22 12 -13 -14 14 -16 16 -18 -19 -20 28 -22 -23 23 -25 26 -27 -28 -29 -30 -31
leaf_value=-0.0067665092815538241 -0.014640306766316013 -0.0029623747254172808 0.0037277002386461792 0.0018670263121796868 -0.022533859894940726 -0.0012112595358494491 -0.020230238909681703 -0.00043417935982866635 0.017146389411105682 0.011186937218939347 0.015543822258987884 0.00063045278738284131 0.0026447152929612644 -0.0063897453222315527 0.00136075560810034 -0.018171437240504299 0.0016553085486968834 -0.011206757676655072 0.013278205998452966 0.0019607712671442803 0.0026092257464367667 0.0059441345770808226 0.0051300108453724005 0.001583484564257615 -0.00094577317347461012 -0.012762495137267342 -0.0014110168808006101 0.01150968863806825 -0.0056371052301715805 -0.0079979745178701839
leaf_weight=239.07162104547024 146.99298140406609 1134.7826002240181 1370.4920790493488 187.82942417263985 40.272885203361511 8364.8513610213995 72.36831858754158 255.55881841480732 251.00871299207211 312.86719071865082 181.25086261332035 27763.883999243379 3435.0183918178082 1879.2450594753027 486.08177462220192 109.58477951586246 129.19404423236847 82.709033608436584 228.57708187401295 329.41195683181286 830.77230422198772 384.27234397828579 3691.0651646703482 2548.7373399138451 365.63142728805542 263.32254004478455 13777.946680620313 230.61767439544201 1613.4650641530752 1010.9286547899246
leaf_count=380 717 3301 4311 615 82 19398 127 492 426 841 476 83139 12776 4439 1026 192 246 147 429 896 2440 628 7446 5100 953 522 38349 563 5091 3241
internal_value=3.20093e-05 -0.000439995 0.000161347 -0.00116657 0.000584244 -0.00186831 0.00363628 -0.00142824 0.00423541 0.00366002 0.00086457 0.000549817 0.00329288 -0.00194122 -0.00479575 0.000261599 -0.00743899 0.00351218 0.00603652 -0.0025553 0.00143838 0.010379 0.00404108 0.00368196 -0.00151289 -0.00481186 -0.00119174 0.00386897 -0.00434728 -0.0064497
internal_weight=71717.8 63412.8 45275.2 10934.1 34341.1 9563.61 8305.01 877.992 7427.02 6791.74 31527.1 27910.9 3616.27 18137.6 2365.33 805.624 238.779 566.845 484.136 2813.92 871.045 635.281 6552.67 6239.8 15772.3 1398.11 14374.2 596.249 1942.88 1198.76
internal_count=198789 182335 133182 27565 105617 23254 16454 1633 14821 13767 97108 83856 13252 49153 5465 1506 438 1068 921 8509 2522 1054 13387 12546 43688 3823 39865 1516 5987 3856
is_linear=0
shrinkage=0.03


Tree=21
num_leaves=31
num_cat=0
split_feature=28 44 6 42 18 33 31 19 42 5 31 9 45 26 19 44 9 30 17 1 2 23 33 31 15 43 27 36 38 19
split_gain=123.128 53.6564 36.9525 49.1698 36.9893 30.9046 30.2467 29.9524 33.8122 61.9448 31.46 29.7093 27.1353 26.7595 26.3556 25.3068 24.9588 55.4417 23.2904 26.5069 20.2085 19.7767 18.3328 18.1454 17.456 35.7102 17.4495 21.1666 17.3634 17.1282
threshold=-0.0008293054717727898 0.5266615445131223 -0.0017210250021857446 0.034821061985765338 0.48734423892089024 -6.3500215653133818 0.28162028005321055 0.44810451344696989 0.032296113403861314 -0.0003612332851810252 -0.4678764886124942 0.0054218450954746367 -0.94331137514050689 0.70833333333333337 0.14785669494946027 0.50403451077230133 0.0043032168861142639 -0.0042711850182581826 0.00032943502782798947 0.00056737008677153222 -0.0063750361206480347 0.0011159342607005094 3.5348296659506535 -0.25716229297291465 -0.00046541341058031202 0.51508521864957257 -0.00040752912658748025 5.1436397603947652 0.58559084741653866 0.036550107300737766
decision_type=2 2 2 2 2 2 2 2 2 2 2 2 2 2 2 2 2 2 2 2 2 2 2 2 2 2 2 2 2 2
left_child=2 7 3 4 14 12 -5 8 18 15 -11 26 -4 16 20 -10 17 -7 19 -2 -1 -18 -20 -14 25 -3 -9 -28 -16 -26
right_child=1 24 5 6 -6 13 -8 11 9 10 -12 -13 23 -15 28 -17 21 -19 22 -21 -22 -23 -24 -25 29 -27 27 -29 -30 -31
leaf_value=0.005738242313815518 -0.0046926286614241471 0.0010394081892132212 -0.0068874767319853621 0.0063347038273126356 -0.0076089716025460573 0.0053868007074731458 0.02159126782270521 -0.0028522782573666538 0.0049917658097252647 0.0023429384017372209 -0.0056120687054327621 -0.01251046622483285 0.02008429825678348 0.012636204262173604 0.0030375162343503916 -0.0046569518428192323 0.013146020481047823 0.00056011891213050705 0.00051424319364483514 0.0035208337085605055 0.015909380173972872 -0.0033595890564385605 -0.002434114268370952 0.0071384333285107477 -0.0035456929702315388 -0.020755975185706956 0.0015965576360728543 0.0064321752741054866 -0.010825068917951897 -0.0013741190300492134
leaf_weight=540.75866529345512 1730.0666442364454 136.31532216072083 108.68083289265633 227.4877308011055 238.89174543321133 2688.3036042004824 242.56280902028084 661.01031917333603 1068.1957459747791 513.16427229344845 3460.9892456233501 132.46707165241241 115.28234858810902 184.04088823497295 1064.6693373471498 316.83156049251556 68.283574104309082 10542.885407865047 20287.810515657067 443.88840280473232 261.75616246461868 1395.8013076931238 2093.5734926313162 641.41897079348564 4743.4806942492723 133.60311801731586 6100.5976562350988 940.86450451612473 87.773818284273148 10543.363058239222
leaf_count=903 6286 302 256 407 421 5584 430 1660 3349 1743 10707 226 309 445 1885 892 156 28290 59452 1277 507 2505 5836 1617 14069 299 18911 2103 152 27810
internal_value=3.10497e-05 -0.000699404 0.00214639 0.00541443 0.00352531 0.0015932 0.0142198 -8.8309e-05 -0.000520858 -0.00267976 -0.00458405 0.00156279 0.00710461 0.00127237 0.00488807 0.00278206 0.00112968 0.00154109 -4.95387e-05 -0.00301402 0.00906264 -0.00258604 0.000238298 0.00911947 -0.00218205 -0.00974505 0.00180553 0.00224327 0.0019774 -0.00204819
internal_weight=71714.8 53306.2 18408.6 2663.9 2193.85 15744.7 470.051 37749.5 29914.5 5359.18 3974.15 7834.94 865.382 14879.3 1954.96 1385.03 14695.3 13231.2 24555.3 2173.96 802.515 1464.08 22381.4 756.701 15556.8 269.918 7702.47 7041.46 1152.44 15286.8
internal_count=198789 154922 43867 4705 3868 39162 837 112442 89542 16691 12450 22900 2182 36980 3447 4241 36535 33874 72851 7563 1410 2661 65288 1926 42480 601 22674 21014 2037 41879
is_linear=0
shrinkage=0.03


Tree=22
num_leaves=31
num_cat=0
split_feature=30 43 36 43 33 5 17 27 17 42 20 11 31 18 18 31 4 23 45 27 31 28 6 9 19 1 20 5 34 34
split_gain=116.531 48.946 35.3843 51.0362 33.8597 40.8505 30.1389 44.6939 23.7793 57.0022 29.108 26.1968 29.9184 23.706 23.4499 22.6579 22.5494 25.8739 22.3439 21.7904 21.7858 20.624 23.5656 21.8483 20.616 20.5824 20.3199 19.5268 25.7402 18.9866
threshold=-0.0018073495738147314 0.44834901536009625 6.6052590297500648 0.46268182686464138 2.7743434561965512 -0.00037135469671248009 0.018363745868010522 -0.00083125523863891704 0.36191305507691957 0.023715485835736152 0.00084697747282224734 0.0071606229737510808 -0.21623521214057903 0.57339942446457492 0.65884437523849437 -0.046490735412474053 0.0010391597764357412 0.0023746858494737002 -0.99512551815703243 0.0011291800503993035 -0.37540271415997345 -0.00033265167927815081 0.00022251699052583756 0.0014098016641611113 0.8303236498131622 0.0010650159457565474 0.00032853846715188534 -0.0020799547196164538 -6.4973454383027738 3.6815990628868369
decision_type=2 2 2 2 2 2 2 2 2 2 2 2 2 2 2 2 2 2 2 2 2 2 2 2 2 2 2 2 2 2
left_child=2 6 8 -4 14 -6 7 15 9 26 20 27 -13 16 24 -2 -8 -18 25 -16 -11 23 -23 -9 -3 -7 -1 -10 -29 -20
right_child=1 4 3 -5 5 18 13 21 11 10 -12 12 -14 -15 19 -17 17 -19 29 -21 -22 22 -24 -25 -26 -27 -28 28 -30 -31
leaf_value=0.008320684029323358 0.017791132925976373 -0.00060888687190043835 0.013265665710851617 -0.0045997870318895797 0.0024830725980910769 0.018853472439818619 0.0030758809035355467 -0.00021415188238207489 -0.0074806205131697319 -0.0092606010888326325 0.0086402471619381593 -0.019286093017830068 0.0036312893422442718 -0.0028746352448653363 -0.0044798604604465667 0.00231615465403216 -0.00030251164153372468 0.007107150196166096 -0.0023361950386406637 0.012700218967026021 0.0039943489136697562 -0.0087727237195249913 0.012200410592695261 -0.0139857359485743 0.005380064797675067 0.00032771429278376522 0.00085279153680661347 0.0071548909220479316 0.00075841628953917078 -0.005236290870252144
leaf_weight=348.39865711331367 120.11358031630516 26763.407460108399 543.79343156516552 195.26324558258057 1169.2388541698456 67.732214078307152 5996.5298371762037 1128.3454100936651 237.83077627420425 131.03323662281036 1868.5579257458448 122.59559871256351 87.595119893550873 1056.7499840408564 1904.4187818169594 293.65238496661186 4680.7635342031717 466.14977215230465 4008.9534454792738 68.572310164570808 742.86170557141304 810.82727470993996 50.977197170257568 114.02732802927494 527.21499346196651 264.43772901594639 5569.2686094641685 611.61513896286488 7628.8435442149639 4131.6439562737942
leaf_count=979 324 77021 902 329 2778 192 20009 4301 441 355 4127 192 139 3255 5600 871 13836 902 11564 132 2068 3288 153 317 1696 607 12766 1413 17999 10233
internal_value=3.01334e-05 -0.000672186 0.00211242 0.00854148 -0.00122968 -0.00277161 0.000801287 -0.00218639 0.00183827 0.00295087 0.00652627 0.000728926 -0.00972684 0.00141817 -0.000721522 0.00682211 0.00182558 0.00036824 -0.00349715 -0.00388001 0.00200178 -0.00395973 -0.0075261 -0.0014826 -0.000493041 0.00412337 0.00129323 0.000988719 0.0012337 -0.00380856
internal_weight=71711.4 53623.8 18087.7 739.057 38905.6 9642.01 14718.1 2517.94 17348.6 8660.12 2742.45 8688.48 210.191 12200.2 29263.6 413.766 11143.4 5146.91 8472.77 1972.99 873.895 2104.18 861.804 1242.37 27290.6 332.17 5917.67 8478.29 8240.46 8140.6
internal_count=198789 157079 41710 1231 109823 25374 47256 9254 40479 20295 6550 20184 331 38002 84449 1195 34747 14738 22596 5732 2423 8059 3441 4618 78717 799 13745 19853 19412 21797
is_linear=0
shrinkage=0.03


Tree=23
num_leaves=31
num_cat=0
split_feature=28 4 47 6 42 23 33 31 17 42 32 40 33 17 38 46 45 26 36 45 21 8 35 41 27 27 36 9 30 4
split_gain=109.798 43.0517 40.6305 33.7428 45.2727 29.9687 28.8001 28.103 26.9355 35.4803 28.1588 36.3866 35.4233 37.7595 26.2119 28.64 25.5333 25.3906 25.1841 24.9909 24.2366 24.0965 24.0622 38.7575 23.7877 23.354 24.167 22.8161 22.658 29.4876
threshold=-0.0008293054717727898 0.0045554297281563396 -0.60785761079279388 -0.0017210250021857446 0.034821061985765338 0.0028777109579377421 -6.3500215653133818 0.28162028005321055 0.99984356667111463 0.010965574270153598 -0.00053433980549189573 7.9350505528810436 1.9383458133636051 0.022530516626483626 0.17769153090637571 -0.95032354012166609 -0.94331137514050689 0.70833333333333337 4.6592578175476724 -0.56457333468532422 0.0013798466649289824 0.00046748675932634906 -3.3018020948498674 0.080200491206280936 -0.001039230712842065 0.00050723397355278987 5.1151516035045121 0.0043032168861142639 0.016247291529542632 0.011265233317906234
decision_type=2 2 2 2 2 2 2 2 2 2 2 2 2 2 2 2 2 2 2 2 2 2 2 2 2 2 2 2 2 2
left_child=3 8 5 4 14 -3 16 -6 10 18 11 20 13 -12 -1 -16 -5 22 -10 28 -2 -14 27 -24 -21 26 -11 -8 29 -4
right_child=1 2 19 6 7 -7 17 -9 9 25 12 -13 21 -15 15 -17 -18 -19 -20 24 -22 -23 23 -25 -26 -27 -28 -29 -30 -31
leaf_value=0.0065239849960057415 0.0040327728984840402 -0.0075083679814538506 -0.0012429490324317313 -0.0067495721275187938 0.0060110856441171036 0.0095987918903133011 0.0033482151759910922 0.020731979305523462 0.0044623687788565595 0.0016734064021146149 -0.0038903785177502245 0.00011678696250674761 -0.0022215443660373257 0.00013047181604107874 0.018416578510304808 -0.0013499714061997754 0.0087766181462006609 0.012259766966314528 0.017166563310567262 0.0072781381334918165 0.017649591220440446 -0.0084123028329618748 0.0014099891003121166 -0.00282073825284989 -0.0031041129153342893 -0.0034014440216599716 0.021928708973579986 -0.00233416789609556 -0.0093764467121019452 0.0039733844645151416
leaf_weight=1128.6038324683905 1489.6825653165579 1602.5743636637926 2635.4459650218487 108.70339949429035 227.32088255882263 97.467479586601257 4844.2540536224842 241.7735690921545 1337.9119259864092 1392.7235821783543 2358.8310363292694 6959.9289217442274 6186.094223216176 19282.738955929875 70.459520071744919 993.91869534552097 756.16935057938099 183.98852559924126 157.0229968726635 205.1057975590229 127.75608679652214 623.20677165687084 6295.8904462754726 2822.1431203782558 5965.4621657282114 1067.2215966880322 54.952945455908775 731.26294405758381 211.35455399751663 1547.6999851465225
leaf_count=2025 5247 4086 5974 256 407 182 11878 430 4377 5303 9389 17813 19691 59468 127 1716 1926 445 332 457 356 1332 16197 7160 14318 3101 143 1300 345 3008
internal_value=2.92428e-05 -0.000660512 -0.00222006 0.00202706 0.00515116 -0.0065248 0.00149852 0.0136103 -0.000194325 0.00214106 -0.000447318 0.00105923 -0.00090162 -0.000307676 0.00333925 -3.54368e-05 0.0068206 0.00118885 0.0058009 -0.00152699 0.00511222 -0.00278881 0.00104985 0.000100165 -0.0027583 -3.35632e-05 0.00244728 0.00260234 0.000201333 0.000686395
internal_weight=71707.7 53303.2 12265.1 18404.5 2662.08 1700.04 15742.4 469.094 41038.1 4009.83 37028.2 8577.37 28450.9 21641.6 2192.98 1064.38 864.873 14877.5 1494.93 10565.1 1617.44 6809.3 14693.6 9118.03 6170.57 2514.9 1447.68 5575.52 4394.5 4183.15
internal_count=198789 154922 28370 43867 4705 4268 39162 837 126552 13256 113296 23416 89880 68857 3868 1843 2182 36980 4709 24102 5603 21023 36535 23357 14775 8547 5446 13178 9327 8982
is_linear=0
shrinkage=0.03


Tree=24
num_leaves=31
num_cat=0
split_feature=29 44 42 45 20 35 23 4 18 2 32 45 40 33 33 18 35 2 6 34 48 31 27 18 31 18 45 4 4 3
split_gain=110.449 52.8998 29.7333 33.2349 27.8426 28.2113 35.9993 26.8684 24.5707 22.8904 22.5673 41.7566 36.1912 29.3922 27.2246 25.3223 21.694 34.7839 24.8516 21.3739 24.2108 20.8411 20.6815 23.5711 22.1847 20.5259 25.871 19.4015 19.3011 19.587
threshold=-0.0027797316607839346 0.52592334568894061 0.009091596923530126 -0.99940512433088335 0.0017139372377205206 -2.5449414039074716 0.0023385772223129503 -0.00046960225801143612 0.0011103916507516824 0.0029059074479764612 -0.00053433980549189573 -0.96863394805116465 7.9350505528810436 -6.3500215653133818 -3.485258212086173 0.0061746843482519348 -5.1029804764389164 -0.00410830396139853 -0.00075965159130192016 6.1026858154059012 0.81174490092936691 1.5276948406625255 0.0020732757734299727 0.50747759702983675 0.87140613261355937 6.1389238536839022e-05 0.010907442517280623 -0.0010164692096859603 -0.0060033563827004621 -0.0059752570990255762
decision_type=2 2 2 2 2 2 2 2 2 2 2 2 2 2 2 2 2 2 2 2 2 2 2 2 2 2 2 2 2 2
left_child=2 8 4 -4 5 28 7 -7 9 27 12 14 -10 -13 -12 -14 18 -18 -6 -3 22 -5 23 -21 -24 26 -11 -2 29 -1
right_child=1 19 3 21 16 6 -8 -9 10 25 11 13 15 -15 -16 -17 17 -19 -20 20 -22 -23 24 -25 -26 -27 -28 -29 -30 -31
leaf_value=0.0078925455602041235 0.0032220294960544778 -0.0013675833918562117 -0.014349810094658621 0.0043690495662774224 -0.011663401338476344 -0.014228496874586043 0.012071395332902274 0.0022650173406058745 0.0071991794208141708 -0.0057972816220890535 -0.011163420061372265 0.0087661601567692003 -0.017769195684451334 -0.0011539482443958323 0.0039946433451597419 0.00064954968244801945 0.0049602962029598463 -0.0096488387701375179 0.0016794033085222552 -0.002614750492877889 0.0015353942835563928 0.01324326199077782 -0.016615894200478362 -0.012321047985873534 2.9253734257692543e-05 -0.011388815562541243 0.0082657998052753645 0.00061311316976594499 0.01490555028063965 -0.0040076668545018799
leaf_weight=418.73746977746487 4467.5482149422169 15770.508463919163 82.831617712974548 5399.5226332396269 360.14995016157627 197.7359606474638 121.17482677102089 160.77012725174427 801.42874900996685 307.76775895059109 111.96420976519585 271.63441568613052 67.619856312870979 23658.375452890992 2133.9469015449286 7004.6432214230299 523.70864693820477 203.46924391388893 192.2509269118309 1228.4246774017811 485.99899727106094 249.42966854572296 276.70821961760521 275.98180203139782 96.929745927453041 221.92082181572914 190.36064144968987 6033.7104099094868 212.28067538142204 176.58406257629395
leaf_count=816 14292 43688 150 10745 643 429 238 354 2616 704 331 868 173 69504 5660 16857 954 395 356 3116 1026 478 476 669 178 583 471 21123 517 379
internal_value=2.83878e-05 -0.000397535 0.00328293 0.00448467 0.000598128 0.00371389 -0.00204336 -0.00682657 0.000150845 0.00136833 -0.000250305 -0.000673966 0.00115774 -0.00104115 0.00323671 0.000472521 -0.00253414 0.000866909 -0.00701538 -0.00176666 -0.00442726 0.00476188 -0.00597187 -0.00439876 -0.0122921 -0.00380415 -0.00041587 0.00172335 0.00713681 0.00435751
internal_weight=71704.1 63405.5 8298.65 5731.78 2566.86 1287.28 479.681 358.506 45270.9 11221.3 34049.6 26175.9 7873.69 23930 2245.91 7072.26 1279.58 727.178 552.401 18134.6 2364.04 5648.95 1878.04 1504.41 373.638 720.049 498.128 10501.3 807.602 595.322
internal_count=198789 182335 16454 11373 5081 2733 1021 783 133182 37173 96009 76363 19646 70372 5991 17030 2348 1349 999 49153 5465 11223 4439 3785 654 1758 1175 35415 1712 1195
is_linear=0
shrinkage=0.03


Tree=25
num_leaves=31
num_cat=0
split_feature=29 24 19 42 0 33 27 46 47 45 4 4 39 48 40 19 17 42 2 18 36 0 9 41 27 19 1 27 28 30
split_gain=103.566 37.5779 33.4863 43.2119 43.0611 42.6432 37.0025 33.4752 28.5432 24.0898 23.8801 31.3235 31.2847 22.6912 26.0007 21.8497 23.5001 33.2887 21.4984 27.425 21.3039 20.2114 20.0421 19.5795 19.6311 19.1256 18.1075 17.7261 26.0652 17.1861
threshold=-0.00053082028792728042 1.0000000180025095e-35 0.25705852342064178 0.030895245125417924 0.00087452126011012328 3.5348296659506535 -0.0029576055229714178 -0.99940512433088335 -0.60785761079279388 -0.97854064376158167 0.0045554297281563396 0.010755616394069398 -0.11142886078413565 1.0000000180025095e-35 10.746981759567886 0.69163326799015812 0.90835020916686904 0.0093853263593341087 -0.00077413900944415918 0.63317213871019284 6.0276368664316555 -0.00014766305960715444 0.0046812306958262783 0.56864208923552961 -0.0020772492393139048 0.57754863551586255 0.0025455658322322198 -0.0012356512617541779 -0.0018241898157759782 0.0041971443211809021
decision_type=2 2 2 2 2 2 2 2 2 2 2 2 2 2 2 2 2 2 2 2 2 2 2 2 2 2 2 2 2 2
left_child=1 18 3 5 23 6 -2 -3 -8 20 -11 22 -13 29 -15 16 17 -9 -1 -20 21 26 -12 24 -5 -18 -4 -17 -29 -7
right_child=2 7 9 4 -6 13 8 15 -10 10 11 12 -14 14 -16 27 25 -19 19 -21 -22 -23 -24 -25 -26 -27 -28 28 -30 -31
leaf_value=0.0039969425691074659 0.023481851539564728 0.013641869102633972 0.00045100310840864443 -0.022589177709818487 -0.007105206572013207 -0.0039680562210618886 -0.0021750725294471438 -0.0010330760795400115 0.00034517807092845134 0.00060302159901903785 -0.0034258597884394165 0.00687215159294068 -0.00211182557479541 -0.0023395123206471032 0.014151150981803386 -0.012483267572881986 -0.0037224251647077224 0.0017761557222090042 0.00019753989424298228 -0.021960249114235334 0.020168129602624499 0.0061023554309066995 -0.018183233684525537 0.0071641796957560722 -0.0020863221631818685 0.0055527862229129733 -0.017409639584351461 0.018196504999577121 0.0038538703419449586 -0.010005266410299415
leaf_weight=6060.6442344337702 58.216049551963806 181.75710818171501 374.3713523298502 42.384820997714996 2203.0857715308666 1077.4447761923075 5842.8028323352337 5720.6981305778027 13134.755829334259 11035.447888359427 2743.8164832890034 589.47008267045021 853.32697556912899 1339.8135658353567 91.724026173353195 50.956046789884567 1724.2868818640709 11279.270662799478 679.99114425480366 54.066013395786285 70.462330609560013 777.86253388226032 85.332212641835213 206.41999095678329 3451.1556233018637 225.92884720861912 58.907652422785759 129.56415115296841 954.00781936943531 703.30625700950623
leaf_count=15324 100 516 944 75 5459 3342 21146 14167 35549 33146 6889 1218 1581 3593 155 93 4604 29492 2062 162 123 2095 152 474 11461 616 119 256 2654 1401
internal_value=1.36808e-05 0.00147872 -0.000872387 -0.00150244 -0.00378438 -0.000896807 -0.000357079 0.000831199 -0.000430612 0.000196616 -0.000134007 -0.00203857 0.00155704 -0.00409404 -0.00127897 0.000714984 0.000472674 0.000830637 0.00340954 -0.00143591 0.0041473 0.00320959 -0.00387328 -0.00180596 -0.00233721 -0.00264591 -0.00197728 0.0047589 0.00557465 -0.00635499
internal_weight=71801.3 27061.2 44740.1 28151.1 5903.05 22248.1 19035.8 20266.5 18977.6 16589 15307.4 4271.95 1442.8 3212.29 1431.54 20084.7 18950.2 17000 6794.7 734.057 1281.6 1211.14 2829.15 3699.96 3493.54 1950.22 433.279 1134.53 1083.57 1780.75
internal_count=198968 69946 129022 82755 17469 65286 56795 52398 56695 46267 42986 9840 2799 8491 3748 51882 48879 43659 17548 2224 3281 3158 7041 12010 11536 5220 1063 3003 2910 4743
is_linear=0
shrinkage=0.03


Tree=26
num_leaves=31
num_cat=0
split_feature=29 24 0 46 35 36 29 20 39 27 11 22 17 43 31 46 19 17 42 2 18 31 42 12 40 17 41 22 33 4
split_gain=97.4525 35.3679 31.8148 31.5182 30.604 32.8248 26.3506 28.6448 23.3278 24.232 22.6219 21.5746 28.977 26.9199 22.9127 20.8828 20.5635 22.1106 31.3228 20.2347 25.8201 20.1378 19.4258 20.5546 24.0744 21.414 20.4933 20.2142 18.564 18.3896
threshold=-0.00053082028792728042 1.0000000180025095e-35 0.0035594366663549886 -0.99940512433088335 0.69441939173641576 5.9807848205607277 0.0028812807966231983 0.0010874703187422773 0.59508159016726381 0.0024070144555495836 0.0087779806642696058 0.00061789246309788923 0.018363745868010522 0.59886062365171822 0.079513971875773595 0.99988101353995462 0.69163326799015812 0.90835020916686904 0.0093853263593341087 -0.00077413900944415918 0.63317213871019284 -0.20503333719942032 0.013529216784895572 0.0035139317020337611 10.979104120101091 0.95059721144864684 -0.25328932516747771 0.0019049155440106363 4.6059310231706165 -0.008752375327176062
decision_type=2 2 2 2 2 2 2 2 2 2 2 2 2 2 2 2 2 2 2 2 2 2 2 2 2 2 2 2 2 2
left_child=1 19 4 -3 11 6 15 -8 21 -10 22 12 -2 14 -13 -6 17 18 -5 -1 -21 -7 23 25 -25 -4 -24 -28 -14 -15
right_child=2 3 10 16 5 8 7 -9 9 -11 -12 13 28 29 -16 -17 -18 -19 -20 20 -22 -23 26 24 -26 -27 27 -29 -30 -31
leaf_value=0.0038778651843405423 -0.006654654925123773 0.013240245060967916 -0.00074317930120677486 -0.0010020682964264767 -0.0010912010038228678 0.0083866248847334172 -0.0070011341264802031 -0.0019617438308063423 0.010609613475249016 -0.0035808965307299778 -0.02206966345044669 0.0021229515937998197 8.811356371615698e-05 -0.014459357616228635 -0.00079394674943700694 -0.016561810252851972 0.0046169974503711278 -0.0025664457811863518 0.0017229465878184948 0.00019161599707359745 -0.0213114449475355 -0.0029706874043531574 -0.023440720593007593 -0.010085665894260198 0.0094514888241791113 0.017647743547952371 -0.013344102142993622 -0.0025884914289297308 -0.012367892180570965 -0.0018276483787263902
leaf_weight=6059.371388182044 840.06742171943188 181.65986369550228 142.07182542979717 5720.7913488149643 19511.212236687541 182.56256777048111 1550.8770319372416 2946.1167354732752 482.10976739227772 139.18612211942673 68.62873537838459 8756.8179847300053 2953.83620198071 110.34342877566814 3349.3118893653154 78.674016743898392 1134.3359001725912 1950.2418193668127 11278.789671227336 679.98883889615536 54.046985134482384 607.2604938596487 65.588840067386627 226.74803523719311 75.377727776765823 94.595747917890549 228.55346369743347 506.81112711131573 111.54448390007019 1710.2538251578808
leaf_count=15324 3613 516 266 14167 59718 332 3513 6117 909 244 106 23763 12011 237 9291 231 3003 5220 29492 2062 162 1124 120 397 124 180 444 899 461 4922
internal_value=1.32708e-05 0.00143447 -0.000846251 0.000806305 -0.000701927 -0.00136869 -0.00162931 -0.00370058 0.00307739 0.00742562 -0.00528369 0.00025131 -0.00171891 0.000804046 0.00131571 -0.00115365 0.000693561 0.000458499 0.000805732 0.00330788 -0.00139294 -0.000340261 -0.00441842 -8.16789e-06 -0.00519837 0.00660368 -0.00738066 -0.00593816 -0.00036494 -0.00259639
internal_weight=71797.8 27059.2 44738.5 20265.8 43330.2 25498 24086.9 4496.99 1411.12 621.296 1408.38 17832.2 3905.45 13926.7 12106.1 19589.9 20084.2 18949.8 16999.6 6793.41 734.036 789.823 1339.75 538.793 302.126 236.668 800.953 735.365 3065.38 1820.6
internal_count=198968 69946 129022 52398 126486 72188 69579 9630 2609 1153 2536 54298 16085 38213 33054 59949 51882 48879 43659 17548 2224 1456 2430 967 521 446 1463 1343 12472 5159
is_linear=0
shrinkage=0.03


Tree=27
num_leaves=31
num_cat=0
split_feature=29 28 11 19 29 48 20 21 36 43 37 45 11 27 35 20 36 9 19 4 33 1 43 23 20 27 17 21 19 31
split_gain=91.7019 30.9271 31.696 30.8943 35.4015 41.6403 38.3406 26.8125 26.9372 31.5624 30.018 25.8289 24.9645 27.048 24.4238 23.3267 23.3114 28.1147 31.5248 26.9741 23.2168 41.6688 22.536 22.3092 22.0151 21.6209 21.3591 25.7422 21.3571 22.5176
threshold=-0.00053082028792728042 -0.0022172547399712523 0.0016552081904117066 0.25705852342064178 0.0028812807966231983 -0.22252093395631442 0.00120723491592544 0.00076375504093932915 3.7163107521028906 0.41559562602243166 -0.26655356118370249 -0.17364817766693016 0.0020072993821753523 -0.0015952872694897089 -2.2432353760434984 0.00075602901835385258 6.2809510311393195 0.0051956441077139178 0.49947886957655879 0.00092233806811436406 1.0967692997889307 0.0030273275423965663 0.66402878688271316 0.0010477645015914783 0.0038222010774555393 0.0010171664146839678 0.035046382328359611 0.00034593777081128448 0.44810451344696989 0.20891354574359558
decision_type=2 2 2 2 2 2 2 2 2 2 2 2 2 2 2 2 2 2 2 2 2 2 2 2 2 2 2 2 2 2
left_child=1 2 14 4 7 6 -6 26 10 -10 -9 12 13 -4 -1 28 17 19 -19 -5 21 -7 -17 -16 -21 -22 27 -2 -3 -30
right_child=3 15 11 16 5 20 -8 8 9 -11 -12 -13 -14 -15 23 22 -18 18 -20 24 25 -23 -24 -25 -26 -27 -28 -29 29 -31
leaf_value=0.015856433546075077 -0.0097002149105304431 0.0011757848079964525 0.0023621300664093039 0.0015672049919407719 -0.01336605636709849 -0.0046810719745428763 -0.0042653326437570504 -0.0010261474513849301 0.0043457151069946085 -0.0011266273268502715 0.0063231731902864165 0.005415096077966336 0.0018671994827995711 -0.016718969512175354 -0.014104697477194393 -5.5328442831178508e-05 0.0077966660378582797 -0.0031419283265439082 -0.026387382712885252 -0.001091801723187145 0.0013464544324949075 0.020276730180005708 0.020091575767787376 0.010096371101539733 0.011585605649690621 -0.0040807745326633376 -0.0013409651617649649 -0.0026463118070366174 0.0064522785793334472 -0.00062639875430668473
leaf_weight=299.72730305790901 653.26412668824196 6138.2080176025629 127.09500242769718 7152.8148596435785 612.74004751443863 124.36989375948906 1306.9363584816456 884.67158252000809 1044.0676968842745 10335.220726400614 1148.6959305554628 1994.3065663725138 3491.7616600245237 140.21503075957298 55.27280105650425 12534.853088408709 356.09660881757736 184.77259986102581 73.400900721549988 8696.6166904568672 977.79669870436192 116.12299643456936 49.968799442052841 89.481017485260963 124.82135006785393 2031.4820857644081 7285.8222169876099 1627.4529094845057 1595.6965591311455 540.69109047949314
leaf_count=732 2954 20012 283 21393 1385 249 2584 2681 2873 26976 3635 3933 6452 328 139 31243 596 331 124 23596 2086 215 142 227 227 4099 26816 6202 4821 1634
internal_value=1.28517e-05 0.00139155 0.00325239 -0.000820926 -0.00142614 -0.00366939 -0.00717284 -0.000921336 -5.56495e-05 -0.0006242 0.00312439 0.00265517 0.00118993 -0.00764049 0.0109715 0.000838473 0.000205869 3.90684e-05 -0.00977773 0.000198034 -0.00159862 0.00736428 2.47457e-05 0.000828028 -0.000911821 -0.00231635 -0.00213472 -0.00466874 0.00207568 0.00465947
internal_weight=71794.4 27057.3 6197.86 44737.2 28148.6 5169.45 1919.68 22979.2 13412.7 11379.3 2033.37 5753.38 3759.07 267.31 444.481 20859.4 16588.5 16232.4 258.174 15974.3 3249.77 240.493 12584.8 144.754 8821.44 3009.28 9566.54 2280.72 8274.6 2136.39
internal_count=198968 69946 12094 129022 82755 10618 3969 72137 36165 29849 6316 10996 7063 611 1098 57852 46267 45671 455 45216 6649 464 31385 366 23823 6185 35972 9156 26467 6455
is_linear=0
shrinkage=0.03


Tree=28
num_leaves=31
num_cat=0
split_feature=29 46 31 34 19 17 21 43 17 0 48 43 44 46 0 44 16 2 36 36 19 37 35 35 43 47 31 36 4 44
split_gain=86.2906 32.0862 32.3308 29.8299 26.791 25.886 34.1892 26.4901 25.4881 24.5478 23.6614 22.4583 22.5822 22.0701 22.0129 22.0143 21.432 24.4176 20.8721 20.5056 17.3424 17.2555 16.7438 16.5453 17.8751 16.0035 19.404 15.1049 18.6106 14.7872
threshold=-0.00053082028792728042 -0.99940512433088335 1.138055906588255 6.1026858154059012 0.71052595931987217 0.022530516626483626 0.00042483851108497081 0.41434253795278464 0.90835020916686904 -0.0018595871627915138 0.81174490092936691 0.44332132054281198 0.49630466406897172 0.99988101353995462 0.0030134010711100798 0.57805308517455267 0.00034813434466249993 0.004123991672688984 3.9312628273143546 3.5612429382234447 0.57754863551586255 0.36935796667253112 6.3941980160360874 4.9574637037920359 0.62778474083978419 0.87837969732492682 0.15174012480453117 7.0716155562112801 -0.0095056515674197557 0.52035470957631935
decision_type=2 2 2 2 2 2 2 2 2 2 2 2 2 2 2 2 2 2 2 2 2 2 2 2 2 2 2 2 2 2
left_child=1 -1 4 5 8 6 -2 29 19 -5 14 27 21 18 -11 -16 17 -8 -9 -3 -10 -13 -18 -12 -25 -6 -27 28 -4 -7
right_child=3 2 11 9 25 7 16 13 20 10 23 12 -14 -15 15 -17 22 -19 -20 -21 -22 -23 -24 24 -26 26 -28 -29 -30 -31
leaf_value=0.012451971876090826 -0.0079303717890563934 -0.0017123902557967809 -0.0032745870460057069 0.013432586880113437 0.0038581229248533569 0.001182965987548162 -0.00084761842569152333 0.00066495181198298584 -0.0035200712666135833 -0.0043460162725635623 -0.0067852825052782898 -0.0079079013638971903 -0.01419007950638016 -0.014344081037844724 -0.020070201082515407 -0.0036967963338519609 -0.0044693844646412281 0.019194469651839824 -0.0010365633249706566 0.0014096558203420954 0.0047380227727394338 0.014011667685337322 -0.019259736667473392 0.0075623943730554616 -0.0093342753681955881 0.018701307153180483 -0.0027480572067951686 0.021843098443627657 0.0100860964203894 0.0063699750617269872
leaf_weight=232.14123119413853 927.51990610361099 2084.5352210998535 113.28747457265854 73.027289003133774 1063.5299583226442 3703.4969871491194 2666.0425347089767 8814.7304974794388 1722.1416615098715 2018.9562490582466 158.19872602820396 51.642510429024696 81.634054496884346 105.10692174732685 172.15677528083324 130.46693506836891 283.57549104094505 55.648562908172607 24566.423893168569 20548.525203511119 263.48595885932446 85.237964674830437 91.262340515851974 329.86327436566353 67.629229053854942 146.58683899044991 50.822517544031143 76.7403574436903 535.15640918910503 571.28481648862362
leaf_count=650 4100 7263 202 136 2861 12122 8919 30612 4599 5194 404 134 199 308 289 222 662 115 63085 51095 712 176 223 675 137 371 126 125 1433 1819
internal_value=1.24661e-05 0.00134992 0.00125363 -0.000796345 0.00105458 -0.000590403 -0.0028778 -0.000346551 0.000835957 -0.00371184 -0.00414893 0.0067079 -0.00171031 -0.00063052 -0.00548009 -0.0130283 -0.00136299 -0.000435349 -0.000587165 0.00112197 -0.00242237 0.00572046 -0.00808676 0.00140702 0.00467681 0.00531971 0.0131669 0.00924841 0.00774698 0.00187713
internal_weight=71790.9 27055.5 26823.3 44735.4 25879.6 41785.1 4024.05 37761 24618.7 2950.3 2877.27 943.699 218.515 33486.3 2321.58 302.624 3096.53 2721.69 33381.2 22633.1 1985.63 136.88 374.838 555.691 397.493 1260.94 197.409 725.184 648.444 4274.78
internal_count=198968 69946 69296 129022 67027 121965 14019 107946 63669 7057 6921 2269 509 94005 5705 511 9919 9034 93697 58358 5311 310 885 1216 812 3358 497 1760 1635 13941
is_linear=0
shrinkage=0.03


Tree=29
num_leaves=31
num_cat=0
split_feature=29 24 0 10 17 18 3 0 42 42 27 33 21 41 38 33 23 33 42 3 32 37 36 5 42 0 3 36 1 38
split_gain=81.1987 31.8123 28.4477 31.1456 27.7787 27.6932 39.1269 25.415 35.2224 33.3309 28.2987 23.8899 22.9374 22.2373 24.7162 21.3912 21.2196 21.1358 21.1321 22.9632 20.7742 23.2279 19.5292 19.4032 34.8828 41.8194 23.3634 30.2771 22.672 20.6804
threshold=-0.00053082028792728042 1.0000000180025095e-35 0.0035594366663549886 0.002700784891960187 0.99989635694418733 0.068938914387009415 0.0068760440366520629 -0.00066569761567331911 0.0035238460212011755 0.017018262063144361 0.000599094875778028 2.8235780175932654 0.0025704237290928621 -0.1462228678766492 0.078957002002860502 1.90469612469917 0.0023746858494737002 -0.32280475264359126 0.0092392834390335535 -0.0030564059515113657 0.00092542968592615384 0.053872145375764353 4.8247226569700263 0.0010313181017866178 0.039659091882858599 -0.0007711225146441339 -0.0059752570990255762 6.0276368664316555 0.0001848589369016002 -0.20126247222621121
decision_type=2 2 2 2 2 2 2 2 2 2 2 2 2 2 2 2 2 2 2 2 2 2 2 2 2 2 2 2 2 2
left_child=1 -1 4 -4 7 6 16 9 17 10 -2 -10 -8 -7 -15 -11 -5 -9 19 -6 22 -22 -20 24 -3 -26 29 -28 -27 -25
right_child=2 23 3 5 18 13 12 8 11 15 -12 -13 -14 14 -16 -17 -18 -19 20 -21 21 -23 -24 26 25 28 27 -29 -30 -31
leaf_value=0.0030867728137499643 -0.0017270498982179508 0.0006205810759843084 -0.020971700426642023 0.021115869209324588 0.025621551671535774 -0.019327045289810194 0.0048265334616577893 -0.0036171032471422875 -0.00096318028996281255 0.0014735987960868414 0.015360822767920921 -0.0028902192886413004 -0.012981090360851629 0.0024765439530199163 -0.0093875769175897784 0.006873123049305872 0.0028255201460718952 0.005018859613678572 0.00060157992698211854 0.0042899368603092824 -0.0085973691038470513 0.003965804203495342 0.0092579220299731195 0.016987484497374753 0.010078199457082661 -0.0012118391859189405 -0.0029386801322481017 -0.020026518342506221 0.0098403365633023803 0.00053400822749121379
leaf_weight=6790.2173846364021 3403.4201076626778 15660.133030474186 101.45584927499294 101.25320057570934 47.197410732507706 116.12072595953941 107.18163150548935 322.14272131025791 23378.30169197917 2561.6844683885574 89.290686890482903 7700.0799044817686 164.54517510533333 246.17940962314606 439.13110558688641 890.62243795394897 131.72506193816662 1216.4591123014688 1704.306208729744 1134.7810538560152 411.1253750026226 194.83773206174374 271.99663284420967 73.151379033923149 811.63812597095966 834.99241359531879 1469.7498846948147 99.554827943444252 208.53639170527458 1105.6295704543591
leaf_count=17548 8606 41417 218 196 111 199 192 988 71298 6751 166 20998 280 444 765 2032 242 3474 6309 3536 1064 506 647 146 1992 2521 3479 178 569 2096
internal_value=1.20895e-05 0.00130953 -0.000772499 -0.00496975 -0.000636047 -0.00372146 0.00177803 -0.000870416 -0.00122132 0.000777132 -0.00128849 -0.00144074 -0.00594752 -0.00718812 -0.00512185 0.00286775 0.0107987 0.00320853 0.00182628 0.00514845 0.000304181 -0.00455296 0.00179528 0.000713813 0.00108163 0.00497141 -0.00162933 -0.00402704 0.00099539 0.00156031
internal_weight=71787.4 27053.6 44733.8 1407.59 43326.2 1306.14 504.705 39562 32617 6945.02 3492.71 31078.4 271.727 801.431 685.311 3452.31 232.978 1538.6 3764.24 1181.98 2582.27 605.963 1976.3 20263.4 17515.3 1855.17 2748.09 1569.3 1043.53 1178.78
internal_count=198968 69946 129022 2536 126486 2318 910 114313 96758 17555 8772 92296 472 1408 1209 8783 438 4462 12173 3647 8526 1570 6956 52398 46499 5082 5899 3657 3090 2242
is_linear=0
shrinkage=0.03


Tree=30
num_leaves=31
num_cat=0
split_feature=30 43 18 33 13 42 19 33 18 40 44 17 38 40 14 46 14 29 17 38 3 17 17 8 42 20 23 35 10 0
split_gain=86.6021 45.0204 24.7799 24.7016 24.2374 52.1911 25.4565 24.9685 23.9413 22.9214 22.8124 23.5956 24.8312 23.2157 24.3247 38.4138 21.6208 20.8283 27.287 20.1619 20.5324 19.5214 19.5146 20.8813 19.4485 25.0628 29.0319 25.3262 19.404 18.3337
threshold=-0.0017682551123657795 0.45031756396124695 0.65884437523849437 -4.0165139739837175 0.00044810619602265734 0.0096891884368715004 0.32616565454620455 2.2584660914562478 0.58032270461932722 7.7937929464377911 0.52958302353004827 0.20744357301863955 -0.19818022399649168 8.0917804337904844 -0.0017210250021857446 -0.94331137514050678 -0.0012352572700075578 -0.00043446222816950758 0.080018526519643696 0.43209780299866568 -0.0062025529293683436 1.0000000180025095e-35 0.95416859389388986 0.00096220789136216699 0.0092392834390335535 0.0017139372377205206 0.0018241468051845287 -2.1458839979507234 0.0031489330743136629 -0.00093369570591804549
decision_type=2 2 2 2 2 2 2 2 2 2 2 2 2 2 2 2 2 2 2 2 2 2 2 2 2 2 2 2 2 2
left_child=3 8 4 24 22 7 -7 -6 9 17 13 12 -12 19 15 -15 -16 -2 -19 20 -5 -11 23 -3 25 27 -27 28 -1 -13
right_child=1 2 -4 10 5 6 -8 -9 -10 21 11 29 -14 14 16 -17 -18 18 -20 -21 -22 -23 -24 -25 -26 26 -28 -29 -30 -31
leaf_value=0.0035323168000292566 0.0021923348136110065 -0.0006527420797653484 -0.0038903555423158397 0.020127349821303344 0.0026742569777797602 -0.0034658338088839704 0.00050648762611347087 -0.0017522706075382337 -0.0028415256010832246 -0.003975997956483371 -0.030497268951474081 0.013013901772801607 -0.006614367848283358 0.02292854313665562 -0.0033682519380735425 0.0035584876074972152 0.0011425976799996126 -0.0073116038841996422 -0.00034993422124032526 0.018591958960417834 0.0033921346005212115 0.0023786717766585666 0.0027855325093326506 0.0046623404133528216 0.0056716752883147464 -0.02405299953368455 -0.00037533966875941555 -0.0061713909182965808 0.017138606985336719 -0.0033070693278942306
leaf_weight=522.05666445195675 1484.9170315414667 17388.856043472886 2579.3435604870319 69.241897001862526 2862.7406824231148 9367.0722639560699 1716.7160495370626 1912.3498200923204 1402.1748905181885 456.41620033979416 51.191177889704704 78.799162164330482 167.94513714313507 99.487186998128891 1052.7760244309902 1234.1146297901869 10391.722633823752 701.59766906499863 1826.7426418215036 93.351648479700089 1366.2856975495815 9096.9356088191271 1849.895679935813 691.40358988940716 2389.3236760348082 71.331045910716057 134.53064152598381 202.30194762349129 115.27258689701557 286.62379615008831
leaf_count=1324 5826 51507 7384 184 7386 24849 4141 4811 4527 1509 122 169 407 181 2147 2166 24057 2977 7258 291 4233 25963 6981 1255 5422 137 229 489 203 676
internal_value=0.000105468 -0.000505795 -0.00105023 0.00188464 -0.000845435 -0.00172065 -0.00285031 0.000900874 0.000889506 0.00127538 0.00135534 -0.00445127 -0.0122299 0.00159286 0.0011745 0.00500897 0.000727332 -0.000626568 -0.00228336 0.00508691 0.00420413 0.00207468 -0.000148847 -0.000449274 0.00417832 0.000762165 -0.00860959 0.00306502 0.00600257 0.000209345
internal_weight=71663.5 53337.2 38368.4 18326.4 35789 15858.9 11083.8 4775.09 14968.8 13566.6 14891.5 584.559 219.136 14307 12778.1 1333.6 11444.5 4013.26 2528.34 1528.88 1435.53 9553.35 19930.2 18080.3 3434.82 1045.49 205.862 839.631 637.329 365.423
internal_count=198811 156374 108314 42437 100930 41187 28990 12197 48060 43533 34633 1374 529 33259 28551 2347 26204 16061 10235 4708 4417 27472 59743 52762 7804 2382 366 2016 1527 845
is_linear=0
shrinkage=0.03


Tree=31
num_leaves=31
num_cat=0
split_feature=30 43 28 33 0 24 28 12 11 46 9 27 28 20 12 8 41 2 36 0 42 20 43 27 27 9 46 27 26 20
split_gain=81.784 46.4758 26.9698 25.1766 52.4289 24.397 24.3764 20.3112 19.7123 20.7274 19.5635 29.2944 39.17 23.2328 20.4042 19.0791 17.7788 17.762 17.1774 24.8359 23.0226 25.4666 29.4322 19.404 29.8784 20.3383 17.8985 21.1116 17.0579 28.8263
threshold=-0.0027279331991605922 0.44935569738597708 -0.0033900254637953538 2.680492922006088 -0.00037169159596042045 1.0000000180025095e-35 0.00010926179281844918 0.0018894233903725187 0.00016693922183972344 -0.99512551815703254 0.0049980620548066073 -0.0026336853831686042 0.0032228119912001145 0.0038222010774555393 0.0050216216520896587 0.0011904264348682988 1.035230871461835 -0.0003910960311218345 4.3945947613082748 0.00014113655407893414 0.02255619049614082 0.0014942624226005256 0.53884292353578578 -0.00053811423622485133 0.00019254663545220654 0.0015831615400003233 0.95032354012166631 -0.00072437500772071217 0.79166666666666685 0.0006018714348187804
decision_type=2 2 2 2 2 2 2 2 2 2 2 2 2 2 2 2 2 2 2 2 2 2 2 2 2 2 2 2 2 2
left_child=5 2 -2 10 6 17 -5 -8 -4 -10 13 14 -13 15 -12 -3 -11 -1 19 26 23 22 -22 25 -25 -20 27 -7 -6 -30
right_child=1 3 8 4 28 18 7 -9 9 16 11 12 -14 -15 -16 -17 -18 -19 20 -21 21 -23 -24 24 -26 -27 -28 -29 29 -31
leaf_value=0.0048987123334887127 0.01157722984205024 -0.00052300179480318479 -0.0096276667033651491 0.018066845879564412 -0.002672373607154385 0.0090522973637354887 0.0072307761535861589 -0.00080191798338517003 0.0064629471115516821 0.00064660946519791624 -0.0030722526079192333 -0.011430850437064636 0.00098069068008621563 0.006688066330608298 0.016874758231483333 0.0075811350579623365 0.019851633036903873 -0.0069709000682394457 0.012384975787303805 0.0092734046375561076 0.0010879114695333354 0.0046456403394919072 -0.012432354030649068 0.0056641338232146128 -0.001366538379697268 -0.0032660887349678408 -0.0080014690863521743 -0.0002437259208482133 -0.016954155710974486 -0.0033659534251484998
leaf_weight=3206.2060865014791 211.20773200690746 29334.364418163896 161.52564986050129 94.646244585514069 8219.45954836905 344.41687567532063 457.50185157358646 741.99983762204647 580.98429951071739 16428.644796356559 94.901619970798492 572.95838859677315 380.20110513269901 415.8241024017334 89.180196434259415 263.55819766223431 43.309116423130035 117.25284434854984 77.39744770526886 580.12705571949482 1162.3696272522211 2242.2845966815948 165.31805405020714 884.19044122099876 1412.2153023481369 1976.1179912090302 150.49425965547562 605.72519181668758 207.32992953062057 437.94260320067406
leaf_count=6767 402 85994 795 242 22251 850 1331 1522 1876 51936 171 1059 669 782 145 482 105 251 189 1507 2814 4430 383 1814 2772 3840 397 1582 569 884
internal_value=0.000102315 -0.000373052 0.000926175 -0.000921178 -0.00221815 0.0022629 0.00342097 0.00226003 0.000795188 0.000894201 -0.000498106 -0.00436026 -0.00647776 -0.000351638 0.00658281 -0.000450685 0.000697527 0.00447865 0.00149548 0.00425038 0.000910364 0.00269588 -0.000594935 -0.000554376 0.00133945 -0.00267359 0.00159889 0.00312403 -0.00304179 -0.00774047
internal_weight=71659.7 58735.5 17425.7 41309.9 10158.9 12924.1 1294.15 1199.5 17214.5 17052.9 31151 1137.24 953.159 30013.7 184.082 29597.9 16472 3323.46 9600.66 1680.76 7919.89 3569.97 1327.69 4349.92 2296.41 2053.52 1100.64 950.142 8864.73 645.273
internal_count=198811 171215 55114 116101 26799 27596 3095 2853 54712 53917 89302 2044 1728 87258 316 86476 52041 7018 20578 4336 16242 7627 3197 8615 4586 4029 2829 2432 23704 1453
is_linear=0
shrinkage=0.03


Tree=32
num_leaves=31
num_cat=0
split_feature=30 18 28 40 30 8 46 27 29 33 44 17 38 40 6 46 5 34 35 1 4 21 20 38 3 42 20 23 44 11
split_gain=77.1177 38.4182 40.2027 27.5003 38.9517 29.3487 27.4541 27.3688 23.3056 22.5253 21.3303 22.176 23.3358 22.0932 22.3912 36.2422 21.3185 22.6677 21.0476 20.6388 19.0811 26.464 26.1313 18.9856 19.2349 18.2615 23.2556 27.3038 24.2194 20.9611
threshold=-0.0017682551123657795 0.57339942446457492 0.0011706549490264619 8.3314658342382408 0.0032164680535686778 -0.00039746667943719782 -0.81279832427823695 0.00056241485278396574 0.0048987573075643951 -4.0165139739837175 0.52958302353004827 0.20744357301863955 -0.19818022399649168 8.0917804337904844 -0.0017210250021857446 -0.94331137514050678 0.0017716726445776594 4.0654436641899609 5.7481857046201403 -0.0037053905197148664 -0.0027891267109324204 0.0020589248539959349 0.0027386174210161829 0.43209780299866568 -0.0062025529293683436 0.0092392834390335535 0.0017139372377205206 0.0017901411660765606 0.44087554849878668 0.0032612637728223004
decision_type=2 2 2 2 2 2 2 2 2 2 2 2 2 2 2 2 2 2 2 2 2 2 2 2 2 2 2 2 2 2
left_child=9 2 8 -4 5 -5 -6 18 16 25 13 12 -12 23 15 -15 -2 -18 20 -16 21 -3 -22 24 -11 26 28 -28 29 -1
right_child=1 7 3 4 6 -7 -8 -9 -10 10 11 -13 -14 14 19 -17 17 -19 -20 -21 22 -23 -24 -25 -26 -27 27 -29 -30 -31
leaf_value=0.0052413857092002223 0.00035895556590809089 -0.0063445861302810456 -0.0050756570526360803 -0.01518500788161466 -0.0068189519346996122 0.0016106944139898057 -0.001639857757139794 0.0023011397279603311 0.010378832318733764 0.019473616038270837 -0.029585567370118481 0.00017698361306050058 -0.0064364881188656888 0.022201719373227329 -0.0033358605378548544 0.0033666452443641168 -0.0030780154726474771 -0.022265601657255753 -0.0086831931898799265 0.0010713908746831152 -0.0025015448732975732 -0.031263191287393882 0.017045600461316101 0.018020666983004283 0.0032691357604598694 0.0054171973883007278 -0.02372002964445994 -0.00057765236398213383 -0.0027500566332596885 0.025785741955931953
leaf_weight=411.51744072139263 34727.645679056644 423.14434836804867 1847.0135467201471 95.711020052433014 1132.6369486898184 3901.0868677943945 4948.2543234229088 801.93503299355507 205.15031127631664 69.185254842042923 51.216951325535774 365.38003914058208 167.96840094029903 99.257083088159561 1052.7790844291449 1233.5087769627571 809.85167750716209 59.376272231340408 654.86479829251766 10390.947408273816 3622.5446030199528 42.108799993991852 62.382418632507324 93.300464197993279 1366.1366976797581 2387.6450103521347 69.039130613207817 136.87556801736355 377.60164229571819 50.106898412108421
leaf_count=1041 109739 1213 5441 188 2351 9763 10204 1797 372 184 122 845 407 181 2147 2166 1827 139 1727 24057 11406 81 126 291 4233 5422 130 236 891 84
internal_value=9.92604e-05 -0.000477545 -0.000201496 -0.0017102 -0.001093 0.001207 -0.00260521 -0.00282666 0.000300937 0.0017784 0.00127301 -0.00434176 -0.0118814 0.00150272 0.00109457 0.00477475 0.000242714 -0.00439698 -0.00368314 0.000665627 -0.00289307 -0.00861881 -0.00216891 0.00491153 0.00405492 0.00396946 0.000658789 -0.00836688 0.00287839 0.00748806
internal_weight=71656.2 53333.7 47726.7 11924.7 10077.7 3996.8 6080.89 5606.98 35802 18322.5 14889.7 584.565 219.185 14305.1 12776.5 1332.77 35596.9 869.228 4805.04 11443.7 4150.18 465.253 3684.93 1528.62 1435.32 3432.79 1045.14 205.915 839.226 461.624
internal_count=198811 156374 140024 27947 22506 9951 12555 16350 112077 42437 34633 1374 529 33259 28551 2347 111705 1966 14553 26204 12826 1294 11532 4708 4417 7804 2382 366 2016 1125
is_linear=0
shrinkage=0.03


Tree=33
num_leaves=31
num_cat=0
split_feature=30 43 45 33 0 45 46 35 33 46 12 8 4 38 1 45 22 1 12 4 43 19 9 19 20 27 35 17 42 23
split_gain=73.1558 42.7048 26.88 22.7701 49.0835 22.7217 26.9887 27.131 22.4421 22.0433 21.7878 22.4451 21.3591 25.0246 21.2038 20.2834 20.2253 19.4998 19.4459 19.2536 30.4805 18.74 18.5526 29.2708 24.52 18.2318 18.1101 20.3411 17.7679 17.2313
threshold=-0.0027279331991605922 0.44935569738597708 -0.89194178735545504 2.680492922006088 -0.00037169159596042045 -0.56457333468532422 0.58244304235731426 1.5273389260278105 -5.1599474366610378 -0.99512551815703254 0.0018894233903725187 0.00096220789136216699 -0.0035079478817924572 0.32485270882537748 0.0069468889961453182 -0.99512551815703243 0.0039663903324470458 0.0017823625658167175 0.0016080797751997875 -0.029296952414135932 0.46176903538403469 0.8303236498131622 0.0049980620548066073 0.53131895460089329 0.0038222010774555393 -0.00049408517131405139 1.9389274490343016 0.27514392367745832 0.023715485835736152 0.0023385772223129503
decision_type=2 2 2 2 2 2 2 2 2 2 2 2 2 2 2 2 2 2 2 2 2 2 2 2 2 2 2 2 2 2
left_child=5 2 18 21 10 6 7 19 -4 -10 -5 -12 13 29 -7 17 -11 -6 26 20 -1 22 24 -24 -3 -23 27 -2 -21 -8
right_child=1 3 8 4 15 14 12 -9 9 16 11 -13 -14 -15 -16 -17 -18 -19 -20 28 -22 25 23 -25 -26 -27 -28 -29 -30 -31
leaf_value=0.019469231929034849 0.0085367214315372961 -0.00053329498359375139 0.0060803464007666936 0.0082036217485960839 0.014180749560807844 0.0033971021118735776 0.0074632249256849498 0.018832978059936899 0.0059695428060269149 -0.00013763542728653907 -0.002863677198271455 0.0085128430207905229 -0.0048222516086626581 -0.0024406468325544341 -0.01339158267826354 -0.0031969667222610759 0.01714915478728948 -0.00090515403295517811 0.0062984072088354747 -0.0022850220268572285 -0.0033230730112470594 -0.014252839712673398 -0.0030410397545080473 -0.022248286730525303 0.0068448926244283432 0.0065679838661627634 -0.0054015123684631764 -0.00088480730132564124 0.0015801705018677402 0.019415256553890599
leaf_weight=108.97993977367878 363.43955942988396 29061.06150919199 603.86302709579468 505.64212743937969 116.89264254271984 7253.853614449501 325.51543085277081 66.709919407963753 567.76326321065426 13744.417789161205 574.43506936728954 214.06197144091129 137.67309078574181 151.79751022160053 68.080589175224304 8521.3495141267776 60.982877880334854 224.82909621298313 1310.2200727909803 2816.6573578864336 101.80910830199718 40.62818531692028 1053.010369643569 76.49485082924366 410.8670611679554 508.1961731761694 298.85015261173248 475.24914713203907 1725.3535740822554 164.13955330848694
leaf_count=173 1303 84747 2034 1480 332 16229 736 131 1845 44162 1234 381 306 282 117 22874 105 498 2982 5591 163 88 1903 129 773 1662 1028 1655 3570 298
internal_value=9.62842e-05 -0.000353279 0.000892151 -0.000878715 -0.00211227 0.00214004 0.000700613 -0.000136343 0.000415556 0.00017727 0.0033439 0.000222404 0.00588041 0.00818295 0.00324023 -0.00290935 -6.08095e-05 0.00425178 0.00380678 -0.000404007 0.00845383 -0.000476381 -0.000575025 -0.0043482 -0.000430288 0.00501657 0.000933681 0.00319543 -0.000816103 0.0114821
internal_weight=71652.8 58732.3 17424.8 41307.5 10157.2 12920.6 5598.64 4819.51 14977 14373.2 1294.14 788.497 779.126 641.452 7321.93 8863.07 13805.4 341.722 2447.76 4752.8 210.789 31150.3 30601.4 1129.51 29471.9 548.824 1137.54 838.689 4542.01 489.655
internal_count=198811 171215 55114 116101 26799 27596 11250 9628 48146 46112 3095 1615 1622 1316 16346 23704 44267 830 6968 9497 336 89302 87552 2032 85520 1750 3986 2958 9161 1034
is_linear=0
shrinkage=0.03


Tree=34
num_leaves=31
num_cat=0
split_feature=28 4 26 24 40 43 35 42 5 43 38 32 32 19 47 23 44 12 25 23 32 3 45 20 47 12 6 29 10 3
split_gain=65.8341 36.566 27.4972 29.9729 27.4686 26.6807 24.4303 23.072 56.3476 25.2102 28.5091 25.013 22.8933 22.8345 20.9878 22.6832 21.5799 19.7366 19.3491 18.9935 21.7745 21.3825 18.4945 19.7551 16.6946 16.6111 16.1262 23.0166 29.9528 24.001
threshold=-0.0008293054717727898 0.0045554297281563396 0.70833333333333337 1.0000000180025095e-35 7.9991750829786197 0.58427334888196014 0.38742265245904478 0.040134808640464932 -0.00077098812444726099 0.53442376674031189 -0.46218554119946553 -0.00054523327082926494 -0.0029180371993407753 0.71052595931987217 -0.60785761079279388 0.0028777109579377421 0.41541248132601699 0.0033008441664922031 0.75000000000000011 0.0047381526390295114 -0.00084808857640966088 0.0048539592966565332 0.33172980431441529 0.00082640263833896074 0.87837969732492682 0.0016928855865503706 -0.00046224697632948143 -0.0030613193259481082 0.0041575698652676031 -0.0059752570990255762
decision_type=2 2 2 2 2 2 2 2 2 2 2 2 2 2 2 2 2 2 2 2 2 2 2 2 2 2 2 2 2 2
left_child=2 5 3 26 -3 13 -4 9 17 10 -5 -11 -6 19 15 -14 -16 -9 -7 20 -2 -21 24 -24 -20 -10 27 28 -1 -29
right_child=1 4 6 7 12 18 -8 8 25 11 -12 -13 14 -15 16 -17 -18 -19 22 21 -22 -23 23 -25 -26 -27 -28 29 -30 -31
leaf_value=0.0070793351703955761 0.0023137517869509178 -0.0067666646317737023 0.030770370770651548 -0.011626068703617343 0.0049220258503627889 -0.00091362429292105593 0.0066518528587138793 0.0072186694284588548 -0.010509174357473979 -0.0092663151411814994 0.00077853016174608857 0.0018085639294570177 -0.006052065386095316 0.0034125324145493083 0.011479259525237595 0.010057280872092036 -0.0013947646198516274 0.019375563264006392 -0.0060759749061437213 -0.00224373957439077 -8.4066386496447752e-05 -0.019544246875100719 -0.0042384498172233108 0.0079520856141719609 -0.018388276072302777 0.0006500305974810269 0.0087791289523075373 0.014614338752549137 0.00013439855823009126 0.00068524153027343091
leaf_weight=1776.1164083182812 3879.2459779083729 953.90878188610077 49.957591950893402 169.53393568098545 483.09635555744171 5359.9276734739542 156.25218100845814 614.70236460864544 178.79743270576 482.41015835106373 9409.2639779001474 295.44226808845997 1359.186790317297 2033.0874952673912 118.44005997478962 83.188151866197586 9263.8381761908531 149.98690763115883 675.66583152115345 226.57951891422272 28060.224328577518 89.88531956076622 439.51286341249943 164.09170451760292 116.49036711454391 363.16043516993523 428.99615216255188 115.01585422456264 816.81582905352116 3336.784266397357
leaf_count=3741 9837 2962 132 403 872 16744 345 1519 535 1098 22114 688 3383 6425 299 159 20745 280 1997 364 88816 153 1511 439 300 794 1390 272 1351 9143
internal_value=9.3409e-05 -0.00043999 0.00164365 0.00151953 -0.00187753 -1.04605e-05 0.0125336 0.000610597 0.00436686 0.000136324 0.000558431 -0.00505664 -0.00146471 0.000328975 -0.00175011 -0.00511962 -0.00123168 0.0096115 -0.0017337 0.000134506 0.000207082 -0.00717631 -0.00488016 -0.000917912 -0.00789453 -0.00302849 0.00315656 0.00275675 0.0048929 0.00115106
internal_weight=71649.6 53306.4 18343.2 18137 12261.7 41044.7 206.21 11663.3 1306.65 10356.7 9578.8 777.852 11307.7 34289 10824.7 1442.37 9382.28 764.689 6755.69 32255.9 31939.5 316.465 1395.76 603.605 792.156 541.958 6473.73 6044.73 2592.93 3451.8
internal_count=198811 155006 43805 43328 28420 126586 477 27431 3128 24303 22517 1786 25458 105595 24586 3542 21044 1799 20991 99170 98653 517 4247 1950 2297 1329 15897 14507 5092 9415
is_linear=0
shrinkage=0.03


Tree=35
num_leaves=31
num_cat=0
split_feature=24 34 19 2 3 17 21 17 29 17 40 4 38 17 42 18 46 28 35 30 28 43 42 18 46 33 39 0 38 4
split_gain=53.4453 37.885 24.5568 24.4096 25.9551 24.0308 22.33 27.4699 21.5036 20.9971 24.2959 24.6705 20.9104 20.3086 37.1372 20.4853 19.8656 19.2967 18.7372 18.2423 22.1369 26.8384 23.607 18.1724 18.1536 19.0795 18.0807 17.5516 16.3673 16.0156
threshold=1.0000000180025095e-35 3.6212170274227082 0.2374624276309841 -0.00077413900944415918 0.0013264576776836573 0.78675054594300609 0.002628309025969167 0.95802913361052455 -0.00068481922317270561 0.99984356667111463 10.24594186020472 0.0036861588019513566 0.28708209035308879 0.36684478678559473 0.0058682885536656768 0.31541363418428636 0.94331137514050722 -0.0020028997787808751 3.8029095964271571 -0.0019281096040980048 0.0030457902231416649 0.52099414762712681 0.0092392834390335535 0.28413993431245882 -0.86046863722869238 6.9997062364866585 1.3354783948051259 -0.002168076070147839 0.53663577693450726 0.0054238709045858358
decision_type=2 2 2 2 2 2 2 2 2 2 2 2 2 2 2 2 2 2 2 2 2 2 2 2 2 2 2 2 2 2
left_child=3 9 12 5 -5 13 7 26 -6 19 11 28 24 14 15 -1 17 -10 -8 20 22 -22 -2 -20 -3 -26 -4 -16 -11 -14
right_child=1 2 6 4 8 -7 18 -9 16 10 -12 -13 29 -15 27 -17 -18 -19 23 -21 21 -23 -24 -25 25 -27 -28 -29 -30 -31
leaf_value=-0.0066564046206226378 -0.00095851768430103845 -0.0066844329053659165 -0.0026712958356000151 -0.0028039045884276736 -0.015640580521567971 0.01522052686694244 -0.0071366964959981285 0.0044116261376705964 0.023089838927841059 0.0027640655615288907 0.015739017915206894 -0.0038997397532239725 0.00018268270282458286 1.5804910681189181e-05 0.0084909117262138775 0.0035293673207355157 -0.0096436099813293798 0.0053705763482924098 0.0042911061106469875 -0.00062623271674549336 -0.017903208747737629 0.0012044314466051434 0.0018190415596444935 0.018728722177804278 -0.0010547523589255216 -0.010089374733150695 0.011883256310884275 0.0038164361705490921 -0.015655713809741099 -0.0079464894529489988
leaf_weight=420.02169845998287 4147.5911855995655 728.6903417557478 2893.4294873178005 1528.2979110777378 46.334602281451225 142.68333375453949 77.847059965133667 676.59530659019947 61.50520633161068 3455.8317808061838 111.33363714814186 633.4314081966877 266.97254323959351 1734.4416248202324 987.26908349990845 307.33968612551689 70.270949229598045 550.06183330714703 238.00608913600445 35861.487712800503 125.84177911281586 138.62682409584522 8189.1519464701414 117.56019286811352 3886.5881534665823 222.34403909742832 78.649130254983902 2721.0787822604179 43.726518511772156 1174.2890765368938
leaf_count=1110 9301 2072 7481 5242 103 409 141 1879 116 11403 207 1685 785 4327 1837 792 191 1581 430 106461 222 247 18933 197 10626 556 169 7721 112 2390
internal_value=-0.00012788 -0.000429969 -0.00208835 0.00209503 -0.000581919 0.00305234 -0.000276149 -0.00104169 0.00407698 -0.000103907 0.00191928 0.00154554 -0.00326599 0.00276998 0.00384619 -0.00234859 0.00542549 0.00716447 0.0061591 -0.000281165 0.000700612 -0.00788286 0.000884987 0.00908086 -0.00231988 -0.00154483 -0.00228436 0.00506212 0.00253217 -0.00643878
internal_weight=71637.3 63068 10361 8569.3 2256.47 6312.83 4082.09 3648.67 728.173 52707 4244.32 4132.99 6278.88 6170.15 4435.71 727.361 681.838 611.567 433.413 48462.7 12601.2 264.469 12336.7 355.566 4837.62 4108.93 2972.08 3708.35 3499.56 1441.26
internal_count=198726 175297 26726 23429 7233 16196 10297 9529 1991 148571 13407 13200 16429 15787 11460 1902 1888 1697 768 135164 28703 469 28234 627 13254 11182 7650 9558 11515 3175
is_linear=0
shrinkage=0.03


Tree=36
num_leaves=31
num_cat=0
split_feature=28 30 45 45 18 44 9 19 27 10 20 44 27 42 11 4 33 4 42 44 45 20 2 48 37 18 33 30 31 19
split_gain=50.3823 38.0498 29.3 27.7226 28.3804 27.3435 25.1401 22.9876 28.2766 28.5359 22.2661 25.6867 22.9194 22.3557 22.217 25.1299 21.6792 21.5128 27.0052 21.3406 20.166 20.1085 19.745 19.5597 29.4999 19.2815 22.027 19.0466 35.3993 25.9389
threshold=-0.0020028997787808751 0.0030711664483417116 -0.37256073532439565 -0.42261826174069955 3.8991675983094838e-05 0.60431419057091718 0.0049980620548066073 0.71052595931987217 -0.00063718948464536174 0.0022971571310747723 0.0017139372377205206 0.40029703356086466 -0.0020772492393139048 0.033211433909676256 0.0016998382641404874 -0.00018094749025470712 -5.9548136165898358 0.0029349869990880394 0.029405257062217565 0.59024337773300062 1.0000000180025095e-35 0.00025289019166148191 -0.0045861046271604353 0.81174490092936691 0.63349273670481332 0.52470427073605963 -4.0165139739837175 -0.0042711850182581826 0.17370935007412239 0.062575829627834686
decision_type=2 2 2 2 2 2 2 2 2 2 2 2 2 2 2 2 2 2 2 2 2 2 2 2 2 2 2 2 2 2
left_child=2 6 17 5 19 21 7 14 -9 -10 12 -12 -4 -13 16 -16 -2 18 -1 20 -5 -3 -15 -6 -25 26 -20 28 -8 -29
right_child=1 3 10 4 23 -7 27 8 9 -11 11 13 -14 22 15 -17 -18 -19 25 -21 -22 -23 -24 24 -26 -27 -28 29 -30 -31
leaf_value=-0.0018494940416980208 0.0052364359399780609 -0.013716305307411145 0.013995308387480272 -0.011648542190804677 -0.0049080492203215425 -0.0097272436076055926 -0.0065237662368881804 -0.010325289856599553 0.0021628988899061049 0.011345681790373721 -0.0079608374789501678 0.0014496235305752365 0.0050317421014635533 0.018238563006411544 -0.00013689450450691282 0.0022536583463965802 -0.00068061430904455163 0.0056602335480822807 0.01244675356174667 0.018623504477318031 0.0051288774031137633 0.00025045997684912207 -0.0021043319926286738 -0.0029971071492645913 0.009010658812758178 -0.010503153863543837 0.0020660262995836915 0.0017116080298394932 0.010048421271337546 -0.011806807796192038
leaf_weight=2688.3580504208803 567.05599516630173 94.232937633991241 311.52015075087547 85.687517628073692 4308.0322112888098 272.79765966534615 297.33409969508648 142.79525636136532 2337.7688930332661 350.339679479599 215.34880004823208 1029.7146021127701 1474.7815052717924 145.88531182706356 10400.774065732956 6386.2513109743595 31389.11077453196 634.16177652776241 270.78923715651035 74.647237062454224 258.15229740738869 5283.2224127203226 60.408030912280083 852.52401827275753 234.6223713606596 74.456604689359665 576.13003620505333 177.88741044700146 189.93461856245995 449.29880826175213
leaf_count=5086 1890 209 604 209 9929 579 493 329 7682 726 412 1949 3424 279 23783 15195 107181 1252 522 179 631 10916 135 1953 461 137 1108 333 324 816
internal_value=-0.000124045 -0.000395787 0.00220562 -0.00196211 -0.00341654 -0.000465007 -5.49255e-05 4.13552e-05 0.00266943 0.00336156 0.00435511 0.00159201 0.006598 0.00325984 -0.000111227 0.000772376 -0.000575491 0.000564946 -0.000329633 0.00410452 0.000934755 4.65163e-06 0.0122708 -0.00400061 -0.000401713 0.00410115 0.0053908 -0.00451245 -5.63937e-05 -0.0079685
internal_weight=71634 64152.5 7481.55 11463.9 5813.67 5650.25 52688.6 51574.1 2830.9 2688.11 3237.66 1451.36 1786.3 1236.01 48743.2 16787 31956.2 4243.9 3609.73 418.487 343.84 5377.46 206.293 5395.18 1087.15 921.376 846.919 1114.45 487.269 627.186
internal_count=198726 183818 14908 25066 13362 11704 158752 156786 8737 8408 6803 2775 4028 2363 148049 38978 109071 8105 6853 1019 840 11125 414 12343 2414 1767 1630 1966 817 1149
is_linear=0
shrinkage=0.03


Tree=37
num_leaves=31
num_cat=0
split_feature=24 34 30 2 3 17 27 22 38 22 17 42 31 27 17 40 4 23 23 18 46 29 46 28 30 27 4 20 23 46
split_gain=48.2103 34.2555 23.7586 22.2433 22.2729 21.7427 20.9753 27.0781 20.6435 20.4359 19.9859 33.3306 29.3846 22.6308 19.6995 22.8087 23.2641 19.6636 19.2917 18.8473 18.2658 18.021 19.4681 18.1133 16.8814 22.9282 22.0892 16.8026 15.7497 27.1578
threshold=1.0000000180025095e-35 3.6212170274227082 -4.1762448809268264e-05 -0.00082097517053457132 0.0013264576776836573 0.78675054594300609 0.0020732757734299727 0.0024206321365669446 -0.11127727225995525 0.0010947649000146329 0.36684478678559473 0.0058682885536656768 -0.14990601669351158 -0.00040752912658748025 0.99984356667111463 10.24594186020472 0.0036861588019513566 0.0012439005657183604 0.0018808509012529838 0.45409212631288282 -0.92794370089704259 -0.00072190156674384321 0.94331137514050722 -0.0020028997787808751 -0.0019281096040980048 0.0034538815330295018 1.0000000180025095e-35 0.0022042094994186574 0.0011484429114048385 -0.83743052905771542
decision_type=2 2 2 2 2 2 2 2 2 2 2 2 2 2 2 2 2 2 2 2 2 2 2 2 2 2 2 2 2 2
left_child=3 14 -3 5 -5 10 7 18 -9 -7 11 13 20 -1 24 16 -16 -13 -4 -14 -12 -6 23 -23 25 26 -2 -18 -26 -30
right_child=1 2 6 4 21 9 -8 8 -10 -11 12 17 19 -15 15 -17 27 -19 -20 -21 -22 22 -24 -25 28 -27 -28 -29 29 -31
leaf_value=-0.0042301118128642411 0.00048999232603189416 0.013879537919919882 -0.0016063173554930288 -0.0025151717628478197 -0.014517430802322664 0.023506856422793272 -0.005770308116294671 0.016075557493995248 0.001756444480087732 -0.00020958401747758629 0.023232893609246793 0.0026674957076377576 -0.0017393744227960257 0.011685010384981053 0.0024585732616750791 0.015254826821574278 -0.0018633623670629052 0.0070645426192545765 -0.0061465688240870597 -0.019693683863434799 0.0041741162903265521 0.02208662968722995 -0.009854711977619909 0.0049830720729454447 -0.0011824361830078223 -0.01138924262590474 0.0057779917693681366 -0.016241639168815967 -0.0027230958781828667 0.00060626734250514747
leaf_weight=625.14563100039959 11703.331619381905 84.028936550021172 7247.2130046933889 1587.2370425611734 45.132717430591583 87.171139925718307 1242.2345118075609 103.43240281939507 728.50276900827885 51.852528542280197 50.489270821213722 1817.5269256681204 1178.7662375867367 92.015164151787758 3499.4220327585936 111.29955744743347 549.04822233319283 1850.8002308011055 953.68182796239853 54.934862792491913 433.11049616336823 61.896033227443695 70.967733055353165 559.5383847951889 19323.343200445175 139.95573131740093 756.93431411683559 84.352004781365395 2619.8887497037649 13917.653249025345
leaf_count=1572 26826 224 20760 5446 101 275 2248 192 1345 124 139 5659 2857 298 11515 207 1507 3765 1957 126 1147 118 192 1610 67466 232 1645 178 5978 33017
internal_value=-0.000120318 -0.000407208 -0.00198431 0.00199128 -0.000512445 0.00292426 -0.0021146 -0.00161141 0.00354374 0.014652 0.00265614 0.00373043 -8.56625e-05 -0.00218125 -9.71685e-05 0.00186255 0.00150044 0.00488704 -0.00213481 -0.00254435 0.00617889 0.00379304 0.00499475 0.006698 -0.000268866 0.000675619 0.000811555 -0.00378742 -0.000600809 7.86194e-05
internal_weight=71630.9 63064.3 10359.1 8566.58 2324.77 6241.81 10275.1 9032.83 831.935 139.024 6102.79 4385.49 1717.3 717.161 52705.2 4244.12 4132.82 3668.33 8200.89 1233.7 483.6 737.535 692.402 621.434 48461.1 12600.2 12460.3 633.4 35860.9 16537.5
internal_count=198726 175297 26726 23429 7467 15962 26502 24254 1537 399 15563 11294 4269 1870 148571 13407 13200 9424 22717 2983 1286 2021 1920 1728 135164 28703 28471 1685 106461 38995
is_linear=0
shrinkage=0.03


Tree=38
num_leaves=31
num_cat=0
split_feature=24 30 45 44 19 18 21 5 9 46 30 20 38 4 32 34 20 0 48 41 46 45 42 18 27 36 10 36 27 22
split_gain=45.3696 32.6188 25.697 25.9362 23.7208 23.3689 22.2792 21.2958 25.904 33.2231 24.8254 29.5002 23.3213 20.7129 23.8039 20.0924 19.7712 20.077 19.4296 26.888 19.4155 18.872 24.6717 18.6401 20.4277 19.7288 19.4398 32.9678 18.2704 24.2396
threshold=1.0000000180025095e-35 0.0030711664483417116 -0.47136869107721074 0.60431419057091718 0.71052595931987217 3.8991675983094838e-05 0.00052519277675356745 -0.0030045854495194669 0.0039021008150677949 -0.35222909080468495 -0.0041283489053460789 0.0017594602280456078 0.43209780299866568 0.0025255219347811594 0.00065604063654801177 -0.26183515078343828 0.00025289019166148191 0.0039950349058411752 -0.56174490092936669 0.23853104920656878 -0.69930991848440816 1.0000000180025095e-35 0.014511819839537461 0.57339942446457492 0.0043375675290395774 6.7746224921530276 0.0012588674124637022 4.891203499972784 -1.1488923927327475e-05 0.0018232415217483277
decision_type=2 2 2 2 2 2 2 2 2 2 2 2 2 2 2 2 2 2 2 2 2 2 2 2 2 2 2 2 2 2
left_child=7 4 3 16 23 21 -7 12 10 -10 11 -9 18 14 -12 -8 -3 -18 19 -1 -15 22 -4 24 25 -2 -25 -28 -6 -30
right_child=1 2 5 -5 28 6 15 8 9 -11 13 -13 -14 20 -16 -17 17 -19 -20 -21 -22 -23 -24 26 -26 -27 27 -29 29 -31
leaf_value=0.028235691765415252 -3.8590579126379876e-05 -0.014728433913264097 0.0063716163631514942 -0.0099643319898462361 -6.6668623702431193e-05 -0.016398450778109482 0.010443816447186905 0.0072633419798922745 -0.012462786421293174 0.0019275298446346457 0.00078348960385375515 -0.010153552082765447 -0.003795159099906385 0.011601470242469917 -0.0079790823757009601 -0.0036632787104721159 0.00090599825720355921 -0.0059031575919844424 0.0053315538578748208 0.0071098593441627613 0.0025973477803505939 0.007383820777197769 -0.020798883804689632 -0.0039645832535605881 -0.012730881785962501 0.0082593611421155327 0.0023124389948096604 -0.0043489368324732451 0.0033951160614881454 0.014631844820607346
leaf_weight=95.944483533501625 43448.572343230247 79.416617423295975 62.713234663009644 240.71030652523041 1186.1981633752584 121.74005319178104 92.128465130925179 1103.7411243021488 265.39095441997051 315.66833682358265 4395.8705901652575 94.750111654400826 157.21142581105232 274.6092244386673 297.70416946709156 5391.6736931800842 4671.4640773236752 424.9407354593277 431.02757301926613 125.93763938546181 1007.3179769515991 313.99862714111805 57.276332944631577 2321.8330469578505 113.33938512206078 259.2089588791132 1732.5011014789343 1088.5630932599306 1255.8682203739882 200.50260490179062
leaf_count=175 126782 174 142 518 3398 363 188 2354 479 575 14235 175 265 749 729 12180 9766 738 759 219 2715 765 136 8235 188 426 4442 2371 4063 422
internal_value=-0.000116703 -0.000395 -0.00184311 -0.000342142 -7.3472e-05 -0.0031887 -0.00370822 0.00193192 0.00144784 -0.00464192 0.00194162 0.00588243 0.00656066 0.00115055 0.000226742 -0.00342536 0.000105142 0.00033745 0.00905918 0.0162756 0.00453002 0.00351323 -0.00658613 -0.000222953 -2.23548e-05 1.05893e-05 -0.00193154 -0.000257047 0.00269492 0.00494596
internal_weight=71627.8 63062.6 11456.1 5416.53 51606.6 6039.53 5605.54 8565.17 7755.05 581.059 7173.99 1198.49 810.121 5975.5 4693.57 5483.8 5175.82 5096.4 652.91 221.882 1281.93 433.988 119.99 48964 43821.1 43707.8 5142.9 2821.06 2642.57 1456.37
internal_count=198726 175297 24970 11196 150327 13774 12731 23429 22011 1054 20957 2529 1418 18428 14964 12368 10678 10504 1153 394 3464 1043 278 142444 127396 127208 15048 6813 7883 4485
is_linear=0
shrinkage=0.03


Tree=39
num_leaves=31
num_cat=0
split_feature=43 8 27 31 44 47 22 45 44 39 39 42 4 32 2 32 27 37 19 2 46 38 44 30 40 44 47 42 11 1
split_gain=43.9094 34.9107 29.5439 28.7599 28.7164 34.884 28.6379 26.6542 26.8241 25.4893 24.966 24.0329 23.7972 29.8833 39.8418 23.3323 25.417 37.6145 23.1306 21.0493 19.0168 29.6597 20.7118 17.4185 17.3992 19.0996 17.2594 17.2012 18.6867 17.1442
threshold=0.46633828199880734 0.00057296918522444461 -0.0034509928126421614 1.3915498804087569 0.50901572911666648 -0.60785761079279388 0.00098767583071505028 -0.42261826174069955 0.51830417683599816 1.075845359330712 -0.27614533853991491 0.0075676282039616486 -0.012963487368059344 3.9765250295635444e-05 -0.0033398786810996026 -0.003245483228212115 -0.0015291152039255682 0.04980618556879169 0.45729481900221819 0.0074027760676916941 -0.26932402956675622 0.29869600667635005 0.51558137745995025 -0.0002273353316584181 8.7351231724440197 0.4611019488107444 0.87837969732492682 0.033211433909676256 0.0039715596042445593 9.9049998288444659e-05
decision_type=2 2 2 2 2 2 2 2 2 2 2 2 2 2 2 2 2 2 2 2 2 2 2 2 2 2 2 2 2 2
left_child=2 3 27 9 10 18 24 8 -7 20 -3 12 -4 14 -14 -13 17 -17 -6 -9 22 -22 -2 -15 25 -5 -12 -1 -29 -18
right_child=1 4 11 6 5 7 -8 19 -10 -11 26 15 13 23 -16 16 29 -19 -20 -21 21 -23 -24 -25 -26 -27 -28 28 -30 -31
leaf_value=0.0042690118330920542 -0.00035116541618147781 0.00082352709960119362 -0.0080664508692523448 -0.026023041356368147 -0.013071607384277876 0.012044256591438846 -0.01567148186940014 -0.0067987299114548264 -0.00013905914387245532 0.0058402046340218818 -0.016610569529472988 -0.014802175311254597 0.0044261256996032403 -0.00036607564613661431 -0.0039775437242830199 0.0098793930162865817 0.00040466101028331533 0.0013503113773840733 0.0049347471381616954 3.5446364457214732e-05 0.00051987295472926938 -0.0034344409424661888 -0.0026010542821303115 0.0036596954703712829 0.0093753368294003346 -0.0016311175237050252 -0.00037712792356029508 0.0040654582233360095 0.02464780068598656 0.0026362951258152899
leaf_weight=593.73391149938107 9526.180618301034 148.16312627494335 385.2077114880085 36.109725534915924 386.47704631090164 177.27712959051132 219.93892832100391 1047.8236010968685 1940.8203929513693 593.41578449308872 319.5825816988945 81.893579974770546 618.79404923319817 2250.9374457597733 2818.8845955580473 726.45128801465034 14739.90275144577 1297.239450648427 76.612133219838142 660.27901402115822 19008.131714776158 1875.298367202282 6006.7234248965979 1694.3910086154938 93.25318169593811 143.17860333621502 72.743160530924797 73.150486201047897 87.906847536563873 3924.2852868884802
leaf_count=972 26095 301 711 132 774 336 455 2210 3707 1442 585 152 1377 6077 8270 1508 44957 2613 155 1183 55272 4740 16765 4758 270 525 141 126 142 11975
internal_value=-0.000113202 -0.000731131 0.000779685 -0.000421858 -0.00313184 -0.0023095 -0.0076226 -0.00136712 0.000880265 -0.000325918 -0.00964898 0.0006246 -0.00079869 -0.000418881 -0.00246381 0.00115708 0.00122054 0.00441418 -0.0100854 -0.00415548 -0.000426511 0.000164609 -0.00122143 0.0013622 -0.00110948 -0.00658403 -0.01361 0.00663763 0.0153348 0.000874063
internal_weight=71624.8 42332 29292.8 37502.2 4829.78 4289.29 492.48 3826.2 2118.1 37009.7 540.489 28538 7768.21 7383.01 3437.68 20769.8 20687.9 2023.69 463.089 1708.1 36416.3 20883.4 15532.9 3945.33 272.542 179.288 392.326 754.791 161.057 18664.2
internal_count=198726 115088 83638 105696 9392 8365 1382 7436 4043 104314 1027 82398 21193 20482 9647 61205 61053 4121 929 3393 102872 60012 42860 10835 927 657 726 1240 268 56932
is_linear=0
shrinkage=0.03


Tree=40
num_leaves=31
num_cat=0
split_feature=28 34 48 44 27 23 17 45 45 2 35 4 20 20 43 4 30 41 34 17 42 19 44 31 0 28 46 1 20 36
split_gain=51.6363 31.8919 30.5481 21.6142 18.8132 21.6968 34.2653 20.7449 18.5886 22.3391 21.0789 20.5893 18.4743 20.4559 21.8927 18.3007 27.8221 27.8048 27.2319 20.7402 18.9066 18.0886 17.7416 27.9811 19.8329 19.7234 19.0503 17.7301 17.3738 16.5735
threshold=-0.0022172547399712523 6.1026858154059012 0.81174490092936691 0.4340788106888217 0.0020732757734299727 0.0013422410344997812 0.88028860276595267 -0.96863394805116465 -0.40274668985873679 -0.0011958785855693637 2.9148513137642156 -0.029296952414135932 0.0017139372377205206 0.0038222010774555393 0.40796998122618211 0.018030924157392551 0.0044778081962387759 0.81138898127193559 5.2219584951799352 0.90459770085512115 0.019300899224828725 0.24572222201097171 0.42752020449068628 -0.14990601669351158 -4.695144739035275e-05 -0.0012794513579178488 -0.9998810135399544 0.0024120907261579892 0.0015964017047826876 5.3932881251113045
decision_type=2 2 2 2 2 2 2 2 2 2 2 2 2 2 2 2 2 2 2 2 2 2 2 2 2 2 2 2 2 2
left_child=8 3 4 22 5 7 -7 -3 10 12 11 -1 28 14 -14 16 17 -5 -18 20 -17 -15 26 24 -24 -25 -2 -28 -10 -11
right_child=1 2 -4 15 -6 6 -8 -9 9 29 -12 -13 13 21 -16 19 18 -19 -20 -21 -22 -23 23 25 -26 -27 27 -29 -30 -31
leaf_value=0.010869244152796336 0.021326898283523743 0.0074519162247660472 0.0029363206344523792 -0.00022861666824826324 -0.010731406311664771 -0.0028832812811355312 0.012874691996937823 -0.0071450457264330032 0.0066407452713530589 0.0019633986255613617 0.0088422316255641481 1.2525207358011422e-05 -0.0050782438193421554 0.014992329944038946 0.0042430960550629638 0.006530513025958742 -0.0037619739318564371 0.0065858077099190029 0.0025829267457184663 0.012447486525366116 -0.0024568441701559021 0.00044318529298795542 0.013915983589647147 0.0098234439559352071 0.0040163239504229257 -0.0014717024391728269 0.00028212918872434105 0.0065042940401882779 0.019646568965289886 -0.017579122487607689
leaf_weight=165.27437320351601 39.824120551347733 94.707035392522812 577.91157367825508 45684.322530224919 395.26722976565361 570.72618652880192 158.49748465418816 1119.3274576663971 1254.6530655473471 90.774620771408081 301.08355715870857 3159.9404630661011 393.9234265089035 189.51319447159767 533.74495886266232 384.87019392848015 3552.4293263852596 545.10805810987949 733.96595661342144 195.76475645601749 464.3723309636116 130.09301342070103 326.71829484403133 169.82000650465488 414.4101502597332 764.95739087462425 8582.9345001429319 432.85593938827515 99.985722988843918 67.995552062988281
leaf_count=256 120 262 1262 133436 693 1153 330 3304 2749 197 602 5999 776 327 1030 722 7255 1319 1556 362 865 225 968 431 1235 2332 27758 1027 204 122
internal_value=8.22109e-05 -0.000169894 -0.00323599 -2.62856e-05 -0.00476273 -0.00354615 0.000540208 -0.00600282 0.0026565 0.00451174 0.00124312 0.000553664 0.00517909 0.00254042 0.000281424 -0.000281278 -0.000362629 -0.000148172 -0.00267476 0.00364769 0.0016132 0.00908358 0.00119856 0.00403417 0.0083871 0.000578728 0.000673365 0.000581331 0.00760568 -0.00639868
internal_weight=71595.8 65208.8 2916.44 62292.4 2338.53 1943.26 729.224 1214.03 6386.98 2760.68 3626.3 3325.21 2601.91 1247.27 927.668 51560.8 50515.8 46229.4 4286.4 1045.01 849.243 319.606 10731.5 1675.91 741.128 934.777 9055.61 9015.79 1354.64 158.77
internal_count=198877 186390 7004 179386 5742 5049 1483 3566 12487 5630 6857 6255 5311 2358 1806 145515 143566 134755 8811 1949 1587 552 33871 4966 2203 2763 28905 28785 2953 319
is_linear=0
shrinkage=0.03


Tree=41
num_leaves=31
num_cat=0
split_feature=30 19 42 27 31 46 43 33 34 6 0 6 32 45 41 27 43 17 40 19 46 8 36 39 44 33 46 1 48 31
split_gain=49.2129 26.9609 23.9525 22.7969 22.7892 22.5611 21.1673 19.5193 19.2614 22.3455 17.4743 23.693 17.4632 16.6304 23.2714 32.1801 27.0868 20.8003 19.3972 18.5962 16.4753 18.4532 15.1083 14.7122 14.6793 14.509 14.3574 20.2705 13.8163 13.7993
threshold=-0.0027279331991605922 0.0052910052904799445 0.028726395262411827 -0.0034509928126421614 1.138055906588255 -0.9970268106651744 0.41434253795278464 -1.4186203887198927 7.018423878518055 9.3777914778236596e-06 0.0035594366663549886 0.0023124354753089587 0.000969733410601537 -0.56457333468532422 0.28634698082328242 -0.0044317437468966428 0.50186711914935167 0.99947029689518463 9.4448985273237049 0.10078982874309779 -0.96863394805116465 0.00042720024846958944 3.7059086310970124 0.36933372573355688 0.55181890537815403 4.2323325044503646 0.44228869021900119 -0.0037053905197148664 1.0000000180025095e-35 -0.37985777581454455
decision_type=2 2 2 2 2 2 2 2 2 2 2 2 2 2 2 2 2 2 2 2 2 2 2 2 2 2 2 2 2 2
left_child=4 2 8 -3 5 23 20 -4 9 22 11 -8 -12 14 16 -16 -7 19 -19 -15 29 -22 -2 -1 -10 -11 27 -6 -28 -5
right_child=1 3 7 6 26 13 10 -9 24 25 12 -13 -14 17 15 -17 -18 18 -20 -21 21 -23 -24 -25 -26 -27 28 -29 -30 -31
leaf_value=0.0064674073473327438 -0.0036799008047193006 0.012374571968628425 0.0013451913734705465 0.016438568515948375 -0.00063381339655874786 0.0027080090809074855 -0.00025082890091593976 -0.004476807372225485 0.00022329514825559534 0.0011225174258691602 -0.018863262960649982 0.0057937564871190861 -0.0031588547828151304 0.0044239324315829137 0.014854187630939436 -0.004774580228923634 -0.0026477741729132166 0.0060456985761823566 0.026925286130878454 0.00095098952694575793 0.00073965743960146017 0.0087510917997205215 -0.00033108120673879817 0.025113006752730538 -0.015202620396724443 -0.0036649496526079722 0.020930345865018695 0.015145907363338809 0.0059299308806528197 0.0041892059818704995
leaf_weight=135.18918827176094 2502.9290020465851 135.33903597295284 623.38542634248734 96.718536466360092 257.73319526016712 2950.7642294466496 34268.941546410322 3049.7550115436316 90.028151661157608 5721.4265207499266 68.860848069190979 593.50516620278358 845.67872783541679 2011.8033338040113 80.090573891997337 1166.6764343976974 1192.9795890450478 146.35906830430031 55.327432125806808 4482.4931801855564 6758.2991394251585 268.96926456689835 2355.7449038624763 53.342599108815193 143.04297305643559 632.32801242172718 112.73661024868488 101.97880347073078 110.03857569396496 580.42588976025581
leaf_count=310 9669 224 2251 322 489 5992 94462 9926 264 18463 117 1033 1528 4594 128 2299 2449 369 116 9967 21410 597 7018 122 363 1901 221 232 226 1815
internal_value=7.97748e-05 -0.000288188 -0.00137991 9.01639e-05 0.00176091 0.0014854 5.1802e-05 -0.00348789 -0.00070309 -0.000525286 -0.000255292 -0.000147806 -0.00434847 0.00132438 8.35277e-05 -0.00350907 0.00116531 0.00232283 0.0118093 0.0020274 0.00147821 0.00104696 -0.00205691 0.0117799 -0.00923612 0.000645494 0.00755915 0.00383735 0.0135464 0.00594758
internal_weight=71592.9 58735.4 15118.6 43616.7 12857.5 12275 43481.4 3673.14 11445.5 11212.4 35777 34862.4 914.54 12086.5 5390.51 1246.77 4143.74 6695.98 201.687 6494.3 7704.41 7027.27 4858.67 188.532 233.071 6353.75 582.487 359.712 222.775 677.144
internal_count=198877 171363 49855 121508 27514 26346 121284 12177 37678 37051 97140 95495 1645 25914 10868 2427 8441 15046 485 14561 24144 22007 16687 432 627 20364 1168 721 447 2137
is_linear=0
shrinkage=0.03


Tree=42
num_leaves=31
num_cat=0
split_feature=28 34 48 11 29 19 3 42 14 24 19 0 42 27 27 23 18 45 45 23 39 9 42 9 45 45 27 27 45 36
split_gain=46.7381 29.3547 28.7107 27.9078 21.0338 20.347 29.6055 25.8042 29.9654 18.682 21.2644 17.7665 41.051 18.7251 17.5672 20.1673 32.5017 19.486 17.3959 17.9116 26.9092 17.2912 16.7391 19.2156 26.8226 51.6137 18.9473 24.1784 16.5114 25.9778
threshold=-0.0022172547399712523 6.1026858154059012 0.81174490092936691 0.0016328267563815995 -0.0038821531018345952 0.016735367843348729 -0.0013916332730582145 0.029172091924189566 9.3777914778236596e-06 1.0000000180025095e-35 0.8303236498131622 -0.00066569761567331911 0.023715485835736152 -0.00031356985266522969 0.0020732757734299727 0.0013422410344997812 0.11557097082834904 -0.96863394805116465 0.81279832427823739 0.0010247377494219554 0.59508159016726381 0.0015831615400003233 0.0070438254596385122 0.00202578133688579 -0.098011308799811112 -0.47136869107721074 -0.00046385100372037241 -0.0034509928126421614 0.16288578192842371 5.3755591551348108
decision_type=2 2 2 2 2 2 2 2 2 2 2 2 2 2 2 2 2 2 2 2 2 2 2 2 2 2 2 2 2 2
left_child=3 5 14 4 -1 6 -2 8 -8 10 21 12 -11 -13 15 17 -17 -3 19 20 -6 -7 28 24 25 -24 27 -25 -5 -30
right_child=1 2 -4 22 18 9 7 -9 -10 11 -12 13 -14 -15 -16 16 -18 -19 -20 -21 -22 -23 23 26 -26 -27 -28 -29 29 -31
leaf_value=0.023962653422518566 0.0014078722009878612 0.0072575219844769343 0.0028788147804810521 -0.002932661999018022 -0.0063416291675203219 0.0031691481371829699 -0.002943330196070521 -0.0040487128969906539 0.00049292481580773034 -0.00018339506664054434 0.012654119582061378 -0.002278388254264201 0.0040804530184742364 2.868074108254329e-05 -0.010357384858133869 0.010163885354881183 -0.0036293035362580241 -0.0068873330104191176 -0.0061734508242631235 0.019155919126323244 0.021275256289409721 -0.00087998260328821568 0.011574530576459775 0.006253059047518072 0.019090555464608389 -0.021707593335266673 0.0085593033798230175 0.00045419683788582585 0.0099894450957201519 -0.011508248275180122
leaf_weight=79.502948582172394 3739.3083673715591 94.738862499594688 577.91344083845615 973.22464540600777 91.717212438583374 2707.9711456149817 3779.9592080116272 3021.7999624609947 5767.6053919047117 5906.8168184310198 167.36030562222004 3552.4437194019556 3096.8342730104923 29090.460322156549 394.75067369639874 219.98092769086361 509.22935526072979 1118.6866996735334 72.614775240421295 115.73061023652554 48.260740220546722 1459.7187466323376 154.50141492486 815.38464766740799 151.53391674160957 57.307427048683167 392.91735687851906 3139.9799288064241 226.94372820854187 64.793008133769035
leaf_count=180 10993 262 1262 1859 232 8842 13367 10063 18587 14668 555 9782 7884 81119 693 455 1028 3304 190 288 132 3526 331 1344 371 129 716 6127 478 110
internal_value=7.74079e-05 -0.000162407 -0.00310461 0.00252709 0.01012 -2.46487e-05 -0.000935112 -0.00163239 -0.000867236 0.00029821 0.00217247 0.000103034 0.00128289 -0.000222312 -0.0045854 -0.00341002 0.000529222 -0.00577948 0.0067464 0.010429 0.00317532 0.00175026 0.00200815 0.00283094 0.0094595 0.00254352 0.00227596 0.00165063 -0.00105413 0.00520004
internal_weight=71590 65205.6 2915.3 6384.41 407.826 62290.3 16308.7 12569.4 9547.56 45981.6 4335.05 41646.6 9003.65 32642.9 2337.39 1942.64 729.21 1213.43 328.323 255.709 139.978 4167.69 5976.59 4711.62 363.343 211.809 4348.28 3955.36 1264.96 291.737
internal_count=198877 186390 7004 12487 1022 179386 53010 42017 31954 126376 12923 113453 22552 90901 5742 5049 1483 3566 842 652 364 12368 11465 9018 831 460 8187 7471 2447 588
is_linear=0
shrinkage=0.03


Tree=43
num_leaves=31
num_cat=0
split_feature=30 32 40 17 7 29 36 21 36 22 35 12 31 31 35 45 41 27 38 3 43 12 24 8 17 40 19 29 32 18
split_gain=44.3202 25.258 36.8845 30.1609 33.2576 25.5489 23.5521 25.31 21.7966 33.3851 23.2424 24.1499 21.2161 20.6752 20.0544 19.5887 22.2858 29.9346 26.2595 30.7698 23.0597 19.3315 19.0646 20.4129 18.8303 22.1458 18.8705 25.7924 18.8322 18.7272
threshold=-0.0027279331991605922 -0.0006867816550268764 7.9078355196717807 0.075803276978556891 0.00045204823443530925 -0.00043446222816950758 5.0735142514192644 0.00034593777081128448 5.3380934302677554 0.0010877131576628562 5.6522465984570731 0.0031168370902397422 1.029784667828969 1.138055906588255 -5.3806669576239639 -0.56457333468532422 0.28634698082328242 -0.0044317437468966428 0.32485270882537748 -0.0055655582125308375 0.49337142319809141 0.0013698363996975103 1.0000000180025095e-35 3.5234284360486548e-05 0.99947029689518463 9.5382402558179553 0.10078982874309779 -0.0060874296895352944 -0.00056888813127683568 0.1896715315915751
decision_type=2 2 2 2 2 2 2 2 2 2 2 2 2 2 2 2 2 2 2 2 2 2 2 2 2 2 2 2 2 2
left_child=13 2 -2 5 22 29 7 -7 10 12 11 -4 -10 15 -6 16 18 -18 19 -1 -20 -19 23 -5 26 -26 27 -17 -28 -3
right_child=1 3 8 4 14 6 -8 -9 9 -11 -12 -13 -14 -15 -16 24 17 21 20 -21 -22 -23 -24 -25 25 -27 28 -29 -30 -31
leaf_value=0.005143399340730717 0.0060260196845466603 0.0024813369989029836 0.00089616650234262691 0.00055524145470881795 -0.019280245477756638 -0.0092047723940940317 -0.016016924716916518 -0.0023868047592581795 0.020258855677109926 0.0017779453522169184 -0.004797572185692745 -0.0042648011011534774 -0.0019823904919289603 0.0071975601728155349 -0.0019196289556702114 0.013301633708466747 0.014269286509018861 0.010443826611406951 0.00046628388507707327 -0.00063009402434555074 -0.0097606067118886745 -0.0056672919250183697 -0.00013582666124396252 0.0055433903237651549 0.0057562970693103427 0.028521260792135815 -0.0017654592831618373 0.0032827724286461318 0.0023952572425735828 -0.0028506775394043483
leaf_weight=1686.5135773718357 1165.8104637861252 1089.4043198823929 6100.2619740962982 2144.3665387779474 60.183466985821724 638.0393123626709 154.1349662989378 2120.8580008298159 148.36882838606834 2585.8505619168282 947.93321973085403 941.7557819634676 51.783759161829948 581.66689077019691 7963.2005619555712 265.55673502385616 79.912350088357925 71.090890660881996 487.35585576295853 1635.4859956204891 333.88969585299492 1095.7224789112806 30193.035673126578 1127.2226674407721 158.30032663047314 50.895878806710243 1410.0609137862921 1800.1644168198109 3197.824658960104 1299.6792054921389
leaf_count=3272 3929 4012 16469 6819 136 2889 390 7535 371 5024 2386 1857 133 1168 18234 463 128 196 933 3588 648 2103 93783 3147 399 106 2987 4259 7264 4249
internal_value=7.51057e-05 -0.00027407 0.000957303 -0.000588407 -0.00031603 -0.00271904 -0.00460498 -0.00396521 0.000408557 0.0026935 -0.000387848 0.000205443 0.0144934 0.0016707 -0.0020507 0.0014084 5.34324e-05 -0.00346229 0.00111217 0.00230022 -0.00368932 -0.00468149 9.97898e-05 0.00227505 0.00246901 0.0113311 0.00219043 0.00457335 0.00112136 -0.000418059
internal_weight=71586.3 58731.9 11941.8 46790.1 41488 5302.12 2913.03 2758.9 10776 2786 7989.95 7042.02 200.153 12854.4 8023.38 12272.8 5389.97 1246.73 4143.25 3322 821.246 1166.81 33464.6 3271.59 6882.8 209.196 6673.61 2065.72 4607.89 2389.08
internal_count=198877 171363 30169 141194 122119 19075 10814 10424 26240 5528 20712 18326 504 27514 18370 26346 10868 2427 8441 6860 1581 2299 103749 9966 15478 505 14973 4722 10251 8261
is_linear=0
shrinkage=0.03


Tree=44
num_leaves=31
num_cat=0
split_feature=28 30 11 46 47 46 31 4 46 4 2 46 19 20 29 0 22 10 39 32 42 29 42 17 32 36 42 6 0 22
split_gain=42.1858 27.193 26.0814 25.3543 23.7677 23.7956 23.4242 22.3384 20.0121 19.8655 19.6423 19.4019 22.8766 19.0197 18.9035 17.7154 20.8223 21.6143 19.2059 17.1971 39.0342 21.1431 16.1752 16.8305 25.0092 24.0158 16.7062 15.7724 14.7911 14.5535
threshold=-0.0022172547399712523 0.001813256405012398 0.0016328267563815995 -0.92794370089704259 -0.60785761079279388 -0.48098876891938808 -0.48545226821053072 -0.002082580461636016 -0.6259234721840593 -0.00010914674462597883 -0.0015969740781548467 -0.99512551815703254 0.71052595931987217 0.0011073749748705616 0.0016689243203177331 0.001619693532488986 0.0017007328064542718 0.0038858068579054011 0.65473778693563089 -0.00064462927225379966 0.023715485835736152 0.0056783099023799419 0.035898303166008415 0.71113027828715414 0.001903748848838745 5.3198592892074794 0.014199204438779102 -0.00039901686991270614 0.0035594366663549886 0.0011807443115539747
decision_type=2 2 2 2 2 2 2 2 2 2 2 2 2 2 2 2 2 2 2 2 2 2 2 2 2 2 2 2 2 2
left_child=2 11 7 15 8 10 -7 -1 13 -9 -6 14 19 -5 27 18 -17 -18 -3 20 -13 -21 23 24 29 -26 -25 -2 -10 -4
right_child=1 3 22 4 5 6 -8 9 28 -11 -12 12 -14 -15 -16 16 17 -19 -20 21 -22 -23 -24 26 25 -27 -28 -29 -30 -31
leaf_value=0.014341261853352737 0.010390809369651218 -0.0040961938858472104 -0.0045524334600143754 -0.014715738118577036 -0.0077327595186758545 -0.0064351899959758348 -0.00063057113305210895 -0.012039420026406737 -0.0017110897135733994 0.012223316335372018 0.0022269634408496027 -0.00023719410137055632 0.0029019970158584789 -0.0014883541964282139 -0.012326415181791795 -0.0041252035303532509 -0.02608937863179845 -0.0051438149692245852 0.0057067119127808801 -0.00032473449649041597 0.0040505255958442933 -0.021028728722011034 0.0055920375167554338 0.00049887758284378702 0.0063045232863963661 -0.011643145362671352 0.012819326963558213 0.0026696205185512932 -0.013953730068601317 0.0018697079415708681
leaf_weight=285.17514257133007 299.98093223571777 1372.3520230352879 344.72595554590225 246.40035469830036 186.93275333940983 671.49244174361229 9176.1168655306101 66.494169786572456 2102.5000705868006 55.53316567838192 3695.5367746651173 5955.0965006649494 2506.4102432578802 163.15274041891098 64.326401203870773 260.13491262495518 106.50681699812412 76.766353070735931 206.59000533819199 33998.651035159826 2812.7604629993439 44.254888772964478 905.90756893157959 184.32746154069901 90.207139357924461 258.58255563676357 215.27716298401356 1162.7895277738571 92.637827843427658 3975.4025119096041
leaf_count=713 837 3605 765 740 368 1697 21977 162 5709 147 8213 15598 7693 401 172 610 210 135 484 106316 7639 81 1775 335 168 436 407 3732 173 7579
internal_value=7.28652e-05 -0.000154938 0.00240074 -0.00113365 -0.000741106 -0.000242426 -0.00102681 0.00974693 -0.00336842 -0.000971264 0.00174628 0.000228536 0.000116383 -0.009457 0.00355431 -0.00430244 -0.00960251 -0.0173476 -0.00281111 -4.66475e-05 0.00113804 -0.000351861 0.00189923 0.00123842 0.000731807 -0.00699181 0.00714681 0.00425632 -0.00223034 0.00135637
internal_weight=71583 65201.4 6381.63 18357.1 16334.8 13730.1 9847.61 407.202 2604.69 122.027 3882.47 46844.3 45317.2 409.553 1527.1 2022.35 443.408 183.273 1578.94 42810.8 8767.86 34042.9 5974.43 5068.52 4668.92 348.79 399.605 1462.77 2195.14 4320.13
internal_count=198877 186390 12487 44322 39278 32255 23674 1022 7023 309 8581 142068 137327 1141 4741 5044 955 345 4089 129634 23237 106397 11465 9690 8948 604 742 4569 5882 8344
is_linear=0
shrinkage=0.03


Tree=45
num_leaves=31
num_cat=0
split_feature=30 4 19 42 42 37 24 39 45 12 41 26 36 47 35 11 35 41 5 44 20 46 43 46 19 28 4 31 19 27
split_gain=31.4023 30.1051 27.1199 29.5749 33.6004 39.5792 26.7169 26.173 24.5304 23.3879 22.6077 22.6001 20.9123 19.1352 18.9279 18.2518 18.1936 21.2158 21.8014 18.1577 18.2808 17.2875 16.6482 17.7153 16.3992 16.1222 15.8995 15.5519 15.4324 22.1795
threshold=0.0044778081962387759 0.011265233317906234 0.25705852342064178 0.0066465305714986048 0.013362739983782205 -0.18873170137275239 1.0000000180025095e-35 -0.11466239168552776 0.96298784033749862 0.0068442352608300751 -0.4214834750438628 0.79166666666666685 6.2809510311393195 0.87837969732492682 4.1184466001578928 0.00016693922183972344 5.1194347055887546 0.56864208923552961 3.8558534705067169e-05 0.52521433272148832 0.0021250701302707388 0.97381903846659756 0.46268182686464138 -0.75894212529897775 0.8303236498131622 -0.0010715756132519958 0.0056776708896807216 0.157447383134276 0.71052595931987217 1.0000000180025095e-35
decision_type=2 2 2 2 2 2 2 2 2 2 2 2 2 2 2 2 2 2 2 2 2 2 2 2 2 2 2 2 2 2
left_child=6 8 3 19 5 -5 15 10 21 -6 -4 12 -9 -12 -10 -1 28 18 -18 -3 -21 22 23 -2 -17 -20 -23 -19 -8 -30
right_child=1 2 7 4 9 -7 16 11 14 -11 13 -13 -14 -15 -16 24 17 27 25 20 -22 26 -24 -25 -26 -27 -28 -29 29 -31
leaf_value=-0.012756371882036504 -0.01040070126639064 -0.0014728779389699756 -0.0051109370841482104 -0.0076890983329329088 -0.0020770187217108741 0.011420632749134631 -1.8777922850724275e-05 -0.00076219712485311704 -0.00015953833515278183 -0.018846074446440163 0.0077595615727218542 -0.011767136120064045 0.011468881434169943 0.022308205048602717 -0.020481416534056298 0.0016934559929410553 -0.0049218877777011758 -0.00204134029194391 0.017433875894301183 -0.008691080036129081 -0.028837309556845284 0.0014536235965042594 -0.0033280025620542383 0.0076933635221780681 0.011073029322815963 -0.00093000720873474493 -0.016697364021311906 0.013000697130798157 -0.00061070775266397037 0.0049560160761919232
leaf_weight=77.069610059261322 60.691151052713394 105.29653723537922 92.927254423499107 134.63748867809772 1336.4834430366755 351.43401579558849 48572.017137825489 543.7049151211977 60.213416904211044 79.174262002110481 361.26343947649002 124.98948715627193 163.33748386800289 105.51371040940285 132.89074382185936 8145.8889743387699 1760.7514744997025 106.99998673796654 43.521018743515015 94.699757948517799 71.81198188662529 60.42744180560112 3096.413368999958 241.42411622405052 171.23422046005726 2666.0895323306322 151.35833865404129 145.2984324246645 1205.9565196484327 1380.3713190406561
leaf_count=380 122 207 187 272 2576 658 138990 1047 130 132 720 218 259 201 289 22143 5415 313 103 197 142 129 6470 505 542 8084 336 369 3420 4159
internal_value=-3.86305e-05 -0.00189362 8.61368e-05 -0.00200664 -0.000681469 0.00612025 0.000173989 0.00335649 -0.0037501 -0.00301952 0.00837127 -1.45302e-05 0.00206157 0.0110628 -0.0141669 0.00175208 -6.30169e-05 -0.00184462 -0.0023229 -0.0112599 -0.0174218 -0.00319136 -0.00267157 0.00404409 0.00188719 -0.00063268 -0.0115078 0.00661291 0.000101399 0.00235935
internal_weight=71643.9 7368.69 3565.27 2173.54 1901.73 486.072 64275.2 1391.74 3803.42 1415.66 559.704 832.032 707.042 466.777 193.104 8394.19 55881 4722.66 4470.36 271.808 166.512 3610.31 3398.53 302.115 8317.12 2709.61 211.786 252.298 51158.3 2586.33
internal_count=198715 14797 6816 4184 3638 930 183918 2632 7981 2708 1108 1524 1306 921 419 23065 160853 14284 13602 546 339 7562 7097 627 22685 8187 465 682 146569 7579
is_linear=0
shrinkage=0.03


Tree=46
num_leaves=31
num_cat=0
split_feature=30 4 19 42 42 37 24 37 45 12 17 4 41 26 21 42 0 38 46 11 17 11 44 17 47 46 10 1 41 43
split_gain=29.5556 28.3332 25.5226 27.8506 31.6104 37.2275 25.1411 24.2539 23.1183 22.0229 21.7499 26.3758 21.4955 20.9282 20.4388 19.4305 23.0957 18.1543 18.1538 17.9336 20.183 17.1884 17.1084 17.0326 16.3451 16.2825 16.2482 32.9479 26.5316 15.6653
threshold=0.0044778081962387759 0.011265233317906234 0.25705852342064178 0.0066465305714986048 0.013362739983782205 -0.18873170137275239 1.0000000180025095e-35 -0.12106750293778072 0.96298784033749862 0.0068442352608300751 0.99984356667111463 -0.0060033563827004621 -0.4214834750438628 0.79166666666666685 0.0026888157905657277 0.010798049208609016 0.00083870952585407934 0.40069979935404093 -0.97854064376158167 0.00039010316390650739 0.026471826349761717 0.00016693922183972344 0.52521433272148832 0.82658876728960051 0.87837969732492682 0.97381903846659756 0.0046671668848132638 -0.0061375044831267047 1.1737947666421569 0.46268182686464138
decision_type=2 2 2 2 2 2 2 2 2 2 2 2 2 2 2 2 2 2 2 2 2 2 2 2 2 2 2 2 2 2
left_child=6 8 3 22 5 -5 21 12 25 -6 19 15 -4 14 -9 -12 -17 18 -13 20 -8 -1 -3 26 -14 29 27 -23 -28 -2
right_child=1 2 7 4 9 -7 10 13 -10 -11 11 17 24 -15 -16 16 -18 -19 -20 -21 -22 23 -24 -25 -26 -27 28 -29 -30 -31
leaf_value=-0.012385954630052754 0.003922245615874247 -0.001428829712751527 -0.0049582618680853304 -0.007460059203098046 -0.002014921944650278 0.011072874281189237 -0.0085868900430824697 -0.0021572025290744921 -0.013756131063401711 -0.018291327792391836 0.018646161353193441 0.0085568342156882027 0.007763123541498545 -0.011196353571834966 0.0081454605199304479 0.019857331411251129 -0.0018129954263843943 -0.010392298559033923 0.0010170333451207099 -0.00014798823960285784 -0.00090013182825678269 0.009418312878587385 -0.016913262738946305 0.011090931910747476 0.021397983576075783 -0.011170302551446225 -0.0054813859125284652 0.0014889902486106795 0.011595663830589775 -0.0032287218810498966
leaf_weight=77.000274240970612 302.12729604542255 105.29258958995342 92.921267285943031 134.61448611319065 1336.3498739153147 351.60077372193336 480.81988824903965 424.15450991690159 192.92386209964752 79.134864762425423 136.22351478040218 310.34801106154919 353.44853523373604 126.18436408042908 292.41911417245865 61.051721706986427 158.79052200913429 117.00851425528526 3887.6900836825371 49873.863351672888 854.88591592013836 505.78446903824806 166.39312399923801 174.921192035079 102.52720700204372 211.64277176558971 549.25520746409893 6990.3103995323181 95.944089457392693 3095.8910750746727
leaf_count=380 627 207 187 272 2576 658 2250 809 419 132 307 983 706 220 513 145 365 354 12822 139742 3885 918 339 554 197 465 892 20153 168 6470
internal_value=-3.74895e-05 -0.00183725 8.33271e-05 -0.00194693 -0.000661161 0.00593469 0.000168773 0.00325602 -0.00363854 -0.00292945 -6.11256e-05 0.00189843 0.00816222 5.5821e-05 0.00204402 0.00974503 0.00420395 0.00124984 0.00157552 -0.000239933 -0.00367028 0.00169972 -0.0109287 0.0018308 0.0108436 -0.00309623 0.0016312 0.00202464 -0.0029345 -0.00259183
internal_weight=71641.5 7367.63 3565.04 2173.39 1901.7 486.215 64273.9 1391.65 3802.59 1415.48 55880.7 4671.11 548.897 842.758 716.574 356.066 219.842 4315.05 4198.04 51209.6 1335.71 8393.22 271.686 8316.22 455.976 3609.66 8141.29 7496.09 645.199 3398.02
internal_count=198715 14797 6816 4184 3638 930 183918 2632 7981 2708 160853 14976 1090 1542 1322 817 510 14159 13805 145877 6135 23065 546 22685 903 7562 22131 21071 1060 7097
is_linear=0
shrinkage=0.03


Tree=47
num_leaves=31
num_cat=0
split_feature=30 4 19 42 42 39 24 39 12 17 40 42 27 6 11 21 41 40 11 21 11 17 30 3 36 28 17 29 10 1
split_gain=27.8166 26.6649 24.0194 26.2261 29.7396 34.7495 23.6596 23.2067 20.7417 20.4669 26.234 21.3951 21.0154 21.1832 20.2118 27.5359 20.0337 17.5674 16.898 16.2675 16.1877 16.0455 15.5822 16.7956 16.2543 15.4629 15.296 15.6674 15.2875 31.0467
threshold=0.0044778081962387759 0.011265233317906234 0.25705852342064178 0.0066465305714986048 0.013362739983782205 0.54627231628456385 1.0000000180025095e-35 -0.11466239168552776 0.0068442352608300751 0.99984356667111463 9.6846783438866577 0.0038349390984973096 0.00051755785169271828 -0.00013412198649135506 0.0023287959575489605 0.0026888157905657277 -0.4214834750438628 9.8828765973294015 0.00037466261569205631 0.0015023329328327595 0.00016693922183972344 0.82658876728960051 0.0043308832938387951 0.0068760440366520629 4.739690108605795 -0.0002908029002981482 0.014112553405885396 -0.00041982513745913991 0.0046671668848132638 -0.0061375044831267047
decision_type=2 2 2 2 2 2 2 2 2 2 2 2 2 2 2 2 2 2 2 2 2 2 2 2 2 2 2 2 2 2
left_child=6 -2 3 19 5 -5 20 16 -6 18 12 -12 13 -11 -9 -16 -4 -18 26 -3 -1 28 23 -20 -24 -14 27 -8 29 -22
right_child=1 2 7 4 8 -7 9 14 -10 10 11 -13 25 -15 15 -17 17 -19 22 -21 21 -23 24 -25 -26 -27 -28 -29 -30 -31
leaf_value=-0.012026913374998578 -0.003530237434628161 0.0025736978545629853 -0.0048101986612437983 0.0013479812442358861 -0.0019546797687060593 0.020373749802256178 0.004419623060702052 0.01579767034270952 -0.017755657336362942 -0.0018195250129033863 -0.0018472107109810184 0.015334232677823498 -0.016252151432970822 0.0046699086943017085 -0.0062157156089522898 0.0053214958001773106 0.014807515185920656 0.0026768926149619262 -0.00012595313658655781 -0.014682855338297699 0.0091452839615451965 0.010767966786433639 -0.0023452403828206512 -0.0050020247878449524 0.012107455702767464 -0.00063333182083239901 -0.0012103169213370272 -0.010834903955680847 -0.0028456453166449888 0.0014444295545754679
leaf_weight=76.927091166377068 3801.7604444473982 63.968433186411858 92.914302691817284 374.00163199007511 1336.2175792902708 112.32755246758461 72.457027792930603 66.668265894055367 79.083412453532219 598.66921442747116 92.265413910150528 219.66837504506111 58.689393535256386 1848.1255275756121 446.14469109475613 319.04707533121109 297.35579968988895 169.37345740199089 49064.026111185551 207.56679330766201 505.27176913619041 174.7708947211504 111.5249287635088 643.96314541995525 186.41649839282036 1853.4794000685215 771.67664150893688 359.28702116012573 645.32278707623482 6989.7970081120729
leaf_count=380 7981 140 187 733 2576 197 333 144 132 1874 223 469 147 6861 825 555 605 316 138261 406 918 554 283 1356 415 5402 3534 1695 1060 20153
internal_value=-3.63711e-05 -0.00178254 8.06607e-05 -0.00188897 -0.000641473 0.0057551 0.00016372 0.0031587 -0.0028421 -5.92891e-05 0.00184164 0.0102447 0.00123918 0.00308086 -1.57643e-05 -0.00140122 0.00788094 0.0104148 -0.000232742 -0.0106076 0.00164899 0.00177616 -0.000148132 -0.000189202 0.00668954 -0.00111593 -0.00374545 -0.00826702 0.00158248 0.0019642
internal_weight=71638.8 7366.43 3564.67 2173.17 1901.63 486.329 64272.3 1391.5 1415.3 55880.2 4670.9 311.934 4358.96 2446.79 831.86 765.192 559.644 466.729 51209.4 271.535 8392.09 8315.16 50005.9 49708 297.941 1912.17 1203.42 431.744 8140.39 7495.07
internal_count=198715 14797 6816 4184 3638 930 183918 2632 2708 160853 14976 692 14284 8735 1524 1380 1108 921 145877 546 23065 22685 140315 139617 698 5549 5562 2028 22131 21071
is_linear=0
shrinkage=0.03


Tree=48
num_leaves=31
num_cat=0
split_feature=30 4 18 27 19 42 42 39 33 45 12 11 7 34 35 45 11 24 11 44 20 31 34 40 30 3 26 46 4 43
split_gain=26.1755 25.0957 24.7536 27.7195 22.6038 24.6912 27.9842 32.8484 22.6315 21.7918 19.5387 19.4583 24.4355 23.9905 17.8789 17.8373 22.5791 17.7559 16.89 16.1087 16.932 16.0987 30.2663 20.3368 17.5149 21.9965 15.711 15.3418 15.0013 14.7438
threshold=0.0044778081962387759 0.011265233317906234 0.57339942446457492 0.0011599449403790765 0.25705852342064178 0.0066465305714986048 0.013362739983782205 -0.19799176384076125 -1.5370868828852744 0.96298784033749862 0.0068442352608300751 0.0046425446781668085 -0.00016052549671713385 -3.327609262832373 4.1184466001578928 -0.95688340256707749 0.0022864519002555482 1.0000000180025095e-35 0.00016693922183972344 0.52521433272148832 0.0021250701302707388 -0.34182742969636437 -7.5929747246628141 9.8553734094686352 0.0043308832938387951 0.0068760440366520629 0.20833333333333334 0.97381903846659756 0.0056776708896807216 0.46268182686464138
decision_type=2 2 2 2 2 2 2 2 2 2 2 2 2 2 2 2 2 2 2 2 2 2 2 2 2 2 2 2 2 2
left_child=2 9 17 11 5 19 7 -7 -6 27 -8 12 26 -14 -11 -10 -17 18 -1 -3 -21 22 -19 -24 25 -23 -4 29 -29 -2
right_child=1 4 3 -5 8 6 10 -9 15 14 -12 -13 13 -15 -16 16 -18 21 -20 20 -22 24 23 -25 -26 -27 -28 28 -30 -31
leaf_value=-0.012892051368181836 0.0039104690519629866 -0.0010772831365224319 0.014865662808127855 0.011292949191330469 0.0204785020045752 -0.0074713885140185012 -0.0018962366789973266 0.010232303746355417 0.010413156216245905 0.00026279778311247336 -0.017238093056651142 -0.011384438903441461 -0.012076530197119659 -0.0023805348229935493 -0.019402970081398366 0.014015598242719097 -0.00061627849707998985 0.024479265291989332 0.0018522865239377242 -0.007701425467113175 -0.027110196215982579 -9.3955750673732841e-05 0.00076556099610816132 0.0065910381169116926 0.0079553115215552101 -0.0064552844079463871 0.00053757748484119727 0.0018507529946883024 -0.015788095304614815 -0.0030270902942060819
leaf_weight=70.338984355330467 302.12914592027664 105.25896102190018 71.148899435997009 146.38210947811604 63.916809394955635 127.57525718212128 1336.0866827219725 358.84698075056076 202.52390371263027 60.159138411283493 79.02104826271534 188.80602116882801 244.46822887659073 3801.524859264493 132.53784504532814 104.42481157183647 1020.522468328476 49.809360951185226 7464.1557293981314 94.529985040426254 71.611885532736778 38972.92597450316 9942.379431694746 570.29491333663464 239.774738535285 495.26021058857441 2013.557194262743 60.389636620879173 151.06505209207535 3094.7781953662634
leaf_count=347 627 207 185 296 123 256 2576 674 389 130 132 317 764 11673 289 241 1879 126 20299 197 142 111095 30737 1091 572 1047 5369 129 336 6470
internal_value=-3.5283e-05 -0.00172929 0.000158806 -0.00160144 7.82787e-05 -0.00183252 -0.000622232 0.00558178 0.00306437 -0.00342498 -0.00275738 -0.00190094 -0.00160803 -0.0029677 -0.0132539 0.00222067 0.00074153 0.000355759 0.0017139 -0.0102945 -0.0161077 0.000152136 0.00119307 0.00108199 -0.000124685 -0.000173888 0.0010294 -0.00289855 -0.0107394 -0.00240897
internal_weight=71636.2 7365.38 64270.8 6465.89 3564.32 2172.93 1901.53 486.422 1391.39 3801.06 1415.11 6319.51 6130.7 4045.99 192.697 1327.47 1124.95 57804.9 7534.49 271.401 166.142 50270.4 10562.5 10512.7 39708 39468.2 2084.71 3608.36 211.455 3396.91
internal_count=198715 14797 183918 18604 6816 4184 3638 930 2632 7981 2708 18308 17991 12437 419 2509 2120 165314 20646 546 339 144668 31954 31828 112714 112142 5554 7562 465 7097
is_linear=0
shrinkage=0.03


Tree=49
num_leaves=31
num_cat=0
split_feature=43 18 42 33 12 47 38 36 3 4 45 36 29 18 33 12 23 0 48 32 2 43 41 4 7 46 42 34 39 0
split_gain=25.27 28.495 32.3082 27.8724 27.2873 22.262 25.5171 21.7773 20.216 29.8637 23.7809 20.1 29.3671 20.2993 17.3179 17.2721 15.7821 15.4318 15.0541 27.5467 23.3454 14.5496 12.5778 18.1434 13.8737 11.6671 10.9266 26.2525 21.2035 11.6274
threshold=0.45985066759429222 0.77192982456142945 0.035186129567639855 6.9997062364866585 0.002336897165954567 0.87837969732492682 0.41044056686176295 4.6012403241865529 0.0066262550034227726 0.0084752940369514206 -0.20576496797711577 6.6052590297500648 -0.011556268343019259 0.031501448708787634 -2.9177804000578957 0.00013753295076667706 0.0023746858494737002 3.8788464686646328e-05 1.0000000180025095e-35 -0.0021856351851172423 0.0017115982538831681 0.39804386372296269 -0.23205047757557209 0.020279969700228977 0.00097236361556713856 -0.82531082829576841 0.022070115641033793 2.0118064289198641 0.5783350591262757 0.0018270804664958554
decision_type=2 2 2 2 2 2 2 2 2 2 2 2 2 2 2 2 2 2 2 2 2 2 2 2 2 2 2 2 2 2
left_child=11 3 5 8 17 6 14 -7 22 25 -11 12 -1 16 -3 -14 -13 -4 19 -17 -20 -15 23 -2 -24 -10 28 -28 -5 -30
right_child=1 2 4 26 -6 7 -8 -9 9 10 -12 13 15 21 -16 18 -18 -19 20 -21 -22 -23 24 -25 -26 -27 27 -29 29 -31
leaf_value=-0.012882394956145456 -0.001275277898001917 0.011000693958562019 -0.016681368826535425 -0.0063375497259776786 -0.032808914690788192 -0.0020547669779383115 -0.022974560890788798 0.020536385341296502 -0.010628040464535858 0.0018380356351472987 -0.0037409682215550489 0.0060193880824662453 -0.012557845701354119 -0.0066487480623318778 -0.0043809547992050791 -0.006159892122930272 0.023186176484554254 0.0020948499120172362 -0.00053898908793328351 0.0015131928181374619 0.0046576479419959864 0.0062021016320006513 0.00016731493181134345 0.010750104834514367 0.0040216417885461028 -0.0040344953097589007 0.0071621117033347356 -0.013806243665227222 -0.00044681518056321763 0.017788170569942516
leaf_weight=145.1411210745573 7426.2705483287573 71.417865574359894 94.590488210320473 394.51045569777489 58.700748354196548 87.670634642243385 62.3326805382967 67.803740099072456 286.8444277793169 1881.6790651082993 1083.2743017673492 103.13678701221943 88.740971133112907 115.7188335955143 810.67038577795029 433.03235512971878 91.623874798417091 66.89995314180851 10402.625222593546 14861.970294520259 840.68906719982624 250.03301933407784 28899.224439874291 114.41640092432499 865.5997898876667 1556.0237279683352 66.124773859977722 280.49716971814632 69.29993312060833 56.969990387558937
leaf_count=227 20356 208 328 1036 114 256 146 157 606 3524 2109 188 437 191 2383 819 143 208 30062 43712 2119 405 82654 213 1733 3250 193 670 157 111
internal_value=-3.42298e-05 -0.000476858 -0.00481815 -0.00034343 -0.0153052 -0.00271359 -0.0044475 0.00779189 -0.000233702 -0.00206459 -0.00019941 0.00068307 0.000565208 0.00630506 -0.00312998 0.000638718 0.0141263 -0.0088915 0.000683053 0.00129568 -0.000150082 0.00212666 2.18643e-06 -0.00109214 0.000279531 -0.00506346 -0.00566613 -0.00979565 -0.00290913 0.00777178
internal_weight=71633.5 44300.8 1320.09 42980.7 220.191 1099.9 944.421 155.474 42113.3 4807.82 2964.95 27332.7 26772.2 560.513 882.088 26627.1 194.761 161.49 26538.3 15295 11243.3 365.752 37305.5 7540.69 29764.8 1842.87 867.402 346.622 520.78 126.27
internal_count=198715 120412 3800 116612 650 3150 2737 413 114445 9489 5633 78303 77376 927 2591 77149 331 536 76712 44531 32181 596 104956 20569 84387 3856 2167 863 1304 268
is_linear=0
shrinkage=0.03


Tree=50
num_leaves=31
num_cat=0
split_feature=35 31 19 46 11 20 27 38 48 46 43 9 8 26 8 9 40 19 36 41 38 42 8 39 22 43 42 38 35 6
split_gain=36.3426 24.43 22.7463 19.2445 34.9771 24.2181 25.066 24.0663 17.789 16.686 16.6165 17.1449 18.3759 16.1097 15.9729 19.0983 24.4458 25.758 22.9394 26.7194 24.1298 16.5232 16.6874 20.7159 14.0545 20.7393 25.7561 27.1462 17.2936 17.0774
threshold=-3.1927329955546129 2.0890688878940313 0.016735367843348729 0.49049438445969418 0.0020692436409566087 0.002052945207541661 0.001487213874204252 0.18524792442065843 0.81174490092936691 0.99275059979806513 0.62477412304564839 0.0085233100236447954 -0.00094362797589535058 0.29166666666666669 -0.00080146497879325727 0.0049980620548066073 9.1171828719839336 0.57106498384192905 5.9355146502793437 0.16497014568929438 -0.15883174201785302 0.0079045578720829731 -0.00094362797589535058 -0.20687349290862742 0.00037281087002939949 0.4840984049130766 0.02271556256052451 0.11687149364435091 -2.0485535796489645 2.8263778173182478e-05
decision_type=2 2 2 2 2 2 2 2 2 2 2 2 2 2 2 2 2 2 2 2 2 2 2 2 2 2 2 2 2 2
left_child=1 3 24 10 8 6 -6 -7 9 -5 11 12 -1 -13 21 18 -17 -18 19 -16 -20 -4 23 -23 -2 29 28 -28 -27 -26
right_child=2 -3 14 4 5 7 -8 -9 -10 -11 -12 13 -14 -15 15 16 17 -19 20 -21 -22 22 -24 -25 25 26 27 -29 -30 -31
leaf_value=-0.0031393594551829265 -0.0043656223625226686 0.015228862403571717 -0.0030056604813156838 0.00063505824191749122 0.0071418898470623302 0.0072911378475690519 0.024846412544900765 -0.0017357265435612198 -0.0047564256139244632 0.0077353953612560207 -0.0070236395542020592 0.019955853956594504 0.00091333569143222976 0.0032835361083543386 0.00043369963973319769 -0.01907430863977309 -0.0011573446188037793 -0.014038735131252955 -0.0072614178766068549 -0.0015888961622694587 0.0057966234286875229 -0.0098828710416456831 0.018189884079994858 0.0097360386116475579 -0.00074902414881520456 -0.0065891183604827328 -0.002272561793641117 -0.0084063040837608193 -7.0942809876851765e-05 0.0028402441785826443
leaf_weight=1122.7567426711321 1240.955300912261 112.34180924296379 149.49273833632469 2352.2456070929766 1204.5773001015186 462.99553169310093 76.570243358612061 622.7932310551405 475.46097087860107 341.11602446436882 258.26421168446541 76.330807507038116 9729.6277137249708 165.95890820026398 29099.241774022579 79.865406036376953 1807.8121267706156 151.30867427587509 144.35534383356571 7366.081067726016 1061.6434187144041 66.463809415698051 116.29387837648392 176.21203003823757 3828.1942966878414 400.81857712566853 2079.3619986772537 945.64950905740261 4247.5103287398815 1732.5607273131609
leaf_count=1948 5682 257 264 7342 2575 863 171 1109 1414 1072 770 125 26203 265 82055 155 3147 255 283 19629 2078 116 226 290 12399 1214 6428 2596 12590 5458
internal_value=8.39319e-05 0.00129544 -0.000292601 0.0012024 0.00265274 0.00541191 0.00820609 0.00211133 0.000590626 0.00153594 0.000494903 0.000670315 0.000493729 0.00856047 7.43611e-05 6.62081e-06 -0.00282106 -0.00215507 0.000159765 2.50418e-05 0.00423017 0.00535681 0.00884745 0.00434677 -0.00131239 -0.00102581 -0.00203683 -0.00419145 -0.0006339 0.000368804
internal_weight=71694.9 17001 54693.8 16888.7 5535.76 2366.94 1281.15 1085.79 3168.82 2693.36 11352.9 11094.7 10852.4 242.29 40218.8 39710.3 2038.99 1959.12 37671.3 36465.3 1206 508.462 358.97 242.676 14475.1 13234.1 7673.34 3025.01 4648.33 5560.76
internal_count=198979 44114 154865 43857 14546 4718 2746 1972 9828 8414 29311 28541 28151 390 108498 107602 3557 3402 104045 101684 2361 896 632 406 46367 40685 22828 9024 13804 17857
is_linear=0
shrinkage=0.03


Tree=51
num_leaves=31
num_cat=0
split_feature=35 19 46 10 4 27 40 46 9 45 36 12 18 38 17 7 32 38 43 12 27 9 36 37 32 19 30 6 19 19
split_gain=34.2001 21.4043 19.8256 35.4447 26.5403 18.8967 21.6668 20.2367 17.9767 24.6261 18.1087 16.6028 16.094 23.1901 21.3759 23.9382 20.617 16.3007 15.9065 20.3085 15.8489 23.1193 27.9475 27.0012 24.6553 21.6942 21.4439 16.3449 16.3134 13.4388
threshold=-3.1927329955546129 0.016735367843348729 0.49049438445969418 0.0019078430873070013 -0.0060033563827004621 -0.0014122959885788931 7.7251092386201057 0.99275059979806513 0.0019907413420597116 -0.46174861323503386 6.3613935439092044 0.0018494293065250459 0.00083194675557698777 -0.44732617430148514 0.32831982716658847 -0.00013278093541326281 1.9980281016814756e-05 -0.27707727819410849 0.39026614838396922 0.0018751034559470481 -0.0034509928126421614 0.0056736783412431524 6.3613935439092044 0.48964828287696177 4.6273405084929646e-05 0.13111257457335787 -0.0044211693552868572 0.0010416099137525701 0.49947886957655879 0.61111111111112437
decision_type=2 2 2 2 2 2 2 2 2 2 2 2 2 2 2 2 2 2 2 2 2 2 2 2 2 2 2 2 2 2
left_child=2 -2 12 5 8 -4 11 -8 9 -5 -10 -7 29 16 15 -15 -14 -16 -6 -20 26 22 27 24 -23 -24 -3 -22 -25 -1
right_child=1 20 3 4 18 6 7 -9 10 -11 -12 -13 13 14 17 -17 -18 -19 19 -21 21 23 25 28 -26 -27 -28 -29 -30 -31
leaf_value=0.0017605331081885769 -0.0012731330520353245 -0.0015767863981762341 0.014652498848705366 0.022509454953887922 0.024305693849116475 0.0033780770482191736 -0.0027356785090103032 0.0061329953800452128 0.0017538724229351117 0.0051215021701720483 0.010279644799980347 0.025046410446278661 -0.023420725690638231 0.0033131647779141684 0.0053599698916031316 -0.0020974694025924748 -0.00098936538447066871 -0.001561079792821531 0.001943931243851133 0.017995276274540704 0.00026857633491356246 -0.013843001424295646 -0.0018968783870108763 0.0034398655691665913 -0.0029709420576933968 0.013073841722137236 0.014362163757885042 -0.0018775398198979103 -0.011744311685786881 0.007981521189013208
leaf_weight=2058.9363700151443 14474.240281999111 142.45533682405949 81.44464273750782 103.84967395663261 82.478785738348961 729.75373442471027 1791.8245530277491 265.57111124694347 1695.8631873428822 251.0430983453989 258.51572775840759 33.145212113857269 71.197501361370087 2755.3258974701166 326.98526054620743 1003.2359413653612 76.914707809686661 4758.4394894987345 155.29055468738079 131.22780592739582 34699.776214927435 320.63516530394554 129.75997534394264 455.33369579911232 455.05269135534763 262.60185718536377 161.73168101906776 3517.3414907157421 73.784507855772972 368.88124030828476
leaf_count=6173 46367 234 208 231 202 2790 5285 786 3300 596 425 97 187 6387 846 2889 191 11715 412 312 97662 543 236 772 780 486 272 7388 125 1082
internal_value=8.1416e-05 -0.000283845 0.00125671 0.00272245 0.00521116 0.00042416 1.11994e-05 -0.00158896 0.00401478 0.0102279 0.00288409 0.00432974 0.000540227 -4.46553e-05 0.000152295 0.00186812 -0.0118094 -0.00111528 0.012684 0.00931347 7.21197e-05 2.0038e-05 0.000152852 -0.00390709 -0.00747125 0.00811671 0.00689173 7.09696e-05 0.00131316 0.00270756
internal_weight=71692.6 54692.7 16999.9 5580.01 2678.27 2901.74 2820.29 2057.4 2309.27 354.893 1954.38 762.899 11419.9 8992.1 8843.99 3758.56 148.112 5085.42 368.997 286.518 40218.5 39914.3 38609.5 1304.81 775.688 392.362 304.187 38217.1 529.118 2427.82
internal_count=198979 154865 44114 14644 5478 9166 8958 6071 4552 827 3725 2887 29470 22215 21837 9276 378 12561 926 724 108498 107992 105772 2220 1323 722 506 105050 897 7255
is_linear=0
shrinkage=0.03


Tree=52
num_leaves=31
num_cat=0
split_feature=35 31 19 43 24 46 10 19 48 9 45 0 26 8 9 40 19 36 32 41 42 11 45 42 22 17 43 42 38 6
split_gain=32.1862 22.7376 20.1398 17.3434 22.5537 16.3962 33.1288 21.5268 17.6717 16.1053 17.6271 15.8811 15.2885 15.2689 17.5508 22.9465 23.6135 21.1324 29.0507 24.9742 15.5347 15.9008 17.2165 13.5848 13.2286 20.0427 19.7317 25.6779 24.8887 18.0061
threshold=-3.1927329955546129 2.0890688878940313 0.016735367843348729 0.6142375030332784 0.83333333333333337 0.49049438445969418 0.0019078430873070013 0.009566228470407093 0.81174490092936691 0.0085233100236447954 -0.25881904510252113 -0.00053895743670625304 0.37500000000000006 -0.00080146497879325727 0.0049980620548066073 9.1171828719839336 0.57106498384192905 5.9355146502793437 0.0010620754320030746 0.16497014568929438 0.0079045578720829731 0.0071606229737510808 -0.55557023301960229 0.011477288054553949 0.00037281087002939949 0.98529195550083248 0.46914623258610133 0.02271556256052451 0.14672968554070934 9.3777914778236596e-06
decision_type=2 2 2 2 2 2 2 2 2 2 2 2 2 2 2 2 2 2 2 2 2 2 2 2 2 2 2 2 2 2
left_child=1 3 24 5 11 9 8 -8 -7 10 -1 -5 -11 20 17 -16 -17 19 -19 -15 -4 22 -22 -13 25 -2 -26 29 -29 -28
right_child=2 -3 13 4 -6 6 7 -9 -10 12 -12 23 -14 14 15 16 -18 18 -20 -21 21 -23 -24 -25 26 -27 27 28 -30 -31
leaf_value=-0.00074603296339208983 -0.0068424796124636452 0.014680388742915378 -0.0028711626666589286 -0.0099451132542777553 -0.014319083476152966 0.0013896292214793655 0.012545963023020785 0.0040979515396654754 -0.0053389310653299549 0.014151869674398724 0.0016804030103523867 0.0095759934332821858 -0.0013730634644513271 0.00041631056202552522 -0.018456797644532699 -0.0011063747637455542 -0.013439769339314679 0.006317758759452799 -0.0055283122249979756 -0.001539134238493139 0.018630755537353726 -0.0036317352421287794 0.0037589407714667695 -0.0035762959829454509 0.00058365109266001435 0.0012929609377239398 -0.0036389498187867908 -0.0022878910488694105 -0.0081203173063711578 0.00050340798533607845
leaf_weight=5369.5671122819185 837.63566581904888 112.02626284956932 149.50600180029869 113.16080692410469 143.95817631483078 2332.3238610774279 308.70691710710526 2274.0903064161539 413.32192666828632 150.84725138545036 5406.4455179274082 148.91828829050064 91.188742384314537 29099.065270259976 79.838794022798538 1807.6396467536688 151.31724636256695 976.19768966734409 229.82403182983398 7365.9131334275007 154.41802531480789 74.931204870343208 129.41141010820866 133.79482789337635 4777.7607661932707 403.02718858420849 1246.1129555106163 2405.514333114028 907.92086020112038 3895.8434833735228
leaf_count=12215 3830 257 264 293 429 7421 625 4656 1233 243 15712 436 147 82055 155 3147 255 1913 448 19629 279 115 238 447 15471 1852 3858 7448 2484 11424
internal_value=7.89978e-05 0.00121923 -0.000275337 0.00112958 -0.00415873 0.00130445 0.00267086 0.00510975 0.000375323 0.000643336 0.000471067 -0.000451016 0.00829405 6.99507e-05 3.7303e-06 -0.0027071 -0.00206186 0.000150537 0.0040573 2.12228e-05 0.00523567 0.0086221 0.011868 0.0033429 -0.00123498 -0.0041975 -0.000956942 -0.00182781 -0.00388734 -0.000499979
internal_weight=71690.2 16998.3 54691.9 16886.3 539.832 16346.5 5328.44 2582.8 2745.65 11018 10776 395.874 242.036 40218.1 39709.8 2038.8 1958.96 37671 1206.02 36465 508.267 358.761 283.829 282.713 14473.8 1240.66 13233.2 8455.39 3313.44 5141.96
internal_count=198979 44114 154865 43857 1605 42252 13935 5281 8654 28317 27927 1176 390 108498 107602 3557 3402 104045 2361 101684 896 632 517 883 46367 5682 40685 25214 9932 15282
is_linear=0
shrinkage=0.03


Tree=53
num_leaves=31
num_cat=0
split_feature=27 19 43 47 28 9 11 32 6 20 5 33 39 11 44 30 34 45 39 32 37 38 20 36 20 10 2 32 32 43
split_gain=30.5152 26.4927 22.9976 23.5602 23.5987 22.4457 27.606 24.619 19.9727 24.2563 25.2543 22.662 25.1772 19.5652 19.1507 16.9634 18.7922 24.21 18.555 15.8965 15.827 18.1616 18.1937 15.7232 20.1261 15.2826 15.0821 14.3919 12.5012 14.6105
threshold=-0.0034509928126421614 0.8303236498131622 0.47011184920694932 -0.8783796973249266 0.00059347833845924136 0.0056736783412431524 0.0035321699313610607 0.0033033722099188889 2.3368719050640109e-05 0.0022860749362863877 0.0018270522071716533 -1.4771781786135423 -0.49188666562370337 0.0017116793497010153 0.57231222822490369 -0.0044211693552868572 -4.0049193621162003 -0.40274668985873679 0.46358541370867307 -3.2957681270184482e-05 0.12906607165148434 0.18896561830564809 0.0043790884328617262 4.3506674733808639 0.00070783402501467519 0.0012937081157072836 -0.00070517398690924423 -0.0026696654421499346 -0.00010840179498018343 0.43923338667626122
decision_type=2 2 2 2 2 2 2 2 2 2 2 2 2 2 2 2 2 2 2 2 2 2 2 2 2 2 2 2 2 2
left_child=15 2 8 4 14 6 -5 -7 11 10 -10 12 -2 -13 -4 16 20 18 -18 -6 -1 -22 -23 -3 25 -25 -27 -11 -26 -30
right_child=1 23 3 5 19 7 -8 -9 9 27 -12 13 -14 -15 -16 -17 17 -19 -20 -21 21 22 -24 24 28 26 -28 -29 29 -31
leaf_value=-0.0055508165374630837 0.0086998856352318854 0.001199158420726346 -1.3931904526425287e-05 -0.00044799786330679617 -0.001877114423710991 -0.0062120580428620337 0.0021442170210286974 0.0019300328295073789 0.0020020693064159933 -0.0051819400806871535 -0.0062629109872182594 -0.0019231348932654086 0.00079236470865233597 0.00070316504567601804 -0.0080065911019494822 0.01352376665050665 -0.00097713019584380134 0.0093975014701896779 -0.019692991592393478 -0.0080508012681770186 0.017408422075426422 -0.0010399524902443154 0.015850447876584964 0.0073405897873512005 -0.0025935198492794097 0.011760175089279698 0.033960352719490508 0.0097432112937500467 -0.00038904440051291316 0.015976281656643724
leaf_weight=75.745178312063217 373.64650247991085 713.20644322037697 2345.3597782105207 30268.437664344907 627.74664947390556 1115.8648569136858 4211.6222009509802 476.29560641944408 5289.5389719605446 65.412307351827621 354.7245762348175 6305.9943544119596 11929.22811435163 4287.1522388160229 304.78472937643528 184.921351313591 117.62761595845222 101.46097207069397 80.407602727413177 939.46455281972885 156.28772757947445 175.82067009806633 84.791697949171066 124.92609046399593 169.4157590419054 57.183910131454468 54.577443554997444 498.83929461240768 89.812966331839561 107.1544081568718
leaf_count=128 1091 2542 8545 84499 1912 1918 7773 813 16481 125 815 21837 32786 9633 1134 313 193 162 138 2943 251 299 127 414 380 135 126 1002 212 252
internal_value=7.66264e-05 3.81924e-06 -7.61191e-05 -0.000540335 -0.00266205 -0.00029218 -0.00013127 -0.00377453 0.000566394 0.0020756 0.00148191 0.00015701 0.0010329 -0.000859969 -0.000934809 0.00534156 0.00342475 -0.00249312 -0.00860361 -0.0055804 0.00702807 0.00932224 0.00445187 0.00421982 0.00778558 0.0146044 0.0226695 0.00800644 0.00336678 0.008506
internal_weight=71687.5 70710.4 69394.1 40289.6 4217.36 36072.2 34480.1 1592.16 29104.5 6208.52 5644.26 22896 12302.9 10593.1 2650.14 977.063 792.141 299.496 198.035 1567.21 492.645 416.9 260.612 1316.28 603.071 236.687 111.761 564.252 366.383 196.967
internal_count=198979 197368 193307 109537 14534 95003 92272 2731 83770 18423 17296 65347 33877 31470 9679 1611 1298 493 331 4855 805 677 426 4061 1519 675 261 1127 844 464
is_linear=0
shrinkage=0.03


end of trees

feature_importances:
avg_trade_size_log_1=85
lower_wick_1=78
close_pos_1=69
close_vs_sma_3=65
close_vs_sma_24=64
trend_strength_6=61
hour_cos=61
taker_buy_ratio_3=54
ret_cc_24=52
hour_sin=52
volume_log_1=49
upper_wick_1=48
vol_cc_3=46
close_vs_sma_12=45
close_vs_sma_6=44
ret_cc_1=42
trade_count_log_1=40
body_accel_1_3=39
taker_buy_ratio_12=38
range_expansion_1_6=36
trend_strength_24=36
trend_strength_12=35
volume_ratio_12=35
range_1=32
range_6_mean=32
ret_cc_6=31
trade_count_ratio_3=28
vol_cc_24=25
dow_sin=25
dow_cos=23
ret_cc_3=21
ret_cc_12=21
range_12_mean=21
up_frac_3=21
vol_cc_12=19
range_3_mean=18
vol_cc_6=18
quote_volume_ratio_3=18
ret_oc_1=17
ret_oc_3_mean=16
up_frac_12=16
ret_oc_12_mean=15
ret_oc_6_mean=10
volume_ratio_3=10
body_3_mean=3
body_12_mean=3
body_1=1
body_6_mean=1
up_frac_6=1

parameters:
[boosting: gbdt]
[objective: binary]
[metric: binary_logloss,auc]
[tree_learner: serial]
[device_type: cpu]
[data_sample_strategy: bagging]
[data: ]
[valid: ]
[num_iterations: 1200]
[learning_rate: 0.03]
[num_leaves: 31]
[num_threads: 0]
[seed: 0]
[deterministic: 0]
[force_col_wise: 0]
[force_row_wise: 0]
[histogram_pool_size: -1]
[max_depth: 6]
[min_data_in_leaf: 120]
[min_sum_hessian_in_leaf: 0.001]
[bagging_fraction: 0.9]
[pos_bagging_fraction: 1]
[neg_bagging_fraction: 1]
[bagging_freq: 5]
[bagging_seed: 3]
[bagging_by_query: 0]
[feature_fraction: 0.85]
[feature_fraction_bynode: 1]
[feature_fraction_seed: 2]
[extra_trees: 0]
[extra_seed: 6]
[early_stopping_round: 0]
[early_stopping_min_delta: 0]
[first_metric_only: 0]
[max_delta_step: 0]
[lambda_l1: 0.1]
[lambda_l2: 0.2]
[linear_lambda: 0]
[min_gain_to_split: 0]
[drop_rate: 0.1]
[max_drop: 50]
[skip_drop: 0.5]
[xgboost_dart_mode: 0]
[uniform_drop: 0]
[drop_seed: 4]
[top_rate: 0.2]
[other_rate: 0.1]
[min_data_per_group: 100]
[max_cat_threshold: 32]
[cat_l2: 10]
[cat_smooth: 10]
[max_cat_to_onehot: 4]
[top_k: 20]
[monotone_constraints: ]
[monotone_constraints_method: basic]
[monotone_penalty: 0]
[feature_contri: ]
[forcedsplits_filename: ]
[refit_decay_rate: 0.9]
[cegb_tradeoff: 1]
[cegb_penalty_split: 0]
[cegb_penalty_feature_lazy: ]
[cegb_penalty_feature_coupled: ]
[path_smooth: 0]
[interaction_constraints: ]
[verbosity: -1]
[saved_feature_importance_type: 0]
[use_quantized_grad: 0]
[num_grad_quant_bins: 4]
[quant_train_renew_leaf: 0]
[stochastic_rounding: 1]
[linear_tree: 0]
[max_bin: 255]
[max_bin_by_feature: ]
[min_data_in_bin: 3]
[bin_construct_sample_cnt: 200000]
[data_random_seed: 1]
[is_enable_sparse: 1]
[enable_bundle: 1]
[use_missing: 1]
[zero_as_missing: 0]
[feature_pre_filter: 1]
[pre_partition: 0]
[two_round: 0]
[header: 0]
[label_column: ]
[weight_column: ]
[group_column: ]
[ignore_column: ]
[categorical_feature: ]
[forcedbins_filename: ]
[precise_float_parser: 0]
[parser_config_file: ]
[objective_seed: 5]
[num_class: 1]
[is_unbalance: 0]
[scale_pos_weight: 1]
[sigmoid: 1]
[boost_from_average: 1]
[reg_sqrt: 0]
[alpha: 0.9]
[fair_c: 1]
[poisson_max_delta_step: 0.7]
[tweedie_variance_power: 1.5]
[lambdarank_truncation_level: 30]
[lambdarank_norm: 1]
[label_gain: ]
[lambdarank_position_bias_regularization: 0]
[eval_at: ]
[multi_error_top_k: 1]
[auc_mu_weights: ]
[num_machines: 1]
[local_listen_port: 12400]
[time_out: 120]
[machine_list_filename: ]
[machines: ]
[gpu_platform_id: -1]
[gpu_device_id: -1]
[gpu_use_dp: 0]
[num_gpu: 1]

end of parameters

pandas_categorical:[]
