tree
version=v4
num_class=1
num_tree_per_iteration=1
label_index=0
max_feature_idx=22
objective=binary sigmoid:1
feature_names=Column_0 Column_1 Column_2 Column_3 Column_4 Column_5 Column_6 Column_7 Column_8 Column_9 Column_10 Column_11 Column_12 Column_13 Column_14 Column_15 Column_16 Column_17 Column_18 Column_19 Column_20 Column_21 Column_22
feature_infos=[3:298] [0.01:0.99333333333333329] [-0.0021259999999999999:0.001846] [-0.0025860000000000002:0.0021250000000000002] [8.7000000000000001e-05:0.001451] [-0.0031332774872099636:0.002076266786458694] [0.0040000000000000001:0.98999999999999999] [0.0030000000000000001:0.97999999999999998] [0:0.16000000000000003] [0:10.211378052289069] [0:9.8247343464312955] [0.02:0.997] [0.01:0.996] [0:0.15999999999999998] [0:9.8247343464312955] [0:10.211378052289069] [-1:1] [-1:1] [0.0035000000000000005:0.98499999999999999] [2.7080502011022101:12.824410069281603] [0.82599999999999996:9.6609999999999996] [0:1.504] [0:1.504]
tree_sizes=3406 3512 3491 3469 3515 3493 3508 3513 3507 3517 3508 3494 3511 3506 3490 3503 3515 3484 3519 3509 3518 3517 3494 3516 3481 3531 3513 3516 3494 3519 3503 3510 3503 3499 3519 3484 3516 3524 3509 3519 3511 3509 3518 3514 3497 3529 3469 3527 3526 3524 3539 3514 3516 3460 3515 3519 3528 3533 3527 3539 3506 3485 3526

Tree=0
num_leaves=31
num_cat=0
split_feature=12 6 4 4 4 4 7 6 6 3 19 3 2 7 4 4 4 4 4 4 6 3 2 4 4 4 4 4 4 3
split_gain=9904.9 1995.01 870.19 878.263 469.504 546.948 417.938 239.811 221.657 211.578 210.292 193.346 178.101 166.62 166.14 175.952 227.046 141.179 137.537 244.127 120.252 104.091 102.556 102.066 281.064 101.3 127.196 107.494 260.185 188.596
threshold=0.46500000000000002 0.33500000000000008 0.00035950000000000006 0.00079050000000000008 0.00069750000000000009 0.00049950000000000005 0.56500000000000006 0.42500000000000004 0.50250000000000006 -2.4999999999999994e-06 11.592568089168777 0.00019550000000000001 -0.00016749999999999998 0.17500000000000002 0.00035650000000000005 0.00054650000000000011 0.00063050000000000009 0.00040550000000000004 0.00053750000000000011 0.00054950000000000018 0.38500000000000006 -6.5499999999999979e-05 -0.00035849999999999993 0.0006085000000000001 0.00059750000000000005 0.00024400000000000005 0.00022900000000000001 0.00065550000000000016 0.00086700000000000004 -0.00026749999999999994
decision_type=2 2 2 2 2 2 2 2 2 2 2 2 2 2 2 2 2 2 2 2 2 2 2 2 2 2 2 2 2 2
left_child=6 13 8 4 5 12 17 18 -3 -10 25 22 20 -2 -15 -16 -17 21 -7 -20 -4 -1 -9 24 -21 26 -8 -27 29 -29
right_child=1 2 3 -5 -6 7 10 11 9 -11 -12 -13 -14 14 15 16 -18 -19 19 23 -22 -23 -24 -25 -26 27 -28 28 -30 -31
leaf_value=0.2574480883758507 0.16973291765262194 0.28539124068771166 0.19094576962523213 0.27800469381851356 0.17149307545611867 0.18103102718793879 0.29042197302199274 0.19890354662808618 0.18368886809197599 0.28737973961714036 0.28410887392675882 0.19904970328455768 0.18941284752427301 0.26443007597082668 0.17306268682744172 0.2296765621322811 0.17959472541426 0.25664283736783716 0.28835944190005891 0.20032743405476178 0.26645286134739815 0.19596381695524726 0.25662366658381019 0.17863758279718406 0.29042197302199274 0.2734849319455353 0.17018131940163644 0.29042197302199274 0.29042197302199274 0.19361480141710524
leaf_weight=38.212059363722801 869.75577700138092 220.64382664859295 31.06270632147789 181.19912020862103 260.82812133431435 92.695060133934021 12.819529592990873 29.830059245228767 44.12876532971859 29.583529829978943 1896.0577326864004 71.247001007199287 602.02483204007149 25.392529770731926 401.84294685721397 151.12253154814243 176.76159073412418 355.24888737499714 43.635706499218941 121.53900171816349 48.812824219465256 70.507412761449814 388.77688784897327 63.604589134454727 41.910000592470169 862.60642395913601 20.70847088098526 23.666823863983154 73.958824574947357 77.163706973195076
leaf_count=155 3528 895 126 735 1058 376 52 121 179 120 7691 289 2442 103 1630 613 717 1441 177 493 198 286 1577 258 170 3499 84 96 300 313
internal_value=0.236795 0.204065 0.222221 0.215057 0.208706 0.215028 0.273966 0.231036 0.270344 0.225304 0.278106 0.244735 0.194997 0.178684 0.188994 0.186369 0.202678 0.247488 0.212571 0.223371 0.237089 0.217574 0.252511 0.210881 0.223429 0.267479 0.216156 0.269138 0.247685 0.216337
internal_weight=7327.35 3896.4 2271.52 1977.17 1795.97 1535.14 3430.95 853.238 294.356 73.7123 2966.98 489.854 681.9 1624.88 755.12 729.727 327.884 463.968 363.384 270.689 79.8755 108.719 418.607 227.054 163.449 1070.92 33.528 1037.4 174.789 100.831
internal_count=29722 15805 9214 8020 7285 6227 13917 3461 1194 299 12035 1987 2766 6591 3063 2960 1330 1882 1474 1098 324 441 1698 921 663 4344 136 4208 709 409
is_linear=0
shrinkage=1


Tree=1
num_leaves=31
num_cat=0
split_feature=12 6 4 4 4 4 7 18 6 0 2 7 4 4 4 2 4 4 6 4 4 4 4 4 4 6 4 4 2 4
split_gain=9329.49 1856.3 818.985 825.937 436.497 510.752 397.882 225.566 210.42 189.644 165.947 154.062 155.155 163.069 211.43 145.225 133.025 115.875 112.976 107.441 104.077 227.018 103.091 111.142 532.726 119.198 106.163 98.8345 97.8891 97.4983
threshold=0.46500000000000002 0.33500000000000008 0.00035950000000000006 0.00079050000000000008 0.00069750000000000009 0.00049950000000000005 0.56500000000000006 0.41146766169154236 0.50250000000000006 153.50000000000003 -0.00016749999999999998 0.17500000000000002 0.00035650000000000005 0.00054650000000000011 0.00063050000000000009 -2.4999999999999994e-06 0.00040550000000000004 0.00064950000000000001 0.38500000000000006 0.0006665000000000001 0.00053750000000000011 0.00054950000000000018 0.00024400000000000005 0.0006705000000000002 0.00079050000000000008 0.91500000000000015 0.00022900000000000001 0.00079050000000000008 -0.00034949999999999993 0.0006705000000000002
decision_type=2 2 2 2 2 2 2 2 2 2 2 2 2 2 2 2 2 2 2 2 2 2 2 2 2 2 2 2 2 2
left_child=6 11 8 4 5 10 16 20 -3 -8 18 -2 -13 -14 -15 -10 -1 -9 -4 -19 -7 -22 26 -24 25 28 -11 -16 -25 -18
right_child=1 2 3 -5 -6 7 9 17 15 22 -12 12 13 14 27 -17 29 19 -20 -21 21 -23 23 24 -26 -27 -28 -29 -30 -31
leaf_value=-0.018558618713355984 -0.064556132091228458 0.047489008927356344 -0.04420678097066643 0.040235779236386708 -0.062870094953598341 -0.053963978803471972 0.050556067667052042 0.012732065600618755 -0.054596628038889435 0.052441119041174558 -0.045679612714954673 0.026947562270449414 -0.061366227427304597 -0.0068518612236565888 -0.063950836216557991 0.0296376950944311 0.028697426406821557 -0.050272546608510126 0.028924381899190187 0.028167816333602137 0.050243693010631613 -0.027544327387066282 0.038802523248188593 0.038221140023399845 0.052519843481784075 0.052580541068616718 -0.055255331302490267 0.0014422846087750742 -0.05116590132825647 -0.0071352165809025949
leaf_weight=108.93287959694862 875.67793357372284 219.25513282418251 31.214611083269119 180.24488545954227 262.56476211547852 82.571638092398643 1052.1254869699478 442.69107502698898 35.662092983722687 12.974709093570707 605.05680593848228 25.305063471198082 404.46393698453903 151.2466042637825 153.75683784484863 38.101559966802597 261.91349923610687 53.809514954686165 48.631703227758408 22.199154153466225 40.159375190734863 212.09365624189377 1571.334745451808 12.496806234121321 171.93944048881531 13.966267526149748 22.563837945461273 24.055505275726318 93.701043918728828 92.468991279602051
leaf_count=441 3528 895 126 735 1058 333 4294 1798 144 53 2442 103 1630 613 620 155 1065 218 198 90 164 858 6407 51 702 57 91 97 380 376
internal_value=5.18494e-05 -0.0315956 -0.0140689 -0.0209923 -0.0271201 -0.0210186 0.0362813 -0.00553421 0.0327434 0.040339 -0.0403152 -0.0559823 -0.0460882 -0.0486078 -0.0329257 -0.0110866 0.0104353 0.00685663 0.000334949 -0.0273632 -0.0247297 -0.0151603 0.0346783 0.0356436 0.0186507 -0.0298117 -0.0159366 -0.0551041 -0.0406473 0.0193476
internal_weight=7323.18 3908.76 2274.26 1981.24 1800.99 1538.43 3414.42 853.524 293.019 2951.1 684.903 1634.51 758.828 733.523 329.059 73.7637 463.315 518.7 79.8463 76.0087 334.825 252.253 1898.98 1863.44 292.104 120.164 35.5385 177.812 106.198 354.382
internal_count=29722 15805 9214 8020 7285 6227 13917 3461 1194 12035 2766 6591 3063 2960 1330 299 1882 2106 324 308 1355 1022 7741 7597 1190 488 144 717 431 1441
is_linear=0
shrinkage=0.03


Tree=2
num_leaves=31
num_cat=0
split_feature=5 11 12 0 0 0 11 5 0 2 11 5 2 18 0 11 18 10 2 5 18 2 0 20 0 5 2 2 2 5
split_gain=9140.99 1190.19 935.641 166.955 161.158 124.721 173.918 92.8184 149.708 89.2352 75.6466 71.9561 128.103 92.7975 75.9591 106.223 70.7206 76.6809 75.8359 68.6173 65.5325 60.7524 93.3565 60.6352 53.4392 48.3135 63.0591 47.5966 47.547 46.5241
threshold=-5.1543600863118536e-05 0.43500000000000005 0.69500000000000006 154.50000000000003 129.50000000000003 138.50000000000003 0.55500000000000016 -0.00012718499436319415 208.50000000000003 -0.00049549999999999996 0.82500000000000007 0.00031332263833958079 0.00022750000000000003 0.71428391959799009 229.50000000000003 0.23500000000000001 0.52250000000000008 9.5063726092495511 0.00024450000000000003 0.00055172825949169953 0.40250000000000014 -0.00058949999999999985 271.50000000000006 1.6975000000000002 193.50000000000003 0.00036659188653234031 0.00010450000000000001 0.00044650000000000007 -1.4499999999999998e-05 0.00014011726048724998
decision_type=2 2 2 2 2 2 2 2 2 2 2 2 2 2 2 2 2 2 2 2 2 2 2 2 2 2 2 2 2 2
left_child=2 3 5 -2 -3 6 -1 21 28 -6 24 12 13 29 -13 19 17 18 -11 -16 -10 22 -7 -14 -4 26 -17 -25 -9 -5
right_child=1 4 10 11 9 7 -8 8 20 16 -12 14 23 -15 15 25 -18 -19 -20 -21 -22 -23 -24 27 -26 -27 -28 -29 -30 -31
leaf_value=0.032893358127666403 0.049342827302065448 0.034143109826686079 -0.039512140340766215 0.025537250996374449 -0.061380333874067522 0.0335338625309567 -0.052503174502348905 -0.045353908468658437 -0.031503837308007293 -0.0089529108328650232 -0.062338084527904854 0.045974463841361175 0.02423903167689748 -0.003736533888150562 0.04722430418504632 -0.039019134285670852 0.011316488114687422 0.047349986577902452 0.036041931338029173 -0.033743987460677929 0.0098331108431177414 -0.027436287051642947 -0.040382781234395843 -0.018528578255903136 -0.059641874418222621 0.044679336252416123 0.031717107009910268 0.04101486817712232 -0.012838874387420538 0.042251269895159531
leaf_weight=23.801046893000603 1057.152710750699 149.12498034536839 293.39840477705002 217.88710910081863 20.31199948489666 37.030131921172142 218.5694909542799 98.228105947375298 40.294777199625969 582.18408159911633 879.56526553630829 642.98371130228043 89.349708318710327 54.13815875351429 12.688130319118498 15.594631388783453 442.43966569006443 24.898813426494598 35.784754708409309 36.570481836795807 240.68335720896721 1029.1812782734632 26.300198420882225 83.770925894379616 199.33280718326569 155.41787156462669 41.59765750169754 14.118672013282774 68.843912288546562 480.25106309354305
leaf_count=97 4348 607 1181 893 82 151 880 396 163 2357 3528 2639 366 221 52 63 1799 102 146 149 979 4161 106 342 801 637 170 58 279 1969
internal_value=5.39327e-05 0.0292805 -0.0384452 0.0398376 0.00486806 -0.0241129 -0.0441171 -0.0209657 -0.00946698 0.000919461 -0.0570662 0.0343894 0.0285741 0.0341007 0.0404274 0.0268073 0.00208543 -0.00426765 -0.00634739 -0.012888 0.00390502 -0.0256814 0.00283732 0.00636976 -0.0476556 0.0360041 0.0124294 -0.00994059 -0.0319557 0.0370349
internal_weight=7311.49 4156.27 3155.23 2901.52 1254.74 1782.93 242.371 1540.56 448.05 1105.62 1372.3 1844.37 939.516 752.276 904.852 261.869 1085.31 642.868 617.969 49.2586 280.978 1092.51 63.3303 187.239 492.731 212.61 57.1923 97.8896 167.072 698.138
internal_count=29722 17000 12722 11907 5093 7212 977 6235 1817 4486 5510 7559 3849 3083 3710 1071 4404 2605 2503 201 1142 4418 257 766 1982 870 233 400 675 2862
is_linear=0
shrinkage=0.03


Tree=3
num_leaves=31
num_cat=0
split_feature=6 6 7 19 7 19 2 7 19 10 19 2 20 20 7 2 19 19 19 18 20 20 20 20 20 20 18 2 19 10
split_gain=8290.65 1632.23 366.428 187.745 159.717 205.962 136.051 133.135 125.665 95.8723 79.1627 99.1724 62.9472 125.164 81.2672 60.6908 167.58 49.4382 74.7632 79.9906 57.5513 54.8701 51.0491 119.554 51.706 52.1389 48.8262 48.7503 53.6861 47.8715
threshold=0.53500000000000014 0.33500000000000008 0.56500000000000006 11.592568089168777 0.43500000000000005 12.314070181031335 0.00024450000000000003 0.17500000000000002 12.290914587621277 9.5063726092495511 10.755708985594238 -0.00013349999999999997 1.4205000000000003 1.5965000000000003 0.76500000000000012 1.2500000000000001e-05 11.76381646919714 10.822514536657533 11.745322071852017 0.4239427860696518 1.1955000000000002 1.9955000000000003 1.4265000000000001 1.3235000000000003 2.0285000000000006 1.8275000000000003 0.60099502487562206 0.00034750000000000004 10.626533269018243 6.2173044549968255
decision_type=2 2 2 2 2 2 2 2 2 2 2 2 2 2 2 2 2 2 2 2 2 2 2 2 2 2 2 2 2 2
left_child=1 7 -2 12 8 6 9 -1 17 10 -6 -12 -4 14 27 -13 -17 29 22 20 -20 -22 23 -19 25 -24 -5 28 -14 -3
right_child=2 4 3 26 5 -7 -8 -9 -10 -11 11 15 13 -15 -16 16 -18 18 19 -21 21 -23 24 -25 -26 -27 -28 -29 -30 -31
leaf_value=-0.060326238623165017 0.0097203263147584776 -0.016700204989351736 0.043818729335801859 0.026638886277827803 -0.0016532261926215728 0.034367944300720488 0.038606023927162933 -0.043211349780318258 -0.048330701518653339 0.038992677366813402 -0.00010506932443328574 -0.03714712430364147 -0.018117963985739172 0.030613369556499594 -0.059688698705984693 -0.034655533239606073 0.018546322417117386 0.028683147708693013 0.024375270821523045 0.010365157588669714 -0.041804673872168151 -0.0090169293149613122 0.0025704825361674523 -0.055766592578199672 -0.017882227564410307 0.039041080953321108 0.045550673501099911 0.047361240871847607 0.020344533264902868 -0.039624209506945562
leaf_weight=881.59546387195587 462.70287148654461 183.46069787442684 193.61817325651646 132.29044641554356 335.33394885063171 106.30761381983757 50.565580025315285 763.1644391566515 136.20539209246635 32.362633377313614 172.2425277531147 243.2505519837141 63.757315471768379 689.54360796511173 17.262716218829155 149.62518313527107 82.758253142237663 23.299373686313629 16.461640894412994 53.452333346009254 183.05077035725117 61.325724735856056 135.76195754110813 42.80586065351963 72.473221316933632 47.665619879961014 1724.6053939163685 24.931876748800278 66.965332597494125 148.22526869177818
leaf_count=3528 1885 742 798 547 1357 435 207 3063 547 133 699 980 261 2835 71 605 337 95 67 217 736 248 549 172 293 194 7144 103 276 598
internal_value=5.51592e-05 -0.0296137 0.0345204 0.0384597 -0.0131626 -0.00545134 -0.00942183 -0.052385 -0.0213506 -0.0118131 -0.0134854 -0.0196097 0.0283606 0.0248903 0.00206828 -0.0266729 -0.0157089 -0.0175542 -0.0126592 -0.023068 -0.0299193 -0.0335767 -0.00249973 -0.0260015 0.00357134 0.0120478 0.0442033 0.00891738 0.00158523 -0.0269446
internal_weight=7297.07 3921.39 3375.68 2912.97 2276.63 1172.45 1066.14 1644.76 1104.19 1015.57 983.21 647.877 1056.08 862.461 172.917 475.634 232.383 967.982 636.297 314.29 260.838 244.376 322.006 66.1052 255.901 183.428 1856.9 155.655 130.723 331.686
internal_count=29722 15802 13920 12035 9211 4753 4318 6591 4458 4111 3978 2621 4344 3546 711 1922 942 3911 2571 1268 1051 984 1303 267 1036 743 7691 640 537 1340
is_linear=0
shrinkage=0.03


Tree=4
num_leaves=31
num_cat=0
split_feature=6 6 4 4 4 4 7 6 6 3 19 3 2 4 6 7 4 4 4 4 4 3 2 4 4 4 4 4 4 4
split_gain=7826.32 1533.33 749.133 748.268 402.254 467.539 350.626 193.241 192.96 185.982 181.064 174.596 152.261 129.737 129.657 126.167 144.461 150.517 197.882 120.86 213.164 98.9614 95.3723 91.8658 377.253 91.6516 261.697 90.5632 96.5935 227.194
threshold=0.53500000000000014 0.33500000000000008 0.00035950000000000006 0.00079050000000000008 0.00069750000000000009 0.00049950000000000005 0.56500000000000006 0.42500000000000004 0.50250000000000006 -2.4999999999999994e-06 11.571486743141977 0.00019550000000000001 -0.00017449999999999999 0.00040550000000000004 0.38500000000000006 0.17500000000000002 0.00035650000000000005 0.00054650000000000011 0.00063050000000000009 0.00053750000000000011 0.00054950000000000018 -6.5499999999999979e-05 -0.00035849999999999993 0.0006705000000000002 0.0008045000000000002 0.0006085000000000001 0.00059750000000000005 0.00024400000000000005 0.00065550000000000016 0.00086700000000000004
decision_type=2 2 2 2 2 2 2 2 2 2 2 2 2 2 2 2 2 2 2 2 2 2 2 2 2 2 2 2 2 2
left_child=1 15 8 4 5 12 13 19 -3 -10 27 22 14 21 -4 -1 -17 -18 -19 -7 -21 -2 -9 -15 -25 26 -22 -8 -29 -30
right_child=6 2 3 -5 -6 7 10 11 9 -11 -12 -13 -14 23 -16 16 17 18 -20 20 25 -23 -24 24 -26 -27 -28 28 29 -31
leaf_value=-0.058493467125922405 0.01999544967791874 0.046399555949544563 -0.0443292238301543 0.039177324489856828 -0.059342493196188215 -0.050310731790160573 -0.021481410333289715 -0.03626056128557914 -0.04908003164779963 0.048661622231809025 0.04314794621408944 -0.035381312613622568 -0.042490089776818403 0.02743099272859615 0.037528692675175376 0.028408039128927885 -0.05647694934435947 -0.0041386518046499189 -0.050638625396955891 0.050224766534266996 -0.032616517943847567 -0.039868452121892418 0.0192844793582626 -0.068569928965306531 0.052700192112116503 -0.052718106980397264 0.054147925249450092 0.033311921012353141 -0.020904944615409888 0.049838116646562403
leaf_weight=881.9325510263443 38.089584231376648 217.52380381524563 29.699472516775131 178.96064853668213 264.12512144446373 93.828281089663506 32.940931990742683 29.972825512290001 43.78675177693367 29.208130091428757 1866.4872415661812 71.688956826925278 616.84400480985641 260.13216124475002 42.101586624979973 25.467719823122025 407.4165877699852 152.48746599256992 179.10959923267365 43.285359844565392 122.7703842073679 71.516824901103973 387.53487382829189 45.768801018595695 46.586352691054344 64.380265474319458 41.986306488513947 823.91180934011936 98.704503461718559 69.715069845318794
leaf_count=3528 155 895 119 735 1058 376 134 121 176 120 7797 289 2475 1065 172 103 1630 613 717 177 493 289 1577 186 190 258 170 3412 401 291
internal_value=5.60594e-05 -0.0287044 -0.0127607 -0.0193391 -0.0251305 -0.0192784 0.0337067 -0.00446705 0.0322364 -0.00996974 0.0375843 0.00787031 -0.0376773 0.00944134 0.00366935 -0.0507615 -0.0418416 -0.0442625 -0.0292553 -0.0209459 -0.010832 -0.019065 0.0152969 0.0183054 -0.00739811 -0.022366 -0.0105056 0.0274557 0.0290801 0.00837822
internal_weight=7277.96 3924.11 2277.7 1987.18 1808.22 1544.09 3353.85 855.447 290.519 72.9949 2891.76 489.197 688.645 462.094 71.8011 1646.41 764.481 739.014 331.597 366.251 272.422 109.606 417.508 352.487 92.3552 229.137 164.757 1025.27 992.331 168.42
internal_count=29722 15802 9211 8020 7285 6227 13920 3461 1191 296 12035 1987 2766 1885 291 6591 3063 2960 1330 1474 1098 444 1698 1441 376 921 663 4238 4104 692
is_linear=0
shrinkage=0.03


Tree=5
num_leaves=31
num_cat=0
split_feature=5 7 12 0 0 3 0 7 3 5 2 7 2 5 0 7 3 2 3 6 2 3 3 5 5 0 2 3 3 0
split_gain=7793.27 991.605 763.544 165.428 146.36 105.161 95.8292 155.825 106.697 79.6433 122.548 96.5751 77.4087 99.2395 71.5314 90.8338 70.8503 149.836 73.964 122.1 122.018 94.6519 81.0974 70.5569 62.2262 62.2498 61.5602 59.3593 70.5023 69.2199
threshold=-5.1543600863118536e-05 0.56500000000000006 0.69500000000000006 154.50000000000003 129.50000000000003 0.0006085000000000001 140.50000000000003 0.44500000000000006 6.1500000000000018e-05 0.00031332263833958079 0.00024450000000000003 0.70500000000000007 -7.4999999999999985e-06 -0.00013587301088691776 229.50000000000003 0.76500000000000012 -0.00020449999999999996 -0.00049549999999999996 4.4500000000000004e-05 0.54500000000000015 -0.00015349999999999996 0.00018250000000000002 0.00039550000000000007 0.00055172825949169953 3.6206421779989941e-05 155.50000000000003 -3.9499999999999991e-05 0.00022750000000000003 4.6500000000000005e-05 204.50000000000003
decision_type=2 2 2 2 2 2 2 2 2 2 2 2 2 2 2 2 2 2 2 2 2 2 2 2 2 2 2 2 2 2
left_child=2 4 5 -3 -2 6 7 -1 12 10 11 -5 -8 -14 -11 -16 17 -6 19 20 -18 26 -23 -17 25 -22 -20 28 -12 -29
right_child=1 3 -4 9 16 -7 8 -9 -10 14 27 -13 13 -15 15 23 18 -19 21 -21 24 22 -24 -25 -26 -27 -28 29 -30 -31
leaf_value=-0.048988022488373591 0.033659299833778876 0.046759417594217055 -0.052371245714064034 0.033566816901795513 -0.056133152782272967 0.048638307974801606 -0.02101727562631249 0.026811338439542136 -0.03971016351952799 0.043688345189185754 0.039478255464785936 -0.0089315214565615052 -0.016385345070090072 0.020981971117362497 0.033611199867977039 0.047437890222001157 0.02311724811980807 0.039164963285576261 -0.0082331926351599735 0.021676428408701529 -0.062200657692974969 -0.019117651152616773 0.035906826582885 -0.032346433183561292 -0.038990070203681504 -0.0083011458186792609 0.024961120911245777 -0.012747646430016199 -0.030250375311830679 0.041357718623974755
leaf_weight=220.09096854925156 142.09089638292789 1021.2466086894274 1373.4965930879116 705.82937756180763 17.652444899082184 18.486935213208199 996.91397252678871 27.453586846590042 220.34248362481594 618.95730170607567 16.360480532050133 51.645464405417442 180.70402584969997 99.013804912567139 215.04666934907436 13.626712575554846 61.846062138676643 93.491506963968277 64.236767396330833 95.462645143270493 21.204698950052261 146.54719032347202 28.852922096848488 37.23354198038578 131.18083156645298 212.9723094701767 231.46559485793114 35.778860703110695 64.503130063414574 52.51903210580349
leaf_count=882 585 4316 5502 2949 71 76 4024 113 888 2603 68 213 730 404 896 57 253 382 261 391 85 593 119 152 529 861 948 149 265 218
internal_value=-4.49134e-05 0.0272908 -0.0356014 0.0371039 0.00499912 -0.0225366 -0.0232909 -0.0405816 -0.0204316 0.0316605 0.0255136 0.0306692 -0.0171042 -0.00315816 0.0380976 0.0250841 0.00131344 0.0240292 -0.00122711 -0.00899734 -0.0158517 0.00739361 -0.0100662 -0.0109703 -0.0224482 -0.0131817 0.0177502 0.00242733 -0.0161427 0.0194339
internal_weight=7216.25 4079.75 3136.5 2832.75 1247 1763.01 1744.52 247.545 1496.97 1811.5 926.636 757.475 1276.63 279.718 884.864 265.907 1104.91 111.144 993.769 522.667 427.204 471.102 175.4 50.8603 365.358 234.177 295.702 169.162 80.8636 88.2979
internal_count=29583 16964 12619 11886 5078 7117 7041 995 6046 7570 3862 3162 5158 1134 3708 1105 4493 453 4040 2119 1728 1921 712 209 1475 946 1209 700 333 367
is_linear=0
shrinkage=0.03


Tree=6
num_leaves=31
num_cat=0
split_feature=5 7 4 4 7 4 4 0 4 4 4 4 2 0 4 4 4 4 4 6 2 7 4 5 5 4 4 3 2 9
split_gain=7356.09 947.906 844.912 853.413 297.851 211.148 499.826 194.908 191.114 342.39 197.7 308.376 212.946 160.555 144.127 614.549 138.021 147.953 117.256 115.094 107.382 102.306 85.6466 110.396 102.58 167.841 203.371 197.368 87.6607 88.5321
threshold=-5.1543600863118536e-05 0.56500000000000006 0.00035250000000000006 0.00079050000000000008 0.32500000000000007 0.00063850000000000007 0.00053150000000000018 120.50000000000001 0.00017650000000000003 0.00024400000000000005 0.00035650000000000005 0.00045650000000000004 -0.00014049999999999997 154.50000000000003 0.00069250000000000008 0.00077900000000000007 0.00060050000000000001 0.00061150000000000017 0.00055150000000000002 0.46500000000000002 0.00019150000000000002 0.50250000000000006 0.00024400000000000005 0.00029359255759256751 0.00030870333195225324 0.00066350000000000014 0.00079050000000000008 -0.00027349999999999993 0.00015250000000000005 6.591172918845472
decision_type=2 2 2 2 2 2 2 2 2 2 2 2 2 2 2 2 2 2 2 2 2 2 2 2 2 2 2 2 2 2
left_child=2 8 7 4 -4 6 -6 -1 -2 -10 -11 12 -12 -3 -13 -16 18 -18 21 -19 -20 -8 23 -15 25 28 27 -27 -24 -30
right_child=1 13 3 -5 5 -7 16 -9 9 10 11 14 -14 22 15 -17 17 19 20 -21 -22 -23 24 -25 -26 26 -28 -29 29 -31
leaf_value=-0.061693621922604809 0.049885451870797751 0.045881465584121588 -0.050349124127703933 0.029987332524247068 -0.042994858237134691 -0.051237960810840193 0.033789518501507056 0.051704585676862848 -0.064073748578848566 0.051633433068557312 0.03944715425553276 0.021776648994179408 -0.031609492647401066 0.041594713325415984 -0.062334330305995868 0.046394920445194249 0.049453508773382185 -0.058903603654599276 -0.029572544541510055 0.046541029632644046 0.046269567595549219 -0.058687906258586366 0.037447146201859037 -0.064778628643428565 0.039151505821583804 0.034985793015987379 0.048572671100131422 -0.063992144068442502 0.024605758787823461 -0.018949403369395795
leaf_weight=15.393340259790419 79.425504878163338 1009.7384029775858 1573.2540811300278 158.09013600647449 521.41170606017113 335.16064301133156 70.456410795450211 119.86139483749866 66.953712701797485 78.651340007781982 43.929296642541885 509.4893923997879 279.24645866453648 16.40642449259758 95.385720461606979 91.821999877691269 86.264704093337059 25.428625762462616 184.06309330463409 14.70312264561653 18.489409312605858 12.708388462662695 494.75024688243866 18.891430929303169 874.88449349999428 26.147482007741928 39.663499161601067 59.147131457924843 216.71764320135117 52.09847204387188
leaf_count=62 332 4316 6312 647 2091 1344 288 493 270 324 180 2083 1125 68 383 381 353 102 740 60 75 52 2084 76 3701 108 168 241 907 217
internal_value=-4.14073e-05 0.0266489 -0.034547 -0.0378538 -0.0416276 -0.0308124 -0.0234791 0.0387987 0.00485863 0.00179013 0.00580445 0.00227017 -0.0219508 0.0363079 0.0135055 -0.0090046 0.00121252 0.0273153 -0.0103349 -0.0202717 -0.0226495 0.0196581 0.0309335 -0.0153364 0.0318597 0.0246799 -0.00755132 -0.03365 0.0299545 0.0161645
internal_weight=7188.63 4053.35 3135.29 3000.03 2841.94 1268.69 933.525 135.255 1244.9 1165.48 1098.52 1019.87 323.176 2808.45 696.697 187.208 412.114 126.396 285.717 40.1317 202.553 83.1648 1798.71 35.2979 1763.41 888.524 124.958 85.2946 763.566 268.816
internal_count=29583 16964 12619 12064 11417 5105 3761 555 5078 4746 4476 4152 1305 11886 2847 764 1670 515 1155 162 815 340 7570 144 7426 3725 517 349 3208 1124
is_linear=0
shrinkage=0.03


Tree=7
num_leaves=31
num_cat=0
split_feature=12 6 4 4 4 4 11 4 1 7 3 7 3 1 2 7 4 4 4 4 4 4 4 4 4 3 6 4 4 4
split_gain=6665.63 1303.3 663.553 629.806 337.465 446.304 286.268 274.457 169.223 164.297 157.523 122.652 210.607 259.797 112.167 105.926 111.206 134.965 167.714 107.756 135.495 104.591 103.233 102.276 473.916 121.014 141.838 93.0243 319.676 91.1987
threshold=0.46500000000000002 0.33500000000000008 0.00035950000000000006 0.00079050000000000008 0.00069750000000000009 0.00053150000000000018 0.43500000000000005 0.00055250000000000015 0.51166666666666683 0.49750000000000005 -2.4999999999999994e-06 0.41500000000000004 -0.00013649999999999998 0.74500000000000011 -0.00015049999999999997 0.17500000000000002 0.00035650000000000005 0.00054650000000000011 0.00062850000000000004 0.0005995000000000001 0.0005725000000000002 0.00056150000000000004 0.00040550000000000004 0.0006705000000000002 0.00079050000000000008 -0.00044349999999999994 0.91500000000000015 0.00062850000000000004 0.0008045000000000002 0.00079050000000000008
decision_type=2 2 2 2 2 2 2 2 2 2 2 2 2 2 2 2 2 2 2 2 2 2 2 2 2 2 2 2 2 2
left_child=6 15 9 4 5 11 8 -7 -1 -3 -11 -4 13 -13 -14 -2 -17 -18 19 20 21 -19 -8 -10 25 -25 -27 -24 -29 -20
right_child=1 2 3 -5 -6 7 22 -9 23 10 -12 12 14 -15 -16 16 17 18 29 -21 -22 -23 27 24 -26 26 -28 28 -30 -31
leaf_value=0.045121248350685143 -0.054206282437373146 0.044463173124744473 -0.046922357286901598 0.037345687988668483 -0.054664799750813793 0.033845370044174733 -0.016086752019893385 -0.010481420614351863 0.032738460307268472 -0.045674073998951119 0.048300369668046898 0.04948658680866462 0.028520104496173971 -0.034211408416873285 -0.037862339236471379 0.023136801475093349 -0.052385590685765225 -0.025630490247342447 -0.053489616185819197 0.03766721085770159 -0.060071938594074954 0.057779578009074774 0.02728422967797289 0.029336188283029779 0.047399537688588025 -0.059085172319564262 0.047227883704836937 -0.057345237325269881 0.050142768650603811 0.010165040187718844
leaf_weight=985.09016336500645 870.06118804216385 211.55290041863918 316.81239129602909 169.41741038858891 261.50459925830364 166.91794222593307 108.33706955611706 509.27567136287689 1544.262652978301 41.419872865080833 26.212896227836609 69.461940199136734 24.326458796858788 64.248963639140129 393.09183886647224 25.168733388185501 411.27193428575993 30.22972846031189 159.24080240726471 43.199028268456459 41.718909040093422 24.492209404706955 248.28892587125301 24.289950519800186 159.35320347547531 87.148168638348579 12.976071089506148 53.150129646062851 46.853785008192062 23.209204807877541
leaf_count=4262 3508 886 1269 704 1048 686 439 2058 6555 166 110 283 100 258 1576 102 1652 121 639 173 167 98 1026 101 686 352 56 214 195 93
internal_value=-3.76867e-05 -0.0266139 -0.0118407 -0.0179602 -0.0231494 -0.0178121 0.0315216 0.000460618 0.035098 0.0314507 -0.00925175 -0.032048 -0.0234976 0.00926915 -0.0339937 -0.0470625 -0.0388683 -0.0409963 -0.0264535 -0.0017087 -0.0193465 0.0117018 0.0094892 0.0296966 0.0131428 -0.0307341 -0.045307 0.0174446 -0.00698501 -0.0453922
internal_weight=7152.58 3882.83 2254.24 1975.06 1805.64 1544.14 3269.75 676.194 2813.12 279.186 67.6328 867.942 551.129 133.711 417.418 1628.59 758.531 733.362 322.09 139.64 96.4408 54.7219 456.63 1828.03 283.767 124.414 100.124 348.293 100.004 182.45
internal_count=29583 15697 9144 7982 7278 6230 13886 2744 12012 1162 276 3486 2217 541 1676 6553 3045 2943 1291 559 386 219 1874 7750 1195 509 408 1435 409 732
is_linear=0
shrinkage=0.03


Tree=8
num_leaves=31
num_cat=0
split_feature=5 7 4 4 7 4 4 1 4 4 4 4 3 1 4 4 4 4 6 4 2 7 20 20 4 5 5 4 4 3
split_gain=6597.56 860.269 755.599 759.591 267.768 190.304 445.258 180.959 174.212 314.757 184.011 280.752 199.544 152.036 131.88 139.354 131.662 550.166 108.283 103.619 101.12 96.4515 85.484 171.503 82.4223 104.092 97.947 151.31 182.764 176.053
threshold=-5.1543600863118536e-05 0.56500000000000006 0.00035250000000000006 0.00079050000000000008 0.32500000000000007 0.00063850000000000007 0.00053150000000000018 0.40166666666666673 0.00017650000000000003 0.00024400000000000005 0.00035650000000000005 0.00045650000000000004 -0.00012249999999999997 0.51500000000000012 0.00060050000000000001 0.00061150000000000017 0.00069250000000000008 0.00077900000000000007 0.46500000000000002 0.00055150000000000002 0.00019150000000000002 0.50250000000000006 1.8225000000000002 2.0235000000000007 0.00024400000000000005 0.00029359255759256751 0.00030870333195225324 0.00066350000000000014 0.00079050000000000008 -0.00027349999999999993
decision_type=2 2 2 2 2 2 2 2 2 2 2 2 2 2 2 2 2 2 2 2 2 2 2 2 2 2 2 2 2 2
left_child=2 8 7 4 -4 6 -6 -1 -2 -10 -11 12 -12 -3 19 -16 -13 -18 -17 21 -21 -8 -14 -24 25 -15 27 -26 29 -29
right_child=1 13 3 -5 5 -7 14 -9 9 10 11 16 22 24 15 18 17 -19 -20 20 -22 -23 23 -25 26 -27 -28 28 -30 -31
leaf_value=-0.059735758210797074 0.048187995977529742 0.044279169707130653 -0.04772642511521593 0.028483157541740682 -0.040607900305808561 -0.048569245514357866 0.032115820927524276 0.049806494277633992 -0.061252399542992525 0.050226121167853618 0.033524466028196753 0.020975893016373769 -0.045506846278501122 0.039974630669926882 0.048386131288038356 -0.056818628263696401 -0.058753587376110368 0.044595358531908082 0.045651838447093175 -0.028345129839598911 0.045383547854803946 -0.057597268035531973 0.044866721046296465 -0.035183618088928593 0.028505693155555473 -0.063682668465237513 0.037694524807941929 0.033683280831431815 0.046873672990622992 -0.060024180312105602
leaf_weight=15.339640051126478 77.773130506277084 984.87341925501823 1561.8134608119726 156.49886605143547 521.14817340672016 334.67222812771797 69.69995704293251 117.81434655189514 67.116341292858124 77.536955550312996 51.187226727604866 506.57229255139828 156.32244430482388 16.162718430161476 85.566566705703735 25.429948270320892 95.452798590064049 90.131440013647079 14.615435317158697 184.39529064297676 18.413842007517815 12.759993195533751 34.220949679613113 81.342262834310532 752.4015434384346 18.931094571948051 859.09392194449902 25.861518681049347 38.693905636668205 59.694020748138428
leaf_count=62 332 4316 6312 647 2091 1344 288 493 270 324 209 2083 629 68 353 102 383 381 60 740 75 52 140 327 3208 76 3701 108 168 241
internal_value=-3.46842e-05 0.0254989 -0.0327349 -0.035854 -0.0394137 -0.0291643 -0.0221964 0.037187 0.00472173 0.00180721 0.00568025 0.00227811 -0.0208134 0.0348304 0.00115622 0.0267694 0.0130564 -0.0085608 -0.0194198 -0.010122 -0.021651 0.0182335 -0.0310435 -0.0114789 0.0295753 -0.0159425 0.0304956 0.0234409 -0.00722948 -0.0316985
internal_weight=7111.54 3993.37 3118.17 2985.01 2828.51 1266.7 932.029 133.154 1237.66 1159.88 1092.77 1015.23 323.073 2755.71 410.881 125.612 692.157 185.584 40.0454 285.269 202.809 82.46 271.886 115.563 1770.84 35.0938 1735.74 876.651 124.249 85.5555
internal_count=29583 16964 12619 12064 11417 5105 3761 555 5078 4746 4476 4152 1305 11886 1670 515 2847 764 162 1155 815 340 1096 467 7570 144 7426 3725 517 349
is_linear=0
shrinkage=0.03


Tree=9
num_leaves=31
num_cat=0
split_feature=6 6 4 4 4 4 7 4 0 7 3 7 3 0 4 4 4 3 4 2 7 4 4 4 4 4 4 2 4 4
split_gain=5987.26 1170.08 597.866 564.713 302.94 401.308 264.616 247.992 156.744 147.728 140.137 110.662 194.999 240.802 108.445 331.156 151.96 126.162 152.33 102.817 101.847 98.9023 127.979 161.656 101.138 127.522 98.4213 87.8942 80.7051 360.241
threshold=0.53500000000000014 0.33500000000000008 0.00035950000000000006 0.00079050000000000008 0.00069750000000000009 0.00053150000000000018 0.59500000000000008 0.00055250000000000015 157.50000000000003 0.49750000000000005 -2.4999999999999994e-06 0.41500000000000004 -0.00013649999999999998 223.50000000000003 0.00079050000000000008 0.00066350000000000014 0.00048150000000000005 -5.6499999999999998e-05 0.00023550000000000001 -0.00015049999999999997 0.17500000000000002 0.00035650000000000005 0.00054650000000000011 0.00062850000000000004 0.0005995000000000001 0.0005725000000000002 0.00056150000000000004 -0.00049549999999999996 0.0006705000000000002 0.0008045000000000002
decision_type=2 2 2 2 2 2 2 2 2 2 2 2 2 2 2 2 2 2 2 2 2 2 2 2 2 2 2 2 2 2
left_child=1 20 9 4 5 11 14 -7 -8 -3 -11 -4 13 -13 15 16 17 18 -2 -14 -1 -22 -23 24 25 26 -24 -17 -10 -30
right_child=6 2 3 -5 -6 7 8 -9 28 10 -12 12 19 -15 -16 27 -18 -19 -20 -21 21 22 23 -25 -26 -27 -28 -29 29 -31
leaf_value=-0.051774570036966581 -0.064940957611499622 0.042795899145536415 -0.044502170501190735 0.035782506520583054 -0.051858824334204121 0.032453334443844441 0.044707751064694913 -0.0098489693968008257 0.031955107599001081 -0.042934984295266668 0.046494627435713691 0.048319676561681221 0.027736255070403615 -0.032398724286354603 0.04732599383184137 0.025271430135584836 0.032907725502126617 -0.010528372265641869 0.043100040902187574 -0.036009416601689839 0.022016261675913609 -0.049834432610082316 -0.023422821599554396 -0.043200743553878949 0.037902677663722364 -0.056852393534012668 0.057489232742530108 -0.061251393500678951 -0.032309423647049147 0.045896359159128451
leaf_weight=860.0264879912138 13.411557495594023 207.32075047492981 315.8158918172121 166.95774032175541 259.80998963117599 165.23319292068481 943.0895868986845 508.75096869468689 1257.7534864842892 41.016481846570969 25.62063904106617 68.943132951855659 24.173192694783211 64.271659314632416 84.54429404437542 12.623212680220602 323.94780422747135 201.25741116702557 94.514540448784828 392.95869407057762 24.990177854895592 407.68407845497131 30.237701639533043 181.17370346188545 43.194770976901054 41.707513764500618 24.487428739666939 64.862044394016266 93.338538974523544 122.68964418768883
leaf_count=3508 54 886 1269 704 1048 686 4188 2058 5433 165 110 283 100 258 365 53 1372 839 399 1576 102 1652 121 732 173 167 98 260 382 542
internal_value=-3.16671e-05 -0.0252403 -0.0112145 -0.0169976 -0.0218933 -0.0168384 0.0302182 0.000521815 0.0351572 0.0303063 -0.00855109 -0.0303468 -0.0222237 0.00937576 0.0152062 0.0113848 0.0185492 0.00350506 0.0296742 -0.0323153 -0.0447197 -0.0366672 -0.0386803 -0.0245052 -0.000246823 -0.017335 0.0127823 -0.0471559 0.0290456 0.0121063
internal_weight=7066.41 3854.37 2240.87 1966.91 1799.96 1540.15 3212.03 673.984 2416.87 273.958 66.6371 866.163 550.347 133.215 795.161 710.617 633.131 309.184 107.926 417.132 1613.5 753.475 728.485 320.801 139.627 96.4326 54.7251 77.4853 1473.78 216.028
internal_count=29583 15696 9143 7982 7278 6230 13887 2744 10545 1161 275 3486 2217 541 3342 2977 2664 1292 453 1676 6553 3045 2943 1291 559 386 219 313 6357 924
is_linear=0
shrinkage=0.03


Tree=10
num_leaves=31
num_cat=0
split_feature=5 18 4 4 7 0 4 4 4 4 3 4 4 19 4 4 2 4 4 4 6 5 19 20 20 18 5 20 4 4
split_gain=5785.76 785.978 676.948 682.301 263.2 189.292 183.074 413.366 160.484 274.449 180.392 186.071 279.495 147.207 145.977 180.154 141.927 126.228 376.318 116.001 115.667 114.67 118.396 110.269 132.629 109.202 106.03 89.1639 81.1268 104.637
threshold=-5.1543600863118536e-05 0.56566326530612254 0.00035250000000000006 0.00079050000000000008 0.31500000000000006 120.50000000000001 0.00063850000000000007 0.00053150000000000018 0.00017650000000000003 0.00024400000000000005 -0.00014349999999999999 0.00048250000000000002 0.00035950000000000006 11.592568089168777 0.00060050000000000001 0.00061150000000000017 -0.00058949999999999985 0.00069250000000000008 0.00077900000000000007 0.00058850000000000016 0.46500000000000002 -9.8873813511010089e-06 11.174960111751354 1.6345000000000003 2.1195000000000008 0.2975000000000001 0.00025179732831286068 1.7185000000000004 0.00024400000000000005 0.00022900000000000001
decision_type=2 2 2 2 2 2 2 2 2 2 2 2 2 2 2 2 2 2 2 2 2 2 2 2 2 2 2 2 2 2
left_child=2 8 5 4 -4 -1 7 -6 -2 -10 16 12 -12 28 19 -16 -11 21 -19 27 -17 22 -13 -14 -25 -5 -15 -9 29 -3
right_child=1 13 3 25 6 -7 -8 14 9 10 11 17 23 26 15 20 -18 18 -20 -21 -22 -23 -24 24 -26 -27 -28 -29 -30 -31
leaf_value=-0.058294149973182156 0.046694323442026134 0.047847651737646622 -0.045796418436205612 -0.057721991280257096 -0.038659051970258977 0.048149219735632846 -0.046707807313990532 -0.018163788290774186 -0.058141310537417591 -0.051684457037613353 0.041827834952930486 0.031581926490742873 -0.040366911976803033 0.024922202673213167 0.048175140242265019 -0.053495399347885365 0.036496021235623698 -0.055873333729924271 0.043126530413245483 -0.037611641999859183 0.043556863156733364 0.03446923144456758 -0.056301294845925783 0.018310044362426139 -0.032040371888431868 0.034900901112653059 0.042631929643652242 0.020786010984881056 0.025590050802625466 -0.062820385016983976
leaf_weight=17.207006186246872 75.235765963792801 12.150710329413412 1468.7318014651537 12.451654374599455 551.44135342538357 119.18356058001518 334.03852480649948 107.33588781952858 65.553473860025406 17.880459398031235 67.410327583551407 26.726090341806412 193.15156741440296 396.14281792938709 97.475648269057274 33.804316341876984 202.11443302035332 74.664062634110451 64.329929351806641 104.40841922163963 16.420562416315079 224.20944178104401 28.517672747373581 89.674022331833839 99.13662014901638 143.28882236778736 1311.8373682200909 104.29112659394741 959.57341651618481 20.941290438175201
leaf_count=70 329 52 6008 50 2222 509 1349 436 264 73 287 110 779 1744 406 136 846 301 278 419 68 933 116 365 400 601 5867 427 4143 84
internal_value=-6.24367e-05 0.0241349 -0.0306331 -0.0336306 -0.0370089 0.0347203 -0.0274429 -0.0211039 0.0042419 0.00147267 0.0050651 -0.00108587 -0.0144907 0.0331848 -0.000228678 0.0243923 0.029329 0.0133097 -0.0100537 -0.0117354 -0.0217651 0.0249301 -0.0137847 -0.0244301 -0.00812687 0.0274956 0.0385244 0.00103092 0.0239974 -0.0221853
internal_weight=7039.33 3929.25 3110.08 2973.69 2817.95 136.391 1349.22 1015.18 1228.6 1153.37 1087.81 867.82 449.373 2700.65 463.736 147.701 219.995 418.447 138.994 316.035 50.2249 279.453 55.2438 381.962 188.811 155.74 1707.98 211.627 992.665 33.092
internal_count=29672 16971 12701 12122 11471 579 5463 4114 5081 4752 4488 3569 1831 11890 1892 610 919 1738 579 1282 204 1159 226 1544 765 651 7611 863 4279 136
is_linear=0
shrinkage=0.03


Tree=11
num_leaves=31
num_cat=0
split_feature=5 7 12 0 0 3 5 0 7 3 20 20 3 7 19 7 3 3 3 7 3 7 3 3 5 0 3 19 3 12
split_gain=5482.92 751.068 584.597 145.12 108.658 99.6722 83.797 79.5661 108.238 92.6787 96.5899 102.77 79.4757 78.4805 75.4934 130.929 64.9276 107.128 64.1081 59.2357 58.0648 139.387 57.7718 56.8777 56.4938 48.5757 73.6153 47.686 46.7132 103.218
threshold=-5.1543600863118536e-05 0.56500000000000006 0.69500000000000006 148.50000000000003 129.50000000000003 0.0006085000000000001 0.00031332263833958079 136.50000000000003 0.44500000000000006 5.7500000000000009e-05 1.7655000000000001 2.1295000000000006 -0.00029649999999999994 0.70500000000000007 11.220009710816717 0.76500000000000012 -0.00020449999999999996 -0.00054549999999999987 0.00052300000000000014 0.17500000000000002 9.1500000000000015e-05 0.78500000000000014 5.3500000000000006e-05 -2.8499999999999998e-05 -0.00022813781424958939 199.50000000000003 -0.00019649999999999998 12.019411681254288 4.4500000000000004e-05 0.45500000000000007
decision_type=2 2 2 2 2 2 2 2 2 2 2 2 2 2 2 2 2 2 2 2 2 2 2 2 2 2 2 2 2 2
left_child=2 4 5 -3 -2 7 13 8 22 10 12 23 -9 27 15 -8 17 -6 -17 -4 21 -16 -1 -12 -24 26 -21 -5 29 -18
right_child=1 3 19 6 16 -7 14 9 -10 -11 11 -13 -14 -15 20 18 28 -19 -20 25 -22 -23 24 -25 -26 -27 -28 -29 -30 -31
leaf_value=-0.050076647529568946 0.029016715906518633 0.042678907488960582 -0.049715965710101104 0.026044570491250009 -0.037589640919409605 0.042699495534063235 0.031373581208136575 -0.032101927160878098 0.028563312748787286 -0.034715697008709037 0.015708485692133935 -0.019142227476926742 -0.01287601348454178 -0.010009970038506823 0.037541326001784683 0.023346081071114449 0.021375721219858167 0.036845125205807072 -0.046721906357006043 -0.016417713205943575 0.043917760979842776 -0.043715581876716023 0.028042184718186786 -0.021784032707992174 -0.049260435851333655 -0.048968216710369682 -0.046133388329027969 0.0011407234217495582 0.0054748108100835316 -0.013871551266702619
leaf_weight=168.19018088281155 141.00515329837799 864.19343960285187 843.55610649287701 767.40692245960236 21.516642153263092 23.580288723111153 198.17202106118202 306.01547947525978 21.096253037452698 224.7474017739296 219.0694140791893 198.06454817950726 526.3462849855423 66.67834360897541 89.325795859098434 18.064908564090729 90.755358591675758 90.995068967342377 33.630276814103127 173.26124615967274 526.83054935932159 24.132697612047195 18.586564883589745 43.67671163380146 15.692001923918722 178.9299790263176 132.34097950160503 76.057338759303093 461.68085926771164 424.6038059592247
leaf_count=686 604 3946 3496 3340 88 102 866 1242 90 916 908 809 2152 281 399 79 381 383 140 704 2364 107 76 179 64 735 542 334 1921 1738
internal_value=-5.92433e-05 0.0236211 -0.0298787 0.0325737 0.00423637 -0.0185656 0.0277229 -0.0193952 -0.0361041 -0.0169342 -0.0138439 -0.00282459 -0.0199444 0.021322 0.0342676 0.0202821 0.0010294 0.0226103 -0.0222366 -0.0449142 0.0397253 0.0202579 -0.0428421 0.00947604 -0.00734532 -0.0365544 -0.0292861 0.0237989 -0.00145576 -0.00766446
internal_weight=6988.2 3895.05 3093.15 2664.49 1230.56 1765.07 1800.3 1741.48 223.565 1517.92 1293.17 460.811 832.362 910.143 890.156 249.867 1089.55 112.512 51.6952 1328.09 640.289 113.458 202.469 262.746 34.2786 484.532 305.602 843.464 977.04 515.359
internal_count=29672 16971 12701 11856 5115 7224 7910 7122 916 6206 5290 1896 3394 3955 3955 1085 4511 471 219 5477 2870 506 826 1087 140 1981 1246 3674 4040 2119
is_linear=0
shrinkage=0.03


Tree=12
num_leaves=31
num_cat=0
split_feature=5 18 4 4 18 4 4 0 4 4 3 4 4 4 0 2 4 4 4 5 19 20 20 6 6 4 5 4 4 4
split_gain=5191.11 721.607 633.152 636.469 240.219 182.174 414.694 176.706 152.303 257.394 166.442 173.472 263.74 145.328 142.614 131.831 119.196 354.917 109.75 107.551 112.094 103.361 124.141 100.82 96.3756 92.5767 83.7654 173.124 132.382 151.717
threshold=-5.1543600863118536e-05 0.56566326530612254 0.00035250000000000006 0.00079050000000000008 0.33250000000000007 0.00063850000000000007 0.00053150000000000018 120.50000000000001 0.00017650000000000003 0.00024400000000000005 -0.00014349999999999999 0.00048250000000000002 0.00035950000000000006 0.00060050000000000001 147.50000000000003 -0.00058949999999999985 0.00069250000000000008 0.00077900000000000007 0.00061150000000000017 -9.8873813511010089e-06 11.174960111751354 1.6345000000000003 2.1905000000000006 0.30500000000000005 0.46500000000000002 0.00058850000000000016 0.00031332263833958079 0.00024400000000000005 0.00065050000000000014 0.00079050000000000008
decision_type=2 2 2 2 2 2 2 2 2 2 2 2 2 2 2 2 2 2 2 2 2 2 2 2 2 2 2 2 2 2
left_child=2 8 7 4 -4 6 -6 -1 -2 -10 15 12 -12 25 -3 -11 19 -18 -15 20 -13 -14 -23 -5 -20 -8 28 -28 -16 -30
right_child=1 14 3 23 5 -7 13 -9 9 10 11 16 21 18 26 -17 17 -19 24 -21 -22 22 -24 -25 -26 -27 27 -29 29 -31
leaf_value=-0.055784427349684654 0.045762588746528811 0.042110388601055711 -0.043372102287615316 -0.054988914096378981 -0.037190587214677433 -0.04503307902201726 0.0023986879012358902 0.04746451906001542 -0.056472832391559251 -0.049936170652394085 0.040992090843376648 0.031080726799233349 -0.039068402878772689 0.046738713624816443 0.02578140668340495 0.035265388891473043 -0.054446794889365102 0.042203167378233028 -0.052246366039195358 0.033523122137960472 -0.054404980208114774 0.011964654939520083 -0.037741749538018399 0.034325317843755775 0.04289336825515002 -0.033557410574663021 -0.061127857001142316 0.035567549153578647 -0.023807146933074189 0.044689570093446304
leaf_weight=17.078081592917442 73.906567960977554 841.16265344619751 1516.9340087920427 12.362318336963652 515.74540530145168 326.22566048800945 205.0352741330862 117.97003237903118 65.379014477133751 17.802045717835426 66.766609773039818 26.632363393902779 193.07458712160587 92.608578607439995 767.4482549726963 199.59473910927773 74.247672721743584 63.389906659722328 23.212412223219872 222.31132078170776 28.662175580859184 113.46780298650265 75.182351410388947 142.41768890619278 16.319910913705826 93.988900020718575 16.989587739109993 870.53603745996952 107.48288577795029 39.908940777182579
leaf_count=70 329 3900 6292 50 2087 1326 836 509 264 73 287 110 779 391 3373 846 301 278 94 933 116 462 303 601 68 377 68 3922 446 181
internal_value=-5.64005e-05 0.0231018 -0.0291099 -0.0320228 -0.0353077 -0.025699 -0.0190382 0.0344077 0.00402107 0.00133032 0.00482583 -0.00107957 -0.0140162 0.00267519 0.0319106 0.0282885 0.0128928 -0.00993401 0.0288757 0.0242104 -0.0132312 -0.0236375 -0.00784473 0.0271918 -0.0129704 -0.00890299 0.0271503 0.0337165 0.0207802 -0.00526045
internal_weight=6943.84 3863.95 3079.9 2944.85 2790.07 1273.14 946.91 135.048 1220.42 1146.51 1081.13 863.735 448.491 431.165 2643.53 217.397 415.243 137.638 132.141 277.606 55.2945 381.725 188.65 154.78 39.5323 299.024 1802.37 887.526 914.84 147.392
internal_count=29672 16971 12701 12122 11471 5179 3853 579 5081 4752 4488 3569 1831 1766 11890 919 1738 579 553 1159 226 1544 765 651 162 1213 7990 3990 4000 627
is_linear=0
shrinkage=0.03


Tree=13
num_leaves=31
num_cat=0
split_feature=12 12 4 4 4 4 12 4 0 12 3 7 7 3 0 2 4 4 4 3 4 4 4 4 0 4 4 3 3 0
split_gain=4772.98 958.965 498.517 479.166 284.544 344.644 241.115 189.222 144.981 124.409 112.409 104.576 98.9667 175.845 226.229 100.167 97.19 265.601 131.944 123.974 114.354 96.2231 114.646 150.577 90.0384 84.1866 73.328 68.2244 83.7622 115.15
threshold=0.46500000000000002 0.66500000000000015 0.00035950000000000006 0.00079050000000000008 0.00069750000000000009 0.00053150000000000018 0.39500000000000007 0.00055250000000000015 152.50000000000003 0.49750000000000005 -2.4999999999999994e-06 0.18500000000000003 0.41500000000000004 -0.00013649999999999998 223.50000000000003 -0.00015049999999999997 0.0008045000000000002 0.00070550000000000007 0.00048150000000000005 -5.6499999999999998e-05 0.00023550000000000001 0.00035650000000000005 0.00054650000000000011 0.00063050000000000009 194.50000000000003 0.00079050000000000008 0.00024400000000000005 -0.00060349999999999998 7.4500000000000008e-05 135.50000000000003
decision_type=2 2 2 2 2 2 2 2 2 2 2 2 2 2 2 2 2 2 2 2 2 2 2 2 2 2 2 2 2 2
left_child=6 2 9 4 5 12 8 -7 -1 10 -2 -3 -4 14 -14 -15 17 18 19 20 -8 -13 -23 24 -24 -25 -10 -9 -29 -30
right_child=1 11 3 -5 -6 7 16 27 26 -11 -12 21 13 15 -16 -17 -18 -19 -20 -21 -22 22 23 25 -26 -27 -28 28 29 -31
leaf_value=0.042566953874107166 -0.03647468780331322 -0.047610297644051662 -0.041062586525672247 0.033886603264130559 -0.048955335512240232 0.029777268029565887 -0.059685392170984355 -0.057137456383397393 -0.020223390114503852 0.040662977925613651 0.042031669286943595 0.02454472292640026 0.04751115425127185 0.02691135409041634 -0.03047497192955469 -0.033277728364404499 0.044950116889552458 -0.057687963172158345 0.02729518690110155 -0.013210645557471538 0.039069255936826523 -0.045391746754151314 0.017137410015703455 -0.048865859711685826 -0.0341422733057722 0.012838223069088297 0.027827915437563362 0.002305764761465926 0.023255430185693236 -0.041190237453913064
leaf_weight=825.59343279898167 42.399797350168228 857.49973054230213 307.52625557780266 164.16090503334999 255.862209841609 159.2712242603302 11.966208070516585 23.863991320133209 29.155259922146797 197.60089814662933 26.783921003341675 26.043005988001823 69.710938528180122 26.580830603837967 64.409486338496208 389.94337455928326 78.175253301858902 48.987884059548378 350.10116609930992 203.36990973353386 89.361251100897789 374.47691231966019 101.19085329771042 142.99656684696674 44.310323759913445 23.117340326309204 1455.248392149806 362.16587024927139 33.055895760655403 101.79306079447269
leaf_count=3893 173 3621 1253 711 1054 671 48 96 121 876 120 108 291 110 260 1573 353 197 1519 854 389 1559 407 593 179 93 6526 1474 138 412
internal_value=-5.34831e-05 -0.0225976 -0.00993128 -0.0151723 -0.0196611 -0.0147887 0.027615 0.00116159 0.0324892 0.028541 -0.00608158 -0.0405536 -0.0274302 -0.0198167 0.0100594 -0.0294367 0.0132161 0.00969113 0.014732 0.00029676 0.0274069 -0.0320564 -0.0342049 -0.0207614 0.00152091 -0.0402788 0.0268841 -0.00758835 -0.00520927 -0.0253925
internal_weight=6886.72 3794.76 2225.13 1958.34 1794.18 1538.32 3091.96 680.15 2310 266.785 69.1837 1569.63 858.171 550.645 134.12 416.524 781.962 703.786 654.799 304.697 101.327 712.135 686.092 311.615 145.501 166.114 1484.4 520.879 497.015 134.849
internal_count=29672 15772 9212 8043 7332 6278 13900 2791 10540 1169 293 6560 3487 2234 551 1683 3360 3007 2810 1291 437 2939 2831 1272 586 686 6647 2120 2024 550
is_linear=0
shrinkage=0.03


Tree=14
num_leaves=31
num_cat=0
split_feature=12 6 6 0 7 7 19 2 19 3 20 3 3 0 14 3 20 20 3 3 2 0 19 0 19 7 2 3 6 3
split_gain=4531.87 915.411 232.985 143.086 101.567 95.8475 113.917 93.599 79.8007 70.3191 96.7295 69.0886 99.7979 89.4911 62.6143 60.7789 84.7616 97.7024 60.7666 75.3556 73.0135 69.3999 63.148 71.0532 56.8599 113.76 75.2789 70.4236 104.599 56.5348
threshold=0.46500000000000002 0.33500000000000008 0.60500000000000009 152.50000000000003 0.18500000000000003 0.43500000000000005 12.314070181031335 0.00024450000000000003 12.290914587621277 -0.00050549999999999998 1.7955000000000003 0.00018250000000000002 0.00034950000000000004 242.50000000000003 9.5068600269755219 -9.2499999999999985e-05 1.5915000000000001 1.7405000000000002 2.5000000000000002e-06 0.00017250000000000005 -0.00013549999999999996 274.50000000000006 10.755708985594238 174.50000000000003 11.145507301892543 0.76500000000000012 0.00032650000000000002 6.7500000000000014e-05 0.82500000000000007 -0.00041849999999999998
decision_type=2 2 2 2 2 2 2 2 2 2 2 2 2 2 2 2 2 2 2 2 2 2 2 2 2 2 2 2 2 2
left_child=2 4 11 -4 -2 8 7 14 29 10 -6 -1 13 -13 15 16 -7 -18 20 22 -17 -21 -20 -24 25 -5 -27 28 -26 -3
right_child=1 5 3 24 9 6 -8 -9 -10 -11 -12 12 -14 -15 -16 18 17 -19 19 21 -22 -23 23 -25 27 26 -28 -29 -30 -31
leaf_value=0.018164876812170959 -0.046721152864211635 -0.026415780590092714 0.04200699396348876 0.022503115588248315 -0.036913068658928308 0.023124817994822026 0.02793183050124206 0.033610071515864315 -0.038092181634092025 -0.035935633781763461 0.013729038569142647 0.0016981741514877182 0.028985012788796859 -0.048522481220225615 0.034299425725016694 0.014653225457274068 -0.042761233052406929 0.0046348920751221462 0.022934699062586904 -0.039206791244412058 -0.032429183544201941 0.014119732025284116 0.015858399310662217 -0.020692498876942252 0.020534653872301429 -0.062013544052199582 0.016154059554946528 0.034683508140085015 -0.07057579716375742 -0.0090431473715373908
leaf_weight=575.82449573278427 847.75114022195339 219.31571482121944 811.71077661216259 421.37059071660042 68.778045609593391 105.66925373673439 94.53957237303257 49.939049929380417 130.3947077691555 571.25570531189442 67.025292605161667 87.912559688091278 63.145969808101654 50.152140662074089 29.858988016843796 34.183040931820869 58.013655260205269 120.34337823092937 82.371165096759796 96.977851867675781 223.21263751387596 28.395322546362877 73.239432036876678 138.16616795957088 220.14123013615608 25.237881943583488 19.7774268835783 773.36089095473289 11.956457167863844 728.87616173923016
leaf_count=2493 3621 901 3893 1869 285 435 417 217 542 2379 275 376 282 207 132 143 238 502 343 395 912 115 319 569 995 105 87 3539 54 3032
internal_value=-5.13539e-05 -0.0220763 0.0270665 0.0318948 -0.0397187 -0.00968387 -0.00359805 -0.00646321 -0.0160875 -0.0313228 -0.0119188 0.012877 -0.00225599 -0.0165445 -0.00848376 -0.00981366 0.00183302 -0.0107815 -0.0147032 -0.0076575 -0.0261765 -0.0271291 0.000652246 -0.00802979 0.0263181 0.0176604 -0.0276707 0.030334 0.0158411 -0.0130614
internal_weight=6828.9 3768.31 3060.59 2283.56 1554.81 2213.5 1134.91 1040.37 1078.59 707.059 135.803 777.035 201.211 138.065 990.431 960.572 284.026 178.357 676.546 419.15 257.396 125.373 293.777 211.406 1471.84 466.386 45.0153 1005.46 232.098 948.192
internal_count=29672 15772 13900 10542 6560 9212 4737 4320 4475 2939 560 3358 865 583 4103 3971 1175 740 2796 1741 1055 510 1231 888 6649 2061 192 4588 1049 3933
is_linear=0
shrinkage=0.03


Tree=15
num_leaves=31
num_cat=0
split_feature=5 7 18 0 0 0 7 3 3 20 20 3 3 5 2 7 0 7 7 3 0 3 3 3 3 3 2 2 5 3
split_gain=4511.05 688.697 475.245 130.659 102.418 81.2961 93.6176 67.7463 78.352 83.2647 96.444 73.5438 59.0986 56.0631 108.099 83.0979 65.43 99.7352 55.2801 53.2037 77.9372 57.7485 79.4302 51.9084 50.9347 50.9276 50.581 75.8659 67.2243 50.4471
threshold=-5.1543600863118536e-05 0.56500000000000006 0.2975000000000001 154.50000000000003 129.50000000000003 137.50000000000003 0.44500000000000006 0.0006085000000000001 7.8500000000000011e-05 1.7405000000000002 2.1295000000000006 -2.8499999999999998e-05 -0.00028849999999999997 0.00031332263833958079 0.00024450000000000003 0.70500000000000007 230.50000000000003 0.76500000000000012 0.17500000000000002 0.00045150000000000002 192.50000000000003 0.00020950000000000002 4.6500000000000005e-05 -0.00082049999999999994 6.1500000000000018e-05 0.00052300000000000014 -0.00013349999999999997 -1.0499999999999999e-05 -7.7184320916221994e-05 -0.00020449999999999996
decision_type=2 2 2 2 2 2 2 2 2 2 2 2 2 2 2 2 2 2 2 2 2 2 2 2 2 2 2 2 2 2
left_child=2 4 18 -3 -2 6 24 8 9 12 11 23 -7 14 15 -5 -15 -18 -1 20 -16 22 -22 -11 -4 -19 28 -28 -14 -6
right_child=1 3 5 13 29 7 -8 -9 -10 10 -12 -13 26 16 19 -17 17 25 -20 -21 21 -23 -24 -25 -26 -27 27 -29 -30 -31
leaf_value=-0.046041374276543527 0.027933702164618983 0.039953231526385205 -0.046528067825349011 0.028416651425031931 0.019515015914004948 -0.029157207095250149 0.025336750338706738 0.041816076296943873 -0.032843528028421297 -0.031016550304815888 -0.018793355847314071 -0.023116546016130064 -0.0070432297433456244 0.037121189586556233 -0.061284697828735746 -0.01200135176366641 0.027909566441589116 0.032237483014933739 -0.033125469158179072 0.040894436317200869 0.045551979640058943 0.025399757034042746 -0.033315368003203505 0.020694021707392141 -0.0064585637896519034 -0.039772228850380058 -0.030876760763430006 -0.0018381320305867865 0.045012671320264423 -0.0019872177177221043
leaf_weight=804.25627315044403 134.71880783140659 895.84731140732765 173.98163989186287 653.11910040676594 109.26869037747383 294.24606782197952 21.840006425976753 18.915781557559967 198.85494308173656 19.097599506378174 193.80274185538292 52.626739740371704 157.69059973955154 555.75063490867615 21.260929211974144 49.231638059020042 188.95929284393787 11.902097061276434 474.01138304173946 22.958626985549927 14.547486633062361 50.609557047486305 54.737330794334412 205.14490696787834 34.156812503933907 34.348416954278946 202.03863097727299 135.12884086370468 26.009512916207314 969.42010127007961
leaf_count=3481 595 4357 728 2941 468 1210 96 86 821 79 798 218 651 2606 90 210 855 54 1990 104 66 223 232 864 142 143 828 564 106 4057
internal_value=-4.93231e-06 0.0218791 -0.027374 0.0307224 0.00327106 -0.0171408 -0.0337522 -0.0146 -0.0153188 -0.0126085 -0.00256191 0.00879976 -0.0184097 0.025733 0.0204614 0.0255835 0.0315079 0.0182448 -0.0412519 -0.00145964 -0.00834844 0.00103877 -0.0167559 0.0162901 -0.0399524 -0.0212413 -0.0123382 -0.0192388 0.000327199 0.000190909
internal_weight=6778.48 3766.68 3011.8 2553.27 1213.41 1733.53 229.978 1503.56 1484.64 1285.79 470.672 276.869 815.114 1657.43 866.465 702.351 790.96 235.21 1278.27 164.114 141.155 119.894 69.2848 224.243 208.138 46.2505 520.868 337.167 183.7 1078.69
internal_count=29663 17001 12662 11881 5120 7191 966 6225 6139 5318 1959 1161 3359 7524 3866 3151 3658 1052 5471 715 611 521 298 943 870 197 2149 1392 757 4525
is_linear=0
shrinkage=0.03


Tree=16
num_leaves=31
num_cat=0
split_feature=12 12 4 4 4 4 7 2 0 12 18 7 4 4 4 2 4 4 4 4 4 4 0 4 4 4 4 7 4 4
split_gain=4169.79 816.815 456.72 458.29 242.962 329.619 221.671 144.276 140.313 124.804 123.836 94.8218 97.413 110.586 153.362 91.1204 87.3478 87.1541 115.227 104.207 74.6074 155.42 75.661 139.482 102.758 71.8415 314.03 177.77 86.5525 162.303
threshold=0.46500000000000002 0.66500000000000015 0.00035950000000000006 0.00079050000000000008 0.00069750000000000009 0.00049550000000000017 0.56500000000000006 -0.00016749999999999998 153.50000000000003 0.55500000000000016 0.49750000000000005 0.17500000000000002 0.00035650000000000005 0.00054650000000000011 0.00063050000000000009 -2.4999999999999994e-06 0.00040550000000000004 0.0005995000000000001 0.0005725000000000002 0.0005595000000000001 0.00053550000000000006 0.00054950000000000018 240.50000000000003 0.00060950000000000012 0.00059850000000000018 0.00066350000000000014 0.00079050000000000008 0.79500000000000015 0.00054750000000000013 0.00052250000000000007
decision_type=2 2 2 2 2 2 2 2 2 2 2 2 2 2 2 2 2 2 2 2 2 2 2 2 2 2 2 2 2 2
left_child=6 2 10 4 5 7 16 -4 -8 -7 -2 -3 -13 -14 17 -12 -1 18 19 -15 -11 -22 23 24 -23 28 27 -27 29 -10
right_child=1 11 3 -5 -6 9 8 -9 25 20 15 12 13 14 -16 -17 -18 -19 -20 -21 21 22 -24 -25 -26 26 -28 -29 -30 -31
leaf_value=-0.016270374513493096 0.039716939307865365 -0.045260940325566199 0.0092813038887612949 0.033203577600956838 -0.046230140806208568 0.0098556400089608153 0.039535267741088474 -0.035063831092039414 0.029099831767323999 -0.033301345668609768 -0.042521051896941678 0.027740424262455966 -0.043252791682327131 -0.02711682247271158 -0.038994025171333692 0.027207019208820654 0.014452672434320284 0.033602168018598631 -0.050845097772463169 0.054932146153456304 0.044853934332989828 -0.0064346580846446179 -0.036264693615293012 -0.045576135204788801 0.048713991044619695 -0.036172203117326683 0.04243029120024977 0.043286834706858131 0.037441957124719531 -0.0011940915188284982
leaf_weight=110.43043713271618 195.21415847539902 793.73916898667812 74.21908538043499 165.5454039722681 252.68994787335396 409.53181982040405 869.83981786668301 598.46507830917835 666.08031834661961 120.13312132656574 33.51550304889679 25.150114774703979 382.23700177669525 27.522389099001884 169.49571292102337 33.956130400300026 338.80847632884979 52.900081560015678 43.243600621819496 28.211305007338524 46.944622576236725 85.958312258124352 92.78565813601017 50.292335748672485 47.05299337208271 118.29518038034439 147.59529320895672 32.248638823628426 506.57172152400017 209.14720025658607
leaf_count=453 877 3481 312 724 1057 1696 4305 2443 3046 494 139 104 1631 112 715 150 1451 213 177 113 199 346 374 207 194 489 713 152 2344 952
internal_value=-3.60108e-06 -0.0211846 -0.00952066 -0.0145386 -0.0189836 -0.01447 0.0263316 -0.0301711 0.0297551 -0.00208361 0.0276073 -0.0380871 -0.0302737 -0.0323473 -0.0193765 -0.00742933 0.00690043 0.00251664 -0.0140975 0.0144148 -0.0131167 -0.00561023 -0.0141909 -0.00301742 0.0130743 0.0246911 0.0113352 -0.0191509 0.0275728 0.0218607
internal_weight=6727.82 3728.8 2206.3 1943.62 1778.07 1525.38 2999.02 672.684 2549.78 852.699 262.686 1522.5 728.76 703.61 321.373 67.4716 449.239 151.877 98.9773 55.7337 443.167 323.034 276.089 183.304 133.011 1679.94 298.139 150.544 1381.8 875.228
internal_count=29663 15758 9212 8046 7322 6265 13905 2755 12001 3510 1166 6546 3065 2961 1330 289 1904 615 402 225 1814 1320 1121 747 540 7696 1354 641 6342 3998
is_linear=0
shrinkage=0.03


Tree=17
num_leaves=31
num_cat=0
split_feature=12 6 7 0 7 18 0 19 3 3 0 18 3 10 19 3 19 3 3 0 3 0 19 3 10 19 0 19 7 3
split_gain=3962.64 782.464 214.536 138.299 92.7741 85.3102 83.2517 77.3651 68.1979 64.3222 57.4202 69.2295 53.8813 65.7273 57.4885 85.7558 49.2394 47.6649 54.1348 42.9971 41.3256 64.3658 64.4012 79.0321 40.9185 39.2097 38.9036 37.2293 75.4524 62.9809
threshold=0.46500000000000002 0.33500000000000008 0.56500000000000006 153.50000000000003 0.17500000000000002 0.42183882567361219 196.50000000000003 11.064244873272976 -0.00049549999999999996 -0.0001615 124.50000000000001 0.45250000000000007 -9.2499999999999985e-05 9.5167421226290205 12.051002376275353 -0.00041849999999999998 11.890237977685723 0.00018250000000000002 0.00033950000000000007 242.50000000000003 1.0000000180025095e-35 274.50000000000006 11.882846293338767 0.00017250000000000005 9.4032469590326944 10.732083035126044 190.50000000000003 10.777058649347916 0.76500000000000012 6.7500000000000014e-05
decision_type=2 2 2 2 2 2 2 2 2 2 2 2 2 2 2 2 2 2 2 2 2 2 2 2 2 2 2 2 2 2
left_child=2 4 17 -4 -2 6 24 9 -6 -8 11 -7 14 20 15 -12 26 -1 19 -19 -14 22 23 25 -3 -22 -17 28 -5 -29
right_child=1 5 3 27 8 10 7 -9 -10 -11 12 -13 13 -15 -16 16 -18 18 -20 -21 21 -23 -24 -25 -26 -27 -28 29 -30 -31
leaf_value=0.012168809608767657 -0.044526237524983601 -0.030423391497718937 0.039041087878178671 0.01960991977173842 -0.010912657535477894 -0.024034428534751982 -0.027465158828656622 0.0066183683902302981 -0.034159928784331522 0.0022141889140332733 -0.03119506732220332 0.032189464542491088 -0.02129532869507347 0.043869758083504615 0.029133578205779491 0.05206876675686279 -0.050996893623836359 -0.0042750972488270625 0.029816873119531549 -0.048140087421842837 0.011736318530396441 0.018645443072785418 0.0079493385516702462 -0.040716550108059787 0.014506655660885621 -0.015907980359752705 0.0050166738719183484 0.014132335855318937 -0.035292394252421408 0.030421805540907496
leaf_weight=341.79032538831234 782.79650117456913 331.63216516375542 854.65468481183052 399.91386780142784 141.13662928342819 26.898411512374878 207.59181758761406 183.11178088188171 581.5015906393528 96.16297236084938 73.277074426412582 73.756500139832497 285.75553078949451 19.329143986105919 61.597354128956795 16.852847099304199 13.394195526838301 49.572026520967484 23.109519332647324 33.840897560119629 62.347112119197845 74.822947040200233 115.56281474232674 97.875947251915932 19.304577067494392 178.04392458498478 256.86105641722679 274.32053619623184 23.873496547341347 965.35290716588497
leaf_count=1459 3481 1393 4305 1809 590 115 861 768 2475 408 303 334 1185 88 267 70 55 205 103 137 258 313 503 402 81 741 1067 1263 101 4523
internal_value=-2.55302e-06 -0.0207144 0.0258284 0.0292326 -0.0373707 -0.00928637 -0.0168131 -0.00878417 -0.0296196 -0.0180692 -0.00463729 0.0171645 -0.00638486 -0.0108059 0.0023501 -0.00222776 0.00516542 0.00670783 -0.0108144 -0.0220713 -0.0121036 -0.00713514 -0.0113856 -0.017991 -0.0279518 -0.00873824 0.00791372 0.0241931 0.0165171 0.0268172
internal_weight=6666.04 3699.61 2966.43 2518.12 1505.43 2194.18 837.803 486.867 722.638 303.755 1356.37 100.655 1255.72 833.737 421.983 360.385 287.108 448.313 106.522 83.4129 814.408 528.653 453.83 338.267 350.937 240.391 273.714 1663.46 423.787 1239.67
internal_count=29663 15758 13905 12001 6546 9212 3511 2037 3065 1269 5701 449 5252 3490 1762 1495 1192 1904 445 342 3402 2217 1904 1401 1474 999 1137 7696 1910 5786
is_linear=0
shrinkage=0.03


Tree=18
num_leaves=31
num_cat=0
split_feature=5 4 4 5 5 4 4 19 1 19 4 4 4 5 19 4 4 4 4 5 19 3 7 4 3 3 6 4 3 3
split_gain=3893.33 800.58 575.562 338.87 294.601 252.728 238.485 202.833 170.311 146.729 140.867 132.597 387.921 173.804 207.269 132.326 131.308 216.053 292.109 125.87 122.125 107.059 106.661 105.204 153.738 98.5584 87.4216 82.6697 78.6125 75.2729
threshold=1.4552472781182321e-05 0.00035650000000000005 0.00079050000000000008 0.00020471719289691135 -0.00011978052045579703 0.00045350000000000007 0.00024400000000000005 11.064244873272976 0.39166666666666672 11.080310097464801 0.00050650000000000011 0.00063050000000000009 0.00056150000000000004 -0.00053993882297823483 11.145507301892543 0.00054250000000000012 0.00048250000000000002 0.00064150000000000003 0.00079050000000000008 -0.00024169522286432039 12.33865671454703 -0.00056249999999999996 0.76500000000000012 0.00066350000000000014 0.00035950000000000006 5.7500000000000009e-05 0.30500000000000005 0.00061150000000000017 -0.00010949999999999999 -7.2499999999999987e-05
decision_type=2 2 2 2 2 2 2 2 2 2 2 2 2 2 2 2 2 2 2 2 2 2 2 2 2 2 2 2 2 2
left_child=1 8 4 16 11 25 -5 15 -1 22 28 12 19 -14 -15 -7 20 -18 23 -3 -2 -21 -8 24 -19 -6 -4 -16 -9 -23
right_child=3 2 26 6 5 7 9 10 -10 -11 -12 -13 13 14 27 -17 17 18 -20 21 -22 29 -24 -25 -26 -27 -28 -29 -30 -31
leaf_value=-0.050316396228520653 -0.0036365074090734524 -0.044143853705070631 -0.050280531583291946 -0.047687394644229407 -0.04419078054776044 -0.011845188741147454 0.020997758669991717 0.051866491361671249 0.045327328628694132 0.036666628459279968 -0.03355479031276562 -0.046079412248164961 -0.035673429246223007 -0.0327050521346815 0.028836624702413247 0.032426934956991608 0.032159968315584118 0.044795566026195527 0.040448742046052553 0.050010096255471842 0.042777480408955786 -0.01536968071577058 -0.030738031920289528 -0.045363746875833666 -0.078577316946623912 0.026969506883703556 0.033076212540848873 -0.029192174130550592 -0.011682361495839592 -0.04835948200011736
leaf_weight=18.490732714533806 512.48298394680023 908.86416943371296 12.178768813610075 33.525546461343765 220.10338653624058 93.25555157661438 262.75128421187401 30.909856751561165 178.61237451434135 1596.9448482096195 191.00833150744438 632.25496427714825 121.41651770472527 86.025870889425278 194.38356603682041 174.37791772186756 467.90552008152008 31.980013906955719 87.296190932393074 17.622346833348274 56.662030071020126 189.47987027466297 41.533657878637314 103.38840109109879 12.700604841113089 19.031695574522018 161.2387363165617 24.929057762026787 40.44082447886467 92.701527893543243
leaf_count=80 2204 3979 51 137 911 380 1210 128 806 7886 790 2746 533 354 800 740 2128 146 414 72 275 795 176 426 56 79 702 103 165 391
internal_value=-1.71349e-06 -0.0223317 -0.0259349 0.0237218 -0.0289705 -0.0129261 0.03163 -0.00137472 0.0363548 0.0330287 -0.0201194 -0.0344122 -0.0299017 -0.00531263 0.00676021 0.0170005 0.0116971 0.0203668 -0.00307811 -0.0385836 0.000984302 -0.0217274 0.013936 -0.02874 0.00972644 -0.0385275 0.0272222 0.0222405 0.0158477 -0.0262074
internal_weight=6614.5 3407.33 3210.22 3207.17 3036.81 769.128 1934.76 529.992 197.103 1901.23 262.359 2267.68 1635.42 426.755 305.338 267.633 1272.42 703.271 235.365 1208.67 569.145 299.804 304.285 148.069 44.6806 239.135 173.418 219.313 71.3507 282.181
internal_count=29663 14605 13719 15058 12966 3193 9409 2203 886 9272 1083 9773 7027 1790 1257 1120 5649 3170 1042 5237 2479 1258 1386 628 202 990 753 903 293 1186
is_linear=0
shrinkage=0.03


Tree=19
num_leaves=31
num_cat=0
split_feature=5 4 4 12 5 4 19 0 4 4 4 4 6 4 4 0 4 2 4 5 4 4 0 4 3 0 6 5 3 2
split_gain=3701.05 761.059 546.262 328.222 283.31 239.683 191.391 162.687 152.231 132.736 128.458 374.054 239.287 134.754 125.294 122.154 121.362 116.414 113.277 94.9141 129.397 161.105 104.926 122.698 93.8701 91.766 83.0579 76.416 89.0358 75.6633
threshold=1.4552472781182321e-05 0.00035650000000000005 0.00079050000000000008 0.42500000000000004 -0.00011978052045579703 0.00045350000000000007 11.064244873272976 117.50000000000001 0.00040550000000000004 0.00050650000000000011 0.00063050000000000009 0.00059850000000000018 0.21500000000000002 0.00061150000000000017 0.00054250000000000012 154.50000000000003 0.00017650000000000003 -0.00013549999999999996 0.00053850000000000002 -0.00053993882297823483 0.0005725000000000002 0.00056150000000000004 235.50000000000003 0.00054850000000000005 7.4500000000000008e-05 195.50000000000003 0.30500000000000005 -0.00024169522286432039 -0.00056249999999999996 0.00024850000000000008
decision_type=2 2 2 2 2 2 2 2 2 2 2 2 2 2 2 2 2 2 2 2 2 2 2 2 2 2 2 2 2 2
left_child=1 7 4 15 10 24 14 -1 16 -8 11 18 -13 -14 -7 -2 -5 -18 27 -20 21 22 -21 -24 -6 -10 -4 -3 -29 -11
right_child=3 2 26 8 5 6 9 -9 25 29 -12 12 13 -15 -16 -17 17 -19 19 20 -22 -23 23 -25 -26 -27 -28 28 -30 -31
leaf_value=-0.049372047538279319 0.037966508991685008 -0.045834671049345292 -0.049295814368061332 0.043407740174990481 -0.042713575242730249 -0.011488465753563871 0.015435643165246775 0.044655483008176136 0.034277413967582555 -0.038147477721161387 -0.045280016141434509 -0.033452177812341347 0.04609102169046668 -0.023671421428082519 0.031631250865166882 0.023775202537717442 0.024949060311111181 -0.031657225319345311 -0.045568750135558639 -0.040956027761896795 -0.04197180888317617 0.04204521164831769 0.042734786323414445 -0.032031157712705892 0.032086032064274926 0.0069501217430278546 0.03237803974738656 0.045635535496109068 -0.031006760732929978 0.0317516202247103
leaf_weight=18.282217457890511 836.61550639569759 710.67223708331585 12.051303327083586 29.845639929175377 221.42349450290203 93.266468107700348 71.069644466042519 175.90160030126572 159.7483387440443 175.57654459774494 624.23573870956898 84.656361520290375 109.84027615189552 32.232224106788635 173.41605997085571 1570.9084571301937 40.166253641247749 175.84850107133389 115.66969464719296 78.760623425245285 100.30749064683914 57.958651766180992 42.41873973608017 36.973550856113434 16.204882219433784 359.42219746112823 159.7960256934166 14.473902031779287 237.27618534862995 15.139259666204451
leaf_count=80 4360 3159 51 143 923 380 293 806 711 727 2746 382 461 133 740 7419 174 723 515 338 409 234 179 151 67 1528 702 59 1007 63
internal_value=-6.8251e-07 -0.021856 -0.0253732 0.0232672 -0.0283417 -0.0125886 -0.00133636 0.0358029 0.0061495 -0.0195584 -0.0337163 -0.0292639 0.0064735 0.0302639 0.0165511 0.0287067 -0.0132971 -0.0211317 -0.0350743 -0.0223135 -0.0138123 -0.000742155 -0.0164225 0.00791576 -0.0376127 0.0153587 0.0266504 -0.0408034 -0.0266004 -0.0325988
internal_weight=6550.16 3377.6 3183.42 3172.55 3011.57 766.096 528.468 194.184 765.031 261.785 2245.48 1621.24 226.729 142.073 266.683 2407.52 245.86 216.015 1394.51 432.089 316.419 216.112 158.153 79.3923 237.628 519.171 171.847 962.422 251.75 190.716
internal_count=29663 14605 13719 15058 12966 3193 2203 886 3279 1083 9773 7027 976 594 1120 11779 1040 897 6051 1826 1311 902 668 330 990 2239 753 4225 1066 790
is_linear=0
shrinkage=0.03


Tree=20
num_leaves=31
num_cat=0
split_feature=5 11 4 4 4 4 2 2 3 7 4 4 4 4 4 4 5 4 2 4 20 5 4 6 4 5 4 3 5 7
split_gain=3512.44 628.638 437.74 411.676 145.342 231.361 135.785 132.468 128.543 128.046 140.786 419.438 193.137 122.462 429.204 119.513 111.516 191.635 131.175 103.831 107.118 85.1787 84.4289 73.9017 68.729 107.166 67.7601 77.9968 62.9739 70.3187
threshold=-8.3357940952685379e-05 0.43500000000000005 0.00079050000000000008 0.00035250000000000006 0.00017650000000000003 0.00045650000000000004 -0.00014049999999999997 5.4500000000000003e-05 -0.00024949999999999994 0.17500000000000002 0.0005325000000000001 0.00063050000000000009 0.00060050000000000001 0.00069250000000000008 0.00076950000000000011 0.00061150000000000017 0.00025967284697334879 0.00024400000000000005 0.00022750000000000003 0.0005725000000000002 1.7185000000000004 0.00011018836823092273 0.00035650000000000005 0.30500000000000005 0.00055850000000000008 -0.00030875188470025025 0.00048250000000000002 -0.00014549999999999999 -0.0002608444071302073 0.40500000000000008
decision_type=2 2 2 2 2 2 2 2 2 2 2 2 2 2 2 2 2 2 2 2 2 2 2 2 2 2 2 2 2 2
left_child=2 16 3 8 -3 6 -6 -8 -1 -5 -11 12 19 26 -15 -14 18 -18 -2 20 -12 -9 -23 -4 25 -22 27 -7 -25 -30
right_child=1 4 23 9 5 13 7 21 -10 10 11 -13 15 14 -16 -17 17 -19 -20 -21 24 22 -24 28 -26 -27 -28 -29 29 -31
leaf_value=-0.046912033588148341 0.024514569603559737 0.042773128942865009 -0.04844941956987938 -0.042733665678960135 0.021951916306620477 0.043249568721494283 -0.02955849889986328 0.03322750570266958 0.044690258584300681 -0.038020548611747265 -0.023270399111628558 -0.042453196579265072 0.044997502023022828 -0.05035653519170407 0.038624075220558912 -0.015092314292746654 -0.06066039293811365 0.033549848714641485 -0.0059004998599049736 -0.033747066250732573 -0.045939497125827067 0.043320126300511838 -0.049482642045252816 0.043746146732212804 0.042950013489702892 0.025847107657118954 0.023070155772945498 -0.010542042507788989 -0.065258472243707358 0.023411670862739715
leaf_weight=16.490091264247894 681.87722429633141 76.143492132425308 11.691495418548582 730.23081059753895 76.784489899873734 30.17017063498497 362.96237307786942 57.535304620862007 84.115080252289772 683.71981318295002 111.45627108216286 423.57970517873764 101.2217530310154 107.84725821018219 89.0918348133564 42.211452782154083 19.678728580474854 1551.1305341422558 157.00451721251011 142.9485956132412 29.909813433885574 12.416531607508658 30.48459355533123 93.176662310957909 53.355671986937523 50.008445039391518 446.87846267223358 123.84095439314842 11.141985833644865 28.999258354306221
leaf_count=72 3275 368 50 3399 332 138 1510 250 384 2953 462 1828 431 453 416 175 79 7847 720 585 132 52 123 405 216 208 1908 506 48 131
internal_value=1.30661e-05 0.018335 -0.0267862 -0.0297611 0.00245671 0.000162381 -0.0149984 -0.021121 0.0296758 -0.0322856 -0.027629 -0.0201869 -0.0024287 0.0104272 -0.0101032 0.0273135 0.0276533 0.0323696 0.0188221 -0.0134327 -0.00156692 0.00937092 -0.0226235 0.0238708 0.0165836 -0.00101939 0.017156 -4.47849e-06 0.030213 -0.00120046
internal_weight=6438.1 3823.85 2614.26 2469.25 1414.16 1338.01 540.183 463.399 100.605 2368.64 1638.41 954.692 531.112 797.829 196.939 143.433 2409.69 1570.81 838.882 387.679 244.73 100.436 42.9011 145.009 133.274 79.9183 600.89 154.011 133.318 40.1412
internal_count=29456 17977 11479 10845 6056 5688 2267 1935 456 10389 6990 4037 2209 3421 869 606 11921 7926 3995 1603 1018 425 175 634 556 340 2552 644 584 179
is_linear=0
shrinkage=0.03


Tree=21
num_leaves=31
num_cat=0
split_feature=5 11 4 4 4 4 19 2 0 7 4 4 4 2 4 4 4 5 4 20 4 5 4 4 6 4 4 4 5 4
split_gain=3341.45 602.386 416.72 391.801 139.382 218.717 138.649 128.202 127.549 126.408 134.781 400.652 182.793 124.895 115.746 408.771 113.626 105.7 98.1053 101.103 81.6156 86.2018 76.8275 182.938 70.2465 69.211 167.924 64.7817 101.886 64.2173
threshold=-8.3357940952685379e-05 0.43500000000000005 0.00079050000000000008 0.00035250000000000006 0.00017650000000000003 0.00045650000000000004 11.592568089168777 -0.00014049999999999997 137.50000000000003 0.17500000000000002 0.0005325000000000001 0.00063050000000000009 0.00060050000000000001 5.4500000000000003e-05 0.00069250000000000008 0.00076950000000000011 0.00061150000000000017 0.00025179732831286068 0.0005725000000000002 1.7185000000000004 0.00035650000000000005 0.00011018836823092273 0.00066350000000000014 0.00079050000000000008 0.30500000000000005 0.00042750000000000009 0.00035650000000000005 0.00055850000000000008 -0.00030875188470025025 0.00048350000000000004
decision_type=2 2 2 2 2 2 2 2 2 2 2 2 2 2 2 2 2 2 2 2 2 2 2 2 2 2 2 2 2 2
left_child=2 6 3 8 -3 7 -2 -6 -1 -5 -11 12 18 -9 29 -16 -14 22 19 -12 -15 -22 25 -24 -4 26 -8 28 -21 -7
right_child=1 4 24 9 5 14 17 13 -10 10 11 -13 16 20 15 -17 -18 -19 -20 27 21 -23 23 -25 -26 -27 -28 -29 -30 -31
leaf_value=-0.048780443756496761 0.018017981675080941 0.042244779614552495 -0.047585221419551904 -0.042148237112717382 0.021381135044463848 0.00014830574848550407 0.038279118378711653 -0.028749399719498268 0.044075819048425127 -0.037259481029841161 -0.022611699976877279 -0.041645789735210638 0.044038088557079656 0.043857544410194564 -0.049372468640955028 0.038014200864252119 -0.014666526148510823 0.037375178376053898 -0.032868000723875065 -0.0451845759643539 0.022655929244131699 -0.048075146644008471 -0.06839593298603415 0.040318214757366008 0.02956802587804323 0.032892845553783863 -0.055786822459336242 0.041789419420145447 0.025155111449564629 0.022547806802323163
leaf_weight=15.847685322165487 916.83224153518677 74.803206369280815 11.548861071467398 718.34220883250237 76.47401025891304 155.72950591146946 40.528035223484039 361.99650348722935 83.260914042592049 676.85905627906322 111.26488555967808 418.90876756608486 100.33750131726265 37.85274375975132 106.7139540463686 87.824747443199158 42.134968340396881 1118.2302233874798 142.37725514173508 29.503388151526451 31.615442052483559 30.4364283233881 27.778884530067444 27.944522932171822 132.1719526797533 219.08979643881321 29.52181738615036 53.1947241127491 49.845092326402664 442.50698386132717
leaf_count=70 4314 368 50 3399 332 653 212 1510 386 2953 462 1828 431 171 453 416 175 5901 585 132 131 123 114 147 584 1086 147 216 208 1899
internal_value=1.33233e-05 0.0179675 -0.0262755 -0.0291974 0.00239812 0.000158962 0.0271652 -0.0145975 0.0292279 -0.031669 -0.027035 -0.0197315 -0.00236658 -0.0205542 0.0101801 -0.00992164 0.0266767 0.0328972 -0.0130813 -0.00152641 0.00914042 -0.0120376 0.0183773 -0.0138773 0.0233683 0.0245934 -0.00136404 0.0161739 -0.000998623 0.0167169
internal_weight=6371.48 3785.88 2585.6 2441.88 1405.95 1331.15 2379.93 538.375 99.1086 2342.77 1624.43 947.567 528.658 461.901 792.775 194.539 142.472 1463.09 386.185 243.808 99.9046 62.0519 344.863 55.7234 143.721 289.14 70.0499 132.543 79.3485 598.236
internal_count=29456 17977 11479 10845 6056 5688 11921 2267 456 10389 6990 4037 2209 1935 3421 869 606 7607 1603 1018 425 254 1706 261 634 1445 359 556 340 2552
is_linear=0
shrinkage=0.03


Tree=22
num_leaves=31
num_cat=0
split_feature=6 6 4 4 4 4 4 4 0 4 4 7 3 0 7 3 6 4 4 20 20 3 4 4 7 3 20 0 19 19
split_gain=3014.5 637.857 408.039 400.438 208.708 255.323 187.269 178.608 169.568 154.306 538.164 106.417 140.727 130.477 97.1493 92.1188 116.344 91.4035 175.499 237.289 133.109 83.2164 76.5999 72.4215 94.5222 103.489 114.821 65.4556 57.9231 84.1005
threshold=0.53500000000000014 0.30500000000000005 0.00035950000000000006 0.00079050000000000008 0.00069750000000000009 0.0005325000000000001 0.00024400000000000005 0.00055250000000000015 147.50000000000003 0.0006705000000000002 0.00079050000000000008 0.41500000000000004 -0.00010549999999999999 225.50000000000003 0.49750000000000005 -0.00044349999999999994 0.91500000000000015 0.00054750000000000013 0.00052250000000000007 1.6345000000000003 1.3995000000000002 -2.4999999999999994e-06 0.00022900000000000001 0.00048250000000000002 0.62500000000000011 -2.8499999999999998e-05 1.5295000000000003 169.50000000000003 10.755708985594238 11.947101115099802
decision_type=2 2 2 2 2 2 2 2 2 2 2 2 2 2 2 2 2 2 2 2 2 2 2 2 2 2 2 2 2 2
left_child=1 -1 14 4 5 11 22 -7 -8 17 15 -4 13 -13 -3 -11 -17 18 23 20 -20 -16 -2 24 25 -10 28 -22 -27 -30
right_child=6 2 3 -5 -6 7 8 -9 9 10 -12 12 -14 -15 21 16 -18 -19 19 -21 27 -23 -24 -25 -26 26 -28 -29 29 -31
leaf_value=-0.036844220445726016 0.013446961758570197 0.037027310557225891 -0.03610125246452664 0.029450026407943308 -0.042627057904759451 0.027055770815995424 0.036217388006913438 -0.008629967489509156 0.032501972240379082 0.015216889203462813 0.040677382546892592 0.035708001348028644 -0.025404359492795302 -0.019699821861027093 -0.031631418737368452 -0.054731034377031113 0.04031695192975835 0.032672361857201279 0.042398661136271186 0.02594989003213247 0.018390236340485738 0.039220341258734949 -0.053969695177256548 0.040259032316169979 0.03112019303905493 -0.062657137577197417 0.015082460651653843 -0.058165675907905459 0.011316343476737271 -0.068539473029472803
leaf_weight=1152.0079330056906 24.881301805377007 190.44333164393902 397.50356383621693 175.28970186412334 265.16153326630592 162.96064455807209 778.07212033867836 559.98633621633053 100.16156467795372 26.047624632716179 156.98912554979324 78.440787047147751 377.97527198493481 74.653943091630936 40.666998356580734 128.74659629166126 12.737113460898398 604.9951463341713 16.720274776220322 109.94749826192856 11.380996659398077 23.564336359500885 38.855781242251396 198.08846753835678 307.34079495072365 31.93913060426712 114.89679490029812 86.0460564494133 40.288562506437302 16.826670616865158
leaf_count=5399 108 910 1728 799 1176 706 4218 2341 452 113 815 337 1570 309 171 524 67 2975 81 538 56 114 157 962 1533 133 516 389 186 73
internal_value=1.37582e-05 -0.018562 -0.00958698 -0.0139518 -0.0179211 -0.0139544 0.0231835 -0.000585988 0.0243655 0.0196681 0.000768388 -0.0243624 -0.015576 0.00868935 0.0262667 -0.0366293 -0.0461743 0.0234111 0.0179904 -0.00550475 -0.0358021 -0.00563827 -0.027652 0.0244943 0.0193871 0.00752941 -0.00473476 -0.0492228 -0.0303027 -0.0122099
internal_weight=6303.62 3498.65 2346.65 2091.97 1916.68 1651.52 2804.96 722.947 2741.22 1963.15 324.52 928.574 531.07 153.095 254.675 167.531 141.484 1638.63 1033.64 224.095 114.147 64.2313 63.7371 809.542 611.454 304.113 203.951 97.4271 89.0544 57.1152
internal_count=29456 15560 10161 8966 8167 6991 13896 3047 13631 9413 1519 3944 2216 646 1195 704 591 7894 4919 1064 526 285 265 3855 2893 1360 908 445 392 259
is_linear=0
shrinkage=0.03


Tree=23
num_leaves=31
num_cat=0
split_feature=5 5 4 4 4 19 4 4 5 20 20 7 4 4 4 0 4 4 20 4 4 11 5 2 6 7 5 5 4 5
split_gain=3038.94 556.199 377.593 357.727 250.759 142.332 131.957 334.352 232.308 135.322 184.444 124.674 127.657 400.096 148.327 119.907 107.278 92.2567 95.6153 89.9268 289 116.379 85.4415 152.293 82.3396 74.392 68.9095 66.0229 62.6936 93.6628
threshold=-8.3357940952685379e-05 0.00014316313560311988 0.00079050000000000008 0.00035250000000000006 0.00024400000000000005 11.046595074864699 0.00035950000000000006 0.00045350000000000007 0.00011764290977682919 1.8225000000000002 2.2205000000000008 0.17500000000000002 0.00063050000000000009 0.00060050000000000001 0.0005325000000000001 137.50000000000003 0.00061150000000000017 0.0005725000000000002 1.7185000000000004 0.00076950000000000011 0.00070550000000000007 0.38500000000000006 0.00025179732831286068 0.00021550000000000001 0.57500000000000007 0.75500000000000012 0.00031555551022095595 -0.00024169522286432039 0.00055850000000000008 -0.00030875188470025025
decision_type=2 2 2 2 2 2 2 2 2 2 2 2 2 2 2 2 2 2 2 2 2 2 2 2 2 2 2 2 2 2
left_child=2 6 3 15 -3 25 8 9 -2 -8 -11 -5 13 14 27 -1 -15 18 -16 20 21 -9 23 -7 -10 26 -6 -13 29 -20
right_child=1 4 -4 11 5 22 7 19 24 10 -12 12 -14 16 17 -17 -18 -19 28 -21 -22 -23 -24 -25 -26 -27 -28 -29 -30 -31
leaf_value=-0.047874489036787322 0.041828179598425073 -0.038744797809214221 0.022360122495452092 -0.041125591060304278 0.0053077011142437782 0.029216310593176111 -0.041477321597855568 -0.024425171306034978 -0.049420963486404408 0.028950924356857879 -0.040562645050091294 -0.044665523932047917 -0.040342113099025793 0.043436508740344631 -0.021760249898596293 0.043127115593993653 -0.013772786394465398 -0.031721969840980135 -0.044046750637455223 0.036931106507642641 -0.047311755126125336 0.015585393838411012 0.035786359141825569 -0.013598575869070742 0.040749274074822289 -0.024463642234067953 0.032959555876539648 -0.025672753015937768 0.041259008239805134 0.024044408818437155
leaf_weight=15.534215599298475 167.1011129617691 51.396579742431641 141.10575234889984 695.46574676036835 200.17650350928307 392.0377342402935 204.86776812374592 72.626390382647514 42.080267906188965 74.581556707620621 63.689467042684555 357.50222234427929 409.95263396203518 99.370084404945374 110.68333207070827 80.881197467446327 41.955163568258286 141.41594350337982 28.74872587621212 91.69504027068615 83.417784124612808 660.19375449419022 1316.5351565778255 92.392659574747086 11.634233862161635 45.23664091527462 136.36285506188869 305.48081542551517 53.07730521261692 49.463271513581276
leaf_count=70 820 214 634 3399 923 1914 867 336 176 319 266 1625 1828 431 462 386 175 585 132 456 364 2889 7078 424 61 195 675 1328 216 208
internal_value=1.51074e-05 0.0173199 -0.0253272 -0.0281432 0.0267532 0.0282955 0.00300133 -0.000772417 0.0243822 -0.0259999 -0.00306795 -0.0305233 -0.0259081 -0.0209259 -0.027325 0.0284652 0.0264528 -0.0124718 -0.00122143 0.00876191 0.00559742 0.0116201 0.0318226 0.0210505 -0.0298906 0.0116568 0.016512 -0.0359143 0.0160938 -0.000984156
internal_weight=6236.66 3706.03 2530.64 2389.53 2234.14 2182.74 1471.89 1251.07 220.816 343.139 138.271 2293.12 1597.65 1187.7 1046.37 96.4154 141.325 383.389 241.973 907.933 816.238 732.82 1800.97 484.43 53.7145 381.776 336.539 662.983 131.289 78.212
internal_count=29456 17977 11479 10845 11423 11209 6554 5497 1057 1452 585 10389 6990 5162 4556 456 606 1603 1018 4045 3589 3225 9416 2338 237 1793 1598 2953 556 340
is_linear=0
shrinkage=0.03


Tree=24
num_leaves=31
num_cat=0
split_feature=5 5 6 1 19 19 5 2 18 2 1 7 6 5 2 11 5 7 19 2 1 5 1 19 14 5 5 2 14 7
split_gain=2893.96 533.809 274.868 166.587 98.128 144.732 90.395 144.275 63.3447 56.5142 55.204 53.3601 49.0295 62.7359 45.0621 43.1763 84.0409 60.8394 71.1589 67.5656 46.7083 41.4418 47.7722 39.5398 37.8591 36.3707 68.4353 57.3026 40.4514 38.8042
threshold=-8.3357940952685379e-05 0.00014316313560311988 0.22500000000000003 0.72166666666666679 10.931328592086521 12.379807440954092 0.00025179732831286068 0.00015250000000000005 0.56250000000000011 0.00042050000000000003 0.43833333333333341 0.62500000000000011 0.51750000000000018 4.4113486317166673e-06 -2.2499999999999995e-05 0.30500000000000005 0.00034115068009396869 0.75500000000000012 11.191410800557977 0.00032650000000000002 0.84500000000000008 0.00016028393211208052 0.63833333333333353 12.459714363382007 6.0751046146446752 0.00011344991755191363 8.2943964010163425e-05 -0.00022349999999999998 9.5068600269755219 0.59500000000000008
decision_type=2 2 2 2 2 2 2 2 2 2 2 2 2 2 2 2 2 2 2 2 2 2 2 2 2 2 2 2 2 2
left_child=2 4 -1 6 12 11 7 -3 -5 21 14 25 13 -2 -4 16 24 -18 19 -19 -17 -9 -23 -16 -10 26 28 -27 -6 -29
right_child=1 3 10 8 5 -7 -8 9 15 -11 -12 -13 -14 -15 23 20 17 18 -20 -21 -22 22 -24 -25 -26 27 -28 29 -30 -31
leaf_value=-0.039021043774812345 0.012040135260224667 0.028556090372656155 -0.042917315660269746 -0.015641755056023741 -0.0079694427641875433 0.034351779951226631 0.035878651766973794 0.017332575894935035 0.013922842225250262 0.037003545416143022 -0.015709236185848761 -0.045861616942384935 0.01935573314892074 -0.020210592870711006 -0.0024304660070161715 0.032753854390750389 0.034474835627256915 -0.053765748944539227 0.033030507055282987 0.015006309785799305 0.011767729021106807 -0.058094675199739008 0.0060474840220522815 -0.043227020330075604 -0.045652960793533454 0.041266199572298115 0.025622792439140434 -0.035397605993129626 0.039224449844893206 0.011604938106411746
leaf_weight=826.94962927699089 175.9923804551363 307.34481044113636 132.5310055911541 60.351458176970482 531.94771471619606 81.654513865709305 1159.1864872276783 14.199781119823454 13.27436116337776 14.622884124517439 1444.3106273561716 31.543182209134102 354.0551642626524 78.49767678976059 64.454582363367081 198.23605018854141 81.228634506464005 29.268157705664635 32.426750972867012 22.929981499910355 184.08403815329075 37.98185832798481 14.417041867971419 31.994397297501564 34.682263448834419 12.09171126782894 66.883237347006798 93.588860720396042 16.863916754722595 19.020889177918434
leaf_count=4064 754 1528 607 256 2358 421 6404 70 59 71 6372 145 1605 331 292 974 409 123 164 105 873 171 67 144 149 57 305 402 84 92
internal_value=1.53548e-05 0.0169867 -0.0248716 0.0263098 0.00293175 -0.00363037 0.0316811 0.0191587 0.0136464 -0.0164013 -0.0178789 -0.00764806 0.0121363 0.00209237 -0.0315641 0.0166115 0.00581523 0.015929 -0.00187247 -0.0235551 0.0226492 -0.0281273 -0.0404466 -0.0159636 -0.0291624 -0.00602005 -0.00302766 -0.0207945 -0.00651927 -0.0274584
internal_weight=6166.61 3666.37 2500.24 2204.23 1462.14 853.594 1547.75 388.566 656.482 81.2216 1673.29 771.94 608.545 254.49 228.98 596.13 213.81 165.854 84.6249 52.1981 382.32 66.5987 52.3989 96.449 47.9566 740.396 615.695 124.701 548.812 112.61
internal_count=29456 17977 11479 11423 6554 3864 8311 1907 3112 379 7415 3443 2690 1085 1043 2856 1009 801 392 228 1847 308 238 436 208 3298 2747 551 2442 494
is_linear=0
shrinkage=0.03


Tree=25
num_leaves=31
num_cat=0
split_feature=5 5 4 4 4 4 4 5 4 3 4 4 7 4 4 4 4 4 20 3 4 20 20 4 5 3 6 5 2 4
split_gain=2819.97 542.017 357.269 377.049 171.984 128.78 321.941 159.985 198.702 147.391 126.719 285.18 114.317 126.4 343.111 106.164 172.512 102.804 116.088 94.4067 78.8043 69.6267 131.819 74.7692 69.4941 102.595 67.303 63.3435 160.466 78.6433
threshold=-8.3357940952685379e-05 0.00017032117254428046 0.00079050000000000008 0.00035250000000000006 0.00024400000000000005 0.00048250000000000002 0.00035950000000000006 0.00011764290977682919 0.00027250000000000006 -0.00020449999999999996 0.00065050000000000014 0.00076950000000000011 0.17500000000000002 0.00063750000000000015 0.00053850000000000002 0.00060050000000000001 0.00061150000000000017 0.0005725000000000002 1.7185000000000004 -0.00030149999999999996 0.00071250000000000013 1.8225000000000002 2.2205000000000008 0.00045350000000000007 -0.00024169522286432039 -0.00056249999999999996 0.30500000000000005 0.00030870333195225324 0.00024450000000000003 0.00065550000000000016
decision_type=2 2 2 2 2 2 2 2 2 2 2 2 2 2 2 2 2 2 2 2 2 2 2 2 2 2 2 2 2 2
left_child=2 5 3 19 -3 6 7 -2 -9 -8 -7 20 -5 14 24 17 -17 18 -16 -1 -12 23 -23 -11 -14 -26 -4 28 29 -6
right_child=1 4 26 12 27 10 9 8 -10 21 11 -13 13 -15 15 16 -18 -19 -20 -21 -22 22 -24 -25 25 -27 -28 -29 -30 -31
leaf_value=-0.045774941932409691 0.040963376777015184 -0.03894925524739782 -0.045935550082912592 -0.039870716447493279 0.032890745728098185 0.020363596781109355 0.044038737691585256 -0.04256644835320849 0.042597961938176769 -0.03967622040248954 -0.0074555824183799068 0.036880186219824668 -0.043778036240364186 -0.040434871624360817 -0.022829384394979026 0.042731206473584256 -0.018750651412049447 -0.031741500137616334 0.019311370323162991 0.042087234914170463 -0.04704081612643108 0.012788470640318596 -0.035213474253204341 -0.0081663631537702772 0.04802619894609772 -0.028563532443676716 0.028723391239869965 0.032837940607096126 -0.0072214537897069345 -0.0014602887102014731
leaf_weight=12.649120375514029 167.20546302199364 34.391086593270302 11.882769986987112 683.27382090687752 492.2162953466177 589.08848014473915 33.453246280550957 58.745565861463547 42.489828452467918 216.78340724110603 94.138293206691742 98.718431010842323 363.53015492856503 375.9962519556284 106.7630415558815 97.662521570920944 70.887491747736931 143.76911871135235 131.05088533461094 84.744755208492279 87.174028873443604 121.48139351606369 89.361539021134377 98.60280005633831 16.621812835335732 296.99031090736389 127.13823743164539 1228.6762059181929 139.80138058960438 68.306433439254761
leaf_count=59 840 142 53 3460 2533 2693 150 250 212 927 405 504 1693 1711 447 425 308 600 556 407 384 519 379 419 69 1310 574 6776 655 331
internal_value=-3.7972e-06 0.0168152 -0.0244069 -0.0271331 0.0275481 0.0043992 -0.00406656 0.0229424 -0.00682182 -0.0170209 0.0124656 -0.00414897 -0.0295955 -0.0252164 -0.020554 -0.00295557 0.0168736 -0.0117144 0.000392902 0.0306761 -0.026488 -0.0209026 -0.00755619 -0.0298249 -0.0348515 -0.0245042 0.0223419 0.0287337 0.021533 0.0287047
internal_weight=6183.59 3660.63 2522.96 2383.94 1963.39 1697.24 828.123 268.441 101.235 559.682 869.119 280.031 2286.55 1603.27 1227.28 550.133 168.55 381.583 237.814 97.3939 181.312 526.229 210.843 315.386 677.142 313.612 139.021 1929 700.324 560.523
internal_count=29791 18119 11672 11045 10437 7682 3696 1302 462 2394 3986 1293 10579 7119 5408 2336 733 1603 1003 466 789 2244 898 1346 3072 1379 627 10295 3519 2864
is_linear=0
shrinkage=0.03


Tree=26
num_leaves=31
num_cat=0
split_feature=5 5 4 4 4 4 4 4 4 3 0 7 4 4 4 4 0 4 4 20 0 4 20 20 4 5 3 6 4 4
split_gain=2686.69 522.238 340.626 359.516 215.268 127.675 171.697 149.861 256.611 148.325 121.352 113.219 122.034 328.861 105.743 236.995 126.835 100.453 163.967 99.9373 97.9658 97.4424 109.429 95.8835 74.6451 68.4465 96.8738 64.0545 63.4759 202.791
threshold=-8.3357940952685379e-05 0.00014316313560311988 0.00079050000000000008 0.00035250000000000006 0.00024400000000000005 0.00017650000000000003 0.00047150000000000008 0.00036250000000000003 0.00024400000000000005 -0.00020449999999999996 216.50000000000003 0.17500000000000002 0.00063750000000000015 0.00053850000000000002 0.00062850000000000004 0.00076950000000000011 249.50000000000003 0.00060050000000000001 0.00061150000000000017 1.5435000000000001 137.50000000000003 0.0005725000000000002 1.7185000000000004 2.0735000000000006 0.00037850000000000009 -0.00024169522286432039 -0.00054549999999999987 0.30500000000000005 0.00067950000000000009 0.00086700000000000004
decision_type=2 2 2 2 2 2 2 2 2 2 2 2 2 2 2 2 2 2 2 2 2 2 2 2 2 2 2 2 2 2
left_child=2 5 3 20 -3 -2 7 8 -7 -9 -6 -5 13 25 -8 16 -16 21 -19 -11 -1 22 -15 24 -21 -13 -27 -4 -12 -30
right_child=1 4 27 11 10 6 14 9 -10 19 28 12 -14 17 15 -17 -18 18 -20 23 -22 -23 -24 -25 -26 26 -28 -29 29 -31
leaf_value=-0.0456261963729091 0.040428215607330856 -0.035742452316224353 -0.0452275635864645 -0.039411276446600217 0.03192461902244343 -0.045888518733271461 0.017456335005229674 0.042844097751522779 0.040714835590467603 -0.041594559536143515 0.02061928536004334 -0.043186737794995649 -0.039776089806235586 -0.022206867438228532 -0.038613184298087737 0.035990169359539567 0.013925526414800559 0.041873867858807888 -0.018264918052588234 -0.047723452541246422 0.042399981868379323 -0.030969429356166093 0.018745144641918111 -0.03159801937063373 0.020992882275156704 0.045166716674957731 -0.027999143754543269 0.028128048720722838 -0.041550442554263697 0.039861684925904792
leaf_weight=13.197429299354551 76.175799295306206 49.887837409973145 11.709338605403898 670.69240602850914 1495.769405156374 44.329104289412498 522.52614922821522 30.395214796066284 100.8404361307621 190.26462885737419 505.9241054058075 357.54281525313854 370.83510355651379 106.46770499646664 141.28159767389297 87.424422159790993 58.468746185302734 96.686990574002266 70.593975082039833 17.122839793562889 82.569544762372971 142.9452028721571 130.96053312718868 104.4251212477684 84.135145664215088 17.241509780287743 294.08520442247391 125.9523764103651 60.395996227860451 50.613402545452118
leaf_count=62 404 208 53 3460 8316 190 2349 138 502 814 2476 1693 1711 447 622 452 251 425 308 75 404 600 556 441 361 71 1308 574 247 273
internal_value=-3.37584e-06 0.0164985 -0.0239796 -0.0266622 0.0258526 0.00261809 0.000532811 -0.0120571 0.0142696 -0.0210213 0.0273071 -0.0290768 -0.0247102 -0.0201177 0.00941914 -0.00520486 -0.0232346 -0.00287975 0.0164948 -0.0259239 0.0302693 -0.0114003 0.00038142 -0.011428 0.00937287 -0.0342316 -0.0239472 0.0218885 0.0161117 -0.00443156
internal_weight=6111.46 3619.98 2491.48 2353.82 2162.59 1457.39 1381.21 571.512 145.17 426.343 2112.7 2258.05 1587.36 1216.52 809.701 287.175 199.75 547.654 167.281 395.948 95.767 380.373 237.428 205.683 101.258 668.87 311.327 137.662 616.934 111.009
internal_count=29791 18119 11672 11045 11520 6599 6195 2521 692 1829 11312 10579 7119 5408 3674 1325 873 2336 733 1691 466 1603 1003 877 436 3072 1379 627 2996 520
is_linear=0
shrinkage=0.03


Tree=27
num_leaves=31
num_cat=0
split_feature=5 5 4 4 19 4 4 5 4 3 4 18 4 4 4 4 4 0 19 5 19 19 4 4 0 4 20 4 2 4
split_gain=2560.36 502.623 324.88 342.937 164.996 117.585 294.571 147.128 181.248 133.507 118.364 111.692 118.334 315.354 104.352 255.23 124.543 155.208 120.741 131.773 109.589 103.292 95.0774 155.934 93.8675 92.3952 103.168 90.2692 80.8426 77.5591
threshold=-8.3357940952685379e-05 0.00017032117254428046 0.00079050000000000008 0.00035250000000000006 10.951543105140063 0.00048250000000000002 0.00035950000000000006 0.00011764290977682919 0.00027250000000000006 -0.00020449999999999996 0.00052650000000000017 0.18250000000000002 0.00063750000000000015 0.00053850000000000002 0.00076950000000000011 0.00066350000000000014 0.00054550000000000009 175.50000000000003 11.220009710816717 8.2943964010163425e-05 10.602069927857981 10.290686842617783 0.00060050000000000001 0.00061150000000000017 137.50000000000003 0.0005725000000000002 1.7185000000000004 0.00036250000000000003 0.00031950000000000007 0.00024400000000000005
decision_type=2 2 2 2 2 2 2 2 2 2 2 2 2 2 2 2 2 2 2 2 2 2 2 2 2 2 2 2 2 2
left_child=2 5 3 24 27 6 7 -2 -9 -8 -7 -5 13 -13 15 16 17 -12 -18 28 -19 -17 25 -24 -1 26 -15 -3 -20 -6
right_child=1 4 -4 11 29 10 9 8 -10 -11 14 12 -14 22 -16 21 18 20 19 -21 -22 -23 23 -25 -26 -27 -28 -29 -30 -31
leaf_value=-0.044964440471113004 0.040034159828427632 -0.059415636688486047 0.021448438576838313 -0.038969668926302568 -0.026707409170865077 0.035927414297607159 0.042478017012808122 -0.040628250790201326 0.041726612251294919 -0.020016815209087581 0.042575505425703049 -0.033635934793870635 -0.039150763892418741 -0.021604594360519449 0.035919069893286588 0.010911238897284655 0.037783773838598628 -0.0086743670095300769 -0.036204011913375439 0.031985774989741207 -0.080129215332187587 -0.047005397652270429 0.041057393607090695 -0.017792460387117671 0.041890950947309685 -0.030225749101089466 0.018197918871747615 0.010442477302293359 0.044621010585421603 0.03129217768067704
leaf_weight=12.993002042174338 161.20291936397552 17.685249969363213 136.28938299417496 656.56653593480587 21.025523781776428 152.23394574224949 32.691950306296349 57.908776864409447 41.136453598737717 521.98516491055489 31.296183466911316 660.4433381408453 367.09615342319012 106.15737096965313 95.4566770195961 37.122598886489868 193.69557431340218 50.553577810525894 70.194422617554665 72.14404821395874 31.263384968042374 109.35305984318256 95.666880622506142 70.298978716135025 81.088097885251045 142.08151197433472 130.85326859354973 283.69747389853001 13.238040193915365 1585.4732576757669
leaf_count=62 840 74 627 3452 88 704 150 250 212 2244 152 3072 1719 447 504 161 890 229 297 368 135 484 425 308 404 600 556 1376 62 8899
internal_value=-3.11604e-06 0.0161895 -0.0235682 -0.026209 0.0267119 0.00417886 -0.00397879 0.0223532 -0.00642381 -0.0163335 0.0119401 -0.0285769 -0.0242379 -0.0196966 0.00675535 0.00218309 0.0131153 -0.014244 0.0219757 0.00229442 -0.0359782 -0.0323271 -0.00280651 0.0161301 0.0298959 -0.0110969 0.000370322 0.00634318 -0.0233797 0.0305331
internal_weight=6038.89 3579.36 2459.53 2323.25 1907.88 1671.48 814.925 260.248 99.0452 554.677 856.552 2229.16 1572.6 1205.5 704.318 608.861 462.385 113.113 349.272 155.577 81.817 146.476 545.058 165.966 94.0811 379.092 237.011 301.383 83.4325 1606.5
internal_count=29791 18119 11672 11045 10437 7682 3696 1302 462 2394 3986 10579 7127 5408 3282 2778 2133 516 1617 727 364 645 2336 733 466 1603 1003 1450 359 8987
is_linear=0
shrinkage=0.03


Tree=28
num_leaves=31
num_cat=0
split_feature=5 5 6 19 19 19 3 5 3 3 0 3 7 6 3 5 2 20 20 3 20 2 3 2 5 7 2 10 6 5
split_gain=2439.79 482.456 241.678 160.592 91.9899 86.498 60.5151 55.417 53.4968 63.368 53.4345 59.1671 51.5458 66.2116 55.8024 51.1092 99.2482 63.4497 65.4737 48.3274 47.832 47.2065 44.9017 49.2484 52.7708 60.7801 45.773 46.9559 42.5294 75.6548
threshold=-8.3357940952685379e-05 0.00017032117254428046 0.27500000000000008 10.951543105140063 12.379807440954092 11.028076169122242 -0.00016949999999999997 0.00014316313560311988 0.00033950000000000007 0.00027250000000000006 131.50000000000003 8.850000000000001e-05 0.75500000000000012 0.60500000000000009 2.9500000000000002e-05 0.00025179732831286068 0.00024450000000000003 1.6325000000000001 1.7795000000000003 7.8500000000000011e-05 2.7945000000000007 0.00032650000000000002 -9.2499999999999985e-05 -0.00053749999999999989 0.00013646860774675477 0.40500000000000008 0.00026150000000000007 9.5167421226290205 0.50250000000000006 4.4113486317166673e-06
decision_type=2 2 2 2 2 2 2 2 2 2 2 2 2 2 2 2 2 2 2 2 2 2 2 2 2 2 2 2 2 2
left_child=2 4 20 12 5 6 -2 22 9 28 11 -4 13 14 -3 16 -5 -18 -19 -12 -1 -14 23 -7 25 -25 27 -24 29 -8
right_child=1 3 10 15 -6 7 8 -9 -10 -11 19 -13 21 -15 -16 -17 17 18 -20 -21 -22 -23 26 24 -26 -27 -28 -29 -30 -31
leaf_value=-0.036028424751586928 0.032064747477145446 0.037848230132229807 -0.038282262983190561 0.027576602222117354 0.033667900826148262 -0.041445695024327329 0.0093010355817580645 0.012319533156751074 0.043408779489941055 -0.036991073373307683 -0.011187795254234884 0.0096396893712632943 -0.059116127768223316 0.01906081739374358 -0.032775566817754252 0.032820802872617606 0.030423052411959146 -0.080784961364613203 -0.0048135978357995469 -0.027764458083832891 0.01197488540654534 0.0070915167982425961 -0.016349709228962471 -0.022327159860704018 -0.04464398357017247 0.022414792018744228 0.017771161283579938 0.042559736650320777 0.013379328954486723 -0.030645688639323879
leaf_weight=922.19806687533855 99.012114673852921 12.926132276654242 152.14726711809635 257.6179535984993 89.52275350689888 19.15410427749157 124.38369432091713 157.04699827730656 33.723309621214867 31.273284941911697 1123.3446059972048 27.356680244207382 19.439959242939949 203.06773661077023 45.556943655014038 1261.384064167738 19.255796626210213 17.020185843110085 25.514693468809128 184.2470431625843 19.068096771836281 19.329684913158417 459.24989953637123 33.933043658733368 15.164745345711706 140.34031744301319 42.349663496017456 12.509327024221419 335.66487492620945 64.950467124581337
leaf_count=4789 463 64 733 1354 490 89 544 765 164 131 5075 130 80 1010 206 7348 93 76 116 852 93 90 2079 153 65 646 205 65 1547 276
internal_value=-2.17568e-06 0.0158864 -0.0231601 0.0262857 0.00408957 0.00240166 0.0103617 -0.00383253 0.00671949 0.00449525 -0.0156305 -0.0309789 0.00617532 0.0109604 -0.0171661 0.0301063 0.0193866 -0.0147591 -0.0352133 -0.0135235 -0.035056 -0.0261065 -0.00734246 0.0043971 0.00903227 0.013703 -0.0121056 -0.0147876 0.00696652 -0.00440256
internal_weight=5967.75 3539.39 2428.36 1881.11 1658.28 1568.76 689.008 879.748 589.996 556.272 1487.1 179.504 300.32 261.551 58.4831 1580.79 319.409 61.7907 42.5349 1307.59 941.266 38.7696 722.701 208.592 189.438 174.273 514.109 471.759 524.999 189.334
internal_count=29791 18119 11672 10437 7682 7192 3125 4067 2662 2498 6790 863 1450 1280 270 8987 1639 285 192 5927 4882 170 3302 953 864 799 2349 2144 2367 820
is_linear=0
shrinkage=0.03


Tree=29
num_leaves=31
num_cat=0
split_feature=5 4 4 5 5 19 4 4 4 4 4 19 0 4 4 4 5 4 3 20 4 3 4 4 18 2 2 6 3 4
split_gain=2322.46 545.343 359.792 239.587 200.788 179.9 184.85 151.546 118.641 209.654 350.252 108.486 106.464 99.5071 85.757 250.444 135.985 160.413 101.662 91.0685 83.5482 77.9882 122.945 96.6194 77.1014 92.5567 73.0405 66.6769 64.2389 82.7576
threshold=1.4552472781182321e-05 0.00035650000000000005 0.00080950000000000011 0.00030870333195225324 -0.00015731756091998429 11.163197738904183 0.00047150000000000008 0.00024400000000000005 0.00048250000000000002 0.00065050000000000014 0.00079050000000000008 12.33865671454703 117.50000000000001 0.00070550000000000007 0.00053850000000000002 0.00063050000000000009 -0.00056455781930675984 0.0005995000000000001 -0.00050549999999999998 1.7405000000000002 0.00061150000000000017 -0.00013649999999999998 0.00052250000000000007 0.00042150000000000005 0.60750000000000004 -0.00015049999999999997 0.00024850000000000008 0.30500000000000005 0.00033950000000000007 0.00056650000000000005
decision_type=2 2 2 2 2 2 2 2 2 2 2 2 2 2 2 2 2 2 2 2 2 2 2 2 2 2 2 2 2 2
left_child=1 12 4 8 14 6 -6 -5 11 28 -11 24 -1 -8 -3 16 -16 18 19 -18 -19 22 23 -7 25 -2 -23 -4 -10 -30
right_child=3 2 27 7 5 21 13 -9 9 10 -12 -13 -14 -15 15 -17 17 20 -20 -21 -22 26 -24 -25 -26 -27 -28 -29 29 -31
leaf_value=-0.043262308607184233 0.02628300109830628 -0.036889184083568775 -0.044473226919854274 -0.055584982126877493 -0.029267725738406327 -0.023781724642855169 0.021248623211152437 0.031354171682310687 0.030777904209819899 -0.03272996408058066 0.03758588925793515 0.038886410019437816 0.040854179547165761 -0.030500459659521469 -0.034080975468852845 -0.039301746846669525 -0.026578426419685251 0.040462041936677025 -0.021390787034871243 0.054767575478865613 -0.018881763022159836 -0.035204013085778495 -0.032121432699752303 0.054355561803446521 0.017293756813559876 -0.011757847847286167 0.027038800705135348 0.030817511373270809 0.04071153066884825 -0.03265258692105516
leaf_weight=14.808340504765509 66.606588408350945 767.59756058454514 11.495216295123099 18.332542106509209 119.84783045947552 22.348322689533234 265.49459078907967 1150.58810287714 627.26047383248806 153.52446196973324 109.03509493172169 68.992209330201149 158.3648092597723 38.261362999677658 159.19022208452225 503.40238054096699 19.767472058534622 95.890960454940796 248.77786310017109 33.171006500720978 27.467598244547844 329.64757390320301 69.850599601864815 39.26860511302948 161.69412513077259 424.00067020952702 17.888679444789886 133.85074818134308 23.522012561559677 33.613628625869751
leaf_count=74 310 3878 53 74 518 100 1158 6776 3253 670 612 401 825 175 830 2562 84 428 1093 136 118 1456 314 171 851 1878 78 633 123 159
internal_value=-1.16795e-06 -0.018056 -0.0211408 0.019576 -0.0235653 -0.01196 0.00228216 0.0299907 0.0122785 0.0192608 -0.00352937 0.00311169 0.0336612 0.0147303 -0.0292114 -0.023793 -0.0104307 -0.0015737 -0.0133577 0.0243926 0.0272483 -0.024555 -0.00487357 0.0260153 -0.000672106 -0.00659329 -0.0320002 0.0248629 0.028004 -0.00244952
internal_weight=5913.56 3076.39 2903.22 2837.17 2757.87 902.608 423.604 1168.92 1668.25 946.956 262.56 721.294 173.173 303.756 1855.27 1087.67 584.265 425.075 301.716 52.9385 123.359 479.004 131.468 61.6169 652.301 490.607 347.536 145.346 684.396 57.1356
internal_count=29791 14684 13785 15107 13099 3970 1851 6850 8257 4817 1282 3440 899 1333 9129 5251 2689 1859 1313 220 546 2119 585 271 3039 2188 1534 686 3535 282
is_linear=0
shrinkage=0.03


Tree=30
num_leaves=31
num_cat=0
split_feature=5 4 4 5 12 4 4 4 19 0 6 4 4 4 4 3 19 5 19 4 4 4 5 3 19 3 4 2 4 6
split_gain=2191.28 518.616 357.37 223.556 198.953 166.83 128.795 168.448 110.388 102.678 102.01 99.6754 205.354 249.512 103.594 141.359 96.6618 85.8119 217.404 143.135 185.743 86.8585 81.7015 123.71 71.5501 91.2297 72.6889 74.4248 63.8601 62.9352
threshold=1.4552472781182321e-05 0.00035650000000000005 0.00079050000000000008 0.00025967284697334879 0.67500000000000016 0.00024400000000000005 0.00070350000000000002 0.00054050000000000007 11.080310097464801 117.50000000000001 0.77500000000000013 0.00048250000000000002 0.00062850000000000004 0.00079050000000000008 0.00066350000000000014 0.00035950000000000006 12.33865671454703 -0.00012718499436319415 11.191410800557977 0.00061150000000000017 0.00059850000000000018 0.00054850000000000005 -0.00024169522286432039 -0.00013649999999999998 11.028076169122242 -0.00056249999999999996 0.00041350000000000008 -0.00023749999999999997 0.00036250000000000003 0.63500000000000012
decision_type=2 2 2 2 2 2 2 2 2 2 2 2 2 2 2 2 2 2 2 2 2 2 2 2 2 2 2 2 2 2
left_child=1 9 4 11 6 -5 7 22 10 -1 -7 16 -13 14 15 -14 29 19 -19 20 21 -9 -3 24 25 -24 -26 -28 -25 -2
right_child=3 2 -4 5 -6 8 -8 17 -10 -11 -12 12 13 -15 -16 -17 -18 18 -20 -21 -22 -23 23 28 26 -27 27 -29 -30 -31
leaf_value=-0.043530017604858702 -0.0056639955078815361 -0.042268203421773065 0.02334372837865482 -0.05144762259360329 -0.0329377646795126 0.019951267360134216 -0.038736235758476893 0.029273162267545758 0.033110973937909814 0.040468488624452216 -0.030923884733945042 0.028308623581275824 0.033603467585936013 0.036630230530346572 -0.042350529876415327 -0.074570393163698442 0.038665812802376895 0.032929887784232954 -0.023403778854658174 -0.039780794128957984 0.039512374452010675 -0.023748447451476341 0.043595111877493181 0.035807597250234663 -0.046096850130193871 -0.0346253500115365 -0.021782588804728515 0.045598841409571968 -0.02980359352659492 0.024505963866953556
leaf_weight=14.308657571673391 497.18197830021381 156.77037525177002 156.43010267615318 23.49129493534565 1122.9175941199064 188.16406442224979 202.20278960466385 33.39643806219101 1114.8861685395241 154.68231624364853 43.710848852992058 544.52486807107925 44.084692656993866 88.776711016893387 111.68473513424397 14.431374311447142 58.32662071287632 160.53695417940617 100.10000079870224 110.83446112275124 78.851003527641296 166.13283269107342 17.03158575296402 13.856160655617712 12.899232774972914 63.276349917054176 19.060659930109978 65.279046222567558 366.25936312973499 71.130958050489426
leaf_count=71 2232 749 744 96 5909 981 981 142 6786 821 191 2795 226 505 483 63 345 724 423 501 364 697 71 61 58 275 87 284 1604 377
internal_value=4.42787e-05 -0.0177044 -0.0207365 0.019152 -0.0233004 0.0278115 -0.016392 -0.0130803 0.029194 0.0333562 0.0103608 0.0108551 0.0178494 -0.00414226 -0.0254092 0.00692537 0.0018868 -0.00202742 0.0112944 -0.0109484 0.000530975 -0.0148739 -0.023134 -0.017755 0.00291964 -0.0180365 0.0202269 0.0303707 -0.0274119 -0.00188788
internal_weight=5815.22 3014.83 2845.83 2800.39 2689.4 1370.25 1566.49 1364.28 1346.76 168.991 231.875 1430.14 803.502 258.978 170.201 58.5161 626.64 649.852 260.637 389.215 278.38 199.529 714.433 557.662 177.547 80.3079 97.2389 84.3397 380.116 568.313
internal_count=29646 14566 13674 15080 12930 8054 7021 6040 7958 892 1172 7026 4072 1277 772 289 2954 2851 1147 1704 1203 839 3189 2440 775 346 429 371 1665 2609
is_linear=0
shrinkage=0.03


Tree=31
num_leaves=31
num_cat=0
split_feature=5 4 4 5 11 4 4 4 4 4 5 3 0 4 19 4 3 0 4 4 6 3 20 10 3 2 6 2 4 0
split_gain=2088.25 495.097 340.276 218.286 193.898 129.033 210.359 278.978 124.32 158.678 122.975 155.205 139.387 110.504 100.868 99.0002 126.965 98.5868 88.162 225.865 87.788 84.9226 66.3629 63.1697 62.2665 69.5427 72.2123 78.8041 65.0504 65.9876
threshold=1.4552472781182321e-05 0.00035650000000000005 0.00079050000000000008 0.00031332263833958079 0.68500000000000016 0.00048250000000000002 0.00063850000000000007 0.00079050000000000008 0.00070350000000000002 0.00049550000000000017 -0.00011302255609742024 2.9500000000000002e-05 158.50000000000003 0.00024400000000000005 12.33865671454703 0.00066350000000000014 0.00035950000000000006 117.50000000000001 0.00061150000000000017 0.00059850000000000018 0.55500000000000016 0.00039550000000000007 1.7325000000000002 9.5167421226290205 0.00034550000000000005 -0.00015049999999999997 0.60500000000000009 0.00011750000000000001 0.00017650000000000003 147.50000000000003
decision_type=2 2 2 2 2 2 2 2 2 2 2 2 2 2 2 2 2 2 2 2 2 2 2 2 2 2 2 2 2 2
left_child=1 17 4 5 8 14 -7 15 9 23 18 12 -12 -5 24 16 -8 -1 19 -11 -14 -13 -22 -3 25 -2 28 -28 -27 -30
right_child=3 2 -4 13 -6 6 7 -9 -10 10 11 21 20 -15 -16 -17 -18 -19 -20 -21 22 -23 -24 -25 -26 26 27 -29 29 -31
leaf_value=-0.042980963179802524 0.024328190530992406 -0.027579764957102255 0.022821254051305185 -0.052580078309044299 -0.032446665368479441 0.02865187683147823 0.040064645561703707 0.036598493551087352 -0.038186600365336026 -0.018528049230799832 -0.051611076370303495 -0.037672133808513926 0.037022260252867166 0.030319347238672134 0.038278276561904509 -0.039769610304598642 -0.060915583428308953 0.040059187207791148 -0.036670061498189591 0.038732072069266037 -0.04777833171894981 0.035092496418570783 0.042546836965025946 0.044525871482531225 0.038355123284458462 0.041678924136049691 0.028623054939065581 -0.013322737607223816 -0.052413888140818682 -0.01196054334829314
leaf_weight=14.060453489422796 73.554659157991409 497.01074184477329 155.22946557402611 14.667804315686224 1109.5054072886705 656.433837428689 36.693416610360146 104.37514393031597 198.4439313262701 312.01729156076908 21.079081684350967 74.721654415130615 187.47027705609798 1082.2695011645555 64.733410254120827 124.81331567466259 16.133079081773758 151.62119348347187 118.84259225428104 77.373964414000511 21.140345931053162 17.891732454299927 11.198601484298704 11.180848762392996 34.402267426252365 18.237241312861443 91.103343367576599 72.300912618637085 40.693261623382568 335.44278575479984
leaf_count=71 354 2249 744 60 5927 3493 188 609 978 1359 96 314 817 6599 392 543 70 821 542 362 92 92 54 48 179 93 493 367 180 1460
internal_value=4.44012e-05 -0.0173847 -0.0203529 0.0188153 -0.0228744 0.0119826 0.0193421 -0.00232772 -0.0160153 -0.0127561 -0.00476417 0.0093913 0.0220811 0.0292108 0.00252768 -0.0251994 0.00922554 0.033012 -0.0140529 -0.00715018 0.0291479 -0.0236149 -0.0164998 -0.0259934 -0.000948571 -0.00309029 -0.00670599 0.0100634 -0.0136542 -0.0163371
internal_weight=5744.64 2978.79 2813.11 2765.85 2657.88 1668.92 938.449 282.015 1548.37 1349.93 841.736 333.502 240.888 1096.94 730.468 177.64 52.8265 165.682 508.234 389.391 219.809 92.6134 32.3389 508.192 665.734 631.332 557.778 163.404 394.373 376.136
internal_count=29646 14566 13674 15080 12930 8421 4903 1410 7003 6025 3728 1465 1059 6659 3518 801 258 892 2263 1721 963 406 146 2297 3126 2947 2593 860 1733 1640
is_linear=0
shrinkage=0.03


Tree=32
num_leaves=31
num_cat=0
split_feature=5 4 4 5 7 4 4 4 4 4 4 4 5 3 4 20 19 0 4 3 5 0 19 4 12 19 7 4 4 3
split_gain=1989.88 472.561 324.102 211.938 195.384 128.789 317.41 161.7 152.429 123.892 200.969 266.307 123.224 115.746 105.566 97.764 97.1537 94.6983 93.5785 119.687 85.4844 133.006 71.3988 66.1438 65.3988 63.9127 145.176 62.3913 72.0568 59.5267
threshold=1.4552472781182321e-05 0.00035650000000000005 0.00080950000000000011 0.00031332263833958079 0.17500000000000002 0.00054050000000000007 0.0006265000000000001 0.00059850000000000018 0.0005725000000000002 0.00048250000000000002 0.00063850000000000007 0.00079050000000000008 -0.00024169522286432039 -0.00020149999999999999 0.00024400000000000005 1.7185000000000004 12.33865671454703 117.50000000000001 0.00066350000000000014 0.00035950000000000006 -0.00012718499436319415 204.50000000000003 10.931328592086521 0.00070550000000000007 0.69500000000000006 11.080310097464801 0.75500000000000012 0.0005325000000000001 0.0007335000000000001 0.00034550000000000005
decision_type=2 2 2 2 2 2 2 2 2 2 2 2 2 2 2 2 2 2 2 2 2 2 2 2 2 2 2 2 2 2
left_child=1 17 4 9 -3 12 7 8 15 16 -11 18 -6 -14 -5 22 29 -1 19 -12 -8 -22 -7 -23 -4 26 -16 -28 -29 -2
right_child=3 2 24 14 5 6 20 -9 -10 10 11 -13 13 -15 25 -17 -18 -19 -20 -21 21 23 -24 -25 -26 -27 27 28 -30 -31
leaf_value=-0.042460163763526654 -0.0030043862070939765 -0.037568881468231792 0.030660215448659812 -0.051427750081895242 -0.040589338382978637 0.011254899965821904 -0.036794312801143821 0.027038588934235726 -0.034371884016368558 0.028185569356054482 0.039588299322309894 0.036249162874865619 0.0060868969494252039 -0.024996655890822367 0.03002377612835554 0.021536917062776769 0.037972608251459289 0.039669719437904982 -0.038774791864552093 -0.058260914689330666 -0.045248637834984062 0.028823663932156688 -0.034537741539234085 -0.022841773320383132 -0.04459562126751912 0.033173913283980595 -0.071890497636345099 0.041946998781202768 -0.056937548145509984 0.037847735805485429
leaf_weight=13.809719532728193 629.56427043676376 588.03706331551075 128.37707360088825 14.548352733254431 337.07380118966103 55.099526166915894 344.91057878732681 187.36924742162228 123.97384107112885 647.41255693137646 36.030913710594177 102.25172054767609 138.73829813301563 483.75564001500607 125.85258139669895 154.5619660615921 63.318260088562965 148.56274382770061 124.18457540869713 16.358540907502174 60.631184548139572 65.232757061719894 69.041285142302513 33.886120587587357 11.308245256543158 890.80143094062805 20.03086955845356 14.943803176283838 11.924478024244307 33.826295360922813
leaf_count=71 2947 3388 625 60 1740 242 1727 859 542 3493 188 609 623 2180 696 671 392 821 543 70 289 281 295 160 52 5696 85 74 48 179
internal_value=4.47652e-05 -0.0170634 -0.019967 0.0184893 -0.0223213 -0.0179567 -0.010924 0.00401559 -0.00669723 0.0117399 0.0190149 -0.00227867 -0.0259798 -0.0180689 0.0288374 0.00561314 0.0024675 0.0326846 -0.0245896 0.00903501 -0.0283914 -0.0102488 -0.0142128 0.0111606 0.0245679 0.0299353 0.0132354 -0.0318158 -0.0019392 -0.000921336
internal_weight=5675.42 2944.37 2782 2731.05 2642.31 2054.27 1094.71 590.046 402.677 1652.95 926.238 278.826 959.568 622.494 1078.1 278.703 726.709 162.372 176.574 52.3895 504.661 159.75 124.141 99.1189 139.685 1063.55 172.752 46.8992 26.8683 663.391
internal_count=29646 14566 13674 15080 12997 9609 5066 2609 1750 8421 4903 1410 4543 2803 6659 1208 3518 892 801 258 2457 730 537 441 677 6599 903 207 122 3126
is_linear=0
shrinkage=0.03


Tree=33
num_leaves=31
num_cat=0
split_feature=5 4 4 5 11 4 4 5 4 4 4 3 4 4 5 0 4 4 19 20 0 4 3 10 19 19 11 4 4 6
split_gain=1896.83 451.383 309.942 207.076 189.495 123.394 249.272 121.737 119.306 191.98 254.328 110.796 105.374 153.311 110.387 116.131 104.086 100.999 93.6234 92.2093 90.9995 88.4896 113.008 69.0714 67.5659 62.5491 135.348 58.9653 69.4518 57.9953
threshold=1.4552472781182321e-05 0.00035650000000000005 0.00079050000000000008 0.00031332263833958079 0.82500000000000007 0.00070350000000000002 0.00054050000000000007 -0.00024169522286432039 0.00048250000000000002 0.00063850000000000007 0.00079050000000000008 -0.00053649999999999998 0.0006265000000000001 0.00060050000000000001 -0.00013116850545177023 204.50000000000003 0.0005725000000000002 0.00024400000000000005 12.33865671454703 1.7185000000000004 117.50000000000001 0.00066350000000000014 0.00035950000000000006 9.5237406224097807 10.931328592086521 11.080310097464801 0.24500000000000002 0.0005325000000000001 0.0007335000000000001 0.30500000000000005
decision_type=2 2 2 2 2 2 2 2 2 2 2 2 2 2 2 2 2 2 2 2 2 2 2 2 2 2 2 2 2 2
left_child=1 20 4 8 5 6 7 -3 18 -10 21 -9 13 16 -14 -16 19 -5 -2 24 -1 22 -11 -13 -8 26 27 -19 -29 -4
right_child=3 2 29 17 -6 -7 12 11 9 10 -12 23 14 -15 15 -17 -18 25 -20 -21 -22 -23 -24 -25 -26 -27 -28 28 -30 -31
leaf_value=-0.0419656873145835 -0.00089345932557722901 -0.04015161101357656 -0.043966128354590801 -0.05035757957430529 -0.037227600274943241 -0.037721551823741484 0.010922811935311832 0.040163895847018148 0.027728766803972391 0.039132642073013243 0.035912174848335643 -0.021816520594313677 -0.03568207555103519 0.029086583523031402 -0.048806129968285226 0.027103917805478325 -0.025519111114185658 -0.06871115348037235 0.037680452285998194 0.02093382331786495 0.039298832306667315 -0.037823623031815162 -0.055845625362120566 0.053521531608240573 -0.03368245088841125 0.032850031444330914 0.02955284061198727 0.04137058960512912 -0.05545716765410684 0.027164519230677957
leaf_weight=13.557087227702139 663.18239192664623 330.62366814911366 11.128762260079382 14.413817286491392 575.81004460155964 244.05391900241375 55.071905463933945 28.502034112811089 638.4718281775713 35.366994187235832 100.14675003290176 580.0055927336216 148.18183436989784 158.84484085440636 24.994832456111908 66.11985094845295 150.45617318153381 20.324267461895943 61.916124865412712 154.24913656711578 145.51202130317688 123.49864593148232 16.550984770059586 11.163274243474005 68.676131054759026 872.8684838861227 123.35542888939381 15.199415370821955 11.876202970743178 141.29977808892727
leaf_count=71 3126 1740 52 60 3388 1260 242 121 3493 188 609 2634 731 745 113 286 656 85 392 671 821 543 70 48 295 5696 693 77 48 692
internal_value=4.45047e-05 -0.0167617 -0.0196046 0.0181659 -0.0220451 -0.0177193 -0.014972 -0.0254516 0.0114875 0.0186963 -0.0022317 -0.0176085 -0.00292417 0.00391305 -0.0197045 0.00628006 -0.00541978 0.0285123 0.00240036 0.00545827 0.0323728 -0.0240083 0.00885442 -0.0203939 -0.0138317 0.0296016 0.0129963 -0.0300911 -0.00110106 0.0219713
internal_weight=5605.42 2908.25 2749.18 2697.17 2596.75 2020.94 1776.89 950.295 1639.13 914.035 275.563 619.671 826.595 587.298 239.297 91.1147 428.453 1058.04 725.099 277.997 159.069 175.417 51.918 591.169 123.748 1043.62 170.755 47.3999 27.0756 152.429
internal_count=29646 14566 13674 15080 12930 9542 8282 4543 8421 4903 1410 2803 3739 2609 1130 399 1864 6659 3518 1208 892 801 258 2682 537 6599 903 210 125 744
is_linear=0
shrinkage=0.03


Tree=34
num_leaves=31
num_cat=0
split_feature=12 18 4 4 0 4 4 2 6 4 4 4 4 20 20 4 4 4 4 3 3 12 11 3 0 2 4 4 11 3
split_gain=1719.95 437.923 259.638 257.459 160.718 158.282 196.098 132.465 91.8614 84.6606 393.935 107.303 186.019 221.318 130.412 84.7164 90.2459 82.4778 130.407 78.6131 78.5281 83.78 77.0397 114.785 71.4974 68.0492 66.2107 96.4685 62.1655 77.901
threshold=0.46500000000000002 0.2975000000000001 0.00036250000000000003 0.00079050000000000008 147.50000000000003 0.00069750000000000009 0.00049950000000000005 -0.00016749999999999998 0.43500000000000005 0.0006705000000000002 0.00079050000000000008 0.00054750000000000013 0.00052250000000000007 1.6345000000000003 1.3995000000000002 0.00048150000000000005 0.00047750000000000006 0.00053750000000000011 0.00054950000000000018 4.9500000000000004e-05 -0.00042849999999999995 0.19500000000000003 0.52500000000000013 -7.4999999999999985e-06 134.50000000000003 -0.00035849999999999993 0.00024400000000000005 0.00022900000000000001 0.24500000000000002 0.00015750000000000001
decision_type=2 2 2 2 2 2 2 2 2 2 2 2 2 2 2 2 2 2 2 2 2 2 2 2 2 2 2 2 2 2
left_child=4 -2 22 5 -1 6 7 -4 17 11 20 12 15 14 -14 16 26 -8 -19 25 -11 -22 23 -3 -21 -10 27 -6 -16 -30
right_child=1 2 3 -5 9 -7 8 -9 19 10 -12 -13 13 -15 28 -17 -18 18 -20 24 21 -23 -24 -25 -26 -27 -28 -29 29 -31
leaf_value=0.032097365686885336 -0.031601656881887354 -0.031483265661828706 0.011969496341367103 0.026388032404002844 0.040967984688421132 -0.037152344360913546 -0.033012601740785033 -0.027512867356453079 -0.027011961062720458 0.012496083821090465 0.037345326720314216 0.028403517030809407 0.037453000186767033 0.020431310068347405 -0.086082827033734252 0.035773246036276976 -0.041260005851703467 0.039091286402373256 -0.011248189740333888 0.041925716959847391 0.036885015286113355 -0.050652955114333729 0.036371980816506166 0.038029040955694801 -0.016066073741580165 0.024483416550947865 0.01849313341739231 -0.045538117334406158 -0.05267763254917799 0.035516664513776219
leaf_weight=629.42876257002354 953.58515496551991 46.484328240156174 87.624823346734047 154.35577908158302 17.337650910019875 231.26822745800018 109.70877701044083 601.20300984382629 25.649151667952538 27.817477107048035 133.07559396326542 515.89246255159378 15.906366378068922 92.74819004535675 36.576294735074043 187.67638847231865 26.704020127654076 55.235338926315308 286.80172103643417 22.363652557134628 10.757050558924673 115.40755957365036 143.81885343790054 39.587725609540939 132.48005828261375 231.98224624991417 508.91766275465488 35.070778086781502 49.088483914732933 11.041124939918516
leaf_count=4215 5412 208 412 779 79 1212 535 2768 107 125 850 2972 89 533 175 1050 119 248 1290 115 71 492 807 229 589 1029 2699 147 232 58
internal_value=4.41285e-05 -0.0146583 -0.00720777 -0.0107824 0.0190639 -0.0139979 -0.0105499 -0.0224904 -0.00103271 0.0144655 -0.000458441 0.0173273 0.0115029 -0.0138858 -0.0421497 0.0182243 0.0126233 -0.0103787 -0.0031189 0.00920313 -0.0331295 -0.0431893 0.0229369 0.000488019 -0.00769048 0.0193567 0.0151867 -0.0169203 -0.0552429 -0.0364832
internal_weight=5535.59 3122.15 2168.56 1938.67 2413.45 1784.32 1553.05 688.828 864.221 1784.02 287.058 1496.96 981.067 205.36 112.612 775.707 588.03 451.746 342.037 412.475 153.982 126.165 229.891 86.0721 154.844 257.631 561.326 52.4084 96.7059 60.1296
internal_count=29646 15740 10328 9084 13906 8305 7093 3180 3913 9691 1538 8153 5181 1087 554 4094 3044 2073 1538 1840 688 563 1244 437 704 1136 2925 226 465 290
is_linear=0
shrinkage=0.03


Tree=35
num_leaves=31
num_cat=0
split_feature=5 6 5 0 19 5 7 19 5 2 19 5 6 2 9 7 0 6 0 0 19 5 2 2 2 10 5 2 5 6
split_gain=1759.92 332.314 212.887 97.4049 77.1068 76.3083 62.0019 61.6137 58.8177 97.9091 68.0018 57.9603 53.3495 47.7617 44.2418 43.2805 47.8519 44.1035 51.2603 40.9926 39.6728 41.8175 39.5429 50.8108 34.5945 33.9011 33.6217 29.5798 35.9795 27.8873
threshold=1.4552472781182321e-05 0.22500000000000003 0.00031332263833958079 117.50000000000001 10.84462697762209 -8.3357940952685379e-05 0.75500000000000012 11.131210966029835 0.00014316313560311988 0.00024450000000000003 10.91100740063699 0.00011344991755191363 0.48750000000000004 -0.00022349999999999998 6.5994690580787614 0.70500000000000007 203.50000000000003 0.56500000000000006 193.50000000000003 126.50000000000001 12.124271308511775 8.2943964010163425e-05 -9.7499999999999985e-05 -0.00046899999999999996 0.00026650000000000008 9.5167421226290205 0.00016314317185209094 -0.00012849999999999995 4.4113486317166673e-06 0.23500000000000001
decision_type=2 2 2 2 2 2 2 2 2 2 2 2 2 2 2 2 2 2 2 2 2 2 2 2 2 2 2 2 2 2
left_child=1 -1 3 -2 6 19 -4 27 10 15 12 20 -5 -13 24 17 -17 18 26 29 21 22 23 -12 -11 -9 -10 -7 -29 -3
right_child=2 5 4 8 -6 7 -8 25 9 14 11 13 -14 -15 -16 16 -18 -19 -20 -21 -22 -23 -24 -25 -26 -27 -28 28 -30 -31
leaf_value=-0.034631611552076835 0.034282496505349619 0.013473528448028654 0.018718077276078337 -0.041898087910451361 0.031773356414537324 0.030100487078210964 -0.029196399064596354 -0.01248103587665424 -0.012324535123233943 -0.032035545646880687 -0.046929444331075695 0.038620365298490472 0.015950925761727047 -0.026760189923553543 -0.034564306831258523 0.01786204072006722 -0.038754674673438412 0.025893953617604087 -0.013446915557341656 -0.012454441487765392 0.02303788238970246 0.018239135245519823 -0.026609311522545732 0.02769219764470485 0.00959770864066181 0.041727307318621405 0.042818321171203447 0.0086628998428785707 -0.022435629624672014 -0.031617573332952606
leaf_weight=676.3008636534214 147.02108980715275 13.398755982518194 102.94006632268429 15.128890082240103 879.85100436210632 45.779562190175056 31.819102630019188 324.82848201692104 13.766240626573561 21.870711833238602 10.976534575223921 10.90883234143257 277.84961231052876 128.63003127276897 38.914450854063034 31.966734275221825 23.176339104771614 470.12061972916126 61.429179221391678 1360.1704818606377 63.362966820597649 50.794089317321777 80.066740825772285 32.611614942550659 100.52170844376087 10.725880086421965 35.910451114177704 221.06230153143406 39.458986937999725 156.858512327075
leaf_count=4049 945 63 571 66 5900 215 140 1545 64 100 58 57 1348 594 182 190 102 2687 267 6616 339 242 363 150 528 66 178 1026 184 830
internal_value=6.98146e-05 -0.0162675 0.0177674 0.0110018 0.0285367 -0.0105502 0.00740459 -0.00186786 0.00867024 0.014175 0.00211964 -0.00629978 0.0129637 -0.0216489 -0.00670097 0.0194667 -0.00593366 0.0218765 0.0048776 -0.0141915 0.00270648 -0.00467825 -0.0140921 0.00890069 0.00215812 -0.0107483 0.0275373 0.0078607 0.00395266 -0.028069
internal_weight=5478.22 2848.58 2629.64 1615.03 1014.61 2172.28 134.759 641.855 1468.01 797.676 670.329 377.351 292.979 139.539 161.307 636.37 55.1431 581.226 111.106 1530.43 237.812 174.449 123.655 43.5881 122.392 335.554 49.6767 306.301 260.521 170.257
internal_count=29665 14594 15071 8460 6611 10545 711 3036 7515 4298 3217 1803 1414 651 810 3488 292 3196 509 7509 1152 813 571 208 628 1611 242 1425 1210 893
is_linear=0
shrinkage=0.03


Tree=36
num_leaves=31
num_cat=0
split_feature=5 4 4 5 7 4 4 5 3 4 4 4 4 4 4 4 5 20 0 19 0 4 3 4 0 3 0 19 20 20
split_gain=1672.4 390.047 275.522 207.52 174.884 116.886 223.485 116.933 117.515 113.117 174.063 231.788 107.876 106.06 127.221 159.812 105.519 98.4356 93.3555 92.7803 90.2047 83.2768 115.729 73.5538 83.2149 68.2542 61.0274 60.1239 60.0203 59.6492
threshold=1.4552472781182321e-05 0.00035650000000000005 0.00079050000000000008 0.00031332263833958079 0.17500000000000002 0.00070350000000000002 0.00054450000000000017 -0.00024169522286432039 -0.00013649999999999998 0.00048250000000000002 0.00063850000000000007 0.00079050000000000008 0.00024400000000000005 0.00063050000000000009 0.00059850000000000018 0.0005725000000000002 -0.00011978052045579703 1.7185000000000004 117.50000000000001 12.33865671454703 204.50000000000003 0.00066350000000000014 0.00035950000000000006 0.00041350000000000008 178.50000000000003 0.00034550000000000005 258.50000000000006 12.467844422193599 1.5435000000000001 2.1985000000000006
decision_type=2 2 2 2 2 2 2 2 2 2 2 2 2 2 2 2 2 2 2 2 2 2 2 2 2 2 2 2 2 2
left_child=1 18 4 9 -3 6 7 -6 23 19 -11 21 -5 14 15 17 -15 28 -1 25 -18 22 -12 -9 -25 -2 -10 -16 -8 -19
right_child=3 2 -4 12 5 -7 13 8 26 10 11 -13 -14 16 27 -17 20 29 -20 -21 -22 -23 -24 24 -26 -27 -28 -29 -30 -31
leaf_value=-0.040776496069965799 -0.0037006177132214522 -0.036053388163241447 0.021141594725985414 -0.048903458647375039 -0.038292593379261892 -0.036722427082195266 0.019433447899433718 -0.036691673631946177 -0.032260750112094755 0.026813344235357948 0.038479128380402648 0.035473598147266826 0.029456477510394402 -0.035277538644558425 0.027641998572336776 -0.033679474818287536 -0.048188430729791704 0.037308491649435713 0.038828658632799676 0.037032230470893025 0.025062182279445764 -0.036219783136265886 -0.055024052599062442 0.054495372499689283 0.00017569912159603719 0.039384006737461133 -0.0054070558925582088 -0.041414125485218292 -0.029111610583964342 -0.0084266815899046357
leaf_weight=14.690729826688765 620.90225738286972 537.48571430146694 148.77648434042931 16.070970445871353 330.06894607841969 233.30095957219601 33.857634603977203 38.048083648085594 313.58411048352718 612.31414809823036 36.999436557292938 96.126264050602913 980.41490164399147 143.11280187964439 192.07531061768532 123.95126235485077 19.963471665978432 98.712897300720215 136.01349405944347 61.851148754358292 62.496718555688858 121.86254981160164 17.570783406496048 30.384207874536514 154.18190768361092 34.95532014966011 100.60030755400658 12.059543102979658 70.967492312192917 34.682802453637123
leaf_count=82 2932 3359 741 68 1802 1258 150 180 1462 3480 205 616 6543 733 893 556 92 433 794 415 274 548 74 139 701 190 433 57 308 147
internal_value=6.9453e-05 -0.0158915 -0.0185339 0.0174425 -0.0208674 -0.01677 -0.0141233 -0.0238014 -0.0162902 0.010758 0.0179361 -0.00200691 0.0281927 -0.00230655 0.00462268 -0.00605252 -0.0197026 0.00832237 0.0310687 0.00190808 0.00732833 -0.0224275 0.00837252 0.00128851 0.00911808 -0.00140433 -0.0257383 0.0235624 -0.013432 0.0254174
internal_weight=5428.08 2829.01 2678.31 2599.07 2529.53 1992.05 1758.75 966.868 636.799 1602.58 884.873 272.559 996.486 791.88 566.307 362.172 225.573 238.221 150.704 717.709 82.4602 176.433 54.5702 222.614 184.566 655.858 414.184 204.135 104.825 133.396
internal_count=29665 14594 13718 15071 12977 9618 8360 4717 2915 8460 4923 1443 6611 3643 2544 1594 1099 1038 876 3537 366 827 279 1020 840 3122 1895 950 458 580
is_linear=0
shrinkage=0.03


Tree=37
num_leaves=31
num_cat=0
split_feature=5 4 4 5 7 4 4 5 3 4 4 4 4 4 4 4 5 20 0 19 0 4 3 4 0 3 2 4 0 4
split_gain=1594.39 372.859 262.584 201.959 172.119 113.529 212.91 115.103 111.866 108.932 166.228 221.699 103.231 101.057 120.456 151.703 101.207 93.0314 89.7956 89.4399 85.7505 78.8627 109.545 69.9322 77.5421 65.3019 66.2241 63.6222 58.6667 57.5757
threshold=1.4552472781182321e-05 0.00035650000000000005 0.00079050000000000008 0.00031332263833958079 0.17500000000000002 0.00070350000000000002 0.00054450000000000017 -0.00024169522286432039 -0.00013649999999999998 0.00048250000000000002 0.00063850000000000007 0.00079050000000000008 0.00024400000000000005 0.00063050000000000009 0.00059850000000000018 0.0005725000000000002 -0.00011978052045579703 1.7185000000000004 117.50000000000001 12.33865671454703 204.50000000000003 0.00066350000000000014 0.00035950000000000006 0.00041350000000000008 178.50000000000003 0.00034550000000000005 -0.00015049999999999997 0.00033450000000000005 258.50000000000006 0.00035650000000000005
decision_type=2 2 2 2 2 2 2 2 2 2 2 2 2 2 2 2 2 2 2 2 2 2 2 2 2 2 2 2 2 2
left_child=1 18 4 9 -3 6 7 -6 23 19 -11 21 -5 14 15 17 -15 -8 -1 25 -18 22 -12 -9 -25 26 27 -2 -10 -28
right_child=3 2 -4 12 5 -7 13 8 28 10 11 -13 -14 16 -16 -17 20 -19 -20 -21 -22 -23 -24 24 -26 -27 29 -29 -30 -31
leaf_value=-0.040368444527011618 -0.047599178054334688 -0.035755650663756633 0.020671256317468471 -0.048005549843944693 -0.037882175787856756 -0.036296605828872217 -0.013083010480739742 -0.036082079821995065 -0.031617026725802341 0.026384040667662936 0.038077848088561392 0.035177899573847475 0.029104393201522954 -0.034784908041325273 0.022997060761956008 -0.03296382149145901 -0.047420152543255746 0.024762901568524603 0.038498276361296602 0.036781034359808583 0.024423844321545353 -0.035383027998292314 -0.052934193819527971 0.052429829611618267 0.00017042403662487102 0.038924273328601475 0.0080818559166074451 0.033979415160612127 -0.0052484766318378426 -0.013390039408510588
leaf_weight=14.398471698164938 9.9370991885662061 525.87817281484604 147.61457313597202 15.883247971534727 323.7315575927496 229.02169422805309 104.40511527657509 37.537912458181381 310.41784963011742 603.73963010311127 36.278585940599442 94.057565957307816 962.77497674524784 140.82020482420921 202.8944226950407 122.85961689054966 19.68254853785038 132.82663850486279 133.10922835767269 60.426885828375816 62.210586383938789 121.0149539411068 17.714251264929771 30.629888787865639 154.18562982976437 34.316806092858315 158.02092549204826 64.13356064260006 100.53174476325512 389.25137563049793
leaf_count=82 42 3359 741 68 1802 1258 458 180 1462 3480 205 616 6543 733 950 556 92 580 794 415 274 548 74 139 701 190 774 320 433 1796
internal_value=6.81741e-05 -0.0156198 -0.0182083 0.0171322 -0.0205062 -0.0164391 -0.0138295 -0.0233304 -0.0158919 0.0105289 0.0176439 -0.00196758 0.0278529 -0.00225666 0.0045104 -0.00590595 -0.0193628 0.00810701 0.0308 0.00185669 0.00715655 -0.0219313 0.00821814 0.00124914 0.00883149 -0.001362 -0.00358701 0.0230351 -0.0251664 -0.00719018
internal_weight=5360.31 2792.76 2645.25 2567.55 2497.63 1971.76 1742.73 957.035 633.303 1588.89 872.805 269.065 978.658 785.699 562.986 360.091 222.713 237.232 147.508 716.087 81.8931 175.008 53.9928 222.353 184.816 655.66 621.343 74.0707 410.95 547.272
internal_count=29665 14594 13718 15071 12977 9618 8360 4717 2915 8460 4923 1443 6611 3643 2544 1594 1099 1038 876 3537 366 827 279 1020 840 3122 2932 362 1895 2570
is_linear=0
shrinkage=0.03


Tree=38
num_leaves=31
num_cat=0
split_feature=5 4 4 5 11 4 4 5 4 4 4 4 4 4 4 5 20 0 19 0 4 20 14 4 20 20 2 18 4 4
split_gain=1520.21 356.439 250.216 196.357 169.508 110.361 203.017 113.308 104.812 158.725 212.122 98.8137 96.2971 113.847 144.029 97.0946 87.8184 86.4 86.2353 81.5546 74.7011 67.9479 59.2791 57.3744 56.8985 56.8906 52.5316 67.9561 65.375 52.6361
threshold=1.4552472781182321e-05 0.00035650000000000005 0.00079050000000000008 0.00031332263833958079 0.82500000000000007 0.00070350000000000002 0.00054450000000000017 -0.00024169522286432039 0.00048250000000000002 0.00063850000000000007 0.00079050000000000008 0.00024400000000000005 0.00063050000000000009 0.00059850000000000018 0.0005725000000000002 -0.00011978052045579703 1.7185000000000004 117.50000000000001 12.33865671454703 204.50000000000003 0.00066350000000000014 2.0945000000000005 9.5241060342849746 0.00061150000000000017 2.1985000000000006 1.5435000000000001 -0.00016349999999999999 0.60750000000000004 0.00033450000000000005 0.00017650000000000003
decision_type=2 2 2 2 2 2 2 2 2 2 2 2 2 2 2 2 2 2 2 2 2 2 2 2 2 2 2 2 2 2
left_child=1 17 4 8 5 6 7 -3 18 -10 20 -5 13 14 16 -14 25 -1 26 -17 21 -11 -9 -15 -18 -8 28 29 -2 -28
right_child=3 2 -4 11 -6 -7 12 22 9 10 -12 -13 15 23 -16 19 24 -19 -20 -21 -22 -23 -24 -25 -26 -27 27 -29 -30 -31
leaf_value=-0.039979239202161336 -0.046359385402200561 -0.03748734976330842 0.020210888897386703 -0.047165612411031947 -0.035468358439061362 -0.035885328042311482 0.019246730364493727 -0.016832210322795665 0.025962004221724639 0.028782250554520019 0.034891706123685078 0.028757260666259832 -0.034307373374310689 0.032119529494400133 -0.032271768056453216 -0.046695527189335923 0.035816220901263074 0.038182835669420039 0.036540347793495957 0.023804929684166552 -0.034577113066485331 -0.047231361415688719 0.048350440404419569 -0.0039038752866514871 -0.0089231438332288433 -0.028082206011460598 0.040516688787290651 0.01232563884511826 0.037512562069562619 -0.012590346721231313
leaf_weight=14.106895342469214 9.8973498493432981 317.42248967289925 146.46525706350803 15.684121549129484 514.40721309185028 224.76165735721588 33.850989624857903 616.92107133567333 595.27631762623787 38.843560129404068 92.015099510550499 945.42842853069305 138.53165547549725 147.54264543950558 121.74640375375748 19.392726987600327 97.718730792403221 130.22621943056583 59.021408766508102 61.917659714818001 120.13386705517769 14.547357603907583 12.817713871598242 54.486249938607216 34.657339856028557 70.382984220981598 17.514747560024261 163.58920948207378 53.992644637823105 409.66037735342979
leaf_count=82 42 1802 741 68 3359 1258 150 2860 3480 214 616 6543 733 704 556 92 433 794 415 274 548 65 55 246 147 308 94 897 276 1813
internal_value=6.69904e-05 -0.0153507 -0.0178857 0.016833 -0.0201478 -0.0161108 -0.0135378 -0.0228723 0.0103104 0.0173581 -0.00192967 0.0275183 -0.00220611 0.00439518 -0.00575767 -0.0190331 0.00788502 0.0305434 0.00180957 0.0069904 -0.021455 0.00807092 -0.0155055 0.0224042 0.024103 -0.0127117 -0.00132164 -0.00411634 0.0245198 -0.0104129
internal_weight=5292.96 2757.36 2613.02 2535.6 2466.56 1952.15 1727.39 947.161 1574.49 860.816 265.54 961.113 780.227 560.385 358.356 219.842 236.61 144.333 713.676 81.3104 173.525 53.3909 629.739 202.029 132.376 104.234 654.654 590.764 63.89 427.175
internal_count=29665 14594 13718 15071 12977 9618 8360 4717 8460 4923 1443 6611 3643 2544 1594 1099 1038 876 3537 366 827 279 2915 950 580 458 3122 2804 318 1907
is_linear=0
shrinkage=0.03


Tree=39
num_leaves=31
num_cat=0
split_feature=5 4 4 5 7 4 4 5 3 4 4 4 4 4 4 4 5 19 0 20 0 4 3 4 0 3 2 12 2 4
split_gain=1449.73 340.798 238.443 190.732 166.95 107.323 193.034 111.884 107.116 100.703 151.608 202.939 94.6089 91.8008 107.897 136.789 93.1702 83.164 83.159 83.0327 77.5987 70.8431 101.415 66.7247 72.3861 62.1775 60.5805 57.6984 70.7132 58.1002
threshold=1.4552472781182321e-05 0.00035650000000000005 0.00079050000000000008 0.00031332263833958079 0.17500000000000002 0.00070350000000000002 0.00054450000000000017 -0.00024169522286432039 -0.00013649999999999998 0.00048250000000000002 0.00063850000000000007 0.00079050000000000008 0.00024400000000000005 0.00063050000000000009 0.00059850000000000018 0.0005725000000000002 -0.00011978052045579703 12.33865671454703 117.50000000000001 1.7185000000000004 204.50000000000003 0.00066350000000000014 0.00035950000000000006 0.00041350000000000008 178.50000000000003 0.00034550000000000005 -0.00013549999999999996 0.39500000000000007 0.00011750000000000001 0.00017650000000000003
decision_type=2 2 2 2 2 2 2 2 2 2 2 2 2 2 2 2 2 2 2 2 2 2 2 2 2 2 2 2 2 2
left_child=1 18 4 9 -3 6 7 -6 23 17 -11 21 -5 14 15 19 -15 25 -1 -8 -18 22 -12 -9 -25 26 -2 28 -28 -29
right_child=3 2 -4 12 5 -7 13 8 -10 10 11 -13 -14 16 -16 -17 20 -19 -20 -21 -22 -23 -24 24 -26 -27 27 29 -30 -31
leaf_value=-0.039607751681240422 0.019323800939082477 -0.035190862514273794 0.019760137998272771 -0.046378529759689049 -0.037107054649582007 -0.035487584304937432 -0.0123840483614432 -0.03522270635178034 -0.024263243588606202 0.025546828038011782 0.037465161780792809 0.034614422448411467 0.02841472169614901 -0.033843845601584106 0.021887302668503795 -0.031601632147893743 -0.046011094020295622 0.03630962103863726 0.037881470579836617 0.023492952327102013 0.023204407038214039 -0.033799770538764311 -0.050396031619832006 0.051011366332267008 0.00062434271844910637 0.038490178062611693 0.026588106618386204 0.040108542612692623 -0.013575861697992847 -0.016405427656328759
leaf_weight=13.816424235701559 89.929517686367035 503.08101366460323 145.32950104773045 15.474943235516546 311.15034334361553 220.52654309570789 103.79530017077923 36.779004409909248 405.70344004034996 586.92917962372303 35.135915987193584 90.000129759311676 928.37985569238663 136.25075128674507 200.62625701725483 120.61550348997116 19.09526452422142 57.635509923100471 127.36759147047997 131.75369548797607 61.619028776884079 119.22370062768459 17.82048100233078 30.79498191177845 153.89274333417416 33.553459092974663 84.513904482126236 17.167443290352821 73.99271485209465 353.46315677464008
leaf_count=82 442 3359 741 68 1802 1258 458 180 1895 3480 205 616 6543 733 950 556 92 415 794 580 274 548 74 139 701 190 471 94 376 1549
internal_value=6.60765e-05 -0.0150867 -0.0175693 0.0165444 -0.0197967 -0.0157894 -0.0132521 -0.0223996 -0.015103 0.0101018 0.0170744 -0.00189236 0.0271885 -0.00215909 0.00429138 -0.00562035 -0.0187127 0.00176609 0.0302983 0.00768366 0.00682951 -0.0209748 0.00789879 0.00167754 0.00902592 -0.00128458 -0.00344038 -0.00730926 0.0078391 -0.0137877
internal_weight=5225.42 2722.2 2581.01 2503.22 2435.68 1932.6 1712.08 938.321 627.17 1559.37 849.109 262.18 943.855 773.756 556.791 356.164 216.965 710.256 141.184 235.549 80.7143 172.18 52.9564 221.467 184.688 652.62 619.067 529.137 158.507 370.631
internal_count=29665 14594 13718 15071 12977 9618 8360 4717 2915 8460 4923 1443 6611 3643 2544 1594 1099 3537 876 1038 366 827 279 1020 840 3122 2932 2490 847 1643
is_linear=0
shrinkage=0.03


Tree=40
num_leaves=31
num_cat=0
split_feature=18 12 4 4 4 0 4 2 18 4 4 12 4 4 4 4 4 6 6 19 4 4 4 4 4 4 4 4 4 4
split_gain=1323.05 399.921 175.307 185.766 160.637 149.167 131.84 146.421 80.253 85.434 83.3813 74.0572 66.3298 263.45 78.8615 248.996 132.037 147.943 89.7881 129.023 65.5368 57.199 130.717 55.1946 54.8835 51.6358 146.208 70.7664 119.668 51.7888
threshold=0.55388190954773886 0.69500000000000006 0.00036250000000000003 0.00079050000000000008 0.00069750000000000009 152.50000000000003 0.00049550000000000017 -0.00015049999999999997 0.49750000000000005 0.00024400000000000005 0.00017650000000000003 0.58500000000000008 0.00079050000000000008 0.0006705000000000002 0.00054750000000000013 0.00052250000000000007 0.00053150000000000018 0.75500000000000012 0.69500000000000006 11.396425355001444 0.00072550000000000012 0.00047950000000000005 0.00047750000000000006 0.00070250000000000011 0.00047150000000000008 0.0006085000000000001 0.00059750000000000005 0.00057450000000000003 0.00053950000000000016 0.00054850000000000005
decision_type=2 2 2 2 2 2 2 2 2 2 2 2 2 2 2 2 2 2 2 2 2 2 2 2 2 2 2 2 2 2
left_child=1 2 8 4 6 -2 7 24 -1 10 -10 -8 13 14 15 21 17 -17 19 -18 23 22 -7 -15 -4 26 27 28 -13 -30
right_child=5 -3 3 -5 -6 12 11 -9 9 -11 -12 25 -14 20 -16 16 18 -19 -20 -21 -22 -23 -24 -25 -26 -27 -28 -29 29 -31
leaf_value=0.030874774904273445 0.031240362924359021 -0.029644831039088892 0.027502582470736437 0.022786689023651746 -0.03513751104064141 0.017703310751103776 0.0069482178943051608 -0.023093830818401599 0.03833384512335275 0.042698809548154436 -0.044236998156773948 -0.029858434893579654 0.036037071892416048 -0.027061203686897382 0.02619503664128886 0.037898122236044413 -0.048732056502800387 -0.091483121814130888 0.025203670137174176 0.034833553328011906 -0.059857361580184308 0.035520521736678058 -0.0591051043979215 0.032650481336152136 -0.021057643282632103 -0.032735449944915673 0.045849812020930344 -0.038623520923354623 0.048338793781676062 0.0032891769328640013
leaf_weight=159.19111853092909 599.05995663255453 869.44881609082222 79.672954350709915 156.51105439662933 222.90533335506916 434.29645650088787 525.25914172828197 621.85764352977276 14.4923994615674 23.856016740202904 45.762596294283867 87.462968543171883 108.26422171294689 64.32238458096981 431.26213701069355 10.125900015234945 58.680213704705238 37.086367547512054 52.517394870519638 23.204062461853027 42.964566558599472 150.31501971185207 20.901173755526543 17.784283652901649 28.418670862913132 74.865147471427917 43.751010328531265 72.445392951369286 33.573230043053627 72.696207016706467
leaf_count=967 4515 5483 385 842 1277 2452 2435 2964 93 117 210 458 783 300 2724 62 292 185 332 147 189 924 92 85 143 386 202 341 147 313
internal_value=-8.67598e-05 -0.0123515 -0.00570652 -0.00860496 -0.0112423 0.0186452 -0.00799453 -0.017492 0.0183507 -0.00535277 -0.0243772 -0.000376634 0.0134477 0.0116273 0.0158838 0.0102343 -0.0205751 -0.0637339 -0.00541434 -0.0250515 -0.0298368 0.019475 0.0141765 -0.0141277 0.0147355 -0.0103754 -0.00497414 -0.0133279 -0.00386878 0.0175215
internal_weight=5182.95 3132.17 2262.72 2019.42 1862.91 2050.78 1640 729.949 243.302 84.111 60.255 910.053 1451.72 1343.46 1218.39 787.127 181.614 47.2123 134.402 81.8843 125.071 605.513 455.198 82.1067 108.092 384.794 309.929 266.178 193.732 106.269
internal_count=29845 16763 11280 9893 9051 13082 7774 3492 1387 420 303 4282 8567 7784 7210 4486 1018 247 771 439 574 3468 2544 385 528 1847 1461 1259 918 460
is_linear=0
shrinkage=0.03


Tree=41
num_leaves=31
num_cat=0
split_feature=5 5 7 19 3 3 5 2 1 6 1 19 6 6 2 2 7 6 5 6 7 3 1 3 5 9 2 2 1 2
split_gain=1360.38 302.299 191.664 131.963 70.0142 62.189 62.1164 95.7228 129.595 60.3272 66.4077 59.209 58.3901 54.6861 48.0313 39.4316 38.3482 43.9733 41.2233 47.43 37.2464 39.9064 33.3892 71.0322 190.196 32.2667 31.4194 30.7012 30.4501 29.9987
threshold=-8.3357940952685379e-05 0.00017032117254428046 0.17500000000000002 10.777058649347916 -0.00020449999999999996 0.00016150000000000005 0.00025179732831286068 0.00011750000000000001 0.63833333333333353 0.41500000000000004 0.38166666666666677 11.028076169122242 0.60500000000000009 0.70500000000000007 -0.00062099999999999992 -0.00026949999999999994 0.6150000000000001 0.57500000000000007 -5.3783367772955863e-06 0.50250000000000006 0.75500000000000012 0.00034550000000000005 0.53166666666666684 7.8500000000000011e-05 0.00056440697134731599 6.7195564831940251 0.00033650000000000005 0.00014650000000000001 0.38500000000000006 0.00027550000000000008
decision_type=2 2 2 2 2 2 2 2 2 2 2 2 2 2 2 2 2 2 2 2 2 2 2 2 2 2 2 2 2 2
left_child=2 4 -1 5 14 -3 7 -5 26 -6 -11 16 -7 -10 -2 -13 17 18 -12 -20 21 27 -8 24 -24 29 -9 -14 -4 -17
right_child=1 3 28 6 9 12 22 8 13 10 11 15 20 -15 -16 25 -18 -19 19 -21 -22 -23 23 -25 -26 -27 -28 -29 -30 -31
leaf_value=-0.035202456409630017 -0.027952431461170841 0.028130716588773422 -0.027574864275686527 0.026052075672758312 -0.027053750688143988 -0.046152206096645193 0.034617691815460365 -0.063518225081831331 0.034749784602023263 0.036308477961812087 0.020513521076876599 0.029408466147160136 -0.054229262764171483 -0.032792754697466252 0.024930144218398041 -0.0057925579261353076 -0.020043379014128955 0.027994451160194979 -0.020305275502317036 0.0072395337792678423 -0.031906268223733512 0.02156630672615438 0.020326596476469325 0.029379524577849075 -0.081348495310495511 -0.02331564816544331 -0.0048089920120006164 0.0010061275642444863 -0.012538115532649319 0.023730938045009812
leaf_weight=499.81297372281551 16.993836283683777 55.747961848974228 132.58916088938713 184.96250319480896 67.440496921539307 30.275992795825005 482.10594855993986 33.147167414426804 45.722677916288376 48.998960576951504 120.78024056553841 28.324792295694351 12.743269100785254 14.120398178696631 170.99181737750769 523.26485768705606 40.397093579173088 101.32417763769627 78.102206394076347 201.1987728625536 26.945379495620728 69.095685824751854 98.20043121278286 440.73255552351475 19.916513338685036 90.991952858865261 10.902401477098463 31.30447381734848 1411.7438878417015 32.92375348508358
leaf_count=3476 94 307 761 1154 333 143 3831 160 267 341 568 144 63 64 927 2642 205 570 356 956 121 414 627 2994 113 446 57 169 7352 190
internal_value=-8.39449e-05 0.0125165 -0.0190551 0.0218148 0.00300924 0.000627018 0.0254175 0.0131089 -0.00993403 0.000593387 0.00206581 0.000687475 -0.00837294 0.0188126 0.0201496 -0.00523797 0.00807517 0.0103406 0.00586962 -0.000462947 -0.000208079 0.00734092 0.0288329 0.0238426 0.00318246 -0.00675432 -0.0489875 -0.0149738 -0.0138291 -0.00404491
internal_weight=5121.8 3077.66 2044.15 1555.92 1521.73 226.113 1329.81 288.855 103.893 1333.75 1266.31 1217.31 170.365 59.8431 187.986 675.505 541.802 501.405 400.081 279.301 140.089 113.143 1040.96 558.85 118.117 647.181 44.0496 44.0477 1544.33 556.189
internal_count=29845 18256 11589 10484 7772 1217 9267 1702 548 6751 6418 6077 910 331 1021 3422 2655 2450 1880 1312 767 646 7565 3734 740 3278 217 232 8113 2832
is_linear=0
shrinkage=0.03


Tree=42
num_leaves=31
num_cat=0
split_feature=18 6 0 4 4 4 4 4 4 2 3 7 3 0 2 4 4 20 20 4 4 4 3 4 4 20 20 4 4 4
split_gain=1200.86 374.775 144.759 143.398 136.156 143.048 94.9314 196.075 124.953 112.856 89.0917 73.0078 71.6308 86.6406 76.0102 67.1274 117.622 66.2136 96.6996 80.3501 64.8803 247.02 84.2454 76.4754 223.778 218.95 115.773 58.3704 117.202 51.6921
threshold=0.55388190954773886 0.33500000000000008 149.50000000000003 0.00017650000000000003 0.00080950000000000011 0.00069750000000000009 0.00024400000000000005 0.00035950000000000006 0.00049950000000000005 -0.00016749999999999998 -0.00063849999999999985 0.17500000000000002 5.3500000000000006e-05 134.50000000000003 -0.00018549999999999998 0.00055750000000000016 0.00063050000000000009 1.8225000000000002 2.1905000000000006 0.00045250000000000005 0.00079050000000000008 0.0006705000000000002 -0.00036249999999999992 0.00054750000000000013 0.00052250000000000007 1.6345000000000003 1.3995000000000002 0.00047950000000000005 0.00047750000000000006 0.00035650000000000005
decision_type=2 2 2 2 2 2 2 2 2 2 2 2 2 2 2 2 2 2 2 2 2 2 2 2 2 2 2 2 2 2
left_child=1 11 -2 -3 5 6 -5 -8 9 -9 -10 -1 14 -14 -12 29 -17 -11 19 -19 21 23 -23 24 27 26 -26 28 -4 -13
right_child=2 3 20 4 -6 -7 7 8 10 17 12 15 13 -15 -16 16 -18 18 -20 -21 -22 22 -24 -25 25 -27 -28 -29 -30 -31
leaf_value=-0.034956655544454138 0.031148359974157894 0.036839990147560252 0.016743245647974844 -0.044893413065394773 0.025093510910881391 -0.030919562297730154 0.037511318979481345 0.017290436807736842 -0.045021549316597187 -0.027997812564488845 -0.0053265678942487531 0.018913106809764029 0.02835598813611653 -0.01999005431817813 0.017827507246705072 0.014043781873796063 -0.027730630465364555 0.040695780909344073 -0.028127269057946505 -0.010036393526198145 0.035676537165120155 0.018682453039145907 -0.041650692116053468 0.025624093558328117 0.035461832759056018 0.017891344887108397 -0.05991670217232558 0.03503032795258653 -0.055320259853396982 -0.031565974524408548
leaf_weight=488.40024787187576 549.11081123352051 73.256174758076668 435.72259356081486 51.692207708954811 119.74397452175617 214.9967198073864 98.034662470221519 81.523398742079735 35.16709503531456 375.39752303063869 198.9960603415966 19.49921028316021 41.178251206874847 175.73924389481544 355.66916261613369 119.1243469119072 123.60227888822556 49.298503965139389 104.41448275744915 65.33279187977314 105.81730524450541 26.4136071652174 98.524084866046906 427.31514874100685 13.109440147876738 81.216406010091305 90.69198951125145 148.55822671204805 21.304894253611565 286.73637430369854
leaf_count=3476 4323 500 2513 237 671 1244 568 400 175 1814 909 101 222 830 1662 531 730 213 490 289 799 122 459 2783 82 519 441 949 92 1701
internal_value=-8.05223e-05 -0.011837 0.0180317 -0.00437274 -0.00590746 -0.00791683 -0.00488731 -0.00357907 -0.0062959 -0.0158101 0.00167594 -0.026519 0.00380431 -0.0108123 0.00952057 -0.0190121 -0.00722876 -0.0203496 -0.00724213 0.0117816 0.0130599 0.0112777 -0.0288954 0.0153987 0.00987202 -0.0190036 -0.047871 0.0186941 0.0133839 -0.0283518
internal_weight=5075.59 3077.8 1997.78 2040.44 1967.18 1847.44 1632.44 1580.75 1482.72 675.967 806.75 1037.36 771.583 216.917 554.665 548.962 242.727 594.443 219.046 114.631 1448.67 1342.86 124.938 1217.92 790.604 185.018 103.801 605.586 457.027 306.236
internal_count=29845 16763 13082 10224 9724 9053 7809 7572 7004 3206 3798 6539 3623 1052 2571 3063 1261 2806 992 502 8759 7960 581 7379 4596 1042 523 3554 2605 1802
is_linear=0
shrinkage=0.03


Tree=43
num_leaves=31
num_cat=0
split_feature=5 5 7 19 4 4 4 4 4 4 4 4 4 2 4 3 19 4 19 4 0 3 20 20 4 5 3 4 3 20
split_gain=1244.2 282.002 185.132 172.684 145.792 151.787 91.0142 231.96 94.0093 81.9897 213.89 129.225 195.846 100.937 92.4036 184.653 82.9045 68.8671 76.6797 69.503 93.5527 85.2896 66.5393 97.6306 133.946 64.0166 69.2206 59.9372 58.4401 55.5549
threshold=-8.3357940952685379e-05 0.00025179732831286068 0.17500000000000002 10.777058649347916 0.00035650000000000005 0.00079050000000000008 0.00063050000000000009 0.00054050000000000007 0.00060050000000000001 0.00076950000000000011 0.00066350000000000014 0.00046950000000000003 0.00035650000000000005 -0.00015049999999999997 0.00024400000000000005 2.5000000000000002e-06 10.488186106864079 0.0005725000000000002 12.218075324272512 0.0005685000000000001 238.50000000000003 -0.00039849999999999993 1.5625000000000002 2.0945000000000005 0.00037850000000000009 -0.00024169522286432039 -0.00056249999999999996 0.00061150000000000017 -0.00038449999999999991 1.0610000000000002
decision_type=2 2 2 2 2 2 2 2 2 2 2 2 2 2 2 2 2 2 2 2 2 2 2 2 2 2 2 2 2 2
left_child=2 9 -1 -3 -4 6 7 25 17 10 11 12 14 -14 15 -2 28 18 19 20 -9 -22 29 24 -24 -6 -27 -10 -12 -15
right_child=1 3 4 -5 5 -7 -8 8 27 -11 16 -13 13 22 -16 -17 -18 -19 -20 -21 21 -23 23 -25 -26 26 -28 -29 -30 -31
leaf_value=-0.034719031570588518 -0.038367230358736834 -0.0044598688589648078 0.029177775089103377 0.028310369178552182 -0.037243987787943598 0.017415435032501547 -0.032280318205402177 -0.030903312227005715 0.036740573740729913 0.032706540464554262 0.047005287958867888 0.015002166220907514 0.024477754027665999 0.034295383765978467 0.038534752265555736 0.036903724203823637 -0.042422366909488911 -0.023697167657702481 0.051540666447550093 0.046977323785565281 -0.02347873931428324 0.041617436350687612 -0.052132356451636705 -0.02771995304512926 0.024243273729392677 0.044496973618562176 -0.020497516217832665 -0.0081738797604732592 -0.021067602672384736 -0.033064565508278972
leaf_weight=477.16066595166922 55.668082192540169 169.07767809927464 69.386696055531502 1004.6855661720037 276.08442315459251 117.12871511280537 315.66604514420033 86.755770534276962 90.723511427640915 89.927947148680687 17.981944248080254 821.07415749132633 58.981049001216888 11.651381656527517 122.27508776634932 62.001153334975243 118.7675501704216 130.69550642371178 26.694432035088539 22.138479873538017 30.745843902230263 44.0926863104105 25.316417932510376 109.62838111817837 112.51133202761412 15.630423799157141 261.1457717269659 37.915811106562614 30.776375263929367 203.18296040594578
leaf_count=3476 271 920 425 7565 1710 591 1853 396 445 621 85 4406 297 54 754 412 609 610 109 94 137 194 117 501 535 65 1317 167 141 968
internal_value=-7.8335e-05 0.0121004 -0.0184107 0.0235899 -0.0133073 -0.0153328 -0.018199 -0.0138523 0.001648 0.0047701 0.00333437 0.00674723 -0.00215683 -0.0124808 0.0202717 0.00129382 -0.0289002 -0.00659337 0.00402973 -0.0028731 -0.00970263 0.014874 -0.0171962 -0.00659129 0.0102145 -0.0270228 -0.0168271 0.0235023 0.00403751 -0.0294113
internal_weight=5015.47 3013.51 2001.96 1173.76 1524.8 1455.42 1338.29 1022.62 469.762 1839.74 1749.82 1582.29 761.216 521.272 239.944 117.669 167.526 341.123 210.427 183.733 161.594 74.8385 462.29 247.456 137.828 552.861 276.776 128.639 48.7583 214.834
internal_count=29845 18256 11589 8485 8113 7688 7097 5244 2152 9771 9150 8315 3909 2472 1437 683 835 1540 930 821 727 331 2175 1153 652 3092 1382 612 226 1022
is_linear=0
shrinkage=0.03


Tree=44
num_leaves=31
num_cat=0
split_feature=5 5 18 19 3 5 2 0 20 3 6 0 19 6 6 2 3 3 18 3 3 2 3 6 5 5 0 3 5 20
split_gain=1187.54 271.94 180.838 121.443 64.2187 58.8544 89.7663 121.527 60.0623 57.2635 53.6715 61.0186 55.3481 52.4556 48.9076 43.637 37.5344 63.7475 48.8158 44.0314 51.2313 36.8261 35.5274 47.1612 37.3517 37.3054 34.7364 70.1049 169.435 34.4257
threshold=-8.3357940952685379e-05 0.00017032117254428046 0.18250000000000002 10.777058649347916 -0.00020449999999999996 0.00025179732831286068 0.00011750000000000001 191.50000000000003 1.8465000000000003 0.00016150000000000005 0.41500000000000004 114.50000000000001 11.028076169122242 0.60500000000000009 0.70500000000000007 -0.00062099999999999992 0.00033950000000000007 0.00027250000000000006 0.61250000000000016 -2.3499999999999999e-05 0.00010850000000000002 -0.00026949999999999994 7.1500000000000017e-05 0.55500000000000016 -3.0155387380645135e-05 0.00011344991755191363 159.50000000000003 7.8500000000000011e-05 0.00056440697134731599 1.8275000000000003
decision_type=2 2 2 2 2 2 2 2 2 2 2 2 2 2 2 2 2 2 2 2 2 2 2 2 2 2 2 2 2 2
left_child=2 4 -1 9 15 6 -5 8 -8 -3 -6 -12 16 -11 -9 -2 17 18 22 -20 -21 -14 23 24 -13 -24 -7 28 -28 -15
right_child=1 3 -4 5 10 26 7 14 -10 13 11 12 21 29 -16 -17 -18 -19 19 20 -22 -23 25 -25 -26 -27 27 -29 -30 -31
leaf_value=-0.034486810458269505 -0.027240766033521477 0.027390450353367398 -0.013088293109357715 0.025239217470032497 -0.0259992858615728 0.034115556833174472 -0.066949902202390388 0.034076946209339862 0.015359261315314987 -0.043741054597761835 0.035721224523164737 0.017441974009448854 0.028657930215730078 0.0093174027496293003 -0.030884417858315725 0.024106408496277907 0.040074475084492966 -0.035503060719712771 0.016058595583855795 -0.076583342244823785 0.00128641710918211 -0.006683516809350541 0.031877584945218515 0.029184692790184895 -0.009452163412107719 -0.005040878617239241 0.019141506895203546 0.028507960750069276 -0.075483092090776124 -0.023605637856040106
leaf_weight=465.16660457849503 16.365320205688477 54.180054187774658 1506.7923770546913 178.17126680910587 65.411513492465019 451.23848435282707 33.75144462287426 43.903612583875656 10.449239268898962 30.397551655769348 46.175068937242031 67.893282294273376 27.69183512032032 98.563055455684662 13.680865511298178 165.88795044273138 30.53110109269619 31.498474583029747 19.335159927606583 16.983256340026859 13.768632993102072 635.55676109343767 114.06778172403574 59.612179011106491 147.33991697430611 31.418595537543297 94.558169707655907 419.57828751206398 20.772175997495651 40.259911194443703
leaf_count=3469 94 307 8120 1154 333 3831 157 267 60 143 341 329 144 556 64 927 173 137 98 83 75 3278 556 345 702 157 627 2994 113 211
internal_value=-7.72502e-05 0.0118766 -0.018136 0.0209407 0.00281274 0.024539 0.0123995 -0.010076 -0.0474916 0.000547832 0.000486899 0.00188197 0.000575178 -0.00804648 0.0186435 0.0194957 0.00777897 0.00581447 0.00858103 -0.0194147 -0.0417185 -0.00520795 0.011917 0.00557141 -0.000968661 0.0239048 0.0279853 0.0228139 0.00209865 -0.000230576
internal_weight=4951 2979.04 1971.96 1489.5 1489.54 1266.1 279.956 101.785 44.2007 223.401 1307.28 1241.87 1195.7 169.221 57.5845 182.253 532.448 501.917 470.419 50.087 30.7519 663.249 420.332 274.845 215.233 145.486 986.147 534.909 115.33 138.823
internal_count=29845 18256 11589 10484 7772 9267 1702 548 217 1217 6751 6418 6077 910 331 1021 2655 2482 2345 256 158 3422 2089 1376 1031 713 7565 3734 740 767
is_linear=0
shrinkage=0.03


Tree=45
num_leaves=31
num_cat=0
split_feature=5 5 6 4 4 19 4 4 4 4 3 19 4 4 0 5 4 19 4 4 4 4 4 5 3 4 4 4 5 2
split_gain=1095.64 212.882 212.379 180.715 165.643 136.395 74.2609 159.056 206.755 64.3891 62.5896 62.1899 100.371 162.764 99.7055 60.8237 60.7958 59.3112 56.3 65.474 52.92 53.5725 81.9196 55.233 88.1304 90.4557 53.0946 52.4273 49.9126 107.714
threshold=-5.1543600863118536e-05 0.00016314317185209094 0.22500000000000003 0.00035650000000000005 0.00080950000000000011 10.951543105140063 0.00049950000000000005 0.00061150000000000017 0.00060050000000000001 0.00050650000000000011 2.9500000000000002e-05 10.969524895062678 0.00047350000000000002 0.00036650000000000002 127.50000000000001 -0.00011978052045579703 0.00024400000000000005 10.254725241203017 0.00054050000000000007 0.00058850000000000016 0.00017650000000000003 0.00027250000000000006 0.00035950000000000006 8.2943964010163425e-05 -0.00010949999999999999 0.00056150000000000004 0.00079050000000000008 0.00039150000000000008 0.00025179732831286068 0.0001975
decision_type=2 2 2 2 2 2 2 2 2 2 2 2 2 2 2 2 2 2 2 2 2 2 2 2 2 2 2 2 2 2
left_child=2 11 -1 -4 6 10 -5 8 9 -8 -3 12 13 -2 -13 -9 -7 -17 -11 -20 -16 -22 -23 24 25 -24 -26 -25 29 -18
right_child=1 5 3 4 -6 16 7 15 -10 18 -12 14 -14 -15 20 17 28 -19 19 -21 21 22 23 27 26 -27 -28 -29 -30 -31
leaf_value=-0.031938295564409393 0.042301683193066555 0.041485368138979226 0.032216643110032382 -0.026386387433333294 0.022920567250050487 -0.026587695678207943 0.03217913341534983 -0.032426717746978639 0.040556526709905262 -0.02665979117263604 -0.0038312727865864879 0.023782898943410881 0.023282705829909899 -0.018689876618704967 0.036120201495504961 0.039201267538139455 0.025427935156504825 -0.019242478970244104 0.0038198998908208258 -0.024999493180198427 -0.039880654964020261 0.039113993341237344 0.037806572840058776 -0.045712673697740007 -0.031204127259909158 -0.034494274842107292 0.034463067563759886 0.0064502156124445452 0.028910250639453152 -0.015852789204243357
leaf_weight=555.78011128306389 51.941174797713757 30.876340970396996 84.788013689219952 405.33197394013405 108.45947897434235 20.573080286383629 32.261878088116646 303.59212467074394 89.052381545305252 153.27533447742462 245.76703676581383 111.40276275575161 281.9711475148797 162.81747254729271 24.465482242405415 21.912994161248207 219.53205803781748 54.48782841861248 238.46721006929874 100.99655373394489 46.294203698635101 33.590182423591614 43.199888825416565 18.975161001086235 201.15801200270653 24.353040501475334 11.727489098906515 201.37113223969936 908.25604030489922 76.785423636436462
leaf_count=4082 287 178 537 2224 559 90 146 1780 454 833 1339 774 1526 721 177 96 1415 286 1066 471 219 201 201 83 947 131 77 1058 7201 403
internal_value=3.58479e-05 0.0127022 -0.0159713 -0.0103992 -0.0127956 0.0202526 -0.0155638 -0.0111508 -0.00171063 -0.00888012 0.00122655 0.00335613 0.0115137 -0.00393856 -0.00229902 -0.0264056 0.0245488 -0.00247987 -0.0115685 -0.00475439 -0.00710059 -0.00892162 -0.00623957 -0.00928166 -0.0181131 0.0117419 -0.0275866 0.0019582 0.0254222 0.0147308
internal_weight=4863.46 2715.06 2148.41 1592.63 1507.84 1501.79 1399.38 994.046 614.053 525.001 276.643 1213.27 496.73 214.759 716.537 379.993 1225.15 76.4008 492.739 339.464 605.135 580.669 534.375 500.785 280.438 67.5529 212.886 220.346 1204.57 296.317
internal_count=29562 17028 12534 8452 7915 10626 7356 5132 2970 2516 1517 6402 2534 1008 3868 2162 9109 382 2370 1537 3094 2917 2698 2497 1356 332 1024 1141 9019 1818
is_linear=0
shrinkage=0.03


Tree=46
num_leaves=31
num_cat=0
split_feature=5 6 5 19 3 19 0 2 2 6 7 0 5 2 0 20 0 3 5 20 7 18 20 20 2 19 5 6 3 3
split_gain=1044.51 206.729 204.376 132.542 60.0003 59.0147 94.8897 50.8786 52.9903 47.0588 52.6187 44.1503 44.0365 100.835 50.9102 51.3742 35.0031 72.0474 142.764 34.5928 32.9391 34.2609 32.396 31.4005 30.8306 30.7492 39.2989 29.9286 31.8019 28.6094
threshold=-5.1543600863118536e-05 0.22500000000000003 0.00016314317185209094 10.951543105140063 2.9500000000000002e-05 10.969524895062678 127.50000000000001 -8.4999999999999982e-06 5.7500000000000009e-05 0.60500000000000009 0.75500000000000012 123.50000000000001 0.00025179732831286068 0.0001975 193.50000000000003 1.8465000000000003 159.50000000000003 6.4500000000000009e-05 0.00056440697134731599 1.8275000000000003 0.67500000000000016 0.63750000000000007 2.7945000000000007 2.2325000000000004 0.00032650000000000002 8.9612330416668797 0.00031555551022095595 0.23500000000000001 6.7500000000000014e-05 6.7500000000000014e-05
decision_type=2 2 2 2 2 2 2 2 2 2 2 2 2 2 2 2 2 2 2 2 2 2 2 2 2 2 2 2 2 2
left_child=1 22 5 4 -4 7 -7 -2 -9 -6 19 27 13 -5 15 -15 -14 18 -18 -11 21 -8 -1 -16 -12 -21 -27 -3 -29 -13
right_child=2 11 3 12 9 6 20 8 -10 10 24 29 16 14 23 -17 17 -19 -20 25 -22 -23 -24 -25 -26 26 -28 28 -30 -31
leaf_value=-0.032752069483568069 0.02483814964637442 0.019111618189928029 0.041037381261283673 0.024537802971207702 -0.029025603123728528 0.023371936558002602 -0.0073932583911222602 -0.008451885481081587 0.01573270159910279 0.021431942380910639 -0.053328648867475223 -0.0068793895266128597 0.033797224887818514 -0.060063309880016125 0.025242270244797967 0.018323242917205142 0.016160428437340339 0.028211037791209637 -0.075115251788119314 -0.054594079262747647 -0.055211373143002763 0.02953918733170393 0.016771086880907921 -0.036938378211541847 0.00063888565480581532 -0.027280472127282549 0.028587722646131176 -0.036085838665350395 0.0062387526601804313 -0.019038006283354662
leaf_weight=532.1070790886879 165.17681995779276 12.121501818299292 30.285943001508713 220.79165675491095 52.100101172924042 109.98246648907661 564.78435954451561 153.24049314856529 174.2619890794158 99.727044492959976 20.62418021261692 1228.0650082603097 424.55661715567112 28.667640700936317 28.431434497237206 10.20319978892803 89.214177340269089 374.16436988115311 18.645673349499702 10.396915212273596 12.457299023866652 23.54861806333065 12.159902915358542 9.8384643942117673 17.706257224082947 21.197966709733009 24.346360504627228 113.73166133463383 18.588988035917282 202.95886561274529
leaf_count=4006 841 60 178 1435 247 774 2887 756 937 599 85 6453 3769 131 169 58 602 2802 98 51 58 149 76 45 88 114 155 695 107 1137
internal_value=3.57225e-05 -0.0157059 0.0124663 0.0199286 0.00119226 0.00328377 -0.00224723 0.0112632 0.00441658 -0.00371125 0.00308715 -0.0101994 0.0242278 0.0142216 -0.0153053 -0.0394876 0.0275161 0.0219838 0.000381652 0.01084 -0.00693715 -0.005915 -0.0316456 0.00925681 -0.028399 -0.00804225 0.00258466 -0.0260067 -0.0301399 -0.00860382
internal_weight=4804.08 2119.73 2684.35 1480.9 276.385 1203.45 710.773 492.679 327.502 246.099 193.999 1575.47 1204.51 297.932 77.1407 38.8708 906.581 482.024 107.86 155.668 600.79 588.333 544.267 38.2699 38.3304 55.9412 45.5443 144.442 132.321 1431.02
internal_count=29562 12534 17028 10626 1517 6402 3868 2534 1693 1339 1092 8452 9109 1838 403 189 7271 3502 700 919 3094 3036 4082 214 173 320 269 862 802 7590
is_linear=0
shrinkage=0.03


Tree=47
num_leaves=31
num_cat=0
split_feature=5 7 5 4 4 19 4 4 4 4 5 20 4 4 4 4 4 4 4 4 4 4 5 4 0 4 5 5 19 4
split_gain=991.757 204.085 197.637 168.504 156.815 128.348 90.1322 159.034 108.242 68.219 60.3656 61.3037 60.184 95.5176 123.607 133.066 59.0347 54.6994 71.0251 95.0988 68.2258 110.209 48.7495 69.121 48.4089 87.2039 48.1379 48.0087 58.2028 47.7598
threshold=-5.1543600863118536e-05 0.17500000000000002 0.00016314317185209094 0.00035650000000000005 0.00080950000000000011 10.951543105140063 0.00049950000000000005 0.00063050000000000009 0.00060050000000000001 0.00061150000000000017 -0.00053993882297823483 1.4295000000000002 0.00017650000000000003 0.00024400000000000005 0.00035950000000000006 0.00040350000000000005 0.00024400000000000005 0.00036250000000000003 0.00047650000000000009 0.00053950000000000016 0.0007335000000000001 0.00086700000000000004 0.00025179732831286068 0.0005685000000000001 167.50000000000003 0.00042350000000000005 -0.00016691584406982118 -0.00012718499436319415 10.139942105446279 0.00077900000000000007
decision_type=2 2 2 2 2 2 2 2 2 2 2 2 2 2 2 2 2 2 2 2 2 2 2 2 2 2 2 2 2 2
left_child=1 -1 12 -3 6 17 -5 8 10 -10 -8 26 -2 -14 -15 -16 -7 -4 -19 -20 -21 -22 23 24 25 -18 -12 -9 -29 -17
right_child=2 3 5 4 -6 16 7 27 9 -11 11 -13 13 14 15 29 22 18 19 20 21 -23 -24 -25 -26 -27 -28 28 -30 -31
leaf_value=-0.033726122887167233 0.036413804027456399 0.030419882231679352 -0.051958563043103236 -0.026742014695053794 0.021890690240533507 -0.026478405968014745 -0.038867771818430909 -0.032844316189864199 0.036269851069468985 -0.0082576548773713298 -0.037633172331867214 5.4288675296036808e-05 -0.037771343766545958 0.038366524423090326 -0.029637376700597559 0.0028323268288385881 -0.026521974194935589 0.029410205663264809 -0.033785767332196397 0.029862536502518508 -0.05592532788918745 0.036331888014323292 0.02835226201168595 -0.008312900006926055 0.035277647194965157 0.036649274084910963 0.015159953353452528 0.040816510716542145 -0.02156842083081285 0.030546809027245287
leaf_weight=432.38401871919632 47.157796703279018 85.507721170783043 16.402445882558823 440.73608794808388 109.113365188241 20.554954528808594 52.358939707279205 274.75102907419205 92.620244979858398 46.519707053899765 75.268183410167694 406.35952533781528 52.311340093612671 85.474081590771675 114.65517930686474 840.5734695866704 39.102871879935265 73.821510091423988 67.450414776802063 69.591260358691216 27.422949075698853 20.265573859214783 872.91798784583807 86.477030739188194 125.25561581552029 39.56810512393713 19.590232074260712 18.428539738059044 49.916195273399353 59.953222528100014
leaf_count=3451 346 547 74 2536 565 90 301 1706 473 212 391 1917 249 554 524 4287 221 441 333 402 123 144 7201 539 777 281 83 80 272 442
internal_value=3.6207e-05 -0.0153554 0.0122128 -0.0106024 -0.0128145 0.0196312 -0.0153791 -0.0105442 -0.00227139 0.0213826 -0.00821676 -0.00501485 0.00319529 0.00183661 0.00371908 0.000801905 0.0239196 0.00116679 0.00453705 -0.00540271 0.0109211 -0.01672 0.0248101 0.0141627 0.0236937 0.00525044 -0.0267303 -0.0272473 -0.00474689 0.00467744
internal_weight=4762.51 2103.55 2658.96 1671.17 1585.66 1458.83 1476.55 1035.81 692.717 139.14 553.577 501.218 1200.13 1152.97 1100.66 1015.18 1183.88 274.954 258.552 184.73 117.28 47.6885 1163.32 290.404 203.927 78.671 94.8584 343.096 68.3447 900.527
internal_count=29562 12534 17028 9083 8536 10626 7971 5435 3377 685 2692 2391 6402 6056 5807 5253 9109 1517 1443 1002 669 267 9019 1818 1279 502 474 2058 352 4729
is_linear=0
shrinkage=0.03


Tree=48
num_leaves=31
num_cat=0
split_feature=5 7 5 4 4 4 4 4 4 1 4 3 2 4 4 4 4 5 4 20 20 5 19 7 2 5 20 3 19 7
split_gain=945.218 199.781 192.292 160.681 149.104 87.1354 86.7118 152.941 102.733 76.4197 65.4218 62.3105 64.7565 62.3457 209.578 105.574 83.7714 93.7475 126.74 85.7053 109.544 75.2929 184.458 84.4904 73.8159 58.3972 58.6386 56.2529 55.1282 102.022
threshold=-5.1543600863118536e-05 0.17500000000000002 0.00031332263833958079 0.00035650000000000005 0.00080950000000000011 0.00024400000000000005 0.00049950000000000005 0.00063050000000000009 0.00060050000000000001 0.40166666666666673 0.00061150000000000017 -0.00022549999999999998 -0.00062099999999999992 0.00066350000000000014 0.00077900000000000007 0.00048250000000000002 0.00035950000000000006 0.00011344991755191363 0.00027250000000000006 1.5295000000000003 2.2205000000000008 8.2943964010163425e-05 11.145507301892543 0.60500000000000009 0.00029950000000000002 -0.00053993882297823483 1.4295000000000002 6.7500000000000014e-05 11.064244873272976 0.75500000000000012
decision_type=2 2 2 2 2 2 2 2 2 2 2 2 2 2 2 2 2 2 2 2 2 2 2 2 2 2 2 2 2 2
left_child=1 -1 9 -3 6 -4 -5 8 25 -2 -10 12 -11 15 -15 16 17 -13 -19 -18 -21 22 23 -17 -23 -8 -27 -28 29 -7
right_child=2 3 5 4 -6 28 7 -9 10 11 -12 13 -14 14 -16 21 19 18 -20 20 -22 24 -24 -25 -26 26 27 -29 -30 -31
leaf_value=-0.033519146901672882 0.027431630520753071 0.029987598274799455 -0.045812218295131962 -0.026308614750492284 0.021435598077736429 0.025250380791555855 -0.038485690291727895 -0.026861867416943352 0.035712975067917069 -0.034043901428660692 -0.0080222111128369824 0.037674446168616545 0.03108047391304029 -0.037462942091775038 0.031913250433973944 0.031416339615434399 -0.023097087319358486 -0.028159270330237584 0.030412586729388846 0.01182464875312802 -0.02588091439473441 0.02767221976972007 -0.036108026875133307 -0.045555582924456765 -0.013955356322830752 -0.026286270288218755 0.0042436238261692183 -0.029674943364818046 0.029197174954117718 -0.029503950029231011
leaf_weight=422.1569811552763 145.11785487085581 84.158677756786346 15.736715719103811 434.64949007332325 108.10248106718063 101.84188292920589 51.308294147253036 337.67386324703693 91.263159319758415 15.445945307612417 46.449544817209244 87.546751514077187 124.53995004296303 115.31156316399574 59.364626817405224 111.89236971735954 215.36620436608791 75.019310764968395 59.715136229991913 243.45133619755507 96.966134019196033 331.0931316241622 77.879792168736458 14.497652128338812 43.358647227287292 93.594055190682411 356.15262511372566 50.209996595978737 652.67352165281773 43.798111975193024
leaf_count=3451 1134 547 70 2536 565 681 301 2058 473 90 212 576 751 574 442 585 1015 364 345 1213 453 2180 337 78 245 474 1652 265 5695 200
internal_value=3.60349e-05 -0.0150992 0.0119787 -0.0103966 -0.0125622 0.0240951 -0.0150772 -0.0103223 -0.00221607 0.00654904 0.0209614 0.00473598 0.0238947 0.00298474 -0.0138851 0.0051566 -0.00206062 0.0135049 -0.00219986 -0.00828592 0.00108442 0.0148598 0.000209106 0.0225872 0.0228521 -0.00800609 -0.0048781 5.26598e-05 0.0254731 0.00878419
internal_weight=4706.34 2075.72 2630.62 1653.56 1569.4 814.05 1461.3 1026.65 688.978 1816.57 137.713 1671.45 139.986 1531.46 174.676 1356.79 778.065 222.281 134.734 555.784 340.417 578.722 204.27 126.39 374.452 551.265 499.957 406.363 798.314 145.64
internal_count=29562 12534 17028 9083 8536 6646 7971 5435 3377 10382 685 9248 841 8407 1016 7391 3966 1285 709 2681 1666 3425 1000 663 2425 2692 2391 1917 6576 881
is_linear=0
shrinkage=0.03


Tree=49
num_leaves=31
num_cat=0
split_feature=5 7 5 4 4 19 4 4 4 7 4 4 0 4 4 3 2 4 4 4 4 5 4 7 5 19 7 2 5 4
split_gain=901.429 195.677 186.342 153.177 142.089 83.6824 81.4553 156.906 97.5128 79.8066 93.5215 80.6299 73.4551 67.4411 62.7605 59.6031 61.8045 59.4038 200.199 100.565 79.5415 90.643 120.439 77.5505 72.2624 173.977 79.799 71.009 62.9116 88.2962
threshold=-5.1543600863118536e-05 0.17500000000000002 0.00031332263833958079 0.00035650000000000005 0.00079050000000000008 11.292671477811066 0.00049950000000000005 0.00063050000000000009 0.00060050000000000001 0.75500000000000012 0.0005325000000000001 0.00036250000000000003 120.50000000000001 0.0007335000000000001 0.00061150000000000017 -0.00022549999999999998 -0.00062099999999999992 0.00066350000000000014 0.00077900000000000007 0.00048250000000000002 0.00035950000000000006 0.00011344991755191363 0.00027250000000000006 0.70500000000000007 8.2943964010163425e-05 11.145507301892543 0.60500000000000009 0.00029950000000000002 0.00017308327632408943 0.00047750000000000006
decision_type=2 2 2 2 2 2 2 2 2 2 2 2 2 2 2 2 2 2 2 2 2 2 2 2 2 2 2 2 2 2
left_child=1 -1 12 -3 6 9 -5 8 -8 11 -11 -4 -2 -12 -10 16 -14 19 -19 20 21 -17 -23 28 25 26 -21 -26 -22 -30
right_child=2 3 5 4 -6 -7 7 -9 14 10 13 -13 15 -15 -16 17 -18 18 -20 24 23 22 -24 -25 27 -27 -28 -29 29 -31
leaf_value=-0.033317802736772012 0.027073379439038245 0.029560688849684141 -0.047095872849131713 -0.025882418779602762 0.019052554330317582 0.02932870327254513 -0.0078011000968700311 -0.027599612006497631 0.035173214760441822 -0.069189952811340411 0.038135374951057711 0.027228817444715649 -0.033313299899096614 -0.051479952138002737 -0.007793324228387289 0.037400994227559943 0.030606607283099434 -0.036796845257423411 0.031627510038202314 0.030916989464253624 -0.012096747773523292 -0.027430889721442316 0.029965822282701383 -0.079909963147012042 0.027301156823392545 -0.034923239340069016 -0.04326310219827096 -0.013439831511166149 0.025152786177814163 -0.033243546994996848
leaf_weight=412.11870709806681 142.66433818638325 82.833042003214359 14.728353872895239 428.64402167499065 119.98636955022812 604.80022478103638 548.93306541442871 320.23180839419365 89.904394045472145 23.369750089943409 22.975458383560181 121.52474103868008 15.313184231519697 11.262939751148222 46.380402281880379 85.571104235947132 122.70207673311234 113.89845354855061 58.122753918170929 110.31262528896332 409.89148008078337 74.705769531428814 58.80117779225111 13.195378199219702 325.60880395025015 78.102681696414948 14.803059741854666 43.666348725557327 101.43916615843773 30.252931475639343
leaf_count=3451 1134 547 67 2536 624 5435 2692 1999 473 102 144 851 90 47 212 576 751 574 442 585 1857 364 345 71 2180 337 78 245 612 141
internal_value=3.62933e-05 -0.0148413 0.0117715 -0.0101896 -0.0123083 0.0238308 -0.0149322 -0.0102639 -0.0021621 0.0066787 -0.0229237 0.0191946 0.00641798 0.00865584 0.0205509 0.00463893 0.0235145 0.0029232 -0.0136775 0.00504425 -0.00200788 0.0132977 -0.00215135 -0.00805192 0.0145768 0.000209181 0.0221404 0.0224836 -0.00630113 0.0117377
internal_weight=4646.74 2049.03 2597.71 1636.91 1554.08 798.661 1434.09 1005.45 685.218 193.861 57.6081 136.253 1799.05 34.2384 136.285 1656.39 138.015 1518.37 172.021 1346.35 773.857 219.078 133.507 554.779 572.494 203.218 125.116 369.275 541.584 131.692
internal_count=29562 12534 17028 9083 8536 6646 7912 5376 3377 1211 293 918 10382 191 685 9248 841 8407 1016 7391 3966 1285 709 2681 3425 1000 663 2425 2610 753
is_linear=0
shrinkage=0.03


Tree=50
num_leaves=31
num_cat=0
split_feature=5 5 4 4 19 6 4 4 4 4 4 5 4 3 5 3 1 4 4 2 4 4 1 19 4 4 5 19 3 5
split_gain=861.341 213.941 168.694 141.858 111.465 97.9276 84.6969 208.719 73.5581 64.7867 158.499 97.525 116.905 89.1774 64.7383 79.778 64.1251 59.7697 58.1319 54.7075 52.7094 74.3656 118.872 97.2943 82.2425 78.7517 78.9252 72.2142 51.2543 58.624
threshold=-8.3357940952685379e-05 0.00017032117254428046 0.00079050000000000008 0.00035250000000000006 10.931328592086521 0.17500000000000002 0.0005325000000000001 0.00063050000000000009 0.00060050000000000001 0.00046950000000000003 0.00035950000000000006 0.00011764290977682919 0.00027250000000000006 -0.00020449999999999996 -0.00024169522286432039 -0.00053649999999999998 0.45833333333333343 0.00058850000000000016 0.00024400000000000005 -0.00021049999999999999 0.00052650000000000017 0.00054550000000000009 0.58500000000000008 11.114207534328949 0.00079050000000000008 0.00066350000000000014 8.2943964010163425e-05 10.602069927857981 6.4500000000000009e-05 0.00011018836823092273
decision_type=2 2 2 2 2 2 2 2 2 2 2 2 2 2 2 2 2 2 2 2 2 2 2 2 2 2 2 2 2 2
left_child=2 9 3 16 -3 -5 14 8 17 10 11 -2 -13 -12 -7 -16 -1 -8 -6 -15 -11 22 -22 -23 25 26 -25 -24 -21 -30
right_child=1 4 -4 5 18 6 7 -9 -10 20 13 12 -14 19 15 -17 -18 -19 -20 28 21 23 27 24 -26 -27 -28 -29 29 -31
leaf_value=-0.04054908152912029 0.035645737416371344 0.00096014080063115887 0.018517439385061757 -0.033458469368120858 -0.027106135733893682 -0.036327482760494342 0.0028652329250001894 -0.02971626285153545 0.022017946121745544 0.021054765725893248 0.037730835922934296 -0.033718735708676006 0.038719957108626253 0.035955716880099457 0.039285273963580815 -0.020098871840697613 0.036882291552249043 -0.024882456844992143 0.024224977587127838 -0.029378204009920469 0.037706027135769093 0.023021830317916391 -0.013025717400209275 -0.01785502157704269 0.033598111527522803 -0.037691421562035435 0.027498900511890439 -0.070683131072396738 0.010602584907049746 -0.026924421901949554
leaf_weight=11.562779851257799 113.79474596679211 246.45821709185839 120.28915813565254 375.38119465112686 20.228100314736366 252.60078951716423 258.49551904201508 293.86196272075176 126.4692195802927 211.28051024675369 27.144379362463951 53.795643910765648 31.965006925165653 15.978675499558447 22.329104721546173 230.91720847785473 57.461105421185493 95.744636215269566 1079.9043160453439 237.09508788585663 25.158039569854736 224.09338496625423 47.006135985255241 82.53222493827343 43.349650695919991 70.383691444993019 59.376382291316986 33.471537202596664 79.911992639303207 70.534145891666412
leaf_count=71 821 1410 629 3228 89 1750 1197 1904 640 1059 144 263 209 78 98 1267 390 462 8885 1169 159 1271 233 367 340 410 385 144 347 318
internal_value=5.18593e-05 0.0106189 -0.0158319 -0.0182275 0.0191959 -0.0199841 -0.0160338 -0.00979845 0.00237749 0.00252458 -0.00466263 0.0174391 -0.00671914 -0.0149038 -0.0255815 -0.0148629 0.0239111 -0.00463446 0.0232812 -0.0184445 0.00821027 0.00357425 -0.0192127 0.00859185 -0.00405733 -0.0117465 0.00112164 -0.0370061 -0.0206875 -0.00699132
internal_weight=4618.57 2773.46 1845.11 1724.82 1346.59 1655.8 1280.42 774.571 480.709 1426.87 630.22 199.555 85.7607 430.664 505.847 253.246 69.0239 354.24 1100.13 403.52 796.652 585.371 105.636 479.735 255.642 212.292 141.909 80.4777 387.541 150.446
internal_count=29737 18101 11636 11007 10384 10546 7318 4203 2299 7717 3349 1293 472 2056 3115 1365 461 1659 8974 1912 4368 3309 536 2773 1502 1162 752 377 1834 665
is_linear=0
shrinkage=0.03


Tree=51
num_leaves=31
num_cat=0
split_feature=5 5 18 4 4 4 4 4 4 4 5 3 20 20 4 4 4 4 20 19 5 3 3 4 19 3 5 4 19 4
split_gain=821.468 207.865 164.411 131.552 122.582 90.4005 114.393 233.292 109.945 96.6915 137.967 91.8153 86.0254 87.716 83.1566 82.2738 79.7916 188.083 74.3032 66.6247 63.5261 75.0795 61.1367 57.4023 68.9034 54.2378 61.131 52.8629 50.0943 50.0027
threshold=-8.3357940952685379e-05 0.00031332263833958079 0.18250000000000002 0.00079050000000000008 0.00035650000000000005 0.00048150000000000005 0.00066350000000000014 0.00076950000000000011 0.00035650000000000005 0.00027250000000000006 9.9661436767433493e-05 -0.00020449999999999996 1.5285000000000002 2.2205000000000008 0.00037850000000000009 0.00024400000000000005 0.00063750000000000015 0.0005325000000000001 1.2005000000000001 10.488186106864079 -0.00024169522286432039 -0.00054549999999999987 8.850000000000001e-05 0.00042350000000000005 11.613033208291762 0.00033950000000000007 0.00016028393211208052 0.00072850000000000009 12.33865671454703 0.00044250000000000002
decision_type=2 2 2 2 2 2 2 2 2 2 2 2 2 2 2 2 2 2 2 2 2 2 2 2 2 2 2 2 2 2
left_child=2 5 -1 4 28 8 25 19 9 10 -2 -10 18 14 -14 -3 17 20 -13 27 -6 -22 -12 -16 -25 26 -7 -8 -4 -26
right_child=1 15 3 -5 16 6 7 -9 11 -11 22 12 13 -15 23 -17 -18 -19 -20 -21 21 -23 -24 24 29 -27 -28 -29 -30 -31
leaf_value=-0.032715328493490896 0.035743128983675661 -0.04437539197764475 0.036725179026866478 0.01980235717724756 -0.036164993687044934 0.013108290177506315 0.026456428522920829 0.031354573569044558 0.037414422520852045 0.035733103320640301 -0.041099572212698061 0.013733335315722928 -0.035963534283060962 -0.026108252390807003 0.034627695111842327 0.025037826326120154 -0.030287519330237593 0.0012688866019998195 -0.032793286200875987 -0.039079806399514673 0.045587756442364222 -0.01895624527710224 0.02122982590476696 -0.010818331294959189 -0.03374674194723843 -0.0077067340069997227 0.031492589335634674 -0.041827582045955047 -0.042558966930353617 0.041348185010905938
leaf_weight=394.68377976864576 52.553860157728195 15.687289044260977 56.594688132405281 115.88012243807316 235.77906011044979 495.00070364773273 30.26098620891571 95.321964040398598 37.418100774288177 112.97081495821476 61.755682960152626 36.708884552121162 36.362232610583305 101.94164088368416 74.474465280771255 755.237878292799 263.825130879879 496.49705170094967 194.9537848085165 121.4107980132103 17.449210599064827 230.26128941774368 18.377933263778687 111.50575193762779 9.5118567645549756 74.48910690844059 242.54530118405819 15.394464790821074 8.2131613343954069 49.558831118047237
leaf_count=3468 413 72 392 608 1653 2620 143 766 213 794 302 184 186 490 392 6578 1748 2390 963 658 73 1264 92 488 56 425 1881 77 40 308
internal_value=5.06722e-05 0.0104164 -0.0155815 -0.0108342 -0.0135472 0.00525389 0.0111257 -0.00609496 -0.00177073 0.0153354 -0.00203133 -0.00821161 -0.0109875 -0.00226549 0.00637153 0.0236254 -0.015643 -0.0117005 -0.0254208 -0.0274623 -0.0250189 -0.0144096 -0.0268049 0.0126535 0.00305943 0.0166901 0.019154 0.00343189 0.0266774 0.029256
internal_weight=4562.63 2743.44 1819.18 1424.5 1308.62 1972.52 1074.42 262.388 898.094 245.658 132.687 652.436 615.017 383.355 281.413 770.925 1243.81 979.987 231.663 167.066 483.49 247.711 80.1336 245.051 170.576 812.035 737.546 45.6555 64.8078 59.0707
internal_count=29737 18101 11636 8168 7560 11451 6570 1644 4881 1601 807 3280 3067 1920 1430 6650 7128 5380 1147 878 2990 1337 394 1244 852 4926 4501 220 432 364
is_linear=0
shrinkage=0.03


Tree=52
num_leaves=31
num_cat=0
split_feature=5 5 11 4 4 4 4 4 4 4 5 2 4 4 4 20 20 4 19 5 3 20 3 5 11 3 5 4 4 4
split_gain=783.607 200.286 161.891 124.947 116.953 86.0301 108.478 223.502 104.949 93.2399 132.386 87.7016 78.7854 77.346 181.003 67.171 88.3924 89.0575 63.841 62.9836 72.5635 62.6669 58.3674 53.6888 57.2242 51.8147 60.5407 51.7442 87.6969 50.4661
threshold=-8.3357940952685379e-05 0.00031332263833958079 0.82500000000000007 0.00079050000000000008 0.00035650000000000005 0.00048150000000000005 0.00066350000000000014 0.00076950000000000011 0.00035650000000000005 0.00027250000000000006 9.9661436767433493e-05 -0.00015049999999999997 0.00024400000000000005 0.00063750000000000015 0.0005325000000000001 1.5285000000000002 2.1905000000000006 0.00037850000000000009 10.488186106864079 -0.00024169522286432039 -0.00020449999999999996 1.2005000000000001 8.850000000000001e-05 -4.324986342148768e-05 0.29500000000000004 0.00033950000000000007 0.00016028393211208052 0.00048350000000000004 0.00039150000000000008 0.00072850000000000009
decision_type=2 2 2 2 2 2 2 2 2 2 2 2 2 2 2 2 2 2 2 2 2 2 2 2 2 2 2 2 2 2
left_child=2 5 3 4 -1 8 25 18 9 10 -2 -10 -3 14 19 21 17 -17 29 -6 27 -13 -12 -19 -25 26 -7 28 -21 -8
right_child=1 12 -4 -5 13 6 7 -9 11 -11 22 15 -14 -15 -16 16 -18 23 -20 20 -22 -23 -24 24 -26 -27 -28 -29 -30 -31
leaf_value=0.026486306897144426 0.035546739759459191 -0.0437543429284361 -0.032529667113518707 0.019378902014390555 -0.035932730381018345 0.012779471989435635 0.0258764784457098 0.031078097012275208 0.025531612683814323 0.035452982897453453 -0.040425277613375027 0.012862502154955081 0.024722010372462244 -0.029917680353467663 0.001230663257222928 -0.043607004104268834 -0.026848676769740145 -0.02460726797789738 -0.038514401730649787 -0.036885887049838695 -0.026421928064814224 -0.030885569125557469 0.020765867203561331 -0.049191426186658553 0.022295515438070256 -0.0074519142961753746 0.03122280568718502 -0.012690456004098306 0.06203092992754481 -0.041348122443378293
leaf_weight=63.341205932199955 51.27816179394722 15.436448901891707 386.24163423478603 114.87527540326118 230.26732536405325 492.54282647371292 30.014785930514336 93.315289221704006 63.292510710656643 110.48513203114271 60.914953842759132 34.710100255906582 742.13856326788664 257.9834968522191 496.55926565825939 28.72623173892498 103.21739867329597 30.309245944023132 119.52597184479237 11.365588992834089 156.32676215469837 195.15565387904644 18.227190390229225 10.667743086814879 182.25541769713163 74.721584431827068 237.38008005172014 50.211202427744865 27.789968565106392 15.110086858272551
leaf_count=432 413 72 3477 608 1653 2620 143 766 356 794 302 170 6578 1739 2390 146 497 146 658 65 898 970 92 60 935 425 1881 244 130 77
internal_value=4.98164e-05 0.0102344 -0.0153234 -0.0106057 -0.013268 0.00515279 0.0109144 -0.00601438 -0.00173216 0.0151752 -0.00200298 -0.00801454 0.0233267 -0.0153143 -0.0114405 -0.0116437 -0.00346596 0.006113 -0.0270364 -0.02466 -0.014095 -0.0242795 -0.0263324 0.0125111 0.0183426 0.0163417 0.0187775 0.00746815 0.0333186 0.00336629
internal_weight=4504.39 2709.43 1794.96 1408.72 1293.84 1951.85 1062.61 257.966 889.24 240.905 130.42 648.334 757.575 1230.5 972.52 585.042 355.176 251.959 164.651 475.961 245.694 229.866 79.1421 223.232 192.923 804.644 729.923 89.3668 39.1556 45.1249
internal_count=29737 18101 11636 8159 7551 11451 6570 1644 4881 1601 807 3280 6650 7119 5380 2924 1784 1287 878 2990 1337 1140 394 1141 995 4926 4501 439 195 220
is_linear=0
shrinkage=0.03


Tree=53
num_leaves=31
num_cat=0
split_feature=18 6 0 18 20 20 20 3 11 20 19 0 0 11 0 3 6 6 3 11 19 3 20 3 19 0 3 0 20 6
split_gain=689.398 272.162 125.267 62.945 49.3146 48.0765 100.643 102.899 69.3597 40.5367 39.5427 82.2146 35.8533 35.2481 30.2893 28.2666 27.498 25.7312 41.3241 37.0624 40.4038 24.0427 52.7497 37.608 24.0368 23.7998 23.3482 21.4089 18.5781 39.9949
threshold=0.56250000000000011 0.22500000000000003 147.50000000000003 0.4239427860696518 2.7945000000000007 1.3955000000000002 1.5435000000000001 0.00010150000000000001 0.22500000000000003 1.4375000000000002 12.074972571951188 234.50000000000003 144.50000000000003 0.40500000000000008 216.50000000000003 -1.2499999999999997e-05 0.23500000000000001 0.80500000000000016 0.00010450000000000001 0.22500000000000003 11.064244873272976 0.00020050000000000002 2.0305000000000004 0.00048250000000000002 11.890237977685723 277.50000000000006 8.5500000000000018e-05 119.50000000000001 1.6265000000000003 0.30500000000000005
decision_type=2 2 2 2 2 2 2 2 2 2 2 2 2 2 2 2 2 2 2 2 2 2 2 2 2 2 2 2 2 2
left_child=1 4 13 12 -1 -4 7 8 -7 14 11 -10 16 -2 -9 -13 -3 19 -19 20 -8 -5 23 24 -23 -24 -18 -15 -14 -30
right_child=2 3 5 21 -6 6 17 9 10 -11 -12 15 28 27 -16 -17 26 18 -20 -21 -22 22 25 -25 -26 -27 -28 -29 29 -31
leaf_value=-0.03139154800790861 0.03332897303001614 0.020095335701221784 0.023739364253558912 0.0010223015883113267 0.028598368783779034 -0.11128188331600684 -0.049880614130783388 0.017918994059755122 0.032443207594439263 0.023138062408686676 -0.079255461420234152 -0.018351087042187599 -0.012664126366631822 0.034117106525400072 -0.028526880103085104 -0.069951908999602616 -0.029858298543540954 -0.036995204633461794 0.032321939125955337 0.012028736095073796 0.022013749172062266 -0.032684608123627987 0.0025691736353394621 0.023645237938349398 0.0026457422907224322 0.05222116100781473 0.00031779445191903777 -0.0067307016109431333 -0.022233502870819259 0.00082447655236336326
leaf_weight=459.03404527902603 353.62942495197058 12.916630402207373 211.9560915902257 1161.1838122159243 12.673276856541632 10.059293523430823 18.263303592801098 19.527460232377052 19.843831695616245 62.353651531040668 10.95457750558853 20.176503688096997 371.01843662559986 17.31401053071022 35.811389297246933 18.148369193077091 150.70189315825701 8.4302026182413083 94.600828036665916 697.64502158761024 11.443193182349203 93.444759428501129 24.963676497340202 15.506822265684603 21.277263328433037 13.326738141477106 27.249005861580372 34.674156919121742 83.560660667717457 356.74198665469885
leaf_count=4031 3628 67 1597 6263 87 52 76 159 131 463 50 100 2171 166 184 87 991 54 867 4626 95 479 132 94 115 63 175 221 515 1998
internal_value=4.85201e-05 -0.00899746 0.0154673 -0.0047935 -0.0297798 0.0107307 0.00804665 -0.0112383 -0.0376801 0.00655155 -0.026969 -0.0171222 -0.0104709 0.0299381 -0.0121375 -0.0427862 -0.0221697 0.0126189 0.0266503 0.0106313 -0.0221863 -0.000514472 -0.0111036 -0.0202048 -0.026132 0.0198502 -0.0252375 0.00687315 -0.0077187 -0.00355147
internal_weight=4448.43 2803.6 1644.83 2331.89 471.707 1239.21 1027.26 196.875 79.1826 117.693 69.1233 58.1687 1002.19 405.618 55.3388 38.3249 190.868 830.383 103.031 727.352 29.7065 1329.7 168.519 130.229 114.722 38.2904 177.951 51.9882 811.321 440.303
internal_count=29737 17181 12556 13063 4118 8541 6944 1226 420 806 368 318 5917 4015 343 187 1233 5718 921 4797 171 7146 883 688 594 195 1166 387 4684 2513
is_linear=0
shrinkage=0.03


Tree=54
num_leaves=31
num_cat=0
split_feature=5 5 11 4 4 4 4 4 4 4 5 2 19 4 4 11 4 5 20 20 4 19 20 4 6 4 5 11 2 5
split_gain=713.328 188.944 156.677 117.878 111.515 80.7206 103.541 213.233 98.9083 89.7303 127.621 83.2713 76.7251 75.918 174.397 74.3998 72.7488 62.4512 61.962 83.7786 83.7799 60.9998 58.754 55.6595 52.6034 50.9597 50.4991 54.1682 48.7403 64.7006
threshold=-8.3357940952685379e-05 0.00031332263833958079 0.82500000000000007 0.00079050000000000008 0.00035650000000000005 0.00048150000000000005 0.00066350000000000014 0.00076950000000000011 0.00035650000000000005 0.00027250000000000006 9.9661436767433493e-05 -0.00015049999999999997 11.249962015616083 0.00063750000000000015 0.0005325000000000001 0.23500000000000001 0.00036250000000000003 -0.00024169522286432039 1.5285000000000002 2.1905000000000006 0.00037850000000000009 10.488186106864079 1.2005000000000001 0.0005325000000000001 0.57500000000000007 0.0007335000000000001 -4.324986342148768e-05 0.29500000000000004 0.00022350000000000004 0.00016028393211208052
decision_type=2 2 2 2 2 2 2 2 2 2 2 2 2 2 2 2 2 2 2 2 2 2 2 2 2 2 2 2 2 2
left_child=2 5 3 4 -1 8 28 21 9 10 -2 -10 15 14 17 23 -17 -6 22 20 -20 -8 -13 -3 -12 -25 -22 -28 29 -7
right_child=1 12 -4 -5 13 6 7 -9 11 -11 24 18 -14 -15 -16 16 -18 -19 19 -21 26 -23 -24 25 -26 -27 27 -29 -30 -31
leaf_value=0.026268412737044611 0.035346314478794529 -0.063162261039932416 -0.032174713939817787 0.019060619383465968 -0.035630071099782681 0.012660859092507982 0.0031688412302112627 0.030718259116136095 0.025042186571414354 0.035118798141270439 -0.041719139301023847 0.012491971622958443 0.028327425644829179 -0.029468771461511792 0.0014338120544403407 -0.046390941779491664 0.024988775526613567 -0.013619033325005385 -0.042689069954456045 -0.026316125271809872 -0.024090268679395597 -0.038087397564685717 -0.030004649272945952 0.037465589097222696 0.012687191793270266 -0.049364220045793009 -0.04738162518874154 0.021666413542687647 -0.0025056015618530425 0.03260974123780272
leaf_weight=62.579247452318668 49.960998371243477 20.968500465154648 368.46169064193964 113.9817161411047 222.45745687931776 469.01054971665144 44.439691737294197 90.463276237249374 62.464718490839005 107.15385235100985 55.575266540050507 34.48973073810339 554.2847753316164 251.60306799411774 495.1508928835392 14.427273511886595 117.57765255123377 242.44946745038033 28.359033301472664 102.82514902204275 30.029814004898071 117.63453844189644 193.84202103316784 15.275090403854849 22.456904567778111 10.109038904309271 10.839570701122282 180.49757375568151 111.56516053527594 212.67427001148462
leaf_count=432 413 92 3477 608 1653 2517 220 766 356 794 279 170 5477 1739 2390 69 868 1337 146 497 146 658 970 101 115 43 60 935 624 1785
internal_value=4.81239e-05 0.0098549 -0.0147843 -0.0101685 -0.0127831 0.0049185 0.01055 -0.00618006 -0.00178546 0.0148648 -0.00209152 -0.00787122 0.0228203 -0.0148 -0.0109557 0.00570581 0.0171874 -0.0241513 -0.0114105 -0.00352536 0.00585879 -0.0267752 -0.0235855 -0.026992 -0.0260615 0.00288627 0.0120782 0.0177547 0.0158762 0.0188846
internal_weight=4413.61 2656.92 1756.68 1388.22 1274.24 1924.28 1045.79 252.538 878.495 235.147 127.993 643.348 732.642 1211.66 960.058 178.358 132.005 464.907 580.883 352.551 249.726 162.074 228.332 46.3526 78.0322 25.3841 221.367 191.337 793.25 681.685
internal_count=29737 18101 11636 8159 7551 11451 6570 1644 4881 1601 807 3280 6650 7119 5380 1173 937 2990 2924 1784 1287 878 1140 236 394 144 1141 995 4926 4302
is_linear=0
shrinkage=0.03


Tree=55
num_leaves=31
num_cat=0
split_feature=5 5 11 4 4 4 4 4 4 4 4 3 3 4 4 4 19 11 4 4 4 4 0 3 5 19 5 3 20 20
split_gain=655.013 179.179 151.828 102.061 100.172 89.7844 124.251 81.7231 115.131 91.8239 87.7836 140.813 85.0203 79.7802 123.078 78.5809 76.8279 74.0192 69.1323 68.3999 191.513 64.8594 130.333 85.5302 68.9122 63.7757 60.7933 75.429 59.7968 63.3331
threshold=-8.3357940952685379e-05 0.00031332263833958079 0.82500000000000007 0.0013795000000000003 0.00035650000000000005 0.0005325000000000001 0.00063050000000000009 0.00048250000000000002 0.00052650000000000017 0.00035650000000000005 0.00024400000000000005 2.9500000000000002e-05 -0.00020449999999999996 0.00079050000000000008 0.0010835 0.00060050000000000001 11.278973712943612 0.23500000000000001 0.00036250000000000003 0.00076950000000000011 0.00066350000000000014 0.00054550000000000009 175.50000000000003 0.00032050000000000009 0.00020471719289691135 10.545735985562677 -0.00024169522286432039 -0.00053649999999999998 1.5335000000000003 2.2205000000000008
decision_type=2 2 2 2 2 2 2 2 2 2 2 2 2 2 2 2 2 2 2 2 2 2 2 2 2 2 2 2 2 2
left_child=2 7 3 4 -1 26 15 9 -9 10 11 -2 -11 -8 -15 -7 17 -3 -19 20 21 22 -10 -23 25 -24 -6 -28 -14 -30
right_child=1 16 -4 -5 5 6 13 8 19 12 -12 -13 28 14 -16 -17 -18 18 -20 -21 -22 23 24 -25 -26 -27 27 -29 29 -31
leaf_value=0.025972391087993218 -0.035750278565197371 -0.026874577824911931 -0.0317874819999567 0.038872675303527615 -0.03541126704980279 -0.004419500218123572 -0.028759103173373938 0.031522607922538359 0.036209846627624755 0.036317717326137561 0.032393254078347838 0.031984295344020051 -0.021492895006624404 0.021602429568804846 -0.091266295834978362 0.023683565653005108 0.027581265875399313 -0.045811098399811394 0.024366501500700556 0.030807504514413775 -0.026229297540637506 0.022634939590067307 -0.015335654114991345 -0.014612611673672317 0.02417611169743273 -0.069670647752492376 0.040563602675424408 -0.018703290223884925 0.0046717349906285699 -0.022971788439664489
leaf_weight=61.556269161403179 60.498844094574451 48.264813095331192 365.79506027698517 37.362554237246513 215.93157453835011 351.75858411192894 265.33318722993135 186.36914721131325 44.277671717107296 37.196292571723461 116.96265029162169 50.831056945025921 257.75547535717487 64.449164152145386 10.051142349839209 120.12834069132805 539.02828006446362 14.191374003887175 115.09131027758121 85.082060851156712 163.16474507749081 349.56415041536093 46.411992087960243 65.951935827732086 19.998113572597504 33.456908464431763 21.187359765172005 220.06803801655769 277.22088830173016 102.04907571524382
leaf_count=432 326 246 3536 218 1645 1644 1851 1257 334 217 877 396 1298 333 52 607 5438 69 864 735 888 2258 232 365 150 144 91 1248 1438 497
internal_value=-0.000321621 0.0091632 -0.0146196 -0.0100284 -0.0114017 -0.0132148 -0.00722582 0.00433498 0.0102678 -0.00220099 0.0142438 -0.004824 -0.00776922 -0.0210568 0.00637485 0.0027347 0.0219436 0.00482774 0.0166631 0.00536465 0.00236984 0.0107077 -0.00663194 0.0167229 -0.0256265 -0.0380965 -0.0238479 -0.0134984 -0.0103435 -0.00276623
internal_weight=4346.99 2613.37 1733.62 1367.83 1330.46 1268.91 811.72 1896.79 994.277 902.514 228.293 111.33 674.222 339.833 74.5003 471.887 716.576 177.547 129.283 807.908 722.826 559.661 144.145 415.516 99.867 79.8689 457.187 241.255 637.025 379.27
internal_count=29686 18029 11657 8121 7903 7471 4487 11412 6363 5049 1599 722 3450 2236 385 2251 6617 1179 933 5106 4371 3483 860 2623 526 376 2984 1339 3233 1935
is_linear=0
shrinkage=0.03


Tree=56
num_leaves=31
num_cat=0
split_feature=5 11 4 4 0 4 4 4 4 4 5 3 11 20 20 20 5 0 5 0 2 4 4 4 20 5 20 5 3 4
split_gain=626.383 196.708 186.263 128.444 128.181 92.1988 91.8277 159.589 119.127 84.3536 76.6767 104.022 66.7601 64.9557 66.7107 63.1749 62.1916 96.8262 63.0523 61.2199 60.8687 59.5994 242.368 54.5266 54.3434 53.6843 52.1941 51.0866 99.5132 79.6369
threshold=1.4552472781182321e-05 0.82500000000000007 0.00035950000000000006 0.00054450000000000017 150.50000000000003 0.00024400000000000005 0.00061150000000000017 0.00080950000000000011 0.00060050000000000001 0.0005725000000000002 -0.00024169522286432039 -0.00013649999999999998 0.40500000000000008 1.7245000000000001 2.0265000000000004 1.7185000000000004 -0.00011978052045579703 204.50000000000003 -0.00049485014587384113 117.50000000000001 5.1500000000000005e-05 0.00079050000000000008 0.00072550000000000012 0.00044250000000000002 2.2415000000000007 9.9661436767433493e-05 1.5435000000000001 0.00031332263833958079 -0.00015849999999999998 0.00053850000000000002
decision_type=2 2 2 2 2 2 2 2 2 2 2 2 2 2 2 2 2 2 2 2 2 2 2 2 2 2 2 2 2 2
left_child=1 2 19 10 12 -6 8 16 9 15 -4 13 -2 -12 -15 26 18 -18 -8 -1 -19 22 27 25 -17 -14 -5 28 -7 -29
right_child=4 -3 3 6 5 21 7 -9 -10 -11 11 -13 23 14 -16 24 17 20 -20 -21 -22 -23 -24 -25 -26 -27 -28 29 -30 -31
leaf_value=-0.041396994026253589 0.032361664005605056 -0.031607732295871861 -0.033325075534620614 0.021341133449454357 -0.025916348069015945 0.033918804735431199 0.0090138897744202664 0.020240759127084392 0.034751301513609133 -0.019594534930268217 -0.0075474343413752774 -0.022728567898832191 0.024150793559380365 0.062321709215540699 0.0018312178181531448 0.033349950022664804 -0.040869062727347201 0.024378878798619705 -0.033809091223114374 0.035891300537597808 -0.034933917223890075 0.032007321478638551 -0.050380346012434289 0.026874241378799912 -0.014631578314764858 -0.028284681675165853 -0.024326173194944792 0.0059583188082214687 0.0030056820155788082 0.033557557473796011
leaf_weight=10.09052988886833 343.89032969623804 356.97248175740242 232.03519815206528 34.854465037584305 70.833896726369858 105.70473378896713 35.573403753340244 113.72422088682652 107.14759262651205 139.36444211006165 136.44056877493858 347.57882781326771 27.460497796535492 29.443713307380676 37.062196135520935 104.66050791740417 43.860282212495804 79.172269746661186 237.83543213456869 107.37732312083244 19.384426556527615 95.770706929266453 62.100306339561939 72.957054644823074 26.654671728610992 48.803259648382664 63.671591386198997 190.30596172064543 826.69006202369928 186.11737044900656
leaf_count=55 3764 3536 1766 161 357 661 232 659 591 675 694 1830 225 142 181 481 276 407 1642 844 99 914 345 567 113 274 291 1499 4705 1700
internal_value=-0.0003152 -0.0111699 -0.00734194 -0.00974547 0.0117811 0.00751252 -0.00265428 -0.0112512 0.00690267 -0.00117932 -0.0188605 -0.012764 0.0250904 0.004302 0.0286118 0.00998677 -0.0198639 -0.00378867 -0.0282374 0.0292522 0.0127131 0.00912697 0.00752857 0.00833311 0.0236105 -0.0094041 -0.00817096 0.0102762 0.00651027 0.0196044
internal_weight=4293.54 2262.9 1905.93 1788.46 2030.63 1537.52 1005.9 529.55 476.353 369.206 782.561 550.525 493.111 202.946 66.5059 229.841 415.826 142.417 273.409 117.468 98.5567 1466.69 1370.92 149.221 131.315 76.2638 98.5261 1308.82 932.395 376.423
internal_count=29686 14675 11139 10240 15011 10181 5627 3315 2312 1721 4613 2847 4830 1017 323 1046 2656 782 1874 899 506 9824 8910 1066 594 499 452 8565 5366 3199
is_linear=0
shrinkage=0.03


Tree=57
num_leaves=31
num_cat=0
split_feature=5 5 7 4 4 4 4 4 4 4 4 5 3 4 4 4 1 4 4 4 3 4 4 4 1 3 5 5 5 3
split_gain=598.64 166.618 144.996 95.4057 91.5366 84.1101 115.315 76.3173 111.456 86.3755 83.0188 125.969 78.5398 73.0784 114.193 71.3011 65.9966 74.2009 390.082 79.4454 69.7575 64.4115 176.874 61.1568 121.576 82.2383 64.0002 62.5515 59.2183 69.4484
threshold=-8.3357940952685379e-05 0.00031332263833958079 0.17500000000000002 0.0013795000000000003 0.00035650000000000005 0.0005325000000000001 0.00063050000000000009 0.00048250000000000002 0.00052650000000000017 0.00035650000000000005 0.00027250000000000006 0.00011344991755191363 -0.00020449999999999996 0.00079050000000000008 0.0010835 0.00060050000000000001 0.53166666666666684 0.00053850000000000002 0.00052250000000000007 0.00024400000000000005 0.00026850000000000002 0.00076950000000000011 0.00066350000000000014 0.00054550000000000009 0.58500000000000008 0.00033950000000000007 0.00020471719289691135 5.4303413178329825e-05 -0.00024169522286432039 -0.00053649999999999998
decision_type=2 2 2 2 2 2 2 2 2 2 2 2 2 2 2 2 2 2 2 2 2 2 2 2 2 2 2 2 2 2
left_child=2 7 -1 4 -4 28 15 9 -9 10 11 -2 -11 -8 -15 -7 -3 18 19 -18 -20 22 23 24 -10 -25 -26 -27 -6 -30
right_child=1 16 3 -5 5 6 13 8 21 12 -12 -13 -14 14 -16 -17 17 -19 20 -21 -22 -23 -24 25 26 27 -28 -29 29 -31
leaf_value=-0.031431056264273588 0.034202698031302374 0.032999213961505243 0.025368501473527934 0.038373172909419974 -0.035022448456904609 -0.0041729628043865553 -0.028117907610801563 0.031139477668385852 0.035854815016834803 0.035548646279258009 0.034372702156082444 -0.02789568678527506 -0.0099874448255903078 0.020831075373810341 -0.086760358910120183 0.022799820167004364 -0.041917593878575125 0.025230788361349551 -0.11813320158484759 0.033148490984652432 -0.044304887118987182 0.030358818457025524 -0.025537505637779036 0.021859220221378418 -0.036630887910909404 0.034843169831991046 0.023796082895626056 -0.03373875321484144 0.03847032154520829 -0.018147349588783272
leaf_weight=348.34023933112621 49.67544075101614 270.17598775029182 59.326660312712193 36.150205865502357 205.89746139198542 349.48853327333927 255.9133382961154 182.20083887130022 42.477821573615074 36.028287753462791 99.711561426520348 72.029752619564533 633.49101889133453 63.4398173391819 10.322947740554808 117.97933530807495 14.136017471551893 234.20854267477989 19.186122484505177 123.94965911656618 28.820509865880013 81.627102434635162 160.08114888519049 347.00365257263184 80.181281968951225 16.237329393625259 19.638356536626816 45.533073946833611 21.426976338028908 216.64263036847115
leaf_count=3536 431 3099 432 218 1645 1644 1851 1257 334 217 791 377 3233 333 52 607 70 2130 109 1057 152 735 888 2285 376 106 150 232 91 1248
internal_value=-0.000309539 0.00884065 -0.0141923 -0.00969958 -0.0110359 -0.0127761 -0.00694774 0.00418161 0.0099814 -0.00216528 0.0140778 -0.00254948 -0.00753705 -0.0205349 0.00577387 0.00263442 0.0214311 0.0139949 -0.000146224 0.0254639 -0.0738108 0.00511873 0.00222164 0.0102854 -0.00665339 0.0161819 -0.0247426 -0.0157109 -0.023241 -0.0130516
internal_weight=4241.32 2556.39 1684.93 1336.59 1300.44 1241.11 797.144 1865.92 974.981 890.936 221.417 121.705 669.519 329.676 73.7628 467.468 690.477 420.301 186.092 138.086 48.0066 792.78 711.153 551.072 142.297 408.774 99.8196 61.7704 443.967 238.07
internal_count=29686 18029 11657 8121 7903 7471 4487 11412 6363 5049 1599 808 3450 2236 385 2251 6617 3518 1388 1127 261 5106 4371 3483 860 2623 526 338 2984 1339
is_linear=0
shrinkage=0.03


Tree=58
num_leaves=31
num_cat=0
split_feature=5 7 0 7 5 0 0 5 19 3 2 14 19 5 3 19 19 2 3 18 2 3 0 18 3 2 2 5 18 3
split_gain=572.781 186.444 121.315 65.8587 49.8078 48.3252 36.1555 31.6191 56.4746 39.8861 40.0224 41.6049 31.6842 41.792 42.6816 44.9388 48.4329 40.2771 40.0423 31.1515 43.3589 45.0299 33.7542 29.0135 28.8348 54.1196 27.8222 65.4231 59.6789 131.271
threshold=1.4552472781182321e-05 0.17500000000000002 150.50000000000003 0.59500000000000008 0.00089455141489142606 114.50000000000001 114.50000000000001 -0.00014837885549956635 11.163197738904183 -0.00013049999999999997 0.00024850000000000008 9.5168856600244425 11.174960111751354 -0.00059552980844858078 -0.00049549999999999996 12.181636499406126 11.408742031036464 -0.00025549999999999992 -0.00036949999999999998 0.26250000000000007 -0.00032049999999999998 -0.00019649999999999998 152.50000000000003 0.52250000000000008 1.7500000000000002e-05 -0.00015049999999999997 0.00017450000000000004 0.00030870333195225324 0.78250000000000008 9.1500000000000015e-05
decision_type=2 2 2 2 2 2 2 2 2 2 2 2 2 2 2 2 2 2 2 2 2 2 2 2 2 2 2 2 2 2
left_child=1 -1 3 6 23 -3 -2 12 -9 -10 11 -11 17 -14 15 16 -15 18 -7 -16 -21 22 -22 24 25 -4 28 -28 -25 -30
right_child=2 5 4 -5 -6 7 -8 8 9 10 -12 -13 13 14 19 -17 -18 -19 -20 20 21 -23 -24 26 -26 -27 27 -29 29 -31
leaf_value=-0.031257227070373872 0.031407563080985162 -0.025591198496320151 0.021025771473444095 0.032112846367309641 0.034299420295021504 -0.014876086933836857 -0.0016494897034135686 0.0070063630028830383 0.0059495647777115367 -0.020357587389001241 0.028491394002376359 0.04598590362300773 -0.033636289661185891 0.04492279996368926 -0.024564724649693819 0.041172015330239495 -0.019193305257832059 -0.023542125305174914 0.021810088099899975 -0.030621358058923041 -0.029249923452094435 -0.008248524359082526 0.018681466578243263 0.013420547794312565 0.0075038882275895091 -0.028074802545729329 -0.009142723637947393 0.014233108464889219 -0.073668886910493461 0.01628339604297941
leaf_weight=339.89683172106743 41.786662742495537 119.07827410846949 27.306968472898006 327.49511200934649 58.851162888109684 77.29577873647213 103.61268055438995 376.80769956856966 111.56237725913525 256.00386460870504 17.659828811883926 8.7996910661458951 43.540640652179718 14.549572840332983 74.29510909318924 37.003210142254829 39.096100889146328 241.06328177452087 40.969180703163147 46.788638681173325 14.811901561915873 223.61918890476227 123.26852172613144 756.85583848506212 95.102042958140373 77.663995884358883 232.45509871095419 200.86946240067482 23.201538823544979 39.389766305685043
leaf_count=3536 381 829 167 3764 585 492 685 2040 603 1496 90 66 303 70 531 191 239 1386 232 296 103 1473 699 5046 501 395 1322 1673 134 358
internal_value=-0.000302103 -0.0108216 0.0113916 0.0246531 0.00724303 -0.0070996 0.00785086 -0.00583928 -0.00129731 -0.00923812 -0.0152367 -0.0181529 -0.00942536 -0.00530094 -0.00314944 0.015739 -0.00180398 -0.0165071 -0.00216731 -0.00669598 -0.00344605 6.9288e-05 0.0135399 0.00614704 -0.00446145 -0.0153019 0.00784126 0.00169324 0.0110923 -0.0170604
internal_weight=4190.7 2206.11 1984.59 472.894 1511.7 1866.21 145.399 1747.13 770.833 394.026 282.463 264.804 976.301 616.973 573.432 90.6489 53.6457 359.328 118.265 482.783 408.488 361.7 138.08 1452.84 200.073 104.971 1252.77 433.325 819.447 62.5913
internal_count=29686 14675 15011 4830 10181 11139 1066 10310 4295 2255 1652 1562 6015 3905 3602 500 309 2110 724 3102 2571 2275 802 9596 1063 562 8533 2995 5538 492
is_linear=0
shrinkage=0.03


Tree=59
num_leaves=31
num_cat=0
split_feature=5 11 4 4 0 4 5 3 4 4 4 4 20 11 5 0 5 2 4 4 0 4 5 5 3 4 4 4 4 3
split_gain=543.692 182.56 171.458 119.989 118.347 82.8735 79.3993 95.6181 76.3652 143.897 118.1 87.2142 66.4841 65.3594 58.9307 91.7294 61.7859 57.992 56.7692 229.628 56.726 50.6493 48.6305 47.4528 93.7364 76.7184 381.14 75.3255 70.8215 79.9784
threshold=1.4552472781182321e-05 0.82500000000000007 0.00036250000000000003 0.00054050000000000007 150.50000000000003 0.00024400000000000005 -0.00024169522286432039 -0.00020149999999999999 0.00061150000000000017 0.00080950000000000011 0.0005995000000000001 0.0005725000000000002 1.7185000000000004 0.40500000000000008 -0.00011978052045579703 204.50000000000003 -0.00049485014587384113 0.00010450000000000001 0.00079050000000000008 0.00072550000000000012 117.50000000000001 0.00044250000000000002 9.9661436767433493e-05 0.00031332263833958079 -0.00015849999999999998 0.00053850000000000002 0.00052250000000000007 0.00066350000000000014 0.00048250000000000002 0.00033950000000000007
decision_type=2 2 2 2 2 2 2 2 2 2 2 2 2 2 2 2 2 2 2 2 2 2 2 2 2 2 2 2 2 2
left_child=1 2 20 6 13 -6 -4 -8 10 14 11 12 -5 -2 16 -16 -10 -17 19 23 -1 22 -15 24 -7 26 -25 28 -26 -30
right_child=4 -3 3 8 5 18 7 -9 9 -11 -12 -13 -14 21 15 17 -18 -19 -20 -21 -22 -23 -24 25 27 -27 -28 -29 29 -31
leaf_value=-0.041002271561896675 0.031978365797933533 -0.031086031748228545 -0.034486829182110781 -0.0099144344596464352 -0.024904777162485077 0.033278783435145745 0.010267660689945043 -0.019760941611256851 0.0095717753972421032 0.019435038894715644 0.031420376367455094 -0.023684870494626191 0.020453220274147685 0.023363306861281276 -0.040421376906409436 0.021445258071468538 -0.033238887570990125 -0.047502672199940872 0.031598556055134362 -0.050042011202674347 0.034278780307719567 0.0260727794030154 -0.027269472893670561 0.032476073128277556 -0.0038675125104681873 0.033178059025719249 -0.062697146241866161 -0.037156627540770433 0.020048067011753195 -0.018868857386168225
leaf_weight=9.8244585171341878 319.13253738731146 331.64051830768585 204.55500543862581 115.62867748737335 69.609517462551594 101.86187469214201 126.43895237147808 389.21630556881428 35.005983367562294 110.90241373330355 121.23985796421766 120.49764451384544 147.84740060567856 26.330346584320068 42.128073863685131 85.030484952032566 227.67154236137867 12.606933593749998 90.60185482352972 60.518938139081001 108.46830742806196 69.671938739717007 48.553037904202938 133.9144586622715 404.41755755245686 175.74794562906027 52.802409864962101 40.440531849861145 318.45958931744099 55.86388686299324
leaf_count=55 3764 3536 1683 535 357 661 620 2107 232 659 665 601 682 225 276 442 1642 64 914 345 876 567 274 1208 2065 1700 291 182 2159 299
internal_value=-0.000295218 -0.0105834 -0.00692195 -0.00929958 0.0111472 0.00706254 -0.0186716 -0.0123979 -0.00267273 -0.0108218 0.00560752 -0.0025429 0.00712612 0.0243979 -0.0191598 -0.00342171 -0.0275337 0.0125427 0.00861362 0.00706419 0.0280265 0.00766274 -0.00946608 0.00975682 0.00613818 0.018952 0.00556166 0.00276335 0.00483642 0.0142401
internal_weight=4156.63 2188.7 1857.06 1738.77 1967.93 1504.24 720.21 515.655 1018.56 513.345 505.214 383.974 263.476 463.688 402.443 139.765 262.678 97.6374 1434.63 1344.03 118.293 144.555 74.8834 1283.51 921.043 362.465 186.717 819.182 778.741 374.323
internal_count=29686 14675 11139 10208 15011 10181 4410 2727 5798 3315 2483 1818 1217 4830 2656 782 1874 506 9824 8910 931 1066 499 8565 5366 3199 1499 4705 4523 2458
is_linear=0
shrinkage=0.03


Tree=60
num_leaves=31
num_cat=0
split_feature=5 5 6 19 7 3 19 6 3 19 5 2 0 5 9 2 5 19 6 19 3 2 0 2 6 5 10 2 3 5
split_gain=573.528 150.38 122.584 75.0933 63.734 57.878 51.7854 44.5626 39.1112 78.4175 122.155 38.9338 33.2883 29.5007 28.2626 45.3901 29.4306 41.6465 29.21 27.6134 32.4646 26.7707 41.8765 25.4319 25.0286 29.9668 23.8381 26.8824 23.6608 34.8982
threshold=-8.7645700305921521e-05 0.00030870333195225324 0.17500000000000002 11.292671477811066 0.75500000000000012 -0.00014349999999999999 12.366970511488494 0.41500000000000004 6.7500000000000014e-05 12.01387648444013 0.00056440697134731599 0.00032650000000000002 114.50000000000001 0.00034748400783229998 6.4692038030044001 0.00014950000000000003 0.00012790375455554572 11.220009710816717 0.68500000000000016 10.890171507193491 2.9500000000000002e-05 0.00017450000000000004 190.50000000000003 -0.00062099999999999992 0.57500000000000007 7.7002703820388925e-05 9.4417917177800579 -0.00016749999999999998 -3.7499999999999997e-05 -0.00015731756091998429
decision_type=2 2 2 2 2 2 2 2 2 2 2 2 2 2 2 2 2 2 2 2 2 2 2 2 2 2 2 2 2 2
left_child=2 5 -1 4 13 23 7 -7 9 10 -5 -6 -4 -3 16 24 17 -9 -17 20 -18 -21 -23 -2 26 -26 27 -16 29 -14
right_child=1 3 12 8 11 6 -8 14 -10 -11 -12 -13 28 -15 15 18 19 -19 -20 21 -22 22 -24 -25 25 -27 -28 -29 -30 -31
leaf_value=-0.031595635499513088 -0.024075741267521007 -0.007675999524425191 -0.026479365028193952 0.020343682861968315 -0.04462693718434637 -0.027202789161864024 0.029592501450735643 0.006996306390987644 0.03205076914516513 0.033013221598824055 -0.07296284724341183 0.0084993602701378245 -0.0093777235192585694 0.025101676861019828 0.02602064076959518 -0.013917974645920355 0.036130967353179402 -0.0090647238290272047 -0.053060590023820485 0.019396213800389271 -0.011195465769207642 -0.022063142579296952 0.018012922252333821 0.017673893266526925 -0.037513224142094077 0.021093679936451969 0.037092675123819842 -0.012741318594263969 -0.016921450831043901 0.0054497658159679691
leaf_weight=296.93595737218857 13.710928626358507 34.268971592187881 103.99951835721731 33.567141778767109 31.468706123530865 49.348892785608768 58.556737743318081 330.89207006245852 365.29062148183584 72.720041550695896 20.243250012397766 20.504590831696987 752.0243231728673 88.618731983006001 18.254716761410236 88.950992785394192 15.463543750345705 259.06461207568645 21.259092323482037 248.05598078668118 83.407419733703136 41.288045465946198 54.364227890968323 310.74241137504578 8.7665415406227094 75.275692090392113 11.230704464018343 136.59573017805815 252.30143609642982 176.3628516793251
leaf_count=3249 90 224 768 314 155 296 565 1813 4192 892 103 127 4701 735 107 506 105 1494 110 1808 457 243 359 2019 45 561 64 719 1654 1014
internal_value=-9.3938e-05 0.00887412 -0.0142235 0.0210682 0.00418249 0.00442011 0.00193619 0.000813292 0.0270717 0.0126973 -0.0147579 -0.0236675 -0.0102081 0.0159612 0.00180589 -0.005428 0.00433037 -5.64903e-05 -0.0214684 0.010178 -0.00379355 0.0141971 0.000714197 0.0159096 0.00163978 0.0149803 -0.00511096 -0.00817182 -0.00877492 -0.00656099
internal_weight=4073.53 2491.91 1581.62 666.682 174.861 1825.23 1500.78 1442.22 491.821 126.53 53.8104 51.9733 1284.69 122.888 1392.87 360.333 1032.54 589.957 110.21 442.579 98.871 343.708 95.6523 324.453 250.123 84.0422 166.081 154.85 1180.69 928.387
internal_count=29489 18103 11386 6742 1241 11361 9252 8687 5501 1309 417 282 8137 959 8391 2112 6279 3307 616 2972 562 2410 602 2109 1496 606 890 826 7369 5715
is_linear=0
shrinkage=0.03


Tree=61
num_leaves=31
num_cat=0
split_feature=5 5 6 0 5 2 0 0 20 20 0 5 2 7 11 0 2 20 6 6 0 20 20 18 0 20 0 5 2 18
split_gain=544.204 146.156 121.329 61.0632 43.9328 67.5249 57.9236 40.8188 39.5547 42.3131 32.1274 28.6393 64.6332 47.8115 44.9874 40.8016 36.7121 31.2335 44.3306 31.0654 37.1508 30.2494 30.8304 29.0475 40.5449 28.6992 30.5241 27.8828 26.0498 34.7883
threshold=-8.7645700305921521e-05 0.00031332263833958079 0.17500000000000002 161.50000000000003 0.00055172825949169953 7.1500000000000017e-05 218.50000000000003 120.50000000000001 1.6915000000000002 1.4985000000000002 114.50000000000001 0.00014316313560311988 0.00024850000000000008 0.70500000000000007 0.38500000000000006 203.50000000000003 0.00011750000000000001 1.6915000000000002 0.6150000000000001 0.56500000000000006 193.50000000000003 1.5265000000000002 1.6205000000000003 0.57106965174129376 226.50000000000003 1.7285000000000001 259.50000000000006 -3.7196091925469035e-05 0.00019150000000000002 0.46750000000000003
decision_type=2 2 2 2 2 2 2 2 2 2 2 2 2 2 2 2 2 2 2 2 2 2 2 2 2 2 2 2 2 2
left_child=2 7 -1 -3 -5 8 -7 27 9 -6 -4 14 13 19 21 28 -15 18 -14 20 -13 -9 -23 -17 -25 -19 -27 -2 29 -16
right_child=1 3 10 4 5 6 -8 11 -10 -11 -12 12 17 16 15 23 -18 25 -20 -21 -22 22 -24 24 -26 26 -28 -29 -30 -31
leaf_value=-0.031443110763976607 -0.025208511738997675 0.032393446958021342 -0.026038436677524271 0.023726955871987355 0.0020918473738623707 0.032976015886389605 -0.0049102390151643076 0.011408020985373739 0.00092930220740586821 -0.079346529597454779 -0.0085355475349765432 0.024227791621048701 -0.022591373505036823 0.0077651360209752239 0.0019621428533295633 0.0032367930491813139 -0.045563225737017744 -0.051757473126508899 0.030598624262328542 0.020561946626549369 -0.013797182023061674 -0.063945907398397769 -0.016913867919592401 -0.021703590443193636 0.027983116162112784 -0.0010522852310883158 -0.060136558454090716 0.025895200402468541 0.016929998300664158 -0.019659204825429873
leaf_weight=289.53691577911377 10.544178754091261 255.1618152782321 102.6090325564146 190.72813960164785 8.5969349741935748 71.993433848023415 73.294515274465084 17.782528109848499 24.411048896610737 17.290126815438271 1177.4610985442996 38.396114394068718 25.600575044751167 26.818018935620785 117.47625923156738 593.96785876899958 20.498451881110668 21.769348621368408 31.397779151797295 347.86705726385117 58.140243366360664 19.458653301000595 35.299889922142029 17.599071070551872 92.300864771008492 46.147057361900806 9.4872465878725034 108.33091236650944 35.565874204039574 155.79554445296526
leaf_count=3249 67 3229 768 1754 77 795 499 94 200 83 7369 244 134 192 723 3164 107 109 205 2628 282 86 195 84 630 280 47 1070 220 905
internal_value=-9.06004e-05 0.00868215 -0.0139054 0.0210045 0.0134821 0.00349166 0.0138632 0.00436333 -0.0264671 -0.0523013 -0.00993856 0.00318255 0.00829189 0.0133311 0.000234764 0.00186952 -0.0153378 -0.0101445 0.00670856 0.0163835 0.00132677 -0.0225871 -0.0336269 0.00585828 0.0200264 -0.0225547 -0.0111279 0.0213623 -0.00722121 -0.0103644
internal_weight=4041.33 2471.72 1569.61 641.476 386.314 195.586 145.288 1830.24 50.2981 25.8871 1280.07 1711.37 626.122 491.72 1085.25 1012.71 47.3165 134.402 56.9984 444.403 96.5364 72.5411 54.7585 703.868 109.9 77.4037 55.6343 118.875 308.838 273.272
internal_count=29489 18103 11386 6637 3408 1654 1294 11466 360 160 8137 10329 4228 3453 6101 5726 299 775 339 3154 526 375 281 3878 714 436 327 1137 1848 1628
is_linear=0
shrinkage=0.03


Tree=62
num_leaves=31
num_cat=0
split_feature=5 5 6 4 4 4 4 4 4 5 4 4 4 3 5 3 19 7 4 4 4 4 4 19 3 4 19 3 4 4
split_gain=516.179 141.568 120.059 81.7943 83.1151 76.692 101.231 87.3711 73.4269 109.888 73.0308 104.441 92.007 70.8621 65.0569 69.1952 63.2618 69.1533 63.056 61.9583 123.714 57.9763 161.58 58.5465 58.2054 68.1234 94.9045 56.7949 54.0673 50.8585
threshold=-8.7645700305921521e-05 0.00031555551022095595 0.17500000000000002 0.0013795000000000003 0.00035650000000000005 0.00048250000000000002 0.00052650000000000017 0.00035650000000000005 0.00027250000000000006 9.9661436767433493e-05 0.00054050000000000007 0.00061150000000000017 0.00060050000000000001 -0.00015849999999999998 -0.00024169522286432039 -0.00053649999999999998 11.249962015616083 0.75500000000000012 0.00036250000000000003 0.00079050000000000008 0.0011575000000000003 0.00076950000000000011 0.00066350000000000014 10.988186799425423 0.00033350000000000008 0.00054550000000000009 11.76381646919714 0.00034550000000000005 0.0005325000000000001 0.0005725000000000002
decision_type=2 2 2 2 2 2 2 2 2 2 2 2 2 2 2 2 2 2 2 2 2 2 2 2 2 2 2 2 2 2
left_child=2 5 -1 4 -4 7 -7 8 9 -2 14 12 29 -9 -6 -16 17 18 -3 -13 -21 22 24 -24 25 26 -8 -15 -19 -12
right_child=1 16 3 -5 10 6 21 13 -10 -11 11 19 -14 27 15 -17 -18 28 -20 20 -22 -23 23 -25 -26 -27 -28 -29 -30 -31
leaf_value=-0.031293071730983439 0.034736686660446596 -0.04498208290801383 0.024849617749448438 0.037771330279255562 -0.034277937794564638 0.030931489997068556 -0.020084384015499446 0.022245816192007377 0.033965867338668423 -0.024293985415138792 0.0055359426637592423 -0.02540399385026848 0.032542483316190488 -0.012551755225825179 0.039186230539113444 -0.01659451075768598 0.026538751644944892 -0.059436790176955155 0.026084646045250411 0.021795598627000055 -0.092132025890607927 0.030067572812174363 -0.0012732545297506916 -0.039228661850602468 -0.015860761715972484 0.021196438359424401 0.034626152361418187 0.03495891458593392 0.0037875824394537202 -0.019129965045477031
leaf_weight=282.30668590962887 46.577526234090328 12.713331505656241 55.933324344456196 31.886710107326508 211.24983675777912 173.44699801504612 96.038660243153572 65.201089508831501 96.514782004058361 72.65079141408205 203.81105196475983 275.26187594234943 79.033882766962051 576.36657449603081 22.171949341893196 205.71408331394196 459.81423890590668 22.367691613733768 96.739200055599213 61.597144097089767 9.9663210213184339 78.358865834772587 60.158167384564877 93.305567018687725 66.38548482209444 345.35580599308014 40.598491735756397 23.57094494253397 26.709603540599346 119.25460804998875
leaf_count=3249 428 65 424 200 1833 1249 509 383 805 387 936 2022 436 2944 94 1216 5380 97 814 324 48 747 315 562 368 2398 338 151 163 604
internal_value=-8.7183e-05 0.00849038 -0.0135898 -0.00967276 -0.0108889 0.00430612 0.0102013 -0.00207606 0.0145135 -0.00123317 -0.0125714 -0.00687587 0.00352875 -0.00745701 -0.0222849 -0.0111674 0.0209044 0.00456215 0.01783 -0.0189387 0.00592941 0.00559278 0.00286023 -0.02435 0.010475 0.0141023 -0.00382844 -0.0106851 -0.0250278 -0.00356909
internal_weight=4011.06 2452.87 1558.19 1275.88 1243.99 1834.53 953.648 880.882 215.743 119.228 1188.06 748.925 402.1 665.139 439.136 227.886 618.344 158.53 109.453 346.825 71.5635 780.201 701.842 153.464 548.378 481.993 136.637 599.938 49.0773 323.066
internal_count=29489 18103 11386 8137 7937 11584 6486 5098 1620 815 7513 4370 1976 3478 3143 1310 6519 1139 879 2394 372 5237 4490 877 3613 3245 847 3095 260 1540
is_linear=0
shrinkage=0.03


end of trees

feature_importances:
Column_4=698
Column_5=229
Column_3=195
Column_0=130
Column_2=119
Column_19=113
Column_20=102
Column_7=94
Column_6=86
Column_18=33
Column_11=30
Column_12=24
Column_1=18
Column_10=10
Column_14=5
Column_9=4

parameters:
[boosting: gbdt]
[objective: binary]
[metric: binary_logloss]
[tree_learner: serial]
[device_type: cpu]
[data_sample_strategy: bagging]
[data: ]
[valid: ]
[num_iterations: 63]
[learning_rate: 0.03]
[num_leaves: 31]
[num_threads: 0]
[seed: 0]
[deterministic: 0]
[force_col_wise: 0]
[force_row_wise: 0]
[histogram_pool_size: -1]
[max_depth: -1]
[min_data_in_leaf: 50]
[min_sum_hessian_in_leaf: 0.001]
[bagging_fraction: 0.8]
[pos_bagging_fraction: 1]
[neg_bagging_fraction: 1]
[bagging_freq: 5]
[bagging_seed: 3]
[bagging_by_query: 0]
[feature_fraction: 0.8]
[feature_fraction_bynode: 1]
[feature_fraction_seed: 2]
[extra_trees: 0]
[extra_seed: 6]
[early_stopping_round: 0]
[early_stopping_min_delta: 0]
[first_metric_only: 0]
[max_delta_step: 0]
[lambda_l1: 0]
[lambda_l2: 0]
[linear_lambda: 0]
[min_gain_to_split: 0]
[drop_rate: 0.1]
[max_drop: 50]
[skip_drop: 0.5]
[xgboost_dart_mode: 0]
[uniform_drop: 0]
[drop_seed: 4]
[top_rate: 0.2]
[other_rate: 0.1]
[min_data_per_group: 100]
[max_cat_threshold: 32]
[cat_l2: 10]
[cat_smooth: 10]
[max_cat_to_onehot: 4]
[top_k: 20]
[monotone_constraints: ]
[monotone_constraints_method: basic]
[monotone_penalty: 0]
[feature_contri: ]
[forcedsplits_filename: ]
[refit_decay_rate: 0.9]
[cegb_tradeoff: 1]
[cegb_penalty_split: 0]
[cegb_penalty_feature_lazy: ]
[cegb_penalty_feature_coupled: ]
[path_smooth: 0]
[interaction_constraints: ]
[verbosity: -1]
[saved_feature_importance_type: 0]
[use_quantized_grad: 0]
[num_grad_quant_bins: 4]
[quant_train_renew_leaf: 0]
[stochastic_rounding: 1]
[linear_tree: 0]
[max_bin: 255]
[max_bin_by_feature: ]
[min_data_in_bin: 3]
[bin_construct_sample_cnt: 200000]
[data_random_seed: 1]
[is_enable_sparse: 1]
[enable_bundle: 1]
[use_missing: 1]
[zero_as_missing: 0]
[feature_pre_filter: 1]
[pre_partition: 0]
[two_round: 0]
[header: 0]
[label_column: ]
[weight_column: ]
[group_column: ]
[ignore_column: ]
[categorical_feature: ]
[forcedbins_filename: ]
[precise_float_parser: 0]
[parser_config_file: ]
[objective_seed: 5]
[num_class: 1]
[is_unbalance: 0]
[scale_pos_weight: 1]
[sigmoid: 1]
[boost_from_average: 1]
[reg_sqrt: 0]
[alpha: 0.9]
[fair_c: 1]
[poisson_max_delta_step: 0.7]
[tweedie_variance_power: 1.5]
[lambdarank_truncation_level: 30]
[lambdarank_norm: 1]
[label_gain: ]
[lambdarank_position_bias_regularization: 0]
[eval_at: ]
[multi_error_top_k: 1]
[auc_mu_weights: ]
[num_machines: 1]
[local_listen_port: 12400]
[time_out: 120]
[machine_list_filename: ]
[machines: ]
[gpu_platform_id: -1]
[gpu_device_id: -1]
[gpu_use_dp: 0]
[num_gpu: 1]

end of parameters

pandas_categorical:null
