tree
version=v4
num_class=1
num_tree_per_iteration=1
label_index=0
max_feature_idx=21
objective=binary sigmoid:1
feature_names=seconds_left time_held time_frac current_bid bid_above_entry peak_minus_current unrealized_per_share bid_drift_3s bid_drift_10s own_spread own_bid_size_log own_ask_size_log opp_spread book_imbalance btc_ret_30s btc_ret_60s btc_ret_30m sigma_5m btc_distance_from_entry adverse_btc binance_chainlink_divergence direction_up
feature_infos=[10:296] [0.22:265.64999999999998] [0.00074520696429781173:0.96313907626525119] [0:0.98999999999999999] [-0.69999999999999996:0.54999999999999993] [0:0.81000000000000005] [-0.10684019640736285:0.06529954429254195] [-0.77999999999999992:0.65999999999999992] [-0.83999999999999997:0.54000000000000004] [0.0099999999999998979:0.33000000000000002] [0:10.270714477983137] [0:10.198426232012627] [0.0099999999999998979:0.33000000000000002] [-1:1] [-0.001818:0.003539] [-0.0020079999999999998:0.0041939999999999998] [-0.0050489999999999997:0.011226] [7.3999999999999996e-05:0.0012019999999999999] [-0.0013201960460628446:0.0038477332316877093] [-0.0049620000000000003:0.0011460000000000001] [-0.0013962946365088397:0.0012562008257878024] [0:1]
tree_sizes=3491 3516 3524 3551 3551 3537 3530 3539 3544 3555 3522 3515 3557 3544 3539 3559 3533 3529 3556 3534 3537 3550 3554 3500 3534 3561 3548 3540 3531 3532 3545 3557 3548 3567 3545 3544 3545 3548 3497 3512 3581 3549 3509 3541 3557 3549 3542 3538 3532 3543 3552 3561 3555 3530 3537 3533 3520 3506 3528 3560 3529 3535 3520 3531 3534 3531 3536 3510 3538 3550 3517 3538 3583 3527 3518 3509 3557 3555 3545 3507 3530 3566 3564 3567 3521 3531 3544 3540 3524 3527 3548 3533 3536 3538 3512 3533 3518 3522 3532 3518 3544 3550 3528 3539 3572 3566 3535 3549 3566 3565 3531 3533 3550 3513 3532 3567 3543 3521 3517 3494 3539 3515 3534 3538 3485 3527 3518 3538 3573 3537 3549 3499 3514 3533 3503 3557 3479 3569 3511 3546 3558 3499 3553 3523 3549 3521 3538 3565 3553 3534 3539 3534 3549 3511 3534 3542 3560 3551 3492 3563 3502 3549 3541 3516 3544 3498 3514 3502 3515 3539 3551 3523 3542 3513 3568 3541 3482 3555 3495 3522 3481 3513 3544 3530 3515 3523 3486 3511 3518 3538 3537 3514 3520 3515 3533 3520 3501 3577 3516 3531

Tree=0
num_leaves=31
num_cat=0
split_feature=3 3 3 6 0 18 18 19 19 6 20 20 19 20 19 6 18 3 1 5 20 0 5 18 18 19 19 16 16 18
split_gain=4604.56 821.871 727.407 594.702 490.011 374.052 519.753 403.08 392.035 363.887 348.441 344.166 331.695 287.42 278.342 253.408 250.029 241.01 240.342 266.605 239.965 216.012 197.531 188.247 176.419 197.383 162.209 189.222 222.907 159.951
threshold=0.65500000000000014 0.085000000000000006 0.84500000000000008 -0.007328091980924014 77.500000000000014 9.1791705110310786e-05 -1.6244050761611348e-07 4.5500000000000008e-05 -8.1499999999999989e-05 -0.045340224111544439 -0.00017353174289899884 -0.00023490259278509821 -6.4999999999999996e-06 -0.00028710350174619524 -0.0005024999999999998 0.0017533259781095641 2.7721591750116292e-05 0.40500000000000008 98.915000000000006 0.20500000000000007 -0.00025170453059341626 221.50000000000003 0.65500000000000014 -8.751140808611542e-05 4.1838169704308055e-05 -3.3499999999999994e-05 0.00022550000000000003 -0.00012149999999999999 -0.0033754999999999996 -5.3744186619574522e-05
decision_type=2 2 2 2 2 2 2 2 2 2 2 2 2 2 2 2 2 2 2 2 2 2 2 2 2 2 2 2 2 2
left_child=1 -1 11 4 12 6 7 13 20 -6 16 -2 17 15 -13 29 -10 -3 26 23 -8 -15 -21 -20 25 -18 27 28 -11 -5
right_child=2 3 -4 5 9 -7 8 -9 10 18 -12 14 -14 21 -16 -17 24 -19 19 22 -22 -23 -24 -25 -26 -27 -28 -29 -30 -31
leaf_value=-0.94445665312464022 -0.91513700899618344 -0.77576968048629813 -0.9354740154001967 -0.86071576447990794 -0.8910383796273067 -0.9075101011106651 -0.92187222510568823 -0.92945847162584383 -0.74985678516597365 -0.94966383258445175 -0.9034111642752396 -0.93770686265008563 -0.90198728108851667 -0.81285960416298053 -0.87455598961653014 -0.7560199709979174 -0.72831177710465111 -0.86201346002105772 -0.88166049496261722 -0.72851124952862611 -0.83233030565940636 -0.90718421067546351 -0.94089384612582183 -0.71295540177976724 -0.77846733526378931 -0.93283769577428988 -0.72183483653961178 -0.82013177209163912 -0.72029495597413329 -0.94891250975699903
leaf_weight=182.4404239654541 1364.1568064689636 144.91574585437775 1913.3439463376999 83.756740093231201 104.90324378013611 289.41685438156128 106.14715576171875 232.61154055595398 305.79502880573273 12.0244824886322 60.537049770355225 196.53809309005737 232.81885921955109 360.73447465896606 1555.0972956418991 28.40265691280365 15.134262442588804 183.68433594703674 63.232192397117615 274.69722926616669 253.55072557926178 72.976169586181641 11.40252649784088 22.390415668487549 80.025004148483276 53.488215208053589 52.451621890068054 824.50632512569427 88.939706683158875 133.09858202934265
leaf_count=880 6580 699 9229 404 506 1396 512 1122 1475 58 292 948 1123 1740 7501 137 73 886 305 1325 1223 352 55 108 386 258 253 3977 429 642
internal_value=-0.87878 -0.840623 -0.911208 -0.835993 -0.816651 -0.854779 -0.846235 -0.872655 -0.818701 -0.801336 -0.790725 -0.896307 -0.856329 -0.853194 -0.881642 -0.896455 -0.775714 -0.823979 -0.794364 -0.760141 -0.858754 -0.828731 -0.736976 -0.837544 -0.828908 -0.887731 -0.807372 -0.81222 -0.747612 -0.914848
internal_weight=9303.22 4274.08 5029.14 4091.64 2015.97 2075.67 1786.26 911.58 874.677 1454.55 514.98 3115.79 561.419 678.969 1751.64 245.258 454.443 328.6 1349.64 371.722 359.698 433.711 286.1 85.6226 148.647 68.6225 977.922 925.471 100.964 216.855
internal_count=44874 20616 24258 19736 9724 10012 8616 4397 4219 7016 2484 15029 2708 3275 8449 1183 2192 1585 6510 1793 1735 2092 1380 413 717 331 4717 4464 487 1046
is_linear=0
shrinkage=1


Tree=1
num_leaves=31
num_cat=0
split_feature=3 3 18 6 0 20 18 18 19 19 6 19 3 20 20 20 6 16 3 3 18 0 6 0 16 19 19 3 14 6
split_gain=4142.83 737.757 704.234 509.244 415.386 344.005 333.401 450.336 366.694 338.829 316.876 287.75 284.499 258.398 253.487 251.665 222.513 202.809 223.607 200.996 197.404 194.109 193.804 188.249 187.159 175.331 169.552 155.692 155.032 151.597
threshold=0.65500000000000014 0.085000000000000006 0.00022862703335874032 -0.007328091980924014 76.500000000000014 -0.00023490259278509821 9.1791705110310786e-05 -1.6244050761611348e-07 4.5500000000000008e-05 -0.00010949999999999999 -0.045340224111544439 -6.4999999999999996e-06 0.84500000000000008 -0.00017353174289899884 -0.00028710350174619524 -0.0002462400083651166 0.0017533259781095641 -1.0000000180025095e-35 0.56500000000000006 0.39500000000000007 2.7721591750116292e-05 159.50000000000003 0.0049959067129906965 220.50000000000003 -0.0033754999999999996 6.5000000000000013e-06 -0.0005024999999999998 0.49500000000000005 -8.5499999999999991e-05 -0.016409951039707649
decision_type=2 2 2 2 2 2 2 2 2 2 2 2 2 2 2 2 2 2 2 2 2 2 2 2 2 2 2 2 2 2
left_child=1 -1 5 4 11 22 7 8 14 15 -6 19 26 20 16 -9 -5 24 -19 -3 -11 25 -2 27 -12 -22 -7 -16 -15 -21
right_child=2 3 -4 6 10 12 -8 9 -10 13 17 -13 -14 28 23 -17 -18 18 -20 29 21 -23 -24 -25 -26 -27 -28 -29 -30 -31
leaf_value=-0.064089663029669439 -0.017790354869790515 0.094426369847775318 -0.064645107285081022 -0.034709651045276221 -0.012139968683789106 -0.054748027073544626 -0.027514207265313513 -0.053360198162043883 -0.049095634498218681 0.10332776406162508 -0.069343548863506466 -0.024002430884309405 -0.037096616766816255 0.15358231555975496 0.12689724011350326 0.04969075452665675 0.11116742619247547 0.076927622345381974 0.0050492924623504907 -0.031698337228702175 -0.019164600125686337 0.13394466899263816 -0.052715068024223266 -0.026202590179083059 0.13721808344981151 0.11927652992733243 0.0084255105499310874 0.045184500338670656 -0.059430557862916511 0.058461656128423356
leaf_weight=177.40838050842285 690.35045184195042 143.33163976669312 1191.0956731438637 213.55614948272705 106.22327522933483 114.64638358354568 285.96758806705475 104.33009281754494 227.68298310041428 416.49120768904686 11.66600254178047 219.29021126031876 585.73261651396751 10.272307515144346 72.585113704204559 137.10195094347 29.787049934267998 1095.439253538847 120.05920769274235 88.627055287361145 105.26594531536102 42.093746602535248 935.51761227846146 73.81929874420166 182.77797463536263 29.217999994754791 1443.6564046293497 296.08766323328018 50.703597128391266 98.374757468700409
leaf_count=880 3382 664 5867 1046 515 567 1396 510 1122 1927 58 1068 2894 50 341 649 137 5123 566 424 503 196 4597 360 835 137 6951 1391 247 471
internal_value=7.75363e-05 0.035766 -0.0311304 0.0400237 0.0576391 -0.0205414 0.0226537 0.0305842 0.00588474 0.0557813 0.0711385 0.0204005 -0.00738879 0.0744678 0.0241371 0.00515932 -0.0168532 0.0774125 0.0698279 0.0498772 0.0845449 0.0402422 -0.0378859 0.0466792 0.124825 0.0109131 0.00377775 0.0612723 -0.0235453 0.0157315
internal_weight=9299.16 4338.16 4961 4160.75 2065.79 3769.9 2094.96 1809 913.518 895.477 1516.17 549.624 2144.04 654.045 685.835 241.432 243.343 1409.94 1215.5 330.333 593.069 176.578 1625.87 442.492 194.444 134.484 1558.3 368.673 60.9759 187.002
internal_count=44874 20616 24258 19736 9724 18391 10012 8616 4397 4219 7097 2627 10412 3060 3275 1159 1183 6582 5689 1559 2763 836 7979 2092 893 640 7518 1732 297 895
is_linear=0
shrinkage=0.05


Tree=2
num_leaves=31
num_cat=0
split_feature=3 17 18 3 4 18 1 19 6 20 17 17 18 16 6 15 17 16 5 17 17 19 19 5 2 6 3 16 19 18
split_gain=3749.27 821.78 590.46 543.108 717.321 466.8 426.457 332.261 301.997 282.17 249.332 286.648 338.358 260.85 257.198 229.577 224.029 245.335 202.4 189.519 316.265 261.947 264.796 331.355 378.056 273.708 229.709 208.282 205.62 189.076
threshold=0.67500000000000016 0.00014350000000000005 0.00022862703335874032 0.075000000000000025 -0.099999999999999992 6.2815136741468992e-05 87.895000000000024 6.7500000000000014e-05 -0.043271302985670612 -0.00023490259278509821 0.00029150000000000004 0.00027150000000000004 0.00020405073676266436 -1.0000000180025095e-35 0.0077640690362047815 8.5000000000000016e-06 0.00064450000000000011 -1.0000000180025095e-35 0.0099999999999999829 0.00036650000000000002 0.00029250000000000006 -2.1499999999999997e-05 0.00010850000000000002 0.20500000000000007 0.57489074690111808 -0.011053493125823771 0.51500000000000012 0.00025350000000000009 -0.00046149999999999994 -2.9600468579725021e-05
decision_type=2 2 2 2 2 2 2 2 2 2 2 2 2 2 2 2 2 2 2 2 2 2 2 2 2 2 2 2 2 2
left_child=1 7 9 -3 8 6 15 -1 -5 -2 11 12 -11 14 -13 -6 17 29 -9 20 21 28 25 -24 -25 -23 -27 -21 -19 -10
right_child=2 3 -4 4 5 -7 -8 18 16 10 -12 13 -14 -15 -16 -17 -18 19 -20 27 -22 22 23 24 -26 26 -28 -29 -30 -31
leaf_value=0.10572618251482072 -0.038415142080000499 -0.06823743772735906 -0.063226202730180495 -0.0099458158622913496 0.050323280378495053 -0.041078771605187629 -0.024543518043626388 0.12336879670146735 0.12800308206636726 -0.013055351691081185 -0.029983170150648164 -0.038168208206181171 0.10722401861108062 0.13340559216073417 0.13781829356617989 0.0045510091875840195 -0.052721541694113784 -0.071664286652330045 -0.069116622850459816 -0.034606855517255168 0.10218128394980781 -0.026213219776236071 -0.062120618503344029 0.1304929141335191 -0.038377696665071903 0.13748651290376757 -0.0081217392568495358 0.083926271473715397 0.084854684690974583 0.038907579880990757
leaf_weight=455.39734178781509 1463.352364435792 153.92564964294434 1151.0096574574709 198.71597284078598 763.10810832679272 411.74134893715382 423.22268638014793 19.166885852813721 194.61744837462902 871.9979122877121 837.59959898889065 73.344572350382805 62.672556906938553 77.16797199845314 28.957878336310387 427.36309619247913 47.035929471254349 22.274889588356018 47.507429569959641 123.14983907341957 291.99243578314781 293.57989458739758 41.697737529873848 150.51595559716225 42.501174882054329 55.752381876111031 52.678928658366203 53.014744400978088 361.85680678486824 85.800554618239403
leaf_count=2091 7307 786 5836 957 3582 2008 2045 87 867 4232 4118 353 303 373 144 2025 228 106 238 579 1340 1368 194 684 204 262 246 248 1665 398
internal_value=4.07031e-05 0.0313061 -0.0322553 0.0239431 0.0274546 0.006441 0.0185659 0.0904636 0.0485751 -0.0218169 -0.00937214 0.00612301 -0.00499025 0.0640001 0.0116468 0.0338917 0.0549772 0.05784 -0.0137828 0.0497605 0.0562948 0.0431701 0.0234976 0.0656962 0.0933087 -0.00114006 0.066746 0.00106435 0.0757785 0.100742
internal_weight=9282.72 4716.62 4566.1 4194.55 4040.62 2025.44 1613.69 522.072 2015.18 3415.09 1951.74 1114.14 934.67 179.47 102.302 1190.47 1816.47 1769.43 66.6743 1489.01 1312.85 1020.86 636.726 234.715 193.017 402.011 108.431 176.165 384.132 280.418
internal_count=44874 22208 22666 19792 19006 9660 7652 2416 9346 16830 9523 5405 4535 870 497 5607 8389 8161 325 6896 6069 4729 2958 1082 888 1876 508 827 1771 1265
is_linear=0
shrinkage=0.05


Tree=3
num_leaves=31
num_cat=0
split_feature=3 17 18 3 4 18 17 17 19 15 5 20 19 18 17 20 17 3 17 15 19 17 19 18 20 2 6 16 17 17
split_gain=3391.82 706.347 564.102 491.513 649.319 446.617 418.458 409.289 334.383 278.042 264.788 262.738 232.185 247.604 229.955 227.132 208.102 206.227 200.257 243.908 265.721 300.632 401.482 305.802 263.618 184.032 175.454 172.104 169.67 339.272
threshold=0.67500000000000016 0.00014450000000000002 0.00022862703335874032 0.075000000000000025 -0.099999999999999992 5.7465957210911486e-05 0.00024150000000000004 0.00026850000000000002 6.7500000000000014e-05 -1.8499999999999999e-05 0.51500000000000012 -0.00023490259278509821 -0.00010549999999999999 -3.2946823293792524e-06 0.00033850000000000004 -0.00018253656599654113 0.00023450000000000004 0.84500000000000008 0.00064450000000000011 0.00035450000000000005 -9.7499999999999985e-05 0.00020450000000000001 0.00015750000000000001 -0.00026216395191431169 -0.00024888625845880815 0.64894222580610772 0.0053214617478535339 -0.00042149999999999995 0.00031550000000000008 0.00037450000000000005
decision_type=2 2 2 2 2 2 2 2 2 2 2 2 2 2 2 2 2 2 2 2 2 2 2 2 2 2 2 2 2 2
left_child=1 8 11 -3 10 6 9 -8 15 12 18 26 16 -14 17 -1 -6 -13 19 20 24 22 -22 25 27 -23 -2 -5 -9 -30
right_child=2 3 -4 4 5 -7 7 28 -10 -11 -12 14 13 -15 -16 -17 -18 -19 -20 -21 21 23 -24 -25 -26 -27 -28 -29 29 -31
leaf_value=0.10581358976527977 -0.016320592274424294 -0.067034472164270401 -0.061930851397467901 0.14322618815381666 -0.055781051980783897 -0.040820977635932294 0.11368476346725209 -0.012565438687998386 -0.019186122619089741 -0.025950843478370268 0.00011844104801758381 0.011784824336188819 0.0052986158974811445 0.10761157089709372 -0.041462656781395248 -0.0022726419779304109 0.12687743958143305 -0.029022873843909971 -0.051048247121430981 0.13184241474349387 0.10913239020588524 0.094691494337158288 -0.071624077646028239 0.007094624409837498 0.098679831309927635 -0.029800949836366844 -0.051794165860266653 -0.046565205997462306 0.10001656706348037 -0.011968710164346013
leaf_weight=466.12756004929543 593.56343796849251 148.97894266247749 1117.1900245249271 15.19169946014881 98.908829003572464 418.7643955051899 174.7829524576664 188.96382763981819 73.796043798327446 566.12418922781944 280.68840247392654 1084.9927757680416 112.68562181293964 124.4314024746418 425.16470651328564 54.262800350785255 18.511673524975777 433.2193942964077 45.565947756171227 97.775744944810867 227.39321355521679 186.16205088794231 35.51809598505497 672.03888036310673 390.9159180521965 35.317474752664566 844.51675832271576 55.88646924495697 148.68850001692772 124.07048188149929
leaf_count=2058 2983 786 5836 67 464 2076 796 883 365 2728 1316 5229 539 564 2112 256 86 2182 226 431 1023 830 169 3107 1727 167 4324 267 694 583
internal_value=4.55959e-06 0.0294178 -0.0311276 0.0221461 0.0254524 0.00501795 0.0173453 0.0485182 0.0804183 -0.00420631 0.0452213 -0.0209506 0.0305153 0.0589892 -0.00896135 0.0945431 -0.0269844 0.000140413 0.0524072 0.055154 0.050521 0.0377155 0.084713 0.0238868 0.0825747 0.0748397 -0.0371526 -0.00600066 0.0238497 0.0490776
internal_weight=9260.2 4761.55 4498.65 4167.36 4018.39 1975.93 1557.17 636.506 594.186 920.662 2042.45 3381.46 354.538 237.117 1943.38 520.39 117.421 1518.21 1761.77 1716.2 1618.42 1156.43 262.911 893.518 461.994 221.48 1438.08 71.0782 461.723 272.759
internal_count=44874 22208 22666 19529 18743 9413 7337 2956 2679 4381 9330 16830 1653 1103 9523 2314 550 7411 8014 7788 7357 5296 1192 4104 2061 997 7307 334 2160 1277
is_linear=0
shrinkage=0.05


Tree=4
num_leaves=31
num_cat=0
split_feature=3 17 18 3 6 1 0 0 19 18 5 20 17 17 18 16 6 19 6 17 17 19 18 20 19 20 18 18 15 3
split_gain=3072.46 614.255 539.767 453.444 549.491 338.436 394.291 290.509 286.298 264.693 280.335 244.952 213.524 250.963 293.114 215.22 226.702 187.665 185.954 217.702 360.422 394.224 390.427 281.208 332.858 250.969 181.221 170.645 175.353 169.958
threshold=0.67500000000000016 0.00014350000000000005 0.00022862703335874032 0.075000000000000025 -0.0031398209992630961 76.885000000000005 178.50000000000003 76.500000000000014 -0.00011349999999999998 -2.1589073653375788e-06 0.15500000000000003 -0.00023490259278509821 0.00029150000000000004 0.00027150000000000004 0.00020405073676266436 -1.0000000180025095e-35 0.0077640690362047815 -0.00045149999999999992 -0.045340224111544439 0.00024150000000000004 0.00019350000000000001 -9.3499999999999982e-05 -0.00013521511351733821 -0.00028170681781141825 -5.6499999999999998e-05 -0.00015073281198661412 9.6572085816590944e-05 4.8447703830211214e-05 -6.4999999999999996e-06 0.82500000000000007
decision_type=2 2 2 2 2 2 2 2 2 2 2 2 2 2 2 2 2 2 2 2 2 2 2 2 2 2 2 2 2 2
left_child=1 9 11 -3 7 6 27 8 17 10 -1 -2 13 14 29 16 -15 -5 -9 20 21 -20 -23 24 -21 -22 -25 28 -6 -13
right_child=2 3 -4 4 5 -7 -8 18 -10 -11 -12 12 -14 15 -16 -17 -18 -19 19 23 25 22 -24 26 -26 -27 -28 -29 -30 -31
leaf_value=-0.008832895291533879 -0.035940256748798305 -0.065930009512878501 -0.060716413584687427 -0.069492443019711331 0.084909773289750232 -0.03444688266172876 -0.024445314919201568 -0.015039057146492871 -0.0090277186349817622 0.10407774778988794 0.115934498686433 0.0018557851019996279 -0.027973721716595176 -0.037177533473825165 0.09713713957928144 0.11973073822498111 0.12549072258183186 0.090187846880806999 -0.04523756165634886 -0.054950691023413462 -0.022896348500126035 -0.070248618265238857 0.11382920392227663 0.083499407248340207 0.062256441851013568 0.13000511460506906 -0.0023427775750112264 -0.009793550368660156 0.025865439086679085 -0.046506664166605427
leaf_weight=136.73131278157234 1413.0496360510588 144.02647322416306 1083.4178634881973 21.299722522497177 237.68277065455914 480.29540537297726 371.18702034652233 110.94505652785301 501.09805428981781 345.86185841262341 67.122013300657272 608.77332448959351 817.63388767838478 72.454039558768272 65.471480056643486 81.38446806371212 30.407351270318031 135.16468298435211 65.421548396348953 96.842211782932281 294.85286642611027 32.775121763348579 237.83896248042583 857.99451798200607 161.74797688424587 29.524465978145599 66.227733686566353 134.04520151019096 267.00762854516506 258.92863216996193
leaf_count=635 7307 786 5836 106 1061 2377 1784 539 2369 1492 289 2923 4118 353 303 373 144 602 313 470 1360 160 1039 3759 731 131 302 669 1234 1309
internal_value=-2.62372e-05 0.0277088 -0.0300405 0.0212701 0.0243318 0.000105098 0.0165372 0.0381553 0.00940788 0.0774411 0.0322488 -0.020114 -0.00855703 0.00565048 -0.00487845 0.0589777 0.0109096 0.0684503 0.0478285 0.0516125 0.028616 0.0649071 0.0915348 0.0644525 0.0183623 -0.00897943 0.0773481 0.0403533 0.0536722 -0.0125759
internal_weight=9227.21 4795.69 4431.52 4245.98 4101.95 1490.22 1009.92 2611.73 657.562 549.715 203.853 3348.1 1935.05 1117.42 933.173 184.246 102.861 156.464 1954.17 1843.23 660.413 336.036 270.614 1182.81 258.59 324.377 924.222 638.736 504.69 867.702
internal_count=44874 22208 22666 19792 19006 7125 4748 11881 3077 2416 924 16830 9523 5405 4535 870 497 708 8804 8265 3003 1512 1199 5262 1201 1491 4061 2964 2295 4232
is_linear=0
shrinkage=0.05


Tree=5
num_leaves=31
num_cat=0
split_feature=3 17 18 3 6 1 0 0 19 18 18 20 17 19 3 17 17 17 17 18 18 19 14 15 0 19 6 18 15 6
split_gain=2852.24 513.306 503.105 436.376 513.534 312.292 356.781 235.843 299.007 208.678 240.01 206.299 212.137 181.348 179.446 177.629 187.328 277.474 170.223 187.268 185.012 225.083 176.984 174.19 167.07 166.72 166.061 154.921 174.955 152.668
threshold=0.67500000000000016 0.00014350000000000005 0.00023415899549657066 0.085000000000000006 -0.0031398209992630961 75.925000000000026 178.50000000000003 76.500000000000014 -0.00010749999999999998 -2.1589073653375788e-06 -5.6430840559516746e-05 -0.00023490259278509821 0.00033850000000000004 0.00014050000000000003 0.84500000000000008 0.00033150000000000003 0.00014250000000000002 0.00017250000000000005 0.00029150000000000004 0.00013544611937094323 5.4732803702833905e-06 -3.8499999999999994e-05 -3.9499999999999991e-05 3.750000000000001e-05 45.500000000000007 -0.00045149999999999992 0.0053214617478535339 6.051315749641086e-05 6.5000000000000013e-06 -0.045340224111544439
decision_type=2 2 2 2 2 2 2 2 2 2 2 2 2 2 2 2 2 2 2 2 2 2 2 2 2 2 2 2 2 2
left_child=1 9 11 -3 7 6 27 8 25 10 13 26 14 -1 15 16 -13 -18 19 20 21 24 -21 -22 -19 -5 -2 28 -6 -9
right_child=2 3 -4 4 5 -7 -8 29 -10 -11 -12 12 -14 -15 -16 -17 17 18 -20 22 23 -23 -24 -25 -26 -27 -28 -29 -30 -31
leaf_value=0.12582148105621957 -0.014176122666601716 -0.060121577439259166 -0.060336955625346883 -0.068302716887084031 0.0734029704926982 -0.033310618868983774 -0.023417479288627436 -0.012719834588512982 -0.0084264838302851707 0.095339089064970142 -0.016708022519623549 0.095801244480628142 -0.040950757312318425 -0.067486324322665131 -0.028009833888011065 0.11213396184041909 -0.069967313666494294 -0.033351439239082355 -0.032277963922631568 0.026834899981428784 -0.026961726896486807 -0.050024712684714125 0.13748028420830383 0.091963665796211569 0.097665476234998383 0.088133265230761731 -0.049205699459526735 -0.013538494447448035 0.014714204241622234 0.048971641933942878
leaf_weight=72.767515391111374 574.92384953796864 161.49239119887352 1012.7737601697445 19.315407067537308 315.93955247104168 473.66405607759953 368.29999643564224 106.00065937638283 492.4341312199831 347.49642242491245 113.32025195658207 54.926882386207581 423.29787673056126 14.56025494635105 437.55809800326824 40.886017680168152 121.1475567817688 29.847797393798828 181.88807182013988 89.545854866504669 299.21290539205074 47.834344655275345 60.600339621305466 34.322205647826195 131.67846566438675 144.04579980671406 822.13614940643311 118.06535881757736 212.32654464244843 1860.0328831076622
leaf_count=305 2960 901 5632 99 1386 2379 1788 517 2336 1462 521 258 2172 76 2260 200 580 142 905 425 1430 230 283 165 620 625 4394 599 979 8228
internal_value=-0.000166135 0.026346 -0.0294567 0.0205009 0.0236686 0.000210973 0.01586 0.0369845 0.0110194 0.0718966 0.0312973 -0.0201204 -0.00962511 0.0935911 -0.00095526 0.00988644 0.00590882 0.000951867 0.0107717 0.0220701 0.00840156 0.0452429 0.0714924 -0.0147238 0.0734554 0.0696367 -0.0347902 0.0382415 0.0498141 0.0456455
internal_weight=9182.34 4819.76 4362.58 4271.62 4110.12 1488.3 1014.63 2621.83 655.795 548.144 200.648 3349.81 1952.75 87.3278 1529.45 1091.89 1051 996.078 874.93 693.042 542.896 209.361 150.146 333.535 161.526 163.361 1397.06 646.331 528.266 1966.03
internal_count=44857 22201 22656 19837 18936 7131 4752 11805 3060 2364 902 17024 9670 381 7498 5238 5038 4780 4200 3295 2587 992 708 1595 762 724 7354 2964 2365 8745
is_linear=0
shrinkage=0.05


Tree=6
num_leaves=31
num_cat=0
split_feature=3 19 17 3 4 18 17 0 17 19 15 19 0 1 20 3 20 17 17 17 18 19 5 5 1 5 17 17 19 17
split_gain=2591.14 484.134 457.386 396.431 453.87 362.225 354.394 298.385 293.532 273.622 231.956 223.697 221.878 269.693 216.01 212.006 220.515 208.898 272.272 211.668 305.075 243.825 263.292 183.223 218.626 169.874 169.295 168.992 186.145 180.524
threshold=0.67500000000000016 -0.00041949999999999995 0.00014450000000000002 0.075000000000000025 -0.089999999999999997 5.7465957210911486e-05 0.00024150000000000004 78.500000000000014 0.00026650000000000008 -0.00010749999999999998 -1.9499999999999996e-05 7.9500000000000021e-05 177.50000000000003 105.44500000000001 -0.00019514546374784167 0.85500000000000009 -0.00024514778924422702 0.00014250000000000002 0.00017250000000000005 0.00033850000000000004 5.4732803702833905e-06 -3.8499999999999994e-05 0.13999999999999996 0.50500000000000012 139.98500000000004 0.21500000000000005 0.00065250000000000019 0.00030050000000000004 0.00010150000000000001 0.00037450000000000005
decision_type=2 2 2 2 2 2 2 2 2 2 2 2 2 2 2 2 2 2 2 2 2 2 2 2 2 2 2 2 2 2
left_child=2 -2 11 -4 7 6 10 9 -8 -5 12 14 13 -6 -1 16 -3 -18 -19 20 21 22 -20 26 -25 -12 -9 28 -10 -29
right_child=1 15 3 4 5 -7 8 23 27 -11 25 -13 -14 -15 -16 -17 17 18 19 -21 -22 -23 -24 24 -26 -27 -28 29 -30 -31
leaf_value=0.084311484563677763 -0.052023116286562601 -0.029538640830009469 -0.064043408124332887 0.065908568672118445 0.10216142259576183 -0.039031632375055858 0.099041910786645593 0.057160353625391402 -0.054485093283152909 -0.011842521362551119 -0.033085699638522995 -0.060829212400627553 -0.01374571549204911 -0.046835252855321072 -0.0068499970964267512 -0.043260380825519751 0.091825671634483991 -0.068135707144836188 0.091116426421110397 -0.035818766832813126 -0.0039007795122908565 -0.049026992589167533 -0.052855622377896198 -0.038841362912633744 0.075108697523698351 0.076060168694792984 -0.068876527248503655 0.06770183247830279 0.14238705083784045 -0.0096403685318032714
leaf_weight=503.79924984276295 1445.7656846642494 856.78633663058281 138.83997918665409 150.47007514536381 130.57689687609673 390.13543036580086 174.44385465979576 1385.6261323541403 98.637966454029083 456.30775579810143 507.3222708851099 33.240717843174934 165.98130762577057 39.575713664293289 74.604513734579086 587.44767932593822 62.734448775649071 137.66234570741653 249.15529946982861 240.97996534407139 629.79770836234093 48.000817701220512 36.394190669059753 118.43153300881386 65.30347903072834 38.343853369355202 27.165678903460503 214.2556674182415 13.670719563961027 116.45455265045166
leaf_count=2099 7976 4572 811 655 567 2001 749 5973 462 2165 2495 177 784 197 350 3194 291 689 1179 1240 3102 236 177 553 286 184 138 956 60 539
internal_value=-0.000183282 -0.0284575 0.024889 0.0190472 0.021866 0.0038853 0.0150531 0.0372849 0.0441036 0.00743836 -0.00528898 0.0653043 0.0273845 0.0675064 0.0725532 -0.0164986 -0.00954695 0.00264662 -0.00152226 0.00609208 0.016576 0.0552395 0.0727667 0.0486284 0.001659 -0.025416 0.0547369 0.022471 -0.0305209 0.040467
internal_weight=9137.91 4294.72 4843.19 4231.54 4092.7 1889.4 1499.26 2203.3 617.463 606.778 881.8 611.644 336.134 170.153 578.404 2848.96 2261.51 1404.72 1341.99 1204.33 963.348 333.55 285.549 1596.53 183.735 545.666 1412.79 443.019 112.309 330.71
internal_count=44857 22656 22201 19575 18764 8994 6993 9770 2766 2820 4227 2626 1548 764 2449 14680 11486 6914 6623 5934 4694 1592 1356 6950 839 2679 6111 2017 522 1495
is_linear=0
shrinkage=0.05


Tree=7
num_leaves=31
num_cat=0
split_feature=3 18 3 17 4 18 17 17 0 15 0 1 19 19 20 6 15 17 18 20 1 17 19 20 18 17 4 19 17 6
split_gain=2355.49 474.618 417.108 353.321 413.61 330.651 297.998 281.124 280.566 223.01 237.8 234.23 209.335 199.458 190.997 190.353 200.751 169.258 276.004 237.273 191.062 174.978 162.166 160.516 160.406 253.762 232.817 394.218 222.515 202.587
threshold=0.67500000000000016 0.00023415899549657066 0.085000000000000006 0.00014450000000000002 -0.099999999999999992 5.7465957210911486e-05 0.00024150000000000004 0.00026650000000000008 78.500000000000014 -1.9499999999999996e-05 180.50000000000003 103.74500000000002 -0.00010549999999999999 7.9500000000000021e-05 -0.00019600826335091308 0.0013328958177339382 -3.7499999999999997e-05 0.00033850000000000004 -0.00012742041198005269 -0.00023490259278509821 112.94500000000001 0.00033150000000000003 -4.949999999999999e-05 -0.00026398689003869901 -0.00012977446036651854 0.00029350000000000009 -0.16499999999999992 0.00017550000000000001 0.00037250000000000006 -0.008499766333840102
decision_type=2 2 2 2 2 2 2 2 2 2 2 2 2 2 2 2 2 2 2 2 2 2 2 2 2 2 2 2 2 2
left_child=2 15 -1 13 8 6 9 23 12 10 11 -6 -5 14 -4 16 -2 18 20 -20 -17 -22 -16 -8 25 26 27 -10 -27 -26
right_child=1 -3 3 4 5 -7 7 -9 24 -11 -12 -13 -14 -15 22 17 -18 -19 19 -21 21 -23 -24 -25 29 28 -28 -29 -30 -31
leaf_value=-0.058137068608075798 0.029827226148175963 -0.058489821941099265 0.079727370021720048 0.059377684139482481 0.09444917982603622 -0.036209961880204131 -0.020248003383055671 0.019510937663857104 -0.055298656944657944 -0.023718455321549543 -0.016573947487617591 -0.041529079882516633 -0.010574426335688218 -0.059649172862556978 0.10946453375129764 0.15169426822114876 -0.027406493941970117 -0.048810564109977229 -0.042633712955384449 -0.0074760601406131909 -0.054296998308856072 0.14208321223894066 -0.045965506058787325 0.11001376799028723 0.078227332159826815 0.090029339538210129 0.092910610477230149 0.059253874702227087 0.010318330315507065 0.018841059893252722
leaf_weight=151.37013989686966 371.33393837511539 955.28638103604317 502.11660523712635 141.6794872879982 148.4706494063139 399.38653218746185 27.636437743902206 476.85712453722954 208.2985667437315 554.54445712268353 166.20363220572472 40.256571188569069 436.30394707620144 32.22913558781147 23.363289326429367 38.564975559711456 260.83092038333416 557.19494138658047 805.90096534788609 1186.336296364665 37.137644097208977 16.330970719456673 59.569003209471703 163.93544399738312 580.21082258224487 236.00208397209644 60.364777073264122 117.45435331761837 139.18603457510471 190.8439165353775
leaf_count=901 1841 5632 2061 605 631 2078 119 2158 936 2746 788 204 2078 177 100 192 1340 3020 4437 5917 194 83 288 686 2425 995 263 504 623 835
internal_value=-0.000199409 -0.0274817 0.0235584 0.0261867 0.0208622 0.00443094 0.0147176 0.0400633 0.0362575 -0.00391047 0.0270376 0.0654443 0.00657274 0.0614461 0.068117 -0.0184331 0.00621262 -0.0243314 -0.0177874 -0.0216981 0.0668667 0.0056836 -0.0021785 0.091222 0.0474541 0.0311738 0.00271814 -0.0139953 0.0604584 0.0635286
internal_weight=9085.2 4228.92 4856.28 4704.91 4087.63 1977.29 1577.9 668.429 2110.34 909.475 354.931 188.727 577.983 617.278 585.049 3273.63 632.165 2641.47 2084.27 1992.24 92.0336 53.4686 82.9323 191.572 1532.36 761.306 386.118 325.753 375.188 771.055
internal_count=44857 22656 22201 21300 18674 9410 7332 2963 9264 4369 1623 835 2683 2626 2449 17024 3181 13843 10823 10354 469 277 388 805 6581 3321 1703 1440 1618 3260
is_linear=0
shrinkage=0.05


Tree=8
num_leaves=31
num_cat=0
split_feature=3 18 3 17 4 18 17 0 17 19 15 19 6 15 20 0 17 17 16 17 18 20 19 1 6 17 6 5 17 6
split_gain=2143.12 455.893 381.847 318.481 360.22 302.959 282.377 233.672 224.045 222.291 191.275 178.761 175.154 180.622 168.626 165.412 196.582 170.16 161.188 160.235 245.911 222.849 158.002 157.055 155.215 155.174 200.375 154.908 151.77 151.114
threshold=0.67500000000000016 0.00023415899549657066 0.075000000000000025 0.00014450000000000002 -0.089999999999999997 5.7465957210911486e-05 0.00024150000000000004 80.500000000000014 0.00026650000000000008 -0.00010749999999999998 -1.8499999999999999e-05 7.9500000000000021e-05 0.0013328958177339382 -3.7499999999999997e-05 -0.00019600826335091308 204.50000000000003 0.00019850000000000003 0.00023450000000000004 0.00066450000000000005 0.00033850000000000004 -0.00012742041198005269 -0.00023490259278509821 -0.00045149999999999992 112.94500000000001 -0.045340224111544439 0.00014250000000000002 0.020642853435743399 0.21500000000000005 0.00033150000000000003 0.016830247606011373
decision_type=2 2 2 2 2 2 2 2 2 2 2 2 2 2 2 2 2 2 2 2 2 2 2 2 2 2 2 2 2 2
left_child=2 12 -1 11 7 6 10 9 -8 22 15 14 13 -2 -4 16 -6 -17 -11 20 23 -22 -5 -14 -9 29 -27 -12 -25 -23
right_child=1 -3 3 4 5 -7 8 24 -10 18 27 -13 19 -15 -16 17 -18 -19 -20 -21 21 25 -24 28 -26 26 -28 -29 -30 -31
leaf_value=-0.062428260477257608 0.027973277150673825 -0.057521332943749275 0.075009541194940188 -0.069975870650600361 0.091326776123790809 -0.036637478327379375 0.085994825454112397 -0.01608236248599465 0.020099259948504245 -0.015407664732069165 -0.031454643127468263 -0.058534507023746234 0.13537423107988378 -0.026382120728536008 -0.0021176941946766691 -0.041704961009000674 -0.0070961851111306339 0.12278985266725657 0.12741301343813763 -0.047592033406101013 -0.041451426773759237 -0.072804479185597626 0.077652971426638809 -0.05300373903252973 0.047571628271028905 -0.0028605765411775924 -0.06356050780034854 0.071920541640887847 0.12692418468074163 0.1104398693090175
leaf_weight=129.31195159256458 376.02183468639851 923.60737428069115 506.87979346513748 20.813457027077675 125.95685768127441 376.2776999771595 181.11205729842186 102.35680602490902 448.23534743487835 460.50168426334858 488.84695376455784 31.226239919662476 40.984613761305809 257.49707160890102 82.386470139026642 115.75910387933254 84.948725402355194 18.192180767655373 20.641168057918549 543.24527077376842 787.90491050481796 14.574569493532179 140.27437886595726 36.16640168428421 1487.9317956864834 960.19324900209904 158.38525503873825 39.140995651483536 17.338806316256523 49.334205240011215
leaf_count=811 1841 5632 2061 103 539 2001 749 502 2017 2195 2464 177 192 1340 388 561 397 82 93 3020 4437 69 580 194 6297 4807 822 184 83 219
internal_value=-0.000211954 -0.0265314 0.0223414 0.0246582 0.0196185 0.00348319 0.0135328 0.0331949 0.0390625 0.00774018 -0.00487481 0.0580483 -0.0177018 0.00588024 0.0642262 0.0240868 0.0516839 -0.0193646 -0.00928062 -0.02343 -0.0170732 -0.0208518 0.0585785 0.0617211 0.0434746 -0.00712598 -0.0114554 -0.0237912 0.0053034 0.0686505
internal_weight=9026.05 4165.25 4860.79 4731.48 4110.99 1878.47 1502.19 2232.52 629.347 642.231 872.845 620.493 3241.65 633.519 589.266 344.857 210.906 133.951 481.143 2608.13 2064.88 1970.39 161.088 94.4898 1590.29 1182.49 1118.58 527.988 53.5052 63.9088
internal_count=44857 22656 22201 21390 18764 8994 6993 9770 2766 2971 4227 2626 17024 3181 2449 1579 936 643 2288 13843 10823 10354 683 469 6799 5917 5629 2648 277 288
is_linear=0
shrinkage=0.05


Tree=9
num_leaves=31
num_cat=0
split_feature=3 19 3 17 4 18 17 0 17 3 20 18 19 17 17 17 18 19 5 19 17 17 5 1 20 17 18 18 3 6
split_gain=1951.46 440.452 351.07 283.252 331.675 275.718 236.691 223.657 221.758 186.935 182.799 171.02 168.138 165.018 248.691 173.994 244.427 203.941 213.144 160.685 154.396 259.271 154.356 166.929 150.928 148.118 149.9 304.825 223.854 183.392
threshold=0.67500000000000016 -0.00041949999999999995 0.085000000000000006 0.00014450000000000002 -0.099999999999999992 5.7465957210911486e-05 0.00024150000000000004 77.500000000000014 0.00026650000000000008 0.85500000000000009 -0.00024514778924422702 -2.1589073653375788e-06 -0.00010549999999999999 0.00014250000000000002 0.00017250000000000005 0.00033850000000000004 5.4732803702833905e-06 -3.8499999999999994e-05 0.13999999999999996 7.9500000000000021e-05 0.00023750000000000003 0.00024350000000000004 0.50500000000000012 137.50500000000002 -0.00019514546374784167 0.00065250000000000019 -0.00026216395191431169 -0.00012977446036651854 0.48500000000000004 -0.008499766333840102
decision_type=2 2 2 2 2 2 2 2 2 2 2 2 2 2 2 2 2 2 2 2 2 2 2 2 2 2 2 2 2 2
left_child=2 -2 -1 19 7 6 11 12 -8 10 20 -6 -5 -12 -15 16 17 18 -16 24 -3 -22 25 -24 -4 26 -9 28 -28 -29
right_child=1 9 3 4 5 -7 8 22 -10 -11 13 -13 -14 14 15 -17 -18 -19 -20 -21 21 -23 23 -25 -26 -27 27 29 -30 -31
leaf_value=-0.056370171487931123 -0.049123822512943109 -0.054159065574109634 0.070219853062798585 0.052477221489537797 -0.023875203028760863 -0.033949968884482561 0.08021426098321166 0.082758148310302537 0.017239095089576786 -0.040201165486341339 0.080872753514019929 0.019827430385028953 -0.010689721516265774 -0.066034181211982748 0.080865336437315499 -0.032470092587836619 -0.0026730719875545103 -0.047249296539379884 -0.050524750132998592 -0.057477736093242096 0.19305033167336505 -0.015731060524767308 -0.039352269813733368 0.060152094089039855 -0.0061778385267267782 -0.068673391898407418 -0.03824835485043504 0.072139176504114902 0.047524326957877769 0.016109284007519958
leaf_weight=141.60731893777847 1341.8386476933956 311.18986241519451 518.43025068938732 140.8599592000246 483.02669727802277 385.87116062641144 196.73352435231209 277.54370182752609 482.97532480955124 552.74977774918079 65.425863534212112 417.21344856917858 417.87033116817474 130.39575181901455 260.38927787542343 229.13110902905464 621.66571862995625 46.607621565461159 35.017427444458008 30.235544130206108 15.334270119667051 491.10216031968594 111.21221916377544 67.872457906603813 73.856899797916412 26.830898776650429 172.71648941934109 587.49137017130852 135.94093884527683 194.3585329502821
leaf_count=901 7976 1783 2099 592 2421 2078 805 1135 2158 3194 291 1948 2013 689 1179 1240 3102 236 177 177 88 2701 520 284 350 137 762 2408 578 835
internal_value=-0.000222491 -0.025627 0.0212021 0.0235288 0.0187557 0.00394059 0.0131946 0.0324116 0.0354665 -0.0141994 -0.00768498 -0.00362136 0.00523512 0.00335868 -0.000474 0.00669291 0.0160046 0.0499542 0.0652904 0.0549537 -0.0264412 -0.00940942 0.0420588 -0.00164047 0.0606932 0.0476692 0.049951 0.0416013 -0.000471785 0.0582108
internal_weight=8963.49 4100.85 4862.65 4721.04 4098.52 1965.82 1579.95 2132.7 679.709 2759.01 2206.26 900.24 558.73 1388.63 1323.21 1192.81 963.68 342.014 295.407 622.523 817.626 506.436 1573.97 179.085 592.287 1394.88 1368.05 1090.51 308.657 781.85
internal_count=44857 22656 22201 21300 18674 9410 7332 9264 2963 14680 11486 4369 2605 6914 6623 5934 4694 1592 1356 2626 4572 2789 6659 804 2449 5855 5718 4583 1340 3243
is_linear=0
shrinkage=0.05


Tree=10
num_leaves=31
num_cat=0
split_feature=3 18 3 17 4 1 0 0 17 18 5 19 20 3 19 17 6 5 17 5 18 6 18 17 6 17 17 3 20 17
split_gain=1755.7 448.643 318.782 282.21 285.441 265.953 384.256 209.47 170.368 168.422 201.215 160.922 156.529 161.189 154.09 152.261 149.178 142.91 157.639 141.683 164.263 233.906 152.748 180.818 174.05 152.53 325.917 165.557 168.659 233.382
threshold=0.67500000000000016 0.00022862703335874032 0.075000000000000025 0.00014450000000000002 -0.099999999999999992 75.925000000000026 176.50000000000003 76.500000000000014 0.00023450000000000004 -2.1589073653375788e-06 0.15500000000000003 -0.00010549999999999999 -0.00023490259278509821 0.84500000000000008 -0.0005064999999999999 0.00026350000000000006 0.0057339029540005313 0.50500000000000012 0.00029350000000000009 0.37500000000000011 -0.00012977446036651854 -0.023807386515108681 -0.00018268285039207418 0.00065250000000000019 -0.0099733608897403705 0.00019350000000000001 0.00022150000000000004 0.30500000000000005 -0.00022392551207775971 0.00025550000000000003
decision_type=2 2 2 2 2 2 2 2 2 2 2 2 2 2 2 2 2 2 2 2 2 2 2 2 2 2 2 2 2 2
left_child=2 12 -1 9 7 6 14 11 -8 10 -4 -5 16 -14 -6 -10 -2 19 -19 20 21 -9 23 -23 -24 -22 -27 -28 29 -29
right_child=1 -3 3 4 5 -7 8 17 15 -11 -12 -13 13 -15 -16 -17 -18 18 -20 -21 25 22 24 -25 -26 26 27 28 -30 -31
leaf_value=-0.061036127846840052 -0.010947591878789645 -0.055731241284303894 -0.016087247377174724 0.049011336415176007 -0.069430853504080653 -0.024695986886119223 -0.044892054782022989 -0.058143617029951626 0.089309031806741962 0.071707022201451559 0.086574864386406422 -0.012637168747216571 0.0026255120798072671 -0.030057352075553968 0.037690651175303853 -0.014645121710014895 -0.045201150956034254 -0.056503026453367688 0.036147106360668167 0.079845055820477281 0.090600311278388551 0.077285107262409669 -0.046013165752623382 -0.067162169315121437 0.077763756740396012 -0.057576729355384319 -0.064357994913312816 0.1053341977031147 0.083028234134101736 -0.024424905280677936
leaf_weight=118.34763073921204 598.31524255871773 895.42504507303238 146.3253295570612 142.80444383621216 34.864781826734543 585.88895034790039 294.13795192539692 91.513592958450317 52.188957437872887 416.72032448649406 70.833121106028557 409.10617785155773 1357.496772184968 522.44352219998837 904.47635740041733 108.36449986696243 678.10419769585133 77.566702112555504 112.49311369657516 236.30206999182701 187.55971550941467 176.8830803334713 95.088371098041534 24.689209565520287 40.496713414788246 76.239632800221443 27.978186279535294 51.983517125248909 297.71513217687607 103.93578867614269
leaf_count=799 3262 5788 684 598 180 3028 1487 403 232 1698 289 1986 6700 2926 4029 539 4050 373 497 974 759 727 417 131 171 325 117 218 1212 444
internal_value=-0.000160352 -0.0244938 0.0200247 0.0220375 0.0172723 0.00357084 0.0154509 0.029876 -0.02228 0.0531019 0.0173993 0.00331411 -0.015632 -0.0064572 0.0337147 0.0191459 -0.029145 0.0390359 -0.00166502 0.0445206 0.0374111 0.0127491 0.0319913 0.0595927 -0.00904333 0.0515936 0.0384789 0.0536846 0.0609649 0.0188368
internal_weight=8936.29 4051.78 4884.5 4766.16 4132.28 1979.92 1394.03 2152.36 454.691 633.879 217.158 551.911 3156.36 1879.94 939.341 160.553 1276.42 1600.44 190.06 1410.39 1174.08 428.671 337.157 201.572 135.585 745.412 557.852 481.613 453.634 155.919
internal_count=45043 22726 22317 21518 18847 9495 6467 9352 2258 2671 973 2584 16938 9626 4209 771 7312 6768 870 5898 4924 1849 1446 858 588 3075 2316 1991 1874 662
is_linear=0
shrinkage=0.05


Tree=11
num_leaves=31
num_cat=0
split_feature=3 18 3 17 4 18 17 1 17 17 17 17 18 15 6 20 3 6 2 6 1 20 17 16 17 17 16 17 3 14
split_gain=1599.03 430.998 293.948 254.328 257.236 245.976 214.66 205.274 159.787 179.536 192.233 190.653 150.689 191.513 171.632 145.599 148.24 144.009 166.663 141.804 131.167 127.14 124.032 215.604 127.839 229.594 164.082 156.673 213.516 144.941
threshold=0.67500000000000016 0.00022862703335874032 0.075000000000000025 0.00014450000000000002 -0.10500000000000002 5.7465957210911486e-05 0.00013550000000000001 84.895000000000024 0.00018750000000000003 0.0001975 0.00023550000000000001 0.00026650000000000008 -2.1589073653375788e-06 1.0000000180025095e-35 -0.0036953813661225834 -0.00023490259278509821 0.84500000000000008 -0.0562976213079679 0.20218935964592036 0.0057339029540005313 40.875000000000007 -0.00024819504996960879 0.00064450000000000011 -1.0000000180025095e-35 0.00036650000000000002 0.00029250000000000006 0.00025350000000000009 0.00018050000000000002 0.26500000000000007 0.00032050000000000009
decision_type=2 2 2 2 2 2 2 2 2 2 2 2 2 2 2 2 2 2 2 2 2 2 2 2 2 2 2 2 2 2
left_child=2 15 -1 12 17 7 -3 8 -6 -10 -11 21 13 -4 -15 19 -17 18 -5 -2 -13 -12 23 -19 25 27 -26 28 -25 -28
right_child=1 6 3 4 5 -7 -8 -9 9 10 11 20 -14 14 -16 16 -18 22 -20 -21 -22 -23 -24 24 26 -27 29 -29 -30 -31
leaf_value=-0.060382670788732273 -0.010460465991098705 0.21529549962659542 -0.056427304978042096 0.11317693762907154 -0.01746161488144812 -0.032700258456843677 -0.057167782275271486 -0.019280811829626817 0.087536215892166341 -0.018962724171632497 0.015892362848597432 0.0012999037989204977 0.067977097680200965 0.080163811224468348 -0.037341799353078443 0.0024914641020709442 -0.029029245716600711 0.072057913803782098 -0.05414570186949437 -0.044114066543636837 0.062728631392010056 0.097033009758461894 -0.050622421534876644 -0.014836686340169623 -0.043288152940215603 0.06807665239744369 0.12068027614849822 0.012116161626859627 0.095716595593270226 -0.044768506874972414
leaf_weight=113.76304805278778 594.95671755075455 7.2904252707958213 63.492520064115524 17.746273621916771 211.66432583332062 378.73657611012459 857.48212283849716 396.25827166438103 120.69429786503315 212.60636354982853 69.038481026887894 343.48428381979465 417.57944604754448 109.66417373716831 43.363910153508186 1358.9684680402279 514.11463579535484 306.03921544551849 92.216196313500404 660.52409206330776 116.33159902691841 160.54090319573879 44.81818899512291 63.935044586658478 130.77718275785446 329.82082073390484 35.324401885271072 938.51996676623821 137.81987674534321 21.171033814549446
leaf_count=799 3262 41 288 84 1041 2081 5747 2047 525 987 287 1517 1698 450 235 6700 2926 1274 467 4050 506 650 231 286 597 1376 151 4090 558 92
internal_value=-0.000168422 -0.0236272 0.0190461 0.0209438 0.0164146 0.00359883 -0.0548708 0.0120299 0.0220813 0.0302654 0.0226021 0.0354206 0.0504257 0.0165763 0.046866 -0.0149911 -0.00616019 0.0285719 -0.0271424 -0.028166 0.0168411 0.0726326 0.0316226 0.0334999 0.0263801 0.0313363 -0.0125269 0.0207093 0.0606829 0.0586802
internal_weight=8868.74 3993.34 4875.41 4761.64 4127.54 2009.36 864.773 1630.62 1234.36 1022.7 902.002 689.395 634.1 216.521 153.028 3128.56 1873.08 2118.19 109.962 1255.48 459.816 229.579 2008.23 1963.41 1657.37 1470.1 187.273 1140.27 201.755 56.4954
internal_count=45043 22726 22317 21518 18847 9641 5788 7560 5513 4472 3947 2960 2671 973 685 16938 9626 9206 551 7312 2023 937 8655 8424 7150 6310 840 4934 844 243
is_linear=0
shrinkage=0.05


Tree=12
num_leaves=31
num_cat=0
split_feature=3 18 3 19 19 17 18 16 17 17 14 6 14 4 19 20 19 19 17 17 18 6 3 20 19 3 17 17 18 0
split_gain=1457.03 414.485 271.398 249.909 316.804 248.921 349.473 265.184 221.819 184.866 153.195 162.24 152.884 152.734 143.248 143.401 142.165 133.517 130.628 285.892 281.801 204.175 187.952 151.696 135.146 145.159 125.753 197.724 127.241 142.278
threshold=0.67500000000000016 0.00022862703335874032 0.075000000000000025 -0.0005064999999999999 -0.00028849999999999997 0.00014450000000000002 6.2815136741468992e-05 -1.0000000180025095e-35 0.00064450000000000011 0.00013550000000000001 -0.00010249999999999998 -0.0013192890892799291 0.00015250000000000005 -0.18499999999999994 -0.00041949999999999995 -0.00023490259278509821 6.7500000000000014e-05 -0.00020649999999999995 0.00019350000000000001 0.00024350000000000004 -0.00013521511351733821 -0.033632514564706263 0.51500000000000012 -0.00029968206045723563 -0.00010349999999999998 0.26500000000000007 0.00023750000000000003 0.00024350000000000004 -5.9489915641130021e-05 57.500000000000007
decision_type=2 2 2 2 2 2 2 2 2 2 2 2 2 2 2 2 2 2 2 2 2 2 2 2 2 2 2 2 2 2
left_child=2 14 -1 -4 -5 16 7 8 -7 -3 -9 18 17 -8 -2 26 -6 -13 20 -20 -12 -21 -23 -22 -25 -26 28 -28 29 -16
right_child=1 9 3 4 5 6 13 10 -10 -11 11 12 -14 -15 15 -17 -18 -19 19 21 23 22 -24 24 25 -27 27 -29 -30 -31
leaf_value=-0.059774289346709912 -0.035712644869870004 0.18379675704679313 -0.068808690661949765 0.085999178472041332 0.056120355204374299 0.069480269284511495 0.073337231261856303 0.056934126436875371 -0.046950456396985994 -0.056395824695833742 -0.0678463754197665 0.12042398004454974 0.1216949813054381 -0.041535573736595027 -0.062843023604997467 0.0013577078396072768 -0.020547368852496667 -0.018059870736538523 -0.024690761153171273 -0.01864133286703953 -0.046852632736647679 0.047446252614587903 0.0038265210348630697 -0.051871225625712128 2.0611669246612053e-05 0.08777049186491534 0.15803294699924544 -0.013875877591289784 -0.052557543557053624 0.16251609770997513
leaf_weight=109.28816750645638 627.39136466383934 8.0892187356948835 78.057233303785324 182.38973753154278 563.36191619932652 367.77126598358154 31.600011944770813 193.71722400188446 46.02725650370121 826.54398064315319 51.909499511122704 17.883761793375015 21.307896479964256 343.27208034694195 13.098527997732164 1425.9552340656519 67.735685676336288 650.44406522810459 416.22908526659012 242.68624760210514 32.859868854284286 701.91700091958046 381.00676740705967 23.043980211019516 56.483768001198769 284.57707835733891 17.18476465344429 627.11214177310467 375.74779728055 15.051758408546446
leaf_count=799 3635 41 403 782 2306 1549 128 846 242 5747 261 74 94 1866 81 7137 360 3156 1920 1163 178 2968 1660 114 253 1195 94 3593 2315 83
internal_value=-0.000174967 -0.0227907 0.0181283 0.0199191 0.0214002 0.0187783 0.0140217 0.0189522 0.0565296 -0.0540679 0.013894 0.0109993 -0.0101506 -0.0318523 -0.0143739 -0.0089628 0.0478916 -0.0143542 0.0176573 0.0114593 0.0417085 0.0228101 0.0320995 0.0560346 0.06532 0.0732381 -0.0230027 -0.0092907 -0.0448761 0.0576549
internal_weight=8799.74 3936.17 4863.57 4754.28 4676.22 4493.83 3862.74 3487.86 413.799 834.633 3074.07 2880.35 689.636 374.872 3101.54 2474.15 631.098 668.328 2190.71 1741.84 448.874 1325.61 1082.92 396.965 364.105 341.061 1048.19 644.297 403.898 28.1503
internal_count=45043 22726 22317 21518 21115 20333 17667 15673 1791 5788 13882 13036 3324 1994 16938 13303 2666 3230 9712 7711 2001 5791 4628 1740 1562 1448 6166 3687 2479 164
is_linear=0
shrinkage=0.05


Tree=13
num_leaves=31
num_cat=0
split_feature=3 17 18 19 17 19 18 3 20 17 6 3 5 20 5 19 17 18 17 3 0 6 19 6 11 15 16 16 15 17
split_gain=1344.06 350.733 306.72 246.367 242.89 736.684 368.439 255.143 249.936 222.228 238.139 252.791 233.145 203.319 210.508 175.85 331.665 269.64 306.712 238.943 209.329 164.057 155.743 151.818 150.175 149.739 148.712 174.622 140.11 139.713
threshold=0.76500000000000012 0.00014150000000000005 0.00022862703335874032 -0.0005024999999999998 0.00021850000000000003 -0.00010349999999999998 -0.00015976685027103369 0.075000000000000025 -0.00028593788436302384 0.00020450000000000001 0.0060475155804949219 0.54500000000000015 0.085000000000000034 -0.00025746052511174596 0.085000000000000034 -9.3499999999999982e-05 0.00025750000000000008 5.7465957210911486e-05 0.00047050000000000005 0.68500000000000016 71.500000000000014 0.0015937109480967722 6.7500000000000014e-05 -0.033632514564706263 9.2593066992042399 -2.3499999999999999e-05 -0.00018349999999999999 0.00044550000000000004 0.00011050000000000002 0.00034050000000000004
decision_type=2 2 2 2 2 2 2 2 2 2 2 2 2 2 2 2 2 2 2 2 2 2 2 2 2 2 2 2 2 2
left_child=1 22 21 -3 5 28 -7 -6 -9 10 11 12 -8 14 -13 16 24 19 -19 -18 26 -2 -1 -22 -10 -12 -17 -28 -5 -23
right_child=2 3 -4 4 7 6 9 8 15 -11 25 13 -14 -15 -16 20 17 18 -20 -21 23 29 -24 -25 -26 -27 27 -29 -30 -31
leaf_value=0.057984610464878766 0.042142487136230117 -0.055002078683844137 -0.057592037765765061 -0.056513501214294583 -0.059207152288754873 -0.056866447506481989 -0.015499600055795773 -0.0076726629410802721 0.085704574992145122 -0.041937365359228859 0.044510660399774735 -0.046882895719730665 0.053099094418193632 0.11546038100929686 0.10389829415946433 0.060145083469870048 0.057937938099403591 -0.051493990751539688 0.11808602984786438 -0.002274885010537481 -0.015349664077433489 -0.015405516596344152 -0.049379698187823326 0.037128715561885912 -0.044586038756546438 -0.044470619683884043 -0.027021519454861587 0.097890881217898351 0.10252295221210231 -0.049496669000160774
leaf_weight=506.31590926647186 101.74074612557888 147.66959777474403 749.4246846139431 541.8805443495512 104.40332092344761 150.10703401267529 205.91162195801735 660.55773171782494 373.72371408343315 106.86953182518482 72.383199959993362 48.774101346731186 310.83606065809727 183.76122821867466 44.057708501815796 66.904343485832214 492.69370099902153 179.4590157866478 31.316716805100441 247.54303656518459 164.78143465518951 1310.9083407670259 36.192135095596313 842.21434637904167 23.507343053817749 136.32833968102932 456.36781154572964 29.806101769208908 14.212149798870085 389.92828373610973
leaf_count=2096 508 841 5428 2918 795 776 1033 3276 1626 490 344 263 1323 822 184 305 2083 960 137 1275 779 7335 205 3605 114 752 2195 127 73 2375
internal_value=-0.000183316 0.0124249 -0.0307087 0.00872892 0.0104437 -0.00451959 0.0166501 0.0178376 0.0200915 0.0266015 0.0339112 0.0464133 0.0257642 0.0849913 0.0246774 0.0263975 0.0396229 0.0235954 -0.0262981 0.0378021 0.0149679 -0.0195319 0.0508221 0.0285413 0.0779942 -0.013611 -0.00974553 -0.0193635 -0.052449 -0.0232211
internal_weight=8730.58 6178.58 2552 5636.07 5488.4 1815.12 1259.03 3673.28 3568.88 1108.92 1002.05 793.341 516.748 276.593 92.8318 2908.32 1348.24 951.012 210.776 740.237 1560.07 1802.58 542.508 1007 397.231 208.712 553.078 486.174 556.093 1700.84
internal_count=45043 29397 15646 27096 26255 8978 5987 17277 16482 5211 4721 3625 2356 1269 447 13206 6195 4455 1097 3358 7011 10218 2301 4384 1740 1096 2627 2322 2991 9710
is_linear=0
shrinkage=0.05


Tree=14
num_leaves=31
num_cat=0
split_feature=3 17 18 4 18 1 0 17 17 0 19 0 19 17 6 19 17 18 20 20 18 4 2 20 6 0 18 4 20 17
split_gain=1231.77 317.198 299.151 260.789 267.549 264.661 283.365 190.315 221.82 196.623 174.401 171.319 157.832 154.157 148.412 140.723 133.234 209.472 136.093 148.62 135.037 188.335 182.498 158.707 141.88 131.974 127.016 138.8 124.724 143.455
threshold=0.76500000000000012 0.00014150000000000005 0.00022862703335874032 -0.089999999999999997 -0.00056966754614625359 86.395000000000024 175.50000000000003 0.00023450000000000004 0.00027150000000000004 273.50000000000006 -0.0005024999999999998 71.500000000000014 -0.00010749999999999998 0.00014650000000000001 0.0015937109480967722 6.7500000000000014e-05 0.00034050000000000004 -0.00014897930546999797 -0.00023031309441711223 -0.00015688732180875621 -5.1370466779464254e-06 0.15500000000000003 0.55194307353282257 -0.0001887987963748204 0.020642853435743399 216.50000000000003 -0.00041611624779768375 -0.47499999999999992 -0.00024819504996960879 0.00020450000000000001
decision_type=2 2 2 2 2 2 2 2 2 2 2 2 2 2 2 2 2 2 2 2 2 2 2 2 2 2 2 2 2 2
left_child=1 15 14 4 -3 6 10 13 25 -10 -5 12 -6 -8 -2 -1 17 -16 -19 20 23 -22 24 -20 -23 -9 -13 -28 29 -29
right_child=2 3 -4 5 11 -7 7 8 9 -11 -12 26 -14 -15 16 -17 -18 18 19 -21 21 22 -24 -25 -26 -27 27 28 -30 -31
leaf_value=0.055128086665316989 0.039338695269540515 -0.031382733857820415 -0.0569439234056816 -0.055126325247418853 0.044652266975988758 -0.025491716586663306 0.019975405644318905 0.14986442792831578 -0.029542277504354598 0.16779800938669487 0.023775374551861413 0.08198015312174807 -0.018300381570581368 -0.048276707240172821 0.069580204964172943 -0.048108419801870479 -0.048453698871071468 -0.040672736909725345 0.1220474361766144 -0.044598967378293997 -0.043179349418611901 0.069859138127181641 -0.028479453694974351 -0.033991796002697576 -0.042977812990515778 0.034387433987046724 -0.041859852098838968 0.057045905425706034 0.043845917875473067 -0.0017591019365659029
leaf_weight=505.93042665719986 103.49534459412098 222.23217624425888 720.78277646005154 73.49928306043148 140.34418454766273 819.59401725232601 103.26684963703156 35.094242855906487 197.48747380077839 13.484304949641226 1486.0280509442091 126.40868854522705 342.66096423566341 416.03897775709629 69.685347586870193 35.313612312078476 378.69249491393566 470.26914185285568 48.641898393630981 191.19259555637836 183.68869395554066 161.03575101494789 117.91534808278084 24.504996702075005 33.686240211129189 83.876909181475639 64.652489453554153 140.63451257348061 951.01093035936356 395.0187970250845
leaf_count=2096 508 1328 5428 446 599 4509 487 166 1047 69 6981 528 1675 2256 343 205 2375 2962 231 1051 970 829 637 127 185 399 319 592 3964 1731
internal_value=-0.000193974 0.0118377 -0.0297618 0.00831177 0.0208581 -0.000949031 0.0074017 -0.0158376 0.0138572 -0.0169292 0.0200568 0.026231 -8.57216e-06 -0.0347044 -0.0187721 0.0483924 -0.0223535 -0.0147541 -0.0195284 -0.0064562 0.0063497 -0.00299735 0.0206114 0.0697726 0.0503387 0.068451 0.0337852 0.0298581 0.032977 0.01368
internal_weight=8656.17 6152.58 2503.59 5611.33 2382.96 3228.37 2408.78 849.249 329.943 210.972 1559.53 2160.73 483.005 519.306 1782.81 541.244 1679.31 1300.62 1230.93 760.666 569.473 496.326 312.637 73.1469 194.722 118.971 1677.73 1551.32 1486.66 535.653
internal_count=45043 29397 15646 27096 10736 16360 11851 4424 1681 1116 7427 9408 2274 2743 10218 2301 9710 7335 6992 4030 2979 2621 1651 358 1014 565 7134 6606 6287 2323
is_linear=0
shrinkage=0.05


Tree=15
num_leaves=31
num_cat=0
split_feature=3 18 19 3 3 19 4 19 18 16 18 5 5 3 6 19 19 16 14 19 4 20 4 20 4 0 15 20 19 20
split_gain=1111.78 302.973 237.887 210.917 244.507 161.628 157.651 147.569 219.086 208.124 159.718 206.503 196.082 237.723 283.41 163.367 151.629 140.326 139.315 135.765 132.36 127.379 125.556 125.195 131.93 156.436 127.987 122.962 188.466 122.009
threshold=0.76500000000000012 0.00022862703335874032 -0.0005024999999999998 0.62500000000000011 0.075000000000000025 -0.00028849999999999997 0.080000000000000057 -0.00025649999999999995 9.1791705110310786e-05 -8.4999999999999982e-06 2.2381736998103259e-06 0.19000000000000003 0.51500000000000012 0.39500000000000007 -0.011392316236320603 0.00014050000000000003 -5.449999999999999e-05 -0.0021014999999999996 3.6500000000000006e-05 -0.00032449999999999997 0.10999999999999997 -0.00022976921052893947 -0.059999999999999963 -0.0001581656892976177 0.16500000000000001 82.500000000000014 -4.0499999999999995e-05 -0.00021012071213913561 -4.7499999999999996e-05 -0.00028306523016949592
decision_type=2 2 2 2 2 2 2 2 2 2 2 2 2 2 2 2 2 2 2 2 2 2 2 2 2 2 2 2 2 2
left_child=2 6 -1 4 -4 19 17 -6 9 -9 11 15 13 -13 -15 16 -11 -2 -12 20 22 -8 -5 24 -23 -26 -27 -18 -29 -7
right_child=1 -3 3 5 7 29 21 8 -10 10 18 12 -14 14 -16 -17 27 -19 -20 -21 -22 23 -24 -25 25 26 -28 28 -30 -31
leaf_value=-0.053101220776715655 0.18163148888107078 -0.056753580163986878 -0.058445682373589804 0.090114527478441286 0.065507956751729185 -0.037040199797969936 -0.045330303318874304 0.057813439653095856 -0.035263221628447597 -0.024201429410921779 0.045002315121630748 0.057400529690686465 -0.014487143781013937 -0.018704343944997742 0.064911873918647986 -0.065520900547753669 0.025852540032154054 0.0036719868092515602 -0.015541769507283887 0.090014077068831466 0.086764587138117535 -0.028262774939522881 -0.026454737430100975 -0.046327933432338701 -0.022397199731038788 0.0099958695617692762 0.091765564852689219 0.14068673854222441 -0.045861191145382264 -0.00084861426404519644
leaf_weight=140.91005009412766 11.372197285294531 691.08701474964619 99.124050207436085 27.553325966000557 178.32332445681095 280.4950053691864 528.47226792573929 358.01452130079269 177.51895792782307 368.78642503917217 703.28257031738758 547.1422875970602 248.26913967728615 309.81616947054863 150.59797668457031 98.403118506073952 563.65548790991306 427.25347356498241 109.85752609372139 77.469378963112831 47.500749051570892 258.62551994621754 142.91934385895729 214.46822682023048 131.41838535666466 101.90562474727631 90.222784370183945 15.14486640691757 127.70377200841904 1371.5825553685427
leaf_count=837 66 5414 802 118 756 1576 3466 1548 922 1704 3044 2313 1195 1367 641 559 2496 2308 513 387 251 1428 780 1256 741 539 436 67 624 6934
internal_value=-0.000249003 -0.028692 0.0111152 0.0126225 0.0191171 -0.000902048 -0.0176966 0.0210603 0.0189624 0.0216358 0.0176416 0.0112218 0.0253142 0.0351216 0.00864589 -0.00385676 0.00178631 0.00828592 0.0368226 0.0331596 0.0129532 -0.0262971 -0.00761376 -0.0136709 -0.00164023 0.0196404 0.0483946 0.0153516 -0.0260833 -0.00699334
internal_weight=8598.9 2454.83 6144.07 6003.16 4055.64 1947.52 1763.74 3956.52 3778.19 3600.67 3242.66 2429.52 1255.83 1007.56 460.414 1173.69 1075.29 438.626 813.14 295.443 217.973 1325.11 170.473 796.641 582.172 323.547 192.128 706.504 142.849 1652.08
internal_count=45088 15654 29434 28597 18551 10046 10240 17749 16993 16071 14523 10966 5516 4321 2008 5450 4891 2374 3557 1536 1149 7866 898 4400 3144 1716 975 3187 691 8510
is_linear=0
shrinkage=0.05


Tree=16
num_leaves=31
num_cat=0
split_feature=3 18 17 4 3 1 0 17 17 0 15 4 17 0 20 18 16 19 3 19 3 17 14 19 4 15 0 15 17 0
split_gain=1019.69 294.795 266.041 217.881 233.506 232.529 230.15 189.58 215.605 175.063 153.47 145.654 159.955 143.85 142.144 141.616 140.889 133.107 208.259 132.844 131.476 179.876 185.521 131.186 121.364 143.637 137.45 119.108 184.276 281.148
threshold=0.76500000000000012 0.00022862703335874032 0.00014150000000000005 -0.089999999999999997 0.075000000000000025 86.395000000000024 173.50000000000003 0.00023450000000000004 0.00027150000000000004 259.50000000000006 9.5000000000000022e-06 0.080000000000000057 0.00032550000000000005 76.500000000000014 -0.00022976921052893947 7.2338877624922955e-05 -0.0021389999999999998 -9.6499999999999987e-05 0.56500000000000006 -0.00011349999999999998 0.56500000000000006 0.00019550000000000001 -8.3499999999999983e-05 6.7500000000000014e-05 0.15500000000000003 -4.6499999999999992e-05 162.50000000000003 0.00013050000000000003 0.00025850000000000005 107.50000000000001
decision_type=2 2 2 2 2 2 2 2 2 2 2 2 2 2 2 2 2 2 2 2 2 2 2 2 2 2 2 2 2 2
left_child=2 11 23 4 -4 6 10 17 -9 -10 15 16 14 19 -13 20 -2 -8 -19 -6 -5 -22 -23 -1 -16 26 -26 -7 29 -29
right_child=1 -3 3 5 13 27 7 8 9 -11 -12 12 -14 -15 24 -17 -18 18 -20 -21 21 22 -24 -25 25 -27 -28 28 -30 -31
leaf_value=0.050665669068325515 0.18823355895975055 -0.056179573236652014 -0.057966254222803153 0.071229813410233364 0.041124642067533967 -0.032484927757454124 -0.054806718908188917 0.06647469263835934 -0.031962492806317626 0.105387157469537 -0.0038375006794344468 -0.039734526426547373 -0.058002083224548875 0.029379695647274717 -0.028666925910316578 -0.0067010887003659666 0.003394268407135052 -0.041650389141074995 0.055701474875824608 -0.013398944844834511 0.092603964001755953 0.065857475021274051 -0.0040818239660871929 -0.05016529803070037 -0.031727425490824107 0.046819746116306779 0.094895158876210972 0.14960493783577558 -0.046038208708530329 -0.066440402002518661
leaf_weight=502.53951945900917 10.56257016956806 663.92886385321617 95.049774169921875 229.56761640310287 150.40390899777412 685.09411545097828 296.73891523480415 128.0498715788126 191.19369004666805 26.403284758329391 516.16752250492573 388.57674270868301 292.3766074180603 1698.7338320761919 244.12744535505772 211.84581749141216 429.92439433932304 143.06069491803646 89.18177855014801 434.29781568050385 87.082900032401085 129.27146428823471 355.75898244976997 34.470789983868599 160.71299690008163 192.47008299827576 24.729818016290665 44.590134039521217 56.124506562948227 22.737318485975266
leaf_count=2095 56 5414 802 954 636 3869 1693 596 1036 125 2533 2597 1940 7231 1328 1130 2318 742 403 2088 371 597 1679 211 905 980 116 207 312 124
internal_value=-0.000253591 -0.0278263 0.0105778 0.00734929 0.0188207 -0.00114299 0.00665742 -0.0138009 0.0149969 -0.0152964 0.0183548 -0.0170292 -0.0254319 0.022017 -0.0160092 0.0296569 0.00782659 -0.0326179 -0.00426699 0.000626259 0.0392645 0.0264381 0.0145586 0.0441933 -0.00118843 0.0165624 -0.0148416 -0.0243386 0.0208693 0.0766437
internal_weight=8535.77 2407.41 6128.36 5591.35 2378.49 3212.87 2404.32 874.628 345.647 217.597 1529.69 1743.48 1302.99 2283.44 1010.62 1013.53 440.487 528.981 232.242 584.702 801.681 572.113 485.03 537.01 622.04 377.913 185.443 808.546 123.452 67.3275
internal_count=45088 15654 29434 27128 10757 16371 11859 4595 1757 1161 7264 10240 7866 9955 5926 4731 2374 2838 1145 2724 3601 2647 2276 2306 3329 2001 1021 4512 643 331
is_linear=0
shrinkage=0.05


Tree=17
num_leaves=31
num_cat=0
split_feature=19 3 3 1 17 14 5 19 18 16 17 17 6 17 17 11 17 4 18 4 0 18 18 19 19 6 0 17 19 4
split_gain=937.541 422.61 204.81 197.617 138.477 150.521 142.099 137.257 194.858 174.281 208.343 136.817 135.505 129.272 194.241 175.512 160.605 240.077 133.121 170.944 128.088 121.72 190.398 138.999 118.006 126.982 192.7 145.854 131.948 382.677
threshold=-0.00041249999999999994 0.64500000000000013 0.075000000000000025 131.98500000000004 0.00014250000000000002 6.9500000000000009e-05 0.12999999999999998 -0.00028149999999999996 9.1791705110310786e-05 -8.4999999999999982e-06 0.00064450000000000011 0.00014450000000000002 0.022411477172613072 0.00033750000000000007 0.00033150000000000003 9.1978648721274627 0.00055850000000000008 0.019999999999999993 -0.00012742041198005269 0.0099999999999999829 239.50000000000003 -2.1589073653375788e-06 -4.494826219522822e-05 7.9500000000000021e-05 -0.00039949999999999995 0.00080738080131151195 110.50000000000001 0.0001975 -0.00013149999999999997 0.15999999999999998
decision_type=2 2 2 2 2 2 2 2 2 2 2 2 2 2 2 2 2 2 2 2 2 2 2 2 2 2 2 2 2 2
left_child=-1 2 -2 12 -5 -6 -7 -4 9 10 20 21 13 14 15 18 -15 -18 19 -3 -9 22 23 -11 -20 26 -26 28 29 -27
right_child=1 3 7 4 5 6 -8 8 -10 11 -12 -13 -14 16 -16 -17 17 -19 24 -21 -22 -23 -24 -25 25 27 -28 -29 -30 -31
leaf_value=-0.040678733124345078 -0.057517637750104759 -0.031632681676037375 0.066552268363618869 0.040041983763689795 -0.054917095696868749 0.061826724446522645 -0.056337950296673378 0.074466834940439416 -0.028029885358139529 0.083016839433704179 -0.048948399902059334 0.011347996565469878 -0.047252158270185932 -0.032828523232071173 0.10512655090047381 -0.036288873545085025 0.10969376532647182 -0.054777745365575538 0.097871996943867903 0.13334776410245905 -0.040738798293996979 0.056318403266557231 -0.042256162017335591 -0.060453274476790476 -0.027368631704479132 -0.058504815143968804 0.059073516237852855 -0.015608727589573934 0.068241851384070323 0.079809230254062627
leaf_weight=1226.7435807660222 91.101442247629166 23.500168070197105 142.15596482157707 57.269991651177406 427.81550076603889 60.404052570462227 43.95677675306797 304.71452012658119 230.96039111912251 84.573011949658394 45.335248351097107 2879.9302906692028 151.42089825123549 431.84166080504656 50.285731300711632 219.21758752316236 52.567348077893257 38.391878835856915 35.782187514007092 47.309818282723427 26.201376304030418 350.90105417370796 98.481039017438889 21.092695847153664 91.154164522886276 115.93410992622375 220.25341160595417 693.23356264084578 114.4418865442276 87.941512078046799
leaf_count=8743 802 117 598 297 2714 320 251 1278 1250 352 234 13062 949 2480 230 1198 253 244 173 212 123 1469 442 148 446 660 1030 4011 582 420
internal_value=-0.000259192 0.00659122 0.0166485 -0.00792225 -0.0338335 -0.0417836 0.0120558 0.0182632 0.016565 0.0192675 0.0515736 0.0157288 -0.00148671 0.00163223 0.00832229 0.00536986 -0.0201098 0.040274 0.0117581 0.0785946 0.065345 0.0384591 0.00776124 0.0543777 0.00827496 0.00585162 0.0337705 -0.00274324 0.0252753 0.00115679
internal_weight=8464.91 7238.17 4275.45 2962.72 589.446 532.176 104.361 4184.35 4042.19 3811.23 376.251 3434.98 2373.28 2221.86 1699.05 1648.77 522.801 90.9592 1429.55 70.81 330.916 555.048 204.147 105.666 1358.74 1322.96 311.408 1011.55 318.318 203.876
internal_count=45088 36345 19758 16587 3582 3285 571 18956 18358 17108 1635 15473 13005 12056 9079 8849 2977 497 7651 329 1401 2411 942 500 7322 7149 1476 5673 1662 1080
is_linear=0
shrinkage=0.05


Tree=18
num_leaves=31
num_cat=0
split_feature=19 3 3 20 17 17 5 0 5 18 4 20 19 20 6 20 17 17 6 5 6 18 6 16 19 18 18 19 17 5
split_gain=866.403 383.217 189.65 136.039 139.33 138.715 187.648 177.561 181.943 155.405 149.453 148.688 185.764 134.889 130.994 137.394 141.778 191.363 152.406 130.546 129.579 133.147 163.299 133.125 127.565 207.561 121.595 186.512 173.998 177.025
threshold=-0.00041249999999999994 0.64500000000000013 0.075000000000000025 -0.00011739953942622068 0.00014450000000000002 0.00024150000000000004 0.19500000000000003 99.500000000000014 0.17000000000000001 -0.00016714975906195742 -0.22999999999999993 -0.00028710350174619524 -8.4999999999999982e-06 -0.00019079851585245621 0.030726137132956587 -0.00023490259278509821 0.00014250000000000002 0.00017250000000000005 0.014111639718916234 0.5950000000000002 -0.045340224111544439 3.1222520943969305e-05 -0.0099733608897403705 0.0005685000000000001 -5.449999999999999e-05 -0.00013521511351733821 6.3291229637411408e-06 -3.8499999999999994e-05 0.00034050000000000004 0.13999999999999996
decision_type=2 2 2 2 2 2 2 2 2 2 2 2 2 2 2 2 2 2 2 2 2 2 2 2 2 2 2 2 2 2
left_child=-1 2 -2 4 13 6 24 8 -7 -8 19 12 -9 -4 15 -3 18 -18 -17 -10 23 -22 -23 -13 -6 -26 27 28 29 -19
right_child=1 14 3 -5 5 7 9 11 10 -11 -12 20 -14 -15 -16 16 17 26 -20 -21 21 22 -24 -25 25 -27 -28 -29 -30 -31
leaf_value=-0.039683335313931437 -0.057097470876766698 -0.018702404503065265 0.046209397244216438 0.057039758058438153 -0.032248688023750076 0.031295825631599342 -0.053779736722587596 -0.028109825689078535 0.017866153650845731 0.037207004814748951 -0.051401366087810166 -0.067035476449242765 0.067350786887531683 -0.032320628315079716 -0.05704386790333487 -0.077606818851921069 -0.063367246287442544 0.063139854171518101 0.10032654766157201 -0.059135958482681883 0.059973860640934289 0.094479245620177926 -0.043234630468466477 0.10014387193568741 -0.063856411573754698 0.017833341247988289 -0.0063685799993382615 -0.044372009127344972 -0.020410146994357226 -0.042193389378313739
leaf_weight=1195.4421520084143 87.279901474714279 1144.1430753916502 519.77099946141243 205.50777249038219 447.09269246459007 373.06456109881401 53.215722158551216 170.65303629636765 307.74323277175426 397.31156939268112 179.39400903880596 46.254890576004982 72.66217403113842 61.111077859997749 128.19467484205961 14.687216341495512 109.21592091023922 339.47537533938885 66.631269261240959 67.031527146697044 614.50239735841751 30.831461474299431 71.323918506503105 16.036207392811775 93.923161938786507 451.81982903182507 893.17340194433928 87.342293456196785 110.54992808401585 45.19905261695385
leaf_count=8743 802 7057 2259 865 2366 1600 248 791 1388 1722 820 242 306 280 870 67 633 1523 272 324 2544 125 351 72 546 2107 4875 453 606 231
internal_value=-0.000261924 0.00627868 0.0158485 0.0173719 0.0153205 0.0114465 -0.000303074 0.0201456 0.00430149 0.0264598 -0.013871 0.0345169 0.000397951 0.0379477 -0.00761564 -0.00536102 0.00379981 0.000496211 0.0681894 0.0040937 0.0451744 0.0511867 -0.00167128 -0.0239969 -0.0124475 0.00377442 0.00522259 0.0229938 0.0348751 0.0507633
internal_weight=8400.58 7205.14 4266.53 4179.25 3973.74 3392.86 1443.36 1949.5 927.233 450.527 554.169 1022.26 243.315 580.882 2938.61 2810.42 1666.27 1584.96 81.3185 374.775 778.949 716.658 102.155 62.2911 992.836 545.743 1475.74 582.567 495.224 384.674
internal_count=45088 36345 19758 18956 18091 15552 6989 8563 4132 1970 2532 4431 1097 2539 16587 15717 8660 8321 339 1712 3334 3020 476 314 5019 2653 7688 2813 2360 1754
is_linear=0
shrinkage=0.05


Tree=19
num_leaves=31
num_cat=0
split_feature=3 19 3 18 3 1 20 19 11 19 18 16 18 5 5 3 6 19 19 14 3 16 0 20 20 19 18 11 6 19
split_gain=803.938 310.541 210.328 180.148 179.589 171.134 145.593 137.525 125.785 120.971 167.369 166.198 128.994 166.818 159.604 203.072 242.212 137.162 125.814 120.206 112.979 105.728 117.955 104.601 159.592 102.835 102.903 101.796 101.416 128.491
threshold=0.83500000000000008 -0.0005024999999999998 0.62500000000000011 0.0001656202240745836 0.075000000000000025 112.94500000000001 -0.00023490259278509821 -4.0499999999999995e-05 9.3483420669180841 -0.00025649999999999995 9.1791705110310786e-05 -8.4999999999999982e-06 1.5842739431244626e-06 0.19000000000000003 0.51500000000000012 0.39500000000000007 -0.011392316236320603 0.00014050000000000003 -5.449999999999999e-05 3.6500000000000006e-05 0.47500000000000003 -0.0013499999999999999 240.50000000000003 -0.00017282915237401279 -0.00012724123927490165 -0.00028849999999999997 -3.9469469673536097e-05 9.1537424718864333 0.0031806906238638446 -0.00025649999999999995
decision_type=2 2 2 2 2 2 2 2 2 2 2 2 2 2 2 2 2 2 2 2 2 2 2 2 2 2 2 2 2 2
left_child=1 -1 4 5 -3 28 8 27 -4 -6 11 21 13 17 15 -15 -17 18 -13 23 -20 -11 -23 -14 -25 -10 -27 -8 -2 -30
right_child=3 2 6 -5 9 -7 7 -9 25 10 -12 12 19 14 -16 16 -18 -19 20 -21 -22 22 -24 24 -26 26 -28 -29 29 -31
leaf_value=-0.050378111894589198 0.12965683753393373 -0.056703604381845435 -0.019212974236706228 -0.053212385531799383 0.057857836499621333 -0.051419187138019254 0.01676540729341644 -0.038342918771972975 0.21123575806479811 -0.00371159439105156 -0.032929352378293468 -0.024434968761542872 0.045071818677257763 0.050487424030636663 -0.015021797437045056 -0.020042874712848855 0.057037197161171539 -0.064032251907777921 -0.0092219502194988267 -0.017591907582281473 0.031179975308042136 0.07252559085724633 -0.0632843477645742 -0.064363222407002069 0.10361922186481996 0.13543950319971618 -0.052435862106576518 -0.02437730384083012 -0.02416507756809945 0.034340972912893494
leaf_weight=231.58225733786821 15.111137434840201 83.585274130105972 1082.2969697341323 700.66931413859129 176.14443475008011 227.7128654718399 1307.3996790200472 149.15154109895229 9.864791199564932 71.863852292299271 170.56605178117752 357.84182766079903 644.50852030515671 544.02108797430992 247.56143592298031 308.96165065467358 152.0877765417099 91.951148271560669 328.44315162301064 109.27514857053757 365.69545702636242 263.07296124100685 17.02245369553566 52.012608021497726 19.417601406574249 12.419885203242304 17.64009028673172 169.87898705899715 251.03028020262718 149.87328532338142
leaf_count=1578 86 802 6452 5894 756 1550 6553 762 55 347 922 1675 2791 2306 1195 1367 639 559 1538 516 1600 1121 80 254 83 54 98 878 1657 920
internal_value=-0.000261852 0.00655363 0.0085061 -0.0356689 0.0158174 -0.0165737 -0.00214439 0.00741439 -0.0159979 0.0173635 0.0154585 0.017768 0.0142041 0.00833334 0.0209396 0.0297973 0.00538376 -0.00547079 -0.000352064 0.0312539 0.0120631 0.0503909 0.0642719 0.0387093 -0.0186988 0.071158 0.0251886 0.0120342 0.00249965 -0.00229325
internal_weight=8328.66 6984.27 6752.68 1344.4 4004.03 643.728 2748.65 1626.43 1122.22 3920.45 3744.3 3573.74 3221.78 2396.56 1252.63 1005.07 461.049 1143.93 1051.98 825.214 694.139 351.959 280.095 715.939 71.4302 39.9248 30.06 1477.28 416.015 400.904
internal_count=45088 34981 33403 10107 18551 4213 14852 8193 6659 17749 16993 16071 14523 10879 5507 4312 2006 5372 4813 3644 3138 1548 1201 3128 337 207 152 7431 2663 2577
is_linear=0
shrinkage=0.05


Tree=20
num_leaves=31
num_cat=0
split_feature=3 17 4 18 1 17 6 18 19 17 17 18 15 19 19 4 1 0 20 20 18 16 17 4 17 5 16 17 4 17
split_gain=743.938 267.554 236.366 201.337 178.064 178.513 173.74 165.802 147.48 263.23 303.387 235.075 212.193 174.974 161.848 146.131 145.358 135.472 128.332 160.639 122.394 156.352 132.49 181.725 127.58 125.389 121.895 188.505 166.205 162.62
threshold=0.82500000000000007 0.00014150000000000005 -0.014999999999999956 0.0001656202240745836 112.94500000000001 0.00032550000000000005 0.0031806906238638446 -0.00056966754614625359 -0.00013149999999999997 0.00022350000000000004 0.00024550000000000006 6.2815136741468992e-05 -1.8499999999999999e-05 -0.00034049999999999993 -0.00014949999999999997 0.21000000000000002 129.63000000000002 104.50000000000001 -0.00017282915237401279 -0.00022925827476085264 9.4888852655505422e-05 -1.0000000180025095e-35 0.00025450000000000006 0.030000000000000002 0.00028050000000000004 0.085000000000000034 -0.00049949999999999984 0.00064450000000000011 -0.23499999999999993 0.00027650000000000005
decision_type=2 2 2 2 2 2 2 2 2 2 2 2 2 2 2 2 2 2 2 2 2 2 2 2 2 2 2 2 2 2
left_child=1 -1 7 4 5 -2 -7 -3 9 15 11 17 16 -12 -13 -4 18 -11 19 -10 21 24 -23 -24 -15 -25 27 -9 29 -28
right_child=3 2 8 -5 -6 6 -8 26 12 10 13 14 -14 20 -16 -17 -18 -19 -20 -21 -22 22 23 25 -26 -27 28 -29 -30 -31
leaf_value=0.04043367444946791 0.024286171739749757 -0.030644086220569702 -0.056353542386719815 -0.052098574980107865 -0.049791070755956235 0.1633570926811988 -0.053801125674437872 0.080547012717579178 0.0128924835578674 0.11291096981780598 -0.04325721625025352 0.12091359693109056 -0.013418308381717342 0.12187660288333052 -0.072377129724697772 0.037548255016047194 -0.050782480123747024 -0.044349285184001802 -0.032843400772740998 0.071152985793305437 -0.041713006633462307 -0.057329561197761281 0.0019234828609346511 0.10384775215109621 -0.052021038795504904 -0.0058110907827888881 0.011462631544331747 -0.021196314720140646 0.0042743734481783631 0.052061165640859525
leaf_weight=536.34518468379974 323.15590021014214 208.31884626299143 442.50150977820158 707.35054246336222 239.65884299576283 9.8160414248704893 149.33204807341099 157.63814455270767 219.25198900699615 17.360875725746155 352.6370949819684 100.44812114536762 664.66838945448399 11.673203155398367 12.138643413782118 45.711788393557072 53.552683025598526 64.84945484995842 60.735958501696587 257.00356163084507 128.81473016738892 37.644442349672318 144.23570105433464 120.27229250967503 109.33690336346626 33.281794905662537 561.28464195132256 64.011380337178707 1964.6341927200556 440.02537579834461
leaf_count=2356 1908 1373 2732 6138 1663 55 1079 695 1115 72 2311 502 3495 52 57 228 318 374 300 1175 801 211 739 581 580 175 2484 347 9129 1920
internal_value=-0.000345952 0.00653863 0.00364014 -0.0331399 -0.014565 0.00293903 -0.0404071 0.0125729 -0.00690698 -0.0168705 -0.00364211 0.0531383 0.00595934 -0.0154352 0.100074 -0.0475614 0.0277692 -0.0111396 0.035603 0.0443318 0.00132851 0.0134754 0.031052 0.0422245 -0.0352461 0.08008 0.0153972 0.051164 0.0127243 0.0293036
internal_weight=8237.69 6808.38 6272.03 1429.31 721.963 482.304 159.148 3395.91 2876.12 1620.91 1132.69 194.797 1255.21 937.896 112.587 488.213 590.544 82.2103 536.992 476.256 585.259 456.444 335.434 297.79 121.01 153.554 3187.59 221.65 2965.94 1001.31
internal_count=44965 34122 31766 10843 4705 3042 1134 15948 15818 9415 6455 1005 6403 5450 559 2960 2908 446 2590 2290 3139 2338 1706 1495 632 756 14575 1042 13533 4404
is_linear=0
shrinkage=0.05


Tree=21
num_leaves=31
num_cat=0
split_feature=19 3 1 3 18 18 20 1 19 18 17 17 6 20 17 11 17 17 19 18 17 17 17 15 17 15 18 5 19 5
split_gain=691.441 302.549 193.323 163.848 124.133 291.631 228.801 129.497 113.562 173.253 114.789 113.003 147.509 121.074 136.591 178.002 142.552 181.841 136.896 159.317 109.765 131.245 157.667 129.566 138.321 106.971 105.126 124.037 161.925 109.595
threshold=-0.00041249999999999994 0.62500000000000011 129.63000000000002 0.085000000000000006 0.00015540606457268476 7.2338877624922955e-05 -0.00021548054792834741 89.395000000000024 -0.00028149999999999996 9.1791705110310786e-05 0.00013550000000000001 0.00013550000000000001 0.020141478552353802 -0.00023490259278509821 0.00033850000000000004 9.1537424718864333 0.00042050000000000003 0.00044250000000000002 -4.4499999999999991e-05 6.3291229637411408e-06 0.00014250000000000002 0.00033150000000000003 0.00033750000000000007 0.00014250000000000002 0.00028450000000000008 0.00015250000000000005 1.5842739431244626e-06 0.20000000000000001 0.00014050000000000003 0.50500000000000012
decision_type=2 2 2 2 2 2 2 2 2 2 2 2 2 2 2 2 2 2 2 2 2 2 2 2 2 2 2 2 2 2
left_child=4 3 11 -2 5 -1 -7 -8 -5 26 -11 -3 13 -13 15 18 -16 -18 19 25 -4 23 -23 -22 -25 -15 27 28 -10 -29
right_child=1 2 20 8 -6 6 7 -9 9 10 -12 12 -14 14 16 -17 17 -19 -20 -21 21 22 -24 24 -26 -27 -28 29 -30 -31
leaf_value=-0.045116882440706552 -0.049583452041777137 0.10425614185308643 0.032041362273350686 0.062612523886456023 -0.051673129787536166 -0.043137032083452605 0.10654222893139145 -0.053901595660242843 0.005886133450335492 0.10539050063959209 -0.044296993441871019 -0.011658726233820575 -0.045211642433107012 0.074828427087419741 -0.055903772397422682 -0.029019107175034704 0.16118877740263199 -0.0099420413655420987 -0.026002327728328084 0.018436777768686928 -0.054176052375114095 0.13525403148228746 -0.04998101591772966 0.1131417982538544 -0.063182350991181399 -0.021448436909273016 0.032114235633290598 0.029585611114083143 -0.062936911550483018 -0.00558302700783241
leaf_weight=321.65991216897964 96.969203151762486 25.667762219905853 60.971666365861893 127.56105867028236 629.33916138112545 55.787708841264248 86.009185716509819 14.730229280889032 1190.6804653555155 13.862130507826803 168.36732424795628 940.20672553032637 176.82096461206675 256.21974270045757 137.53382282704115 165.75557968020439 19.099787786602974 82.89067243039608 108.04744851589203 572.75551734119654 453.81263031810522 22.857419043779373 23.094658941030502 25.01286892592907 20.028829455375671 32.512109965085983 875.41791878640652 1105.0487165302038 92.073705181479454 277.06517271697521
leaf_count=2115 903 107 319 542 5648 409 466 102 5415 56 945 5622 1193 1110 817 894 95 444 532 2940 3098 101 147 113 127 152 3882 4792 575 1304
internal_value=-0.000347619 0.00540658 -0.0062207 0.0146072 -0.0370818 -0.0178783 0.0380963 0.083082 0.0162239 0.0146343 -0.0329103 -0.000118633 -0.00119377 0.00216831 0.0116243 0.0188634 -0.022687 0.0221057 0.0270495 0.0337033 -0.0315798 -0.0387 0.0421583 -0.0461482 0.0347352 0.0639874 0.0170816 0.0121433 0.000946143 0.0225355
internal_weight=8177.86 7070.33 3123.29 3947.05 1107.53 478.187 156.527 100.739 3850.08 3722.52 182.229 2517.51 2491.84 2315.02 1374.81 1135.29 239.524 101.99 969.535 861.487 605.778 544.806 45.9521 498.854 45.0417 288.732 3540.29 2664.87 1282.75 1382.11
internal_count=44965 36225 17811 18414 8740 3092 977 568 17511 16969 1001 13906 13799 12606 6984 5628 1356 539 4734 4202 3905 3586 248 3338 240 1262 15968 12086 5990 6096
is_linear=0
shrinkage=0.05


Tree=22
num_leaves=31
num_cat=0
split_feature=19 3 1 3 18 18 20 17 19 18 16 17 17 20 19 19 18 17 19 14 4 17 14 17 17 17 0 17 19 18
split_gain=640.949 274.12 179.906 151.075 120.885 267.582 199.783 115.928 104.072 157.568 146.159 169.789 109.031 205.102 225.246 154.282 242.26 106.138 105.164 114.594 164.639 102.001 125.135 101.153 122.074 124.727 346.937 167.524 148.515 170.145
threshold=-0.00041249999999999994 0.62500000000000011 129.63000000000002 0.085000000000000006 0.00015540606457268476 7.2338877624922955e-05 -0.00021548054792834741 0.00030750000000000005 -0.00028149999999999996 9.1791705110310786e-05 -8.4999999999999982e-06 0.00064450000000000011 0.00016350000000000004 -0.00018812203513026237 0.00015750000000000001 -7.0499999999999992e-05 6.6156669746659805e-05 0.00014650000000000001 -0.00023149999999999996 0.00020250000000000002 -0.53499999999999981 0.00014250000000000002 6.9500000000000009e-05 0.00013550000000000001 0.00017250000000000005 0.00019450000000000004 133.50000000000003 0.0002265 -0.00024349999999999998 2.5994758053949144e-05
decision_type=2 2 2 2 2 2 2 2 2 2 2 2 2 2 2 2 2 2 2 2 2 2 2 2 2 2 2 2 2 2
left_child=4 3 23 -2 5 -1 -7 -8 -5 10 11 -10 13 14 15 16 -12 -11 -14 -20 -21 -4 -23 -3 -25 26 -26 -27 -28 -30
right_child=1 2 21 8 -6 6 7 -9 9 17 12 -13 18 -15 -16 -17 -18 -19 19 20 -22 22 -24 24 25 27 28 -29 29 -31
leaf_value=-0.044078271737879385 -0.048885335528994378 0.098219929405594639 0.030218413173653348 0.060052529589160457 -0.051034112332098917 -0.042214247339857666 0.11826257219713657 0.010177787395635539 0.06039212308194758 0.057209790931324347 -0.068050705691885011 -0.047221271555815653 0.072252713487978126 -0.050202679199463231 -0.066106877280763587 0.054214750045659281 0.096038076916560716 -0.048513600854318009 0.0017325404345048265 -0.03923737396538237 0.05528853102360394 -0.050093122507759075 0.010392651678182452 -0.043783166916437605 0.094029248696271869 -0.03195353936278731 0.1017459227504543 0.0042370934969227616 0.048227229906015273 -0.056311245811918542
leaf_weight=312.99900431185961 93.523971922695637 25.876832127571106 61.405752569437027 126.37886834144592 605.9526048079133 54.197544485330582 63.635724306106567 40.659380704164505 300.69365958869457 28.176621466875076 66.816623881459236 41.741767302155495 61.176064372062683 74.556752488017082 49.529768988490105 581.66844934225082 33.909494370222092 150.74395355582237 2048.30965295434 58.04974901676178 223.12249365448952 422.63065578043461 107.19801767170429 157.26721108704805 129.76749716699123 400.81428898125887 26.217440240085125 1581.2425353452563 55.309738546609879 131.37666759639978
leaf_count=2115 903 107 319 542 5648 409 313 255 1306 114 310 222 251 374 295 2583 151 887 9238 291 947 2984 602 970 617 2453 126 8633 255 745
internal_value=-0.000347938 0.00515034 -0.00597395 0.013904 -0.0362609 -0.0172746 0.0356587 0.0761258 0.0154313 0.0139148 0.0162289 0.0472744 0.0129037 0.028801 0.0368487 0.0443214 -0.0128101 -0.0318642 0.00754073 0.00584129 0.0357731 -0.0307851 -0.0378553 -0.000124683 -0.00115001 0.00173412 0.0295879 -0.00308143 -0.00968996 -0.0253395
internal_weight=8114.95 7037.5 3099.11 3938.4 1077.44 471.492 158.493 104.295 3844.87 3718.5 3539.57 342.435 3197.14 806.481 731.924 682.395 100.726 178.921 2390.66 2329.48 281.172 591.234 529.829 2507.87 2482 2324.73 342.671 1982.06 212.904 186.686
internal_count=44965 36225 17811 18414 8740 3092 977 568 17511 16969 15968 1528 14440 3713 3339 3044 461 1001 10727 10476 1238 3905 3586 13906 13799 12829 1743 11086 1126 1000
is_linear=0
shrinkage=0.05


Tree=23
num_leaves=31
num_cat=0
split_feature=3 19 17 4 19 1 14 6 17 17 6 0 6 5 6 19 5 4 1 14 16 4 19 17 14 17 6 17 17 6
split_gain=598.476 262.607 187.242 162.899 181.831 136.387 162.887 130.093 134.832 174.717 142.811 124.813 116.228 110.066 104.412 101.764 99.9386 150.873 109.459 153.475 98.5739 97.5265 96.8323 139.397 110.973 100.051 99.8409 90.5695 379.755 113.424
threshold=0.84500000000000008 -0.0005024999999999998 0.00014150000000000005 -0.014999999999999956 -0.00025949999999999991 125.49500000000002 6.9500000000000009e-05 0.011234870003008287 0.00029150000000000004 0.00025350000000000009 0.0031806906238638446 71.500000000000014 0.0071807755863491926 0.055 0.011132333031653641 6.7500000000000014e-05 0.50500000000000012 -0.23499999999999993 138.52500000000003 0.00011550000000000002 -0.00033849999999999993 0.14999999999999997 -0.00011849999999999999 0.00021150000000000002 4.500000000000001e-06 0.00025550000000000003 -0.023807386515108681 0.00023850000000000002 0.0002065 -0.034962533062563979
decision_type=2 2 2 2 2 2 2 2 2 2 2 2 2 2 2 2 2 2 2 2 2 2 2 2 2 2 2 2 2 2
left_child=1 -1 15 4 -4 20 -7 8 9 -2 -10 -6 -11 21 -12 -3 17 27 -18 -20 -5 -14 23 -19 -24 -25 -26 28 -13 -29
right_child=7 2 3 5 11 6 -8 -9 10 12 14 16 13 -15 -16 -17 18 22 19 -21 -22 -23 24 25 26 -27 -28 29 -30 -31
leaf_value=-0.047232060947445614 -0.041442923935570058 0.041006123610685091 0.054037999162532303 -0.040552659768251183 -0.011377205298863668 -0.045486683536342311 0.027159885277764195 -0.048642498055839867 0.14240946204728472 0.21411395127777882 -0.04204027928846029 0.070287163961538793 -0.025479238302284369 -0.054697005815656778 0.11200501578778098 -0.049488951782054112 -0.043680082569769851 -0.065123158170378198 -0.033944161164168096 0.087267618224452059 0.0028863459499642186 0.15683198034145873 0.034579754511003639 0.064254552802122583 -0.065933292022411147 -0.0081291057438356972 0.0084666330595444868 -0.012345927256543796 -0.07711776355101814 0.058058447256209136
leaf_weight=232.08283910900354 45.087049603462219 497.85586951673031 238.54378670454025 138.49377357959747 617.24411313980818 351.60292966663837 98.855164222419262 662.83254273235798 11.599746711552141 14.01590460538864 295.77657769620419 101.27473150193691 10.489855006337164 16.506690114736557 11.42486736923456 33.133338034152985 148.02258165180683 93.773322433233261 55.49301290512085 49.329069823026657 2291.2518311142921 24.395444519817829 482.48747633397579 56.762554347515106 49.059856817126274 300.32398653030396 557.59593372046947 66.302296310663223 76.84958316385746 417.00706067681313
leaf_count=1795 313 2170 1053 842 3062 2337 534 5860 80 87 2531 433 65 104 81 204 875 507 391 209 12265 121 2198 250 213 1431 2537 282 335 1800
internal_value=-0.000345161 0.00505937 0.00686497 0.00442078 0.0119868 -0.00427446 -0.029544 -0.0347546 -0.0133117 0.0342849 -0.0298085 0.00872099 0.0864857 0.0516782 -0.0363113 0.0353593 0.0137756 0.017195 -0.0159959 0.0230979 0.000410353 0.102012 0.00861664 -0.0108702 0.0166834 0.00337702 0.00244996 0.0371678 0.00669109 0.0484001
internal_weight=8045.47 6953.35 6721.26 6190.27 3310.07 2880.2 450.458 1092.13 429.296 110.495 318.801 3071.53 65.4079 51.392 307.201 530.989 2454.28 2201.44 252.845 104.822 2429.75 34.8853 1540 450.86 1089.14 357.087 606.656 661.434 178.124 483.309
internal_count=44965 35723 33928 31554 15576 15978 2871 9242 3382 690 2692 14523 377 290 2612 2374 11461 9986 1475 600 13107 186 7136 2188 4948 1681 2750 2850 768 2082
is_linear=0
shrinkage=0.05


Tree=24
num_leaves=31
num_cat=0
split_feature=3 19 17 17 19 18 4 20 17 4 17 17 5 18 18 18 18 6 1 18 19 20 0 17 16 17 1 17 17 16
split_gain=554.777 243.527 170.735 149.436 512.225 203.759 184.904 153.696 168.459 150.153 154.763 205.132 164.92 136.629 134.433 128.507 125.504 123.635 121.473 120.637 138.238 115.925 201.542 160.479 127.824 179.457 116.481 132.24 116.363 138.866
threshold=0.84500000000000008 -0.0005024999999999998 0.00014150000000000005 0.00022350000000000004 -0.00011549999999999999 -0.00015976685027103369 0.22000000000000003 -0.00014451062056078219 0.00024150000000000004 0.15500000000000003 0.0001975 0.00018650000000000001 0.080000000000000057 0.00014010462588272802 3.8322642108413339e-05 0.00011353871002124651 0.00015747270702540895 0.023591286311061093 113.51500000000001 -0.00058968704572566358 0.00018950000000000003 -0.00028593788436302384 156.50000000000003 0.00025850000000000005 -0.00030549999999999994 0.00064450000000000011 89.925000000000026 0.00023550000000000001 0.00034350000000000006 0.00014050000000000003
decision_type=2 2 2 2 2 2 2 2 2 2 2 2 2 2 2 2 2 2 2 2 2 2 2 2 2 2 2 2 2 2
left_child=1 -1 -3 4 6 -6 -4 19 -9 10 11 12 15 -12 -13 -7 18 -8 -2 -5 21 22 24 26 25 -21 27 -24 -25 -30
right_child=16 2 3 7 5 9 17 8 -10 -11 13 14 -14 -15 -16 -17 -18 -19 -20 20 -22 -23 23 28 -26 -27 -28 -29 29 -31
leaf_value=-0.046362401201321526 0.0027664885294315621 0.033869956145334952 -0.051664747856232679 -0.038537369448324962 -0.048355000048128031 -0.010766521787173536 0.090800523252893117 0.10342566056666472 0.023280938959031158 -0.03193271861273788 -0.020977310981075734 0.090857130381679488 0.043124612050140121 0.1368967344150564 -0.026228655689944237 0.1503711588038541 -0.049938416066862432 -0.063320881043462771 -0.049215815205390555 0.097611773886908088 0.052982485665575618 0.01071820511684278 -0.041836503548233296 -0.059221389788391809 -0.047723620178939316 -0.063525207545227488 -0.074065317930624583 0.10089874383638314 0.091156751489015878 -0.069837647387369237
leaf_weight=224.80031556636095 319.93149534612894 526.69197849929333 596.03054182976484 143.84056510776281 136.1036739051342 348.59200569987297 40.14495012909174 78.894498102366924 388.1298993229866 146.10295470058918 246.33685752749443 180.7194165289402 349.48450980335474 14.511768713593481 28.362928852438927 12.828266575932501 570.24130153656006 19.252742812037468 173.24137277156115 39.180500894784927 164.10476960241795 2606.2805082350969 19.474948704242706 73.819862745702267 333.79673492908478 30.910047449171543 14.305635482072828 97.302689135074615 38.388532027602196 20.571813747286797
leaf_count=1795 2145 2374 3773 1112 784 1819 184 353 1827 876 1144 761 1594 68 151 58 5715 118 1382 177 753 12610 144 414 1841 188 68 439 188 110
internal_value=-0.000341567 0.00482609 0.00654508 0.00421158 -0.00654827 0.00990768 -0.0432811 0.00984123 0.0368198 0.0158837 0.0217999 0.0314385 0.0186344 -0.0121943 0.0749739 -0.00504709 -0.0339643 0.0408447 -0.0154938 0.00632371 0.00820056 0.00595594 -0.0126315 0.0213534 -0.0348342 0.0265501 0.0605982 0.0770949 -0.0173899 0.0349843
internal_weight=7982.38 6918.96 6694.16 6167.47 2118.47 1463.04 655.428 4049 467.024 1326.94 1180.84 919.987 710.905 260.849 209.082 361.42 1063.41 59.3977 493.173 3581.98 3438.14 3274.03 667.751 263.863 403.887 70.0905 131.083 116.778 132.78 58.9603
internal_count=44965 35723 33928 31554 11330 7255 4075 20224 2180 6471 5595 4383 3471 1212 912 1877 9242 302 3527 18044 16932 16179 3569 1363 2206 365 651 583 712 298
is_linear=0
shrinkage=0.05


Tree=25
num_leaves=31
num_cat=0
split_feature=19 18 4 19 11 20 19 19 0 15 20 5 2 4 18 20 18 18 20 0 11 16 5 16 18 18 18 15 15 0
split_gain=514.12 213.519 147.696 154.513 145.089 124.106 260.826 236.341 172.572 152.12 140.006 161.621 139.624 127.574 165.064 133.364 117.219 250.848 167.78 116.556 110.628 110.388 109.972 109.559 106.095 129.894 101.938 95.4304 98.2514 99.504
threshold=-0.00041249999999999994 5.7465957210911486e-05 -0.18499999999999994 -0.00039949999999999995 9.5180519970378636 -0.00024888625845880815 -3.1499999999999993e-05 -5.8499999999999992e-05 63.500000000000007 -8.4999999999999982e-06 -0.00021012071213913561 0.18500000000000003 0.31206743803796394 -0.099999999999999992 -4.1979623913117784e-06 -0.00025746052511174596 0.00015540606457268476 7.2338877624922955e-05 -0.00021548054792834741 82.500000000000014 9.210145346230588 -0.00088349999999999985 0.50500000000000012 7.8000000000000012e-05 -0.00012206771390142442 3.4328236746484471e-05 -0.00037141094770468591 -0.00011249999999999998 0.00013350000000000002 154.50000000000003
decision_type=2 2 2 2 2 2 2 2 2 2 2 2 2 2 2 2 2 2 2 2 2 2 2 2 2 2 2 2 2 2
left_child=16 4 -3 -4 5 7 20 27 -8 -9 24 -12 13 15 -15 -11 17 -1 -19 21 26 -5 -13 -20 -10 -26 -7 -2 -29 -30
right_child=1 2 3 19 -6 6 8 9 10 12 11 22 -14 14 -16 -17 -18 18 23 -21 -22 -23 -24 -25 25 -27 -28 28 29 -31
leaf_value=-0.042719203823638502 0.0072862539880905741 0.057678432175399301 0.073675984158365279 0.079737632915240872 0.094934534678015617 -0.071965769791902362 -0.04271430990255843 0.046187659891039373 -0.0041364229159601825 0.072174218749975622 -0.051710580842187263 0.032453204820206416 -0.016624114806230762 -0.05188686592111872 0.043522457191170587 -0.028888099545918974 -0.04953785207388068 -0.038970302476277467 0.088866140009125016 -0.0093161942023956227 -0.015421434229326928 -0.047436599601049623 -0.023840184866244795 -0.062243860571549195 0.049583783410617373 -0.073375771931183123 0.030805599645329203 -0.041183692566648361 0.036821991074547741 -0.072518047735309968
leaf_weight=293.6524403616786 211.51213972270489 74.602020800113678 48.405507437884808 17.921615615487099 49.138479828834534 24.457926869392395 224.58950728923082 272.04941772669554 214.59260684996843 163.24502339959145 177.71452663838863 190.69745326042175 428.90597116202116 93.556387856602669 87.947710685431957 40.803135082125664 545.51989404857159 52.183533541858196 95.870680868625641 1178.1865418106318 148.80199454724789 356.31751783192158 159.17343112081289 13.710516564548014 307.79629140347242 23.089728236198425 1791.8775599747896 500.30972420424223 85.970371603965759 27.451833158731461
leaf_count=2105 1138 332 256 91 215 133 1134 1235 1125 691 1006 815 2285 507 380 193 5641 418 495 7249 740 2433 852 89 1368 102 8354 2935 447 132
internal_value=-0.000416726 0.00444168 -0.0110899 -0.0142947 0.00942326 0.00861123 0.0145385 -0.00150478 -0.00285828 0.0138166 0.00548348 -0.0128808 0.00300387 0.0248389 -0.00565633 0.051965 -0.0339041 -0.0151772 0.03482 -0.0170376 0.0260262 -0.0413465 0.00684258 0.0699596 0.0232453 0.0410035 0.0294217 -0.0216768 -0.0316584 0.0103582
internal_weight=7900.05 6899.11 1675.43 1600.83 5223.68 5174.54 3262.79 1911.75 1297.65 1086.51 1073.06 527.585 814.458 385.552 181.504 204.048 1000.94 455.417 161.765 1552.43 1965.14 374.239 349.871 109.581 545.479 330.886 1816.34 825.244 613.732 113.422
internal_count=44896 36148 10361 10029 25787 25572 15629 9943 6402 5291 5268 2673 4056 1771 887 884 8748 3107 1002 9773 9227 2524 1667 584 2595 1470 8487 4652 3514 579
is_linear=0
shrinkage=0.05


Tree=26
num_leaves=31
num_cat=0
split_feature=19 18 17 4 19 11 17 17 19 17 6 3 0 11 17 18 17 1 17 18 18 20 3 20 20 20 19 17 17 17
split_gain=476.76 193.906 187.821 156.035 161.34 127.8 127.311 116.042 130.184 133.159 123.745 170.549 149.262 162.629 144.446 137.095 122.648 116.725 143.233 113.62 230.506 148.145 112.601 105.789 100.996 139.263 241.322 159.04 147.877 195.849
threshold=-0.00041249999999999994 5.918530094464658e-05 0.00014150000000000005 -0.18499999999999994 -0.00039949999999999995 9.5180519970378636 0.00055850000000000008 0.00029150000000000004 -9.6499999999999987e-05 0.00022350000000000004 0.010657684410368478 0.69500000000000006 94.500000000000014 9.1670862554375763 0.00027450000000000006 0.00014706414158853606 0.00025450000000000006 57.430000000000007 0.00015950000000000003 0.00015540606457268476 7.2338877624922955e-05 -0.00021548054792834741 0.075000000000000025 -0.00013633585466827239 -0.00017670894625406057 -0.00024888625845880815 -6.2499999999999988e-05 0.00031050000000000007 0.00040150000000000006 0.00035750000000000002
decision_type=2 2 2 2 2 2 2 2 2 2 2 2 2 2 2 2 2 2 2 2 2 2 2 2 2 2 2 2 2 2
left_child=19 5 -3 -4 -5 22 7 8 9 -6 11 15 -13 14 16 -11 -14 -10 -19 20 -1 -22 -2 24 25 26 27 -24 29 -29
right_child=1 2 3 4 6 -7 -8 -9 17 10 -12 12 13 -15 -16 -17 -18 18 -20 -21 21 -23 23 -25 -26 -27 -28 28 -30 -31
leaf_value=-0.041737262160329858 -0.055297797148447569 0.04250035798866561 0.055720312566469012 0.069067791768096048 -0.039153633840821427 0.088606929790083971 0.10795001827993472 -0.055203864816805372 0.074650801005374398 -0.061398826272260003 -0.042595487315451007 -0.058072607381146293 0.075674592623425532 -0.031589616979823563 -0.0082844446071331217 0.059402775973518722 0.21095435165191906 0.10924783018826004 -0.057779201151519556 -0.048937801444948192 -0.038072760104258363 0.064862213942816327 -0.041158787563367528 0.038216976654117878 -0.011814274755804269 0.018149091557767359 0.015330284456040958 -0.0069954844470185677 -0.033622008851048393 0.092407798761045878
leaf_weight=285.73594182729721 68.977817542850971 149.9977355748415 71.737215265631676 49.209603197872639 583.86485002934933 49.842066958546638 18.286288566887379 255.38171809911728 67.473483189940453 79.596615254878998 118.83137460052967 23.05704041570425 31.197148025035858 24.620333813130856 18.838870123028755 33.317129537463188 36.191650167107582 16.917710527777672 53.191389515995979 525.11690321564674 50.779062747955322 112.16376129537821 438.68368768692017 292.40314844995737 607.5674836486578 2334.3283319324255 1077.6180305331945 130.27739489078522 154.45578245073557 79.968116477131844
leaf_count=2105 800 721 324 254 4067 216 85 1765 340 458 872 137 147 137 109 159 209 77 338 5641 418 584 2633 1283 3011 11002 5047 703 883 371
internal_value=-0.000410236 0.00423342 -0.010816 -0.0162133 -0.0198732 0.00892499 -0.0230896 -0.0248745 -0.0177495 -0.0243359 -0.000675155 0.0195075 0.0576738 0.0817498 0.114111 -0.0257542 0.148328 0.0277057 -0.0174747 -0.0331507 -0.0146741 0.0327838 0.00815892 0.00901461 0.00724413 0.00999107 -0.000133061 -0.0208748 0.00352401 0.0308131
internal_weight=7839.63 6865.83 1631.71 1481.71 1409.98 5234.12 1360.77 1342.48 1087.1 949.515 365.65 246.819 133.905 110.848 86.2277 112.914 67.3888 137.583 70.1091 973.796 448.679 162.943 5184.28 5115.3 4822.9 4215.33 1881 803.385 364.701 210.246
internal_count=44896 36148 10199 9478 9154 25949 8900 8815 7050 6295 2228 1356 739 602 465 617 356 755 415 8748 3107 1002 25733 24933 23650 20639 9637 4590 1957 1074
is_linear=0
shrinkage=0.05


Tree=27
num_leaves=31
num_cat=0
split_feature=19 18 17 4 18 18 16 17 17 16 5 14 17 19 19 20 6 16 0 17 17 3 17 0 20 4 19 15 3 6
split_gain=442.932 175.241 183.334 137.51 127.198 222.233 121.36 118.549 224.807 214.918 154.6 133.95 180.616 205.158 218.193 136.345 133.861 153.506 155.498 131.559 300.759 177.176 125.187 124.197 122.639 235.14 183.109 168.898 148.517 171.193
threshold=-0.00041949999999999995 5.7465957210911486e-05 0.00013550000000000001 -0.18499999999999994 0.00015540606457268476 7.2338877624922955e-05 7.8000000000000012e-05 0.00037450000000000005 0.00031550000000000008 -1.0000000180025095e-35 0.57500000000000018 -8.5499999999999991e-05 0.00019450000000000004 0.00015750000000000001 -0.00013149999999999997 -0.00016418923378979817 -0.022687420445484812 0.00025350000000000009 141.50000000000003 0.00035950000000000006 0.00034050000000000004 0.56500000000000006 0.00021550000000000001 63.500000000000007 -0.00023626694026989263 0.14999999999999997 -6.4499999999999982e-05 0.00012250000000000002 0.52500000000000013 -0.014541514574818788
decision_type=2 2 2 2 2 2 2 2 2 2 2 2 2 2 2 2 2 2 2 2 2 2 2 2 2 2 2 2 2 2
left_child=4 7 -3 -4 5 -1 -7 8 9 -2 19 22 13 14 -13 24 -9 -18 -19 20 -10 -22 -11 -24 26 28 27 -16 29 -26
right_child=1 2 3 -5 -6 6 -8 16 10 11 -12 12 -14 -15 15 -17 17 18 -20 -21 21 -23 23 -25 25 -27 -28 -29 -30 -31
leaf_value=-0.040832902853391945 0.042202574503034225 0.070475061962650895 0.05363222332976663 -0.016834070788334096 -0.050455855893150325 0.053941682494523781 -0.059928374046941714 -0.062178882444260175 0.063008774840551923 -0.016017860937813055 -0.049115612050404038 -0.050118778785378064 -0.010637669347576572 -0.062770906202123083 -0.060291858571562218 -0.048264992622759982 -0.010443994764993947 0.11215561297223052 -0.073989497544553293 0.092045943619684156 0.043009752734334515 -0.057856465964675655 -0.018492743177041662 0.074660742790384774 0.065703052150536165 -0.057363900050153675 0.02714040017663329 0.14620765512240361 0.086155330711858213 -0.015127635329940065
leaf_weight=269.66492665559053 385.31796599924564 67.557194225490093 72.538994148373604 1518.9873066470027 489.05005770921707 131.0729538500309 28.483748689293861 107.13725293427706 317.09315348416567 86.923994340002537 47.046920262277126 106.5186584815383 1793.7010523974895 82.847458675503731 111.09852308034897 60.866596773266792 520.84650781750679 50.717841565608978 14.405863866209982 119.42348109185696 72.359753914177418 109.2961138561368 45.311050541698933 170.12112355232239 152.54156509041786 50.267620466649532 452.52550530433655 10.870964720845221 224.46227115392685 114.80495800077915
leaf_count=2049 1836 294 332 9918 5491 751 218 760 1488 464 350 678 8622 569 640 311 2744 217 74 504 318 571 219 761 695 245 2164 52 989 572
internal_value=-0.000408908 0.00395311 -0.0101979 -0.0136223 -0.0330222 -0.0131584 0.0336138 0.00846242 0.011419 0.00677946 0.0382581 0.00283788 -0.00020374 0.013489 0.0184097 0.0246093 -0.0107905 -0.0013948 0.0709789 0.0449078 0.0336208 -0.017678 0.0346317 0.0550681 0.0285818 0.0456408 0.0124854 -0.0418869 0.0561689 0.0309924
internal_weight=7783.86 6865.59 1659.08 1591.53 918.272 429.222 159.557 5206.51 4513.4 3848.18 665.219 3462.86 3160.51 1366.8 1283.96 1177.44 693.107 585.97 65.1237 618.173 498.749 181.656 302.356 215.432 1116.57 542.076 574.495 121.969 491.809 267.347
internal_count=44896 36387 10544 10250 8509 3018 969 25843 22048 18817 3231 16981 15537 6915 6346 5668 3795 3035 291 2881 2377 889 1444 980 5357 2501 2856 692 2256 1267
is_linear=0
shrinkage=0.05


Tree=28
num_leaves=31
num_cat=0
split_feature=18 3 1 17 17 4 16 3 6 18 11 17 3 20 17 11 18 20 17 18 16 17 18 15 4 20 17 17 17 17
split_gain=416.203 192.37 130.749 119.542 142.505 147.587 150.627 136.219 132.064 129.11 125.19 115.207 108.504 106.597 101.297 92.5989 92.3905 85.7079 88.5278 110.542 147.644 184.785 104.751 151.691 99.6182 88.4997 82.9374 86.251 81.4857 240.934
threshold=0.00027251397709117197 0.65500000000000014 129.63000000000002 0.00033750000000000007 0.00035950000000000006 0.085000000000000034 -0.0021389999999999998 0.71500000000000008 0.022961136044551602 -1.8443885753211672e-05 9.1537424718864333 0.00014250000000000002 0.075000000000000025 -0.00025170453059341626 0.00013550000000000001 9.210145346230588 0.00021812777590881849 -0.00011739953942622068 0.00014450000000000002 3.1222520943969305e-05 -8.4999999999999982e-06 0.00064450000000000011 -1.6244050761611348e-07 1.5000000000000002e-06 -0.18499999999999994 -0.00020779997858533548 0.00033150000000000003 0.0001485 0.00025450000000000006 0.00027450000000000006
decision_type=2 2 2 2 2 2 2 2 2 2 2 2 2 2 2 2 2 2 2 2 2 2 2 2 2 2 2 2 2 2
left_child=1 12 3 8 -5 6 -6 -7 10 -8 13 14 -1 16 -4 -11 28 18 22 20 21 -20 23 -14 -21 -25 27 -26 -3 -30
right_child=-2 2 11 4 5 7 9 -9 -10 15 -12 -13 17 -15 -16 -17 -18 -19 19 24 -22 -23 -24 25 26 -27 -28 -29 29 -31
leaf_value=-0.054908032716838723 -0.05021830318749252 -0.038297362213717046 -0.072796952058009678 -0.059495414432755744 0.11529436313278939 0.13234282652368512 -0.033278779036801723 -0.05560584995219086 -0.047918136301587894 0.018292995049239393 -0.027613673719052496 -0.037116045515302655 -0.0600703184572427 0.019700675820875028 0.09038884745972578 0.13493652884796745 0.082507805398542244 0.041441887078408998 0.053757083914873341 0.035256523929228456 0.0053344051121701277 -0.054925791366508742 0.044401259708287358 0.050477967067405961 0.089587723764329524 -0.050137734298876413 0.030644045341835242 -0.035542453403728295 0.10940401465706236 -0.031011056913529147
leaf_weight=64.908745169639587 397.66710860282183 201.00323256105185 13.203237429261206 174.37685269117355 32.252793274819851 10.249431245028971 140.24429889023304 162.26779095828533 115.28597735613585 135.85852038860321 224.28174964338541 481.48125012218952 70.854744046926498 1180.8604525327682 33.995751544833183 19.450679451227188 24.665441185235977 209.03715315461159 307.32339882850647 85.344866052269936 2487.4102792963386 44.81260472536087 338.85347898304462 108.36022663861513 14.25450439751148 27.376499474048615 61.997244223952293 406.38620351999998 43.488770082592964 102.68106879293919
leaf_count=806 4864 1456 71 1173 173 52 865 1440 860 795 1331 3669 325 6252 146 91 133 907 1385 389 11526 250 1557 535 76 155 272 2390 231 721
internal_value=-0.0004011 0.00230433 -0.00716552 -0.00250215 -0.020572 -0.00700612 0.0126943 -0.0444396 0.00394078 0.00149789 0.00730526 -0.0298082 0.00923971 0.0123492 0.04474 0.0329012 -0.0109973 0.0102401 0.00859015 0.00559648 0.00962418 0.0399262 0.0272923 -0.000769919 -0.0145394 0.030185 -0.0233448 -0.0313021 -0.0176405 0.0107655
internal_weight=7720.23 7322.57 3095.65 2566.97 674.7 500.324 327.806 172.517 1892.27 295.553 1776.98 528.68 4226.92 1552.7 47.199 155.309 371.839 4162.01 3952.97 3407.53 2839.55 352.136 545.445 206.591 567.983 135.737 482.638 420.641 347.173 146.17
internal_count=44896 40032 19459 15573 4589 3416 1924 1492 10984 1751 10124 3886 20573 8793 217 886 2541 19767 18860 16288 13161 1635 2572 1015 3127 690 2738 2466 2408 952
is_linear=0
shrinkage=0.05


Tree=29
num_leaves=31
num_cat=0
split_feature=18 3 1 17 17 4 16 3 6 18 19 14 11 19 17 3 20 19 17 19 19 14 5 19 19 18 5 18 19 5
split_gain=391.565 175.044 121.37 109.909 135.388 137.657 128.457 123.255 122.196 116.729 132.179 132.293 113.631 119.041 106.205 101.43 98.5805 96.2808 92.1581 84.8423 93.1261 83.4202 101.415 86.5964 82.3696 82.5633 137.713 81.0225 80.283 78.4305
threshold=0.00027251397709117197 0.65500000000000014 129.63000000000002 0.00033750000000000007 0.00035950000000000006 0.085000000000000034 -0.0021389999999999998 0.71500000000000008 0.022961136044551602 -1.8443885753211672e-05 -0.00028549999999999995 -9.2499999999999985e-05 9.1537424718864333 -0.00063249999999999992 0.00014250000000000002 0.075000000000000025 -0.00029968206045723563 -0.00032449999999999997 0.00013550000000000001 -0.0005064999999999999 -0.00028849999999999997 6.9500000000000009e-05 0.12999999999999998 -0.00030449999999999992 -0.00059549999999999989 -5.1393262954865226e-05 0.15500000000000003 -7.6193703198632862e-05 -0.00038049999999999992 0.095000000000000043
decision_type=2 2 2 2 2 2 2 2 2 2 2 2 2 2 2 2 2 2 2 2 2 2 2 2 2 2 2 2 2 2
left_child=1 15 3 8 -5 6 -6 -7 12 -8 17 -12 13 -3 18 -1 28 -11 -4 -17 27 -16 23 -23 -18 26 -26 -21 -15 -30
right_child=-2 2 14 4 5 7 9 -9 -10 10 11 -13 -14 16 21 19 24 -19 -20 20 -22 22 -24 -25 25 -27 -28 -29 29 -31
leaf_value=-0.054646461240270873 -0.049763785245419918 -0.058737181541855844 -0.071365980118250114 -0.05869601006415065 0.10425822995859074 0.12048298295077427 -0.03221180068762796 -0.055075217689315947 -0.046955830621466944 0.027199614500697678 0.075644469539410744 -0.061559755639427761 -0.026617340636614192 0.12687872990879356 -0.047812776342847342 -0.058861662118936169 0.11759210903803503 0.13836574515106256 0.086068565364927518 -0.052481630707366528 0.0091158795057984417 -0.058509684393003164 -0.06065989841131917 0.070341198667875346 0.07069157525245498 0.012502697272723627 -0.064716989856309026 0.065523165980575629 -0.044465527329115712 0.12430041524401397
leaf_weight=62.031170599162579 381.64067596942186 57.78166152536869 12.804693967103956 168.07411313056946 33.83928556740284 10.68329321593046 137.71067106723785 155.80343373864889 111.85392220318317 43.906082272529602 26.555461302399635 51.915660619735718 221.12498663365841 8.1240355819463712 359.44473315775394 44.550671018660069 20.654232174158096 35.00760293006897 33.918590411543846 16.560242548584938 3965.0284446179867 17.338677354156971 40.986418835818768 52.590559519827366 132.00174447894096 1185.5966757461429 21.890687137842178 119.59726674854755 123.9540501087904 7.2890497893095008
leaf_count=806 4864 500 71 1173 173 52 865 1440 860 307 137 282 1331 37 2987 321 118 160 146 72 18834 155 263 264 636 6476 113 540 879 34
internal_value=-0.000395557 0.00219297 -0.00688346 -0.0024106 -0.0199187 -0.00676333 0.0119873 -0.0438098 0.00373485 0.00140643 0.0308222 -0.0151284 0.00692305 0.0116856 -0.028974 0.008817 0.0143992 0.076515 0.042923 0.00976658 0.0105121 -0.0361159 0.00179028 0.0383931 0.0185029 0.016975 0.0514302 0.0511708 -0.0256508 -0.0350925
internal_weight=7660.26 7278.62 3070.85 2553.77 663.496 495.421 328.935 166.487 1890.27 295.095 157.385 78.4711 1778.42 1557.29 517.084 4207.77 1499.51 78.9137 46.7233 4145.74 4101.19 470.36 110.916 69.9292 1360.14 1339.49 153.892 136.158 139.367 131.243
internal_count=44896 40032 19459 15573 4589 3416 1924 1492 10984 1751 886 419 10124 8793 3886 20573 8293 467 217 19767 19446 3669 682 419 7343 7225 749 612 950 913
is_linear=0
shrinkage=0.05


Tree=30
num_leaves=31
num_cat=0
split_feature=19 18 11 0 19 18 18 18 20 14 19 1 20 19 4 14 4 3 18 19 0 1 5 3 4 19 20 19 19 20
split_gain=377.816 140.944 124.477 115.556 108.949 119.096 100.211 172.137 103.341 91.2639 91.0604 100.873 90.9181 85.2061 99.1949 87.554 133.435 134.744 103.075 110.901 84.5384 80.7553 80.2853 77.7756 75.3839 72.4189 69.537 184.233 159.594 187.722
threshold=-0.00041949999999999995 5.7465957210911486e-05 9.5180519970378636 82.500000000000014 -0.00039549999999999996 0.00022862703335874032 0.00015540606457268476 7.2338877624922955e-05 -0.00021548054792834741 -9.7499999999999985e-05 -0.00010749999999999998 147.01500000000001 -0.00012446684917154636 -9.7499999999999985e-05 0.15500000000000003 -0.00016549999999999998 0.22000000000000003 0.84500000000000008 0.00010180565214320851 -0.00011149999999999999 269.50000000000006 89.925000000000026 0.050000000000000024 0.075000000000000025 -0.17499999999999993 -0.00064749999999999996 -0.00024819504996960879 -5.8499999999999992e-05 -3.8499999999999994e-05 -0.00021597257005187637
decision_type=2 2 2 2 2 2 2 2 2 2 2 2 2 2 2 2 2 2 2 2 2 2 2 2 2 2 2 2 2 2
left_child=6 2 9 24 5 -5 7 -1 -9 10 -2 -12 13 15 -15 18 -17 22 -6 -20 -8 25 -18 -11 -3 -10 27 -25 -28 -30
right_child=1 3 -4 4 12 -7 20 8 21 23 11 -13 -14 14 -16 16 17 -19 19 -21 -22 -23 -24 26 -26 -27 28 -29 29 -31
leaf_value=-0.038814987788889671 0.008558307467018994 0.043356790628525439 0.086432332615876725 0.091264119485922654 0.095316356333038241 -0.056492798828511798 -0.050455726764005941 -0.036849809413958219 -0.016339748682286992 -0.05436574741548636 0.0629766427536224 -0.058917312678549875 0.065749242404583394 0.061979551055349462 -0.040518529889569672 -0.028684336774865305 0.083257264688391064 -0.043568023619090054 -0.014404211645224211 0.14510683386700815 0.18028812234909797 -0.057225409578677167 -0.051603701790525841 -0.022340434639608799 -0.039991022551351403 0.091471678941234091 0.020700266424621309 0.010871927973254035 0.019326081090273783 -0.019462855070621496
leaf_weight=263.31037376075983 277.54422046244144 29.410504311323166 49.528411343693733 57.57031624764204 35.391560643911362 17.871132887899876 435.3193577080965 44.531581848859787 19.510661236941814 55.204301923513412 191.63910412043333 18.621929042041302 42.810369685292244 81.520785599946976 33.225124724209309 695.01490011066198 73.212664388120174 45.313146159052849 124.49429710954428 11.941939681768416 4.0060102120041838 14.388476818799971 12.994530938565729 701.39469333738089 349.67528785765171 77.241694301366806 1588.3630988970399 1031.7810817286372 541.00984588265419 736.59967839717865
leaf_count=2098 1407 143 212 257 170 185 5458 391 113 754 851 136 204 391 218 4605 326 420 876 53 43 102 98 4140 2596 349 7567 4847 2517 3628
internal_value=-0.000407583 0.00353683 0.0075454 -0.00938584 -0.00195448 0.0562624 -0.0316672 -0.0141727 0.0275082 0.00678558 0.0273612 0.052181 -0.00575402 -0.00850404 0.0323008 -0.0131939 -0.0199451 0.0262371 0.019281 -0.000442589 -0.0483517 0.0532949 0.0629289 0.00462912 -0.0335247 0.0697309 0.00533725 -0.0025687 0.0101183 -0.0030375
internal_weight=7660.44 6802.13 5191.69 1610.45 1231.36 75.4414 858.308 418.983 155.672 5142.16 487.805 210.261 1155.92 1113.11 114.746 998.363 826.535 131.52 171.828 136.436 439.325 111.141 86.2072 4654.35 379.086 96.7524 4599.15 1733.18 2865.97 1277.61
internal_count=45155 36601 26059 10542 7803 442 8554 3053 955 25847 2394 987 7361 7157 609 6548 5449 844 1099 929 5501 564 424 23453 2739 462 22699 8987 13712 6145
is_linear=0
shrinkage=0.05


Tree=31
num_leaves=31
num_cat=0
split_feature=19 17 18 17 17 17 19 16 6 19 3 11 17 17 6 17 20 3 17 17 0 19 17 6 15 14 6 16 0 17
split_gain=350.868 130.676 176.268 116.456 170.195 166.424 193.892 174.892 138.258 206.272 206.263 115.052 120.128 188.712 158.917 141.838 176.565 244.798 157.128 219.961 130.875 127.022 177.518 201.05 153.928 137.865 126.341 151.108 146.751 117.846
threshold=-0.00041949999999999995 0.00014150000000000005 5.7465957210911486e-05 0.00054450000000000017 0.00029150000000000004 0.00022550000000000003 -9.7499999999999985e-05 -1.0000000180025095e-35 0.0077640690362047815 -0.00039549999999999996 0.71500000000000008 9.5180519970378636 0.00024150000000000004 0.00037450000000000005 -0.034962533062563979 0.00035750000000000002 -0.00024819504996960879 0.44500000000000006 0.00026850000000000002 0.00027650000000000005 177.50000000000003 0.00015750000000000001 0.00019550000000000001 0.0053214617478535339 0.00015950000000000003 -1.7499999999999995e-05 -0.022687420445484812 0.00025350000000000009 141.50000000000003 0.00023450000000000004
decision_type=2 2 2 2 2 2 2 2 2 2 2 2 2 2 2 2 2 2 2 2 2 2 2 2 2 2 2 2 2 2
left_child=-1 -2 11 4 5 6 -4 -7 10 -10 -9 12 20 14 -14 16 17 -16 -18 -20 21 22 23 -3 25 -24 -15 -28 -29 -22
right_child=1 2 3 -5 -6 7 -8 8 9 -11 -12 -13 13 26 15 -17 18 -19 19 -21 29 -23 24 -25 -26 -27 27 28 -30 -31
leaf_value=-0.030998651707614091 0.02734887368633869 0.042114082577314325 -0.036170029833265359 0.085098427151351339 -0.053207046966616378 -0.057089048977016367 0.033442960570138174 0.016293069864305742 0.084037042368414944 -0.033771260046350698 0.1177489017383337 0.082092153500394213 -0.019387740385214666 -0.062639503480289058 0.053483041957231664 0.068860641039521539 0.056210778397510291 -0.019922639036939627 -0.052166843866969598 0.027413789932564499 -0.033340685335357445 -0.061526274811002993 0.014953818144437858 -0.019157956986934063 0.080065095876347359 -0.037280267063040308 -0.011736494516625682 0.1058955785624513 -0.072907087586392152 0.067245565501218393
leaf_weight=834.16069562733173 524.10958019644022 473.87498778104782 560.56398854404688 29.054058186709881 252.71179863065481 71.880047783255577 121.75358986109495 129.65898770093918 50.256501130759716 142.53863600641489 81.639514997601509 49.106190465390682 246.9916383549571 102.69660469144583 149.2564524486661 156.26338271051645 395.79174561798573 475.11123903095722 98.660486876964569 724.14278078824282 459.90363129973412 71.706729874014854 191.26498880237341 186.59971856325865 41.65150061994791 372.05170221626759 516.44346664100885 53.461628720164299 14.611976139247416 31.087365806102753
leaf_count=8554 2567 2163 4210 137 1943 420 643 703 260 1077 408 209 1342 777 667 718 1779 2441 427 3289 2396 512 942 1234 189 1936 2771 229 78 134
internal_value=-0.000399964 0.00336754 0.00135676 -0.0139896 -0.0160299 -0.00791871 -0.0237482 0.0147732 0.027556 -0.00306181 0.0554926 0.00595061 0.00516537 0.0114349 0.0184494 0.023124 0.019246 -0.00237485 0.0303238 0.0178715 -0.00489466 0.00321197 0.00688038 0.0248033 -0.012687 -0.019545 -0.0114929 -0.00250669 0.0675156 -0.026972
internal_weight=7609.01 6774.84 6250.74 1440.06 1411 1158.29 682.318 475.974 404.094 192.795 211.299 4810.68 4761.57 2933.43 2246.22 1999.23 1842.96 624.368 1218.6 822.803 1828.14 1337.15 1265.44 660.475 604.968 563.317 687.214 584.517 68.0736 490.991
internal_count=45155 36601 34034 9801 9664 7721 4853 2868 2448 1337 1111 24233 24024 14518 10663 9321 8603 3108 5495 3716 9506 6976 6464 3397 3067 2878 3855 3078 307 2530
is_linear=0
shrinkage=0.05


Tree=32
num_leaves=31
num_cat=0
split_feature=18 3 1 15 3 20 16 15 0 4 8 6 16 0 6 3 14 20 6 18 16 18 16 16 20 0 20 14 14 5
split_gain=336.056 137.872 120.033 96.5354 89.5448 72.2593 109.891 68.4034 102.582 65.9549 62.9323 70.5523 73.543 72.9453 62.0386 85.413 109.551 79.0138 60.5284 132.938 60.3675 104.034 80.2146 68.813 63.5478 77.2614 78.0173 95.9566 93.3026 81.178
threshold=0.00027251397709117197 0.62500000000000011 112.94500000000001 0.00031050000000000007 0.075000000000000025 -0.00029968206045723563 -0.0021389999999999998 -0.00040149999999999995 259.50000000000006 0.065000000000000016 0.11500000000000003 0.022411477172613072 7.8000000000000012e-05 215.50000000000003 0.00068458377658148575 0.83500000000000008 -1.0000000180025095e-35 -0.00026976203645800279 0.0074402129704415352 0.00011353871002124651 -8.4999999999999982e-06 6.8061007458282552e-05 -0.0010434999999999999 -0.00055699999999999988 -0.00011739953942622068 71.500000000000014 -0.00018812203513026237 3.2500000000000011e-05 0.00021450000000000004 0.23500000000000004
decision_type=2 2 2 2 2 2 2 2 2 2 2 2 2 2 2 2 2 2 2 2 2 2 2 2 2 2 2 2 2 2
left_child=1 4 3 5 -1 -3 9 8 -8 -7 11 12 13 -9 -4 16 -16 -18 19 -17 21 22 -6 -23 25 -22 27 29 -29 -27
right_child=-2 2 14 -5 20 6 7 10 -10 -11 -12 -13 -14 -15 15 18 17 -19 -20 -21 24 23 -24 -25 -26 26 -28 28 -30 -31
leaf_value=-0.05411582156148001 -0.048551877663640337 -0.024221156514004433 -0.062824900591185631 -0.049285028540938074 -0.0055719718943204773 0.15929569957721865 -0.04868092421723505 0.0095326914918520533 0.141141582697419 -0.0052719984830128649 0.028590400352590969 -0.046245655513800318 -0.042228371629162903 -0.023250375494259193 -0.036853866494052749 -0.056996364142239665 -0.051673685154595708 0.026833268815294093 -0.053293977306960533 0.13957222639858766 -0.0095339566188802575 0.068859239155561275 0.051767478074122679 -0.067535807709157444 0.036507140808530437 0.015805882803080179 -0.0103083084275484 -0.0079002775829768706 0.03580570434694786 0.047450109006847679
leaf_weight=56.365681506693363 345.64684896171093 247.7309098392725 87.171766512095928 97.411086328327656 79.885167613625526 18.106305256485943 102.2770814448595 1562.6959381252527 7.6496447920799246 9.1726707518100721 249.26489514112473 73.241446405649185 82.874980688095093 190.35189589112997 161.61418202519417 22.951698303222656 37.429022289812565 223.00974480807781 195.88225288689137 13.75659930706024 666.71444246917963 11.914420634508131 257.92388771474361 41.308485612273216 175.51200771331787 1042.776319026947 411.71144282817841 668.74897868186235 149.38764202594757 251.56273233145475
leaf_count=818 4880 1789 560 788 403 86 674 8763 36 87 1416 582 623 1072 1175 226 329 1296 1930 97 3221 61 1211 245 771 5034 2045 3105 680 1152
internal_value=-0.000393425 0.00191965 -0.00542897 -0.000436934 0.00843738 0.00143395 0.00420249 0.00300283 -0.0354714 0.103959 0.00496229 0.00187735 0.00379715 0.00597299 -0.0232 -0.0179236 -0.00451631 0.0155506 -0.0422522 0.0166686 0.00937574 0.027971 0.0382078 -0.0370026 0.00721577 0.00560463 0.00960319 0.0134839 8.02154e-05 0.0219561
internal_weight=7542.05 7196.4 3382.59 2640.78 3813.81 2543.37 2295.63 2268.36 109.927 27.279 2158.43 1909.16 1835.92 1753.05 741.815 654.643 422.053 260.439 232.591 36.7083 3757.45 391.032 337.809 53.2229 3366.41 3190.9 2524.19 2112.48 818.137 1294.34
internal_count=45155 40275 21529 15916 18746 15128 13339 13166 710 173 12456 11040 10458 9835 5613 5053 2800 1625 2253 323 17928 1920 1614 306 16008 15237 12016 9971 3785 6186
is_linear=0
shrinkage=0.05


Tree=33
num_leaves=31
num_cat=0
split_feature=18 17 4 1 18 17 17 17 3 18 20 18 17 17 17 0 19 17 15 20 4 0 18 4 19 19 18 5 18 0
split_gain=316.205 147.234 151.637 98.8205 86.6395 119.397 155.8 130.748 149.868 118.653 94.6371 109.894 125.826 163.624 252.58 160.507 130.707 212.142 193.223 236.47 157.681 153.002 121.949 116.886 122.296 137.826 160.134 108.829 103.003 95.1866
threshold=0.00027251397709117197 0.00014150000000000005 0.080000000000000057 73.385000000000005 -0.00076132104624072785 0.00055850000000000008 0.00040550000000000004 0.00057850000000000013 0.8650000000000001 2.9459491327427128e-05 -0.00013633585466827239 9.3236801645807109e-05 0.00031450000000000006 0.00034050000000000004 0.00035550000000000008 72.500000000000014 -0.00011549999999999999 0.00023450000000000004 -5.499999999999999e-06 -0.00017604712570468053 -0.02999999999999994 227.50000000000003 2.3273988646561443e-05 -0.095000000000000015 -2.1499999999999997e-05 0.00010850000000000002 -8.0542097308485626e-05 0.20500000000000007 -1.8443885753211672e-05 101.50000000000001
decision_type=2 2 2 2 2 2 2 2 2 2 2 2 2 2 2 2 2 2 2 2 2 2 2 2 2 2 2 2 2 2
left_child=1 -1 4 -4 -3 6 10 -7 -9 -8 11 12 15 -14 -15 -6 17 -17 19 21 22 -18 -19 24 -20 26 -26 -27 -25 -16
right_child=-2 2 3 -5 5 7 9 8 -10 -11 -12 -13 13 14 29 16 18 20 23 -21 -22 -23 -24 28 25 27 -28 -29 -30 -31
leaf_value=0.02773838038849212 -0.048106055434636905 -0.049014295809239619 -0.00089704311418211118 -0.025495147732733134 -0.023854942015137274 0.067019252220060818 -0.045293281704902273 -0.018089012798345256 0.18786576359173146 0.065321082391265481 0.031123686470186065 -0.022449395832010621 0.053968132422387884 -0.052129222992459347 0.0010006936948171014 -0.049532933212693503 0.054976137848585696 0.062131967388137282 0.049320576003910696 -0.047307412274311816 -0.017005795563791379 -0.015353384122763471 -0.074958298961032996 -0.052972294192457241 -0.039669571947534933 -0.059504870817938621 0.053033274623267984 0.038841081831470586 -0.0006711456806652639 0.059083829674220059
leaf_weight=509.1953935995698 331.75992859899998 75.491063341498375 803.93143870308995 829.69191778451204 520.44554508477449 156.46989795565605 239.24306859821081 112.83760237693787 9.5831013694405538 26.977173089981079 328.45225115120411 378.13537555187941 286.55857063829899 132.45754558593035 134.18689352273941 243.21805460005999 526.49907318502665 147.24611973762512 172.74988357722759 78.849407568573952 229.42586352676153 90.646389335393906 18.230428621172905 154.97231228649616 243.64625819027424 31.893779367208481 57.596236109733582 238.37082006037235 239.81381677091122 148.70547752827406
leaf_count=2446 4880 811 5283 6609 2581 751 1225 699 62 140 1550 2464 1354 741 667 1491 2372 688 763 380 1229 449 88 944 1085 168 236 1111 1152 736
internal_value=-0.000384522 0.00182496 -0.000157363 -0.01339 0.00414654 0.00495773 0.00305918 0.0367374 -0.00196686 -0.0340843 0.00530546 0.00322378 0.00585073 0.0249042 0.00485244 0.00138327 0.00669433 -0.0127981 0.0134727 0.0342287 0.00982673 0.0446461 0.0470288 0.000790009 0.0124554 0.00131218 -0.0219452 0.0272353 -0.0212018 0.0315327
internal_weight=7497.28 7165.52 6656.33 1633.62 5022.7 4947.21 4668.32 278.891 122.421 266.22 4402.1 4073.65 3695.51 701.908 415.35 2993.6 2473.16 638.12 1835.04 695.995 394.902 617.145 165.477 1139.04 744.257 571.507 301.242 270.265 394.786 282.892
internal_count=45155 40275 37829 11892 25937 25126 23614 1512 761 1365 22249 20699 18235 3498 2144 14737 12156 3496 8660 3201 2005 2821 776 5459 3363 2600 1321 1279 2096 1403
is_linear=0
shrinkage=0.05


Tree=34
num_leaves=31
num_cat=0
split_feature=18 17 6 19 18 18 18 4 19 1 14 17 0 19 17 17 17 17 4 14 17 0 0 5 19 16 6 0 18 18
split_gain=297.551 133.664 142.528 95.6819 80.6194 154.942 72.7348 80.2042 113.736 99.0559 143.775 96.1994 140.969 141.542 118.192 150 114.814 106.487 99.9017 103.661 98.3897 156.305 116.208 113.984 100.412 96.0264 104.849 102.543 103.997 87.8981
threshold=0.00027251397709117197 0.00014150000000000005 0.020141478552353802 -0.00064749999999999996 -2.1589073653375788e-06 -4.6308376136323773e-05 -0.00076132104624072785 -0.014999999999999956 -0.00024349999999999998 130.97500000000002 6.9500000000000009e-05 0.00029150000000000004 135.50000000000003 -0.00037349999999999997 0.00019450000000000004 0.00017250000000000005 0.00030150000000000006 0.00025350000000000009 0.26500000000000007 8.5500000000000018e-05 0.00033750000000000007 117.50000000000001 257.50000000000006 0.16 -7.3499999999999984e-05 0.00066450000000000005 -0.0562976213079679 71.500000000000014 -0.00037141094770468591 8.8907509825076125e-05
decision_type=2 2 2 2 2 2 2 2 2 2 2 2 2 2 2 2 2 2 2 2 2 2 2 2 2 2 2 2 2 2
left_child=1 4 3 -3 5 -1 -5 8 -8 11 -11 12 14 -14 15 -9 -13 18 19 -16 21 23 -22 24 -18 26 -10 -28 -29 -30
right_child=-2 2 -4 6 -6 -7 7 9 25 10 -12 16 13 -15 17 -17 20 -19 -20 -21 22 -23 -24 -25 -26 -27 27 28 29 -31
leaf_value=0.0523553147380489 -0.047661676366274393 -0.040366826321384428 -0.038249700537447515 -0.047902686578622941 0.041088372223251589 -0.042048369126281814 0.03778008758978111 -0.037459828433180624 -0.051113918277131278 -0.043034568942472123 0.026392146168764691 -0.056623235816097364 0.057698289491026025 -0.012191068200159147 -0.019264097845397142 0.075674297988202896 0.08253963115429902 0.037014972541074172 0.14714763575082573 0.066491613487792089 -0.022837931374208347 -0.02588055654900677 0.11042032939988311 -0.080936808899957358 -0.029774130608826249 0.065408137171366135 -0.013609464748452579 0.045068020442177656 0.0093042107592412864 -0.043384906146147387
leaf_weight=77.238802850246429 318.44823952391744 135.13116320595145 236.77023853734136 71.718380931764841 329.91124356538057 99.397707492113113 297.60220808535814 35.572334170341492 84.078343197703362 305.39148826524615 98.662198685109615 127.54270582646132 79.360603906214237 831.23358076810837 319.4148735627532 166.11591804027557 121.31845612823963 247.41643468290567 10.433425955474375 39.609167732298374 495.19113872200251 114.76759570091963 16.919131845235825 14.937444254755972 23.805243462324142 64.870810594409704 551.54079396277666 198.29226465895772 1837.0067295059562 82.719182468950748
leaf_count=410 4880 1341 2135 805 1577 459 1458 231 472 2600 579 822 408 4798 1874 772 602 1237 56 193 3360 713 70 66 132 295 2682 989 8607 532
internal_value=-0.000376793 0.00173986 -0.000157788 0.00125793 0.0264928 -0.000767959 0.00215999 0.00274249 0.00838306 -0.00302472 -0.0260819 0.000499342 0.0074356 -0.00610003 0.0224931 0.0557205 -0.0126162 0.0116293 -0.00537087 -0.00980314 -0.00548373 0.01865 -0.0184353 0.0505795 0.0641163 0.00527907 0.00386254 0.00559403 0.0105947 0.00703389
internal_weight=7432.42 7113.97 6607.42 6370.65 506.548 176.637 6235.52 6163.8 3116.11 3047.69 404.054 2643.64 1729.16 910.594 818.562 201.688 914.482 616.874 369.457 359.024 786.939 274.829 512.11 160.061 145.124 2818.51 2753.64 2669.56 2118.02 1919.73
internal_count=45155 40275 37829 35694 2446 869 34353 33548 15035 18513 3179 15334 9569 5206 4363 1003 5765 3360 2123 2067 4943 1513 3430 800 734 13577 13282 12810 10128 9139
is_linear=0
shrinkage=0.05


Tree=35
num_leaves=31
num_cat=0
split_feature=18 17 4 1 16 18 18 17 17 17 17 15 18 18 14 16 0 0 15 19 17 18 17 17 17 18 5 3 15 0
split_gain=278.75 114.514 136.19 97.5371 83.7908 89.4355 79.3359 99.2409 146.529 102.564 133.117 178.004 79.2982 153.92 78.2593 76.349 74.5527 72.7209 256.261 72.6526 80.3148 262.743 133.334 192.211 126.704 112.719 98.6235 124.398 97.0624 93.573
threshold=0.00027251397709117197 0.00014150000000000005 0.080000000000000057 73.915000000000006 -0.00026949999999999994 8.2447071259295978e-06 -0.00076132104624072785 0.00054450000000000017 0.00040550000000000004 0.00057850000000000013 0.00068650000000000015 0.00047350000000000002 -2.1589073653375788e-06 -4.6308376136323773e-05 -0.00015849999999999998 -0.00023349999999999996 75.500000000000014 93.500000000000014 -4.4499999999999991e-05 -0.0005024999999999998 0.00031450000000000006 5.5481378737308598e-05 0.00033750000000000007 0.00035750000000000002 0.00037450000000000005 -1.2472525230579832e-05 0.080000000000000057 0.6150000000000001 -0.0001615 78.500000000000014
decision_type=2 2 2 2 2 2 2 2 2 2 2 2 2 2 2 2 2 2 2 2 2 2 2 2 2 2 2 2 2 2
left_child=1 12 6 4 -4 -6 -3 8 19 -9 -11 -12 13 -1 -10 -7 -15 18 -14 -8 29 22 26 -24 -25 -26 -22 -28 -27 -21
right_child=-2 2 3 -5 5 15 7 9 14 10 11 -13 17 16 -16 -17 -18 -19 -20 20 21 -23 23 24 25 28 27 -29 -30 -31
leaf_value=0.051311653013544872 -0.047073843976772445 -0.048912899170469822 -0.055881294259464531 -0.025211853199964308 0.034619608517003575 0.087759441192116899 -0.048945518370322731 0.058287394420731865 0.077182173998638012 -0.048137304803368267 0.14237402381853154 -0.043439470085392333 -0.10900459354005354 0.077322915188651364 -0.042161308190055168 -0.0093473170813851824 -0.057893192568638299 0.05542855066827436 0.058423695824090849 -0.012968746912313568 0.096963303580727578 -0.057688611510178622 -0.029171778024027331 0.069646040973664516 -0.045023472187685876 0.12719158391652366 0.065365920411214987 -0.025243258937464371 -0.0057723731003515889 0.0068998135078533838
leaf_weight=76.497865989804268 306.19135126844049 69.840006485581398 63.037881884723902 794.90980848297477 181.99213237315416 21.028865210711956 61.355020932853222 168.93174310773611 14.621677622199057 68.118325129151344 28.415935322642326 23.587758012115955 33.578323163092136 11.494699284434317 226.9271782040596 540.66592082381248 90.091546937823296 222.03140486776829 71.55802321434021 758.39804743975401 102.07440017163754 95.583449333906174 164.3369750007987 151.83328299969435 63.14245542511344 24.445758372545242 112.06513973325491 57.2220259308815 31.297868326306343 2710.5741788819432
leaf_count=410 4884 807 575 6519 1031 94 533 837 69 446 142 161 149 49 1171 3647 423 1067 368 3813 436 645 917 672 371 107 505 284 153 13702
internal_value=-0.000371847 0.00165947 -0.000113805 -0.0127817 -0.00053356 0.00415794 0.00399936 0.00475927 0.00296366 0.0331724 -0.00214766 0.058093 0.0245931 -0.0022554 -0.0349371 -0.00571181 -0.0425932 0.0392073 0.00495064 0.00507681 0.00585287 0.0201128 0.0306399 0.0134841 0.0393778 0.000721188 0.0581447 0.0347384 0.0525375 0.00255608
internal_weight=7345.85 7039.66 6534.41 1601.63 806.725 743.687 4932.77 4862.93 4573.88 289.054 120.122 52.0037 505.252 178.084 241.549 561.695 101.586 327.168 105.136 4332.33 4270.97 802.001 706.418 435.056 270.719 118.886 271.362 169.287 55.7436 3468.97
internal_count=44987 40103 37637 11866 5347 4772 25771 24964 23378 1586 749 303 2466 882 1240 3741 472 1584 517 22138 21605 4090 3445 2220 1303 631 1225 789 260 17515
is_linear=0
shrinkage=0.05


Tree=36
num_leaves=31
num_cat=0
split_feature=18 3 1 17 15 17 6 17 18 17 3 6 11 11 6 17 6 0 3 19 0 17 19 19 18 4 15 19 17 6
split_gain=263.607 107.914 100.507 90.9541 87.4656 92.5368 169.535 85.2417 126.251 114.146 111.081 85.0364 93.3522 78.682 87.6047 95.2561 96.2746 75.5804 73.7084 69.9103 65.0429 64.5058 64.0189 67.6941 61.4218 60.9633 109.937 134.085 239.627 104.202
threshold=0.00029422109830058138 0.64500000000000013 112.94500000000001 0.00014250000000000002 0.00031050000000000007 0.00068650000000000015 0.0048233292452098233 0.00033750000000000007 -0.00012742041198005269 0.00035950000000000006 0.81500000000000006 0.022411477172613072 9.1978648721274627 9.2216595668354717 0.013069392302723413 0.00055850000000000008 0.00068458377658148575 157.50000000000003 0.075000000000000025 -0.00021349999999999996 154.50000000000003 0.00013850000000000003 -0.0005064999999999999 -0.00028549999999999995 -7.6193703198632862e-05 0.13500000000000001 -2.0499999999999997e-05 -0.00011149999999999999 0.00022450000000000001 0.0049959067129906965
decision_type=2 2 2 2 2 2 2 2 2 2 2 2 2 2 2 2 2 2 2 2 2 2 2 2 2 2 2 2 2 2
left_child=1 18 4 21 5 7 -7 8 -3 -9 13 12 25 14 15 -11 20 19 -1 -14 -17 -4 -20 24 -24 26 27 28 -10 -30
right_child=-2 2 3 -5 -6 6 -8 9 11 10 -12 -13 17 -15 -16 16 -18 -19 22 -21 -22 -23 23 -25 -26 -27 -28 -29 29 -31
leaf_value=-0.053681941041211725 -0.050018052784862446 0.078923640308554574 -0.031465173958075708 -0.028412998440230271 -0.048957312014955415 0.15433387802140086 -0.054853089628874356 -0.054753862070894943 -0.057538509239153671 -0.024567247022900206 -0.048163580897622633 -0.043928215187751571 -0.041369129747301961 0.091631583779827594 0.12204258617841475 0.11017594769855268 -0.046649771043120035 -0.052318682247210757 -0.057891337281480215 0.067532792989511342 -0.017773249002311538 0.074825283892081679 -0.046807096874203757 0.0071044663189592135 0.058286227569603881 0.025264540412255617 -0.025460190057781419 0.04830754524461154 0.034764257029350175 -0.023860939475765026
leaf_weight=49.559369545429945 257.83143970742822 56.098810493946075 22.659087546169758 613.72811955586076 90.648976393043995 25.655453816056252 15.560125384479759 149.64006753638387 135.95674104243517 164.80340241640806 101.51132989674807 92.50224556401372 27.484300896525383 28.469179436564445 14.801170498132704 40.703995540738106 21.288320440798998 116.64953664690256 36.872976996004581 31.774430893361568 13.138788163661955 38.573838450014591 15.965301007032393 3752.0336770638824 107.63668306916952 433.95015642419457 255.27331433817744 193.65100631117821 290.5383632555604 102.54891889542341
leaf_count=811 4347 251 154 5220 809 143 198 1157 917 963 1013 833 199 125 68 180 167 751 305 146 74 173 71 18277 526 2596 1528 886 1427 672
internal_value=-0.000362276 0.00145639 -0.00556765 -0.0226154 -0.000778528 0.00111047 0.0753595 -0.00023718 0.00513679 -0.0177003 -0.00328782 0.00267337 0.00538825 0.0127973 0.00398686 -0.00329581 0.043364 -0.028959 0.00691244 0.0170239 0.0789536 0.0354928 0.00767999 0.00830384 0.0447116 0.00966751 0.0027467 0.0127101 -0.000320033 0.0194701
internal_weight=7297.51 7039.68 3077.61 674.961 2402.65 2312 41.2156 2270.78 1736.43 534.356 384.716 1680.33 1587.83 283.205 254.736 239.935 75.1311 175.908 3962.07 59.2587 53.8428 61.2329 3912.51 3875.64 123.602 1411.92 977.968 722.695 529.044 393.087
internal_count=44987 40640 20650 5547 15103 14294 341 13953 10206 3747 2590 9955 9122 1577 1452 1384 421 1096 19990 345 254 327 19179 18874 597 8026 5430 3902 3016 2099
is_linear=0
shrinkage=0.05


Tree=37
num_leaves=31
num_cat=0
split_feature=18 3 20 1 15 17 6 19 17 5 6 17 17 20 18 11 17 17 17 16 19 17 5 3 3 19 0 19 15 19
split_gain=248.773 98.8405 139.663 103.061 92.3577 102.623 121.18 84.9669 83.1852 72.3943 110.571 69.8192 146.172 132.656 122.302 117.761 85.0833 121.911 118.945 102.715 78.9308 106.627 69.8101 111.921 70.5228 69.6927 69.2201 64.9039 108.97 103.581
threshold=0.00029422109830058138 0.59500000000000008 -0.00029968206045723563 108.95500000000001 0.00031050000000000007 0.00068650000000000015 0.0048989474929784704 -0.00064749999999999996 0.00014250000000000002 0.50500000000000012 -0.019866857753037058 0.00033750000000000007 0.00035950000000000006 -0.00027218606143540835 -3.9469469673536097e-05 9.1537424718864333 0.00042050000000000003 0.00044250000000000002 0.00055850000000000008 -0.00040749999999999993 -0.00056549999999999992 0.00031550000000000008 0.39500000000000007 0.42500000000000004 0.28500000000000009 0.00017550000000000001 93.500000000000014 -4.2499999999999996e-05 -3.5499999999999989e-05 -0.00011549999999999999
decision_type=2 2 2 2 2 2 2 2 2 2 2 2 2 2 2 2 2 2 2 2 2 2 2 2 2 2 2 2 2 2
left_child=1 9 -3 4 5 7 -7 -4 -5 22 -11 14 -13 26 -9 20 -15 -18 -19 -20 21 -16 24 -24 -1 -26 -14 29 -29 -22
right_child=-2 2 3 8 -6 6 -8 11 -10 10 -12 12 13 16 15 -17 17 18 19 -21 27 -23 23 -25 25 -27 -28 28 -30 -31
leaf_value=-0.021395741310248521 -0.049692414790347417 -0.033419386837871885 -0.057070922049744954 0.029878432946970953 -0.045328342525542756 0.14912263816987983 -0.054533250468996319 0.044813654834394062 -0.023291835227208669 -0.023365984291168228 0.079335648238006901 -0.053906882097550284 -0.011497417132193741 -0.042819643874282269 0.13500279164722639 -0.02851758650044179 0.10295859547651759 -0.06075352823594074 0.1041293911287039 -0.0169797015417881 0.0041686986977397446 -0.058755978841785211 0.043603168208090987 -0.070913492645823209 0.011210978856204867 -0.046503986812971916 0.083277698885443216 0.033777188902849989 -0.053153058238204792 0.036983775538220263
leaf_weight=193.15789470821619 246.82366787642241 368.48031125590205 55.143899571150541 82.751601442694664 92.637449719011784 25.152855329215527 10.293407335877417 224.30299383401871 662.3488662019372 302.50112913921475 28.693359896540642 141.43350604176521 26.78826629370451 122.89648164436221 26.669963762164116 220.88485139235854 30.207354694604874 59.417036421597004 30.663660332560539 40.804437257349491 941.11341648921371 9.676629073917864 254.95911807194352 23.284578487277031 2430.4663153216243 53.456334635615349 68.605491258203983 56.558445133268833 99.4188482016325 323.01560812443495
leaf_count=967 4347 2895 589 435 802 129 138 1090 5343 2037 121 1085 150 829 144 1383 144 417 135 245 5486 79 1216 118 11632 401 319 278 511 1522
internal_value=-0.000356918 0.00138124 -0.00420151 -0.000988473 0.00370063 0.00550796 0.089982 0.00429942 -0.0173867 0.0076991 -0.0144683 0.00569643 -0.0105236 0.00564965 0.0101387 0.0055018 -0.0114861 0.012418 -0.00847807 0.0349826 0.0106612 0.083418 0.0101833 0.0340199 0.00770586 0.0099689 0.0566632 0.00879901 -0.0216315 0.0125537
internal_weight=7252.61 7005.78 3719.27 3350.79 2605.68 2513.05 35.4463 2477.6 745.1 3286.52 331.194 2422.46 520.816 379.383 1901.64 1677.34 283.989 161.092 130.885 71.4681 1456.45 36.3466 2955.32 278.244 2677.08 2483.92 95.3938 1420.11 155.977 1264.13
internal_count=44987 40640 24148 21253 15475 14673 267 14406 5778 16492 2158 13817 3324 2239 10493 9403 1770 941 797 380 8020 223 14334 1334 13000 12033 469 7797 789 7008
is_linear=0
shrinkage=0.05


Tree=38
num_leaves=31
num_cat=0
split_feature=18 17 6 18 18 6 3 17 15 0 20 1 17 3 0 18 17 17 0 1 17 4 0 0 17 20 3 15 0 17
split_gain=234.799 93.864 117.588 76.1903 109.877 75.0417 73.8834 104.394 73.5259 207.396 89.6346 84.4035 72.3295 89.852 72.1789 68.8268 71.7646 232.435 164.307 169.095 150.409 120.526 112.391 106.417 101.905 136.536 170.699 168.49 89.6179 82.8204
threshold=0.00029422109830058138 0.00014450000000000002 0.020141478552353802 -2.1589073653375788e-06 -4.494826219522822e-05 -0.0026875644954351421 0.71500000000000008 0.00027650000000000005 -5.2499999999999995e-05 92.500000000000014 -0.00018171623839407687 5.7550000000000008 0.00013550000000000001 0.66500000000000015 75.500000000000014 -0.00076132104624072785 0.00021850000000000003 0.0001975 224.50000000000003 41.805000000000007 0.00019050000000000005 -0.079999999999999974 154.50000000000003 182.50000000000003 0.0001685 -0.00021766248628583506 0.43500000000000005 0.00012250000000000002 80.500000000000014 0.00025750000000000008
decision_type=2 2 2 2 2 2 2 2 2 2 2 2 2 2 2 2 2 2 2 2 2 2 2 2 2 2 2 2 2 2
left_child=1 3 15 4 5 -1 7 -4 9 -5 11 -10 -11 -14 -6 -3 17 18 19 20 22 28 -17 24 -23 27 -27 -26 -21 -18
right_child=-2 2 6 8 14 -7 -8 -9 10 12 -12 -13 13 -15 -16 16 29 -19 -20 21 -22 23 -24 -25 25 26 -28 -29 -30 -31
leaf_value=0.055201296514989839 -0.049369043675668911 -0.048155260321712932 -0.059646961839376025 -0.10365623302429777 0.073813047831445752 -0.050668122972891097 -0.050475071180775266 0.11935920734130064 -0.080962404034470442 0.071373397718790296 -0.049830993026220599 0.061188341780337302 0.047343326588448531 -0.058684768580803071 -0.061170777438653928 0.055110059895349041 0.015586872397150115 -0.042202793593461518 -0.055085964313160291 -0.022334085330733243 0.095203733757446715 -0.03743853291567633 -0.025756986744388144 -0.062145192677327848 -0.03669336619991137 -0.060811580732264128 0.056041383740614382 0.13062017636845924 0.050235774583981763 0.00032865796430127126
leaf_weight=72.969897896051407 236.28519940003753 71.219564035534859 15.990383520722387 34.969318270683289 11.232241153717039 21.720117218792439 174.69051057472825 16.600061424076557 10.910133615136145 64.66545657813549 22.123396590352058 243.59922026842833 45.190540626645088 35.819170743227005 83.71408249437809 88.55350361764431 1235.474137943238 375.24734523892403 112.3180276453495 58.516689144074917 91.548872143030167 167.68186239153147 83.46243916451931 93.452533505856991 173.27855068445206 37.793793722987175 180.58171398192644 16.478011399507523 155.84080105274916 3174.4165560789406
leaf_count=387 4347 896 123 155 49 185 1854 76 48 294 106 1245 218 291 393 413 6404 2300 672 262 405 1200 449 616 1246 303 875 73 747 18355
internal_value=-0.000350486 0.00131124 -0.000544669 0.0194516 -0.00719405 0.0309168 -0.0375815 0.0315305 0.0305017 0.00569094 0.0467034 0.0550947 0.0319397 0.000462053 -0.0452021 0.000710595 0.00128634 -0.00766169 0.00262921 0.00827994 0.0434286 -0.00220409 0.0158732 -0.0126548 -0.00462272 0.00885972 0.0358179 -0.0221643 0.0304252 0.0046034
internal_weight=7206.34 6970.06 6323.15 646.914 189.636 94.69 207.281 32.5904 457.277 180.644 276.633 254.509 145.675 81.0097 94.9463 6115.86 6044.64 1634.75 1259.51 1147.19 263.565 883.624 172.016 669.266 575.814 408.132 218.376 189.757 214.357 4409.89
internal_count=44987 40640 37269 3371 1014 572 2053 199 2357 958 1399 1293 803 509 442 35216 34320 9561 7261 6589 1267 5322 862 4313 3697 2497 1178 1319 1009 24759
is_linear=0
shrinkage=0.05


Tree=39
num_leaves=31
num_cat=0
split_feature=18 6 17 4 20 17 3 1 14 18 4 18 20 15 18 17 19 0 17 6 0 6 19 20 19 20 2 6 0 18
split_gain=221.646 88.1004 92.1334 83.0228 78.5362 77.7967 110.28 98.8755 94.912 94.392 102.048 92.1875 80.6364 153.829 106.047 104.789 105.633 166.354 102.178 72.9755 72.2514 71.8935 86.0664 140.44 162.29 98.2309 68.7604 68.0986 77.7227 67.2028
threshold=0.00029422109830058138 0.030726137132956587 0.00014150000000000005 0.080000000000000002 -0.00013633585466827239 0.00032050000000000009 0.70500000000000007 114.48500000000001 0.00012850000000000001 8.2447071259295978e-06 0.21000000000000002 0.00011353871002124651 -0.00021597257005187637 2.6500000000000004e-05 0.00021234164130413093 0.00019850000000000003 -0.0002285 112.50000000000001 0.00027150000000000004 -0.019866857753037058 129.50000000000003 0.010286192607228411 -7.0499999999999992e-05 -0.000217134754355412 -3.3499999999999994e-05 -0.00023682899362566562 0.59856595923456657 0.0077640690362047815 130.50000000000003 3.6751245770113517e-05
decision_type=2 2 2 2 2 2 2 2 2 2 2 2 2 2 2 2 2 2 2 2 2 2 2 2 2 2 2 2 2 2
left_child=1 2 21 4 -4 7 -7 9 26 10 -5 -10 14 15 -11 16 -14 -18 -16 -6 -15 22 25 -24 -25 -1 27 28 -9 -17
right_child=-2 -3 3 5 19 6 -8 8 11 12 -12 -13 13 20 18 29 17 -19 -20 -21 -22 -23 23 24 -26 -27 -28 -29 -30 -31
leaf_value=-0.082818501902892583 -0.049047140820445326 -0.049499121765196046 0.0016210299273083197 0.022776180093512802 -0.016502266688778095 0.030701348463339301 -0.047869415391390606 0.13078390005874724 0.11062641132976465 -0.036383627134611067 0.13524651618466099 -0.057656589272980487 0.10299965008399187 0.10018863163513302 0.094411212992301624 0.050287212983426532 0.1003296178230369 -0.051517907944982358 -0.055813665500592836 0.036976034675568946 -0.041321775756649679 0.061312454635889482 0.050532459600927761 0.063856262478589831 -0.064346431514597333 0.031091144254915187 -0.051167041410121607 -0.024430875571384441 -0.057942691299163289 -0.034931006001297088
leaf_weight=44.086935758590698 226.19955134019256 84.48069379106164 4480.5624668188393 139.94591502100229 81.404799249023199 54.990610338747501 237.71780463680625 16.981369912624363 22.961932718753815 247.27047438174486 23.564195543527603 12.606196217238901 38.338669694960117 59.466892145574093 33.207899995148182 26.49061032384634 27.818348824977875 51.295565031468868 17.172590285539627 294.82823580503464 10.632887728512285 97.564814656972885 195.63511765003204 37.642834395170212 71.712210826575756 33.163234412670135 216.64821754395962 79.492670156061649 8.0373883098363859 182.61443363130093
leaf_count=192 4347 921 23919 780 401 262 2589 105 101 1874 117 111 181 274 155 143 116 292 212 1459 102 449 1042 213 373 161 2120 711 71 1194
internal_value=-0.000341621 0.00124854 0.00187497 0.000282051 0.00346346 -0.00996935 -0.0331085 -0.00439277 -0.0265154 0.00480702 0.0389848 0.0509829 -0.00324187 0.0115188 -0.0229123 -0.0029077 0.0348842 0.00187532 0.0432059 0.025405 0.078724 0.0230032 0.0132249 0.0251655 -0.0202157 -0.0339175 -0.0350983 -0.00178826 0.0701546 -0.0241351
internal_weight=7154.54 6928.34 6843.86 6364.05 4856.8 1507.25 292.708 1214.55 356.728 857.818 163.51 35.5681 694.308 396.657 297.651 326.558 117.453 79.1139 50.3805 376.233 70.0998 479.805 382.24 304.99 109.355 77.2502 321.16 104.511 25.0188 209.105
internal_count=44987 40640 39719 37289 25779 11510 2851 8659 3219 5440 897 212 4543 2302 2241 1926 589 408 367 1860 376 2430 1981 1628 586 353 3007 887 176 1337
is_linear=0
shrinkage=0.05


Tree=40
num_leaves=31
num_cat=0
split_feature=18 3 1 17 15 17 17 19 15 3 4 17 19 20 17 14 1 19 17 16 18 17 17 3 16 17 17 16 17 17
split_gain=210.927 89.3713 89.4859 80.1574 75.0005 90.0346 114.673 66.4037 71.1992 65.9305 60.6618 64.4588 99.4144 98.0095 81.8291 77.2734 67.2258 78.1155 60.3943 106.717 131.029 60.0041 93.5063 105.599 58.6697 57.9716 160.413 99.5684 72.5394 153.575
threshold=0.00029422109830058138 0.62500000000000011 98.915000000000006 0.00014250000000000002 0.00031050000000000007 0.00068650000000000015 0.00075250000000000002 -0.00064749999999999996 -0.00053649999999999998 0.075000000000000025 0.0099999999999999829 0.00017250000000000005 -0.00025949999999999991 -0.00026976203645800279 0.00033150000000000003 0.00010750000000000001 126.50500000000001 -5.449999999999999e-05 0.00057950000000000005 -8.4999999999999982e-06 6.8061007458282552e-05 0.00027450000000000006 0.00026450000000000003 0.82500000000000007 -0.00055699999999999988 0.00037450000000000005 0.00035550000000000008 0.00025350000000000009 0.00034150000000000006 0.00031450000000000006
decision_type=2 2 2 2 2 2 2 2 2 2 2 2 2 2 2 2 2 2 2 2 2 2 2 2 2 2 2 2 2 2
left_child=1 9 4 -4 5 7 -7 -3 -9 -1 -5 -12 21 -14 15 16 -15 -18 19 20 -11 22 23 -13 -22 26 28 -27 29 -21
right_child=-2 2 3 10 -6 6 -8 8 -10 18 11 12 13 14 -16 -17 17 -19 -20 25 24 -23 -24 -25 -26 27 -28 -29 -30 -31
leaf_value=-0.053426530775308234 -0.048947077974761097 -0.056457454638501763 0.031013393300193499 -0.060123251502477305 -0.04544691502314642 0.13386825387078063 -0.055013462685554987 0.10296266638121448 0.0010392920488953405 0.048501213882402194 -0.052753442692959208 0.062846058218603881 -0.047596706064872957 0.027668799296919611 0.087284873852413569 0.077833467442109644 -0.059922670855158539 0.085909960648048012 -0.049407670379496407 0.0031866726733598689 0.064265271318720493 -0.053008549352845817 0.10898623615266548 -0.052272990905376862 -0.066154832131107885 -0.039367862755799732 0.058500739119741352 0.037505340395697633 -0.045979820513900448 0.059377253323520264
leaf_weight=45.327289223670959 216.28562794625759 49.955145791172981 73.716146163642406 98.904251269996166 87.037904836237431 27.022097364068031 11.436603955924509 17.27070140093565 2170.3653055019677 279.83808661997318 112.56649190187454 26.722671784460545 59.905982099473476 76.287934705615044 42.023848362267017 34.236695982515812 64.105770293623209 10.717898190021513 46.436698779463768 2707.215344183147 10.959786817431448 157.15030245855451 15.393498428165911 78.262354392558336 40.445553295314312 163.33045360445976 144.20916685461998 56.760567665100098 69.53756769746542 127.31896679848433
leaf_count=803 4345 576 409 682 830 157 137 109 12973 1362 1182 153 626 430 201 157 500 62 269 13429 65 1726 116 861 252 763 635 263 349 578
internal_value=-0.000326033 0.00119705 -0.00490026 -0.0188132 0.000104173 0.00184608 0.0776998 0.000542342 0.00184395 0.00650431 -0.0235448 -0.0182039 -0.0113181 0.00929991 0.0242905 0.0100079 -0.00535908 -0.0390333 0.00724936 0.00798026 0.035023 -0.0326605 -0.00609671 -0.0229708 -0.0383488 0.00523953 0.00702884 -0.0195426 0.00447287 0.00571059
internal_weight=7120.75 6904.46 3213.08 849.994 2363.09 2276.05 38.4587 2237.59 2187.64 3691.38 776.278 677.373 564.807 287.278 227.372 185.348 151.112 74.8237 3646.05 3599.62 331.243 277.529 120.379 104.985 51.4053 3268.37 3048.28 220.091 2904.07 2834.53
internal_count=45000 40655 21887 7105 14782 13952 294 13658 13082 18768 6696 6014 4832 1976 1350 1149 992 562 17965 17696 1679 2856 1130 1014 317 16017 14991 1026 14356 14007
is_linear=0
shrinkage=0.05


Tree=41
num_leaves=31
num_cat=0
split_feature=18 6 17 19 17 19 4 17 19 1 15 4 5 5 17 17 6 4 0 3 17 18 0 19 17 14 6 17 19 0
split_gain=199.13 86.1225 82.2803 70.8978 64.2677 275.646 191.079 190.55 185.305 128.921 113.969 136.598 133.116 83.7256 74.8024 155.205 124.913 141.217 100.056 119.354 90.7188 153.059 139.408 117.623 150.923 115.518 138.344 151.67 125.169 112.206
threshold=0.00029422109830058138 0.030726137132956587 0.00014150000000000005 -0.00064749999999999996 0.00021850000000000003 -0.00010349999999999998 0.23000000000000004 0.00019550000000000001 0.00015750000000000001 111.95500000000001 -1.8499999999999999e-05 -0.059999999999999963 0.31500000000000011 0.27500000000000008 0.00034050000000000004 0.00035550000000000008 -0.022687420445484812 -0.0099999999999999794 154.50000000000003 0.49500000000000005 0.00031550000000000008 6.2815136741468992e-05 82.500000000000014 -4.4499999999999991e-05 0.00022950000000000002 1.4500000000000002e-05 -0.0059425837284875103 0.00029150000000000004 0.00017550000000000001 166.50000000000003
decision_type=2 2 2 2 2 2 2 2 2 2 2 2 2 2 2 2 2 2 2 2 2 2 2 2 2 2 2 2 2 2
left_child=1 2 -1 -4 5 6 -5 8 10 -8 -7 12 -12 -13 20 -16 -17 18 -18 -20 22 -22 23 24 -6 26 -24 -28 29 -27
right_child=-2 -3 3 4 14 7 9 -9 -10 -11 11 13 -14 -15 15 16 17 -19 19 -21 21 -23 25 -25 -26 28 27 -29 -30 -31
leaf_value=0.022040115943133272 -0.048634686971190881 -0.050163610778933276 -0.036687308469669486 -0.042674383696320838 0.063318919418753297 0.047233280297644051 0.10400163653679956 -0.032959112689146197 -0.061163141083860284 -0.053893049382365971 0.063200651033131883 -0.018098585306337789 -0.016658695423009347 0.1025868639284713 -0.049922850824003336 -0.045628342818297973 0.035170538134301321 -0.015430473136724923 0.083506731741375295 -0.053631504248167719 0.042003027726310878 -0.059815169826437302 0.052877307215517533 -0.030513851259240127 -0.0083602294379459836 -0.024475460578624569 0.021510924259641115 -0.035241041034081974 0.0516484006523934 0.019458655751572684
leaf_weight=465.27067065238953 207.02561328187585 80.850955899804831 127.2686753384769 566.28073893487453 92.170129463076591 322.15528883785009 39.371242314577103 235.16905025020242 69.602086089551449 19.2483194693923 165.20514731109142 294.24531025439501 76.273676678538322 15.108971446752546 174.96282676979899 125.50261985883117 418.83687196671963 379.5856822244823 20.483972474932671 70.370271451771259 342.87895050644875 41.363118842244148 282.40890361368656 420.02186857908964 361.30688076093793 449.54726604372263 766.59666210785508 139.08758442476392 93.044963892549276 214.75414289534092
leaf_count=2398 4345 924 1536 4364 479 1561 173 1229 546 226 771 1667 347 61 1254 1061 1989 2847 92 421 1756 344 1331 2107 2197 2310 4176 982 459 1047
internal_value=-0.000320086 0.00113608 0.00174709 0.000253818 0.00101266 -0.00693694 -0.0337788 0.0073049 0.0173505 0.0521553 0.0236102 0.00979428 0.0379762 -0.0122043 0.00427482 -0.00643089 0.00106776 0.00765793 0.0248527 -0.0227124 0.00825119 0.0310424 0.00514457 -0.0114493 0.0062087 0.0125952 0.0223229 0.0127954 -0.00266513 -0.0102725
internal_weight=7076 6868.97 6788.12 6322.85 6195.58 1802.66 624.9 1177.76 942.59 58.6196 872.988 550.833 241.479 309.354 4392.92 1189.74 1014.78 889.277 509.691 90.8542 3203.18 384.242 2818.94 873.499 453.477 1945.44 1188.09 905.684 757.346 664.301
internal_count=45000 40655 39731 37333 35797 10945 4763 6182 4953 399 4407 2846 1118 1728 24852 7664 6410 5349 2502 513 17188 2100 15088 4783 2676 10305 6489 5158 3816 3357
is_linear=0
shrinkage=0.05


Tree=42
num_leaves=31
num_cat=0
split_feature=18 3 20 1 15 17 4 19 0 4 15 17 4 17 4 20 17 3 0 1 11 16 15 4 20 18 17 19 19 0
split_gain=187.999 74.731 111.888 77.9454 78.3884 82.6737 84.8238 70.2249 170.235 139.948 134.607 86.9297 279.846 97.7049 106.377 102.978 80.509 80.0491 122.713 77.2455 74.2558 64.5863 80.6079 95.001 65.1021 63.8989 71.418 70.4617 81.7448 85.3839
threshold=0.00029422109830058138 0.59500000000000008 -0.00029968206045723563 103.74500000000002 0.00031050000000000007 0.00068650000000000015 0.10000000000000007 -0.00011549999999999999 86.500000000000014 0.15500000000000003 -3.8499999999999994e-05 0.00022150000000000004 0.21000000000000002 0.00032050000000000009 -0.02999999999999994 -0.00027139963318168235 0.00043850000000000003 0.70500000000000007 156.50000000000003 38.815000000000005 9.1978648721274627 7.8000000000000012e-05 2.6500000000000004e-05 0.055 -0.00022240262945310597 -6.1596222008766606e-05 0.00029150000000000004 -0.00015349999999999996 -0.00021649999999999998 134.50000000000003
decision_type=2 2 2 2 2 2 2 2 2 2 2 2 2 2 2 2 2 2 2 2 2 2 2 2 2 2 2 2 2 2
left_child=1 -1 -3 4 5 7 -7 11 10 -10 16 12 -4 14 -13 -15 19 18 -17 -9 21 22 25 -24 -25 -16 27 28 29 -27
right_child=-2 2 3 -5 -6 6 -8 8 9 -11 -12 13 -14 15 20 17 -18 -19 -20 -21 -22 -23 23 24 -26 26 -28 -29 -30 -31
leaf_value=0.0065931664356978894 -0.048321908656106083 -0.030717340816227148 -0.04425545945183005 -0.015111553642788498 -0.044238673517511061 0.12740921303491026 -0.053922300058173389 -0.011085783778147191 0.050717457797122903 -0.040584017034533543 -0.043450949371378902 0.068553339086106155 0.063886976605722998 0.041869834344406276 0.12158903438191704 0.044153990297115614 0.14670095553429913 -0.035621969743667402 -0.063310141036007614 0.061928542338419768 -0.039917160519991647 -0.064745556592499115 -0.04314377387503443 -0.021744379277313805 0.097830369979416409 -0.038471151955440167 -0.031340225521986613 -0.054662526292339177 0.060009975586214508 0.027953855357349712
leaf_weight=3232.151703055948 198.17157970368862 350.68985200300813 303.43063270300627 749.57515168562531 83.83241855725646 25.736330382525921 8.6058097258210164 118.5266090258956 339.18685854226351 47.898284994065762 154.8856903091073 84.895170278847218 74.513572365045547 74.22621613740921 12.321153804659842 87.952541962265968 11.719904780387877 307.46162745729089 38.060144893825054 52.167421542108059 69.168346144258976 24.476293876767159 19.271218791604042 13.447187229990957 74.153940699994564 71.783057481050491 99.14114460721612 31.575678616762161 104.42998430877924 148.38003418967128
leaf_count=16571 4345 2896 2144 6168 800 127 130 620 1558 267 852 393 382 416 57 418 54 2450 223 284 417 172 113 123 344 539 697 165 503 772
internal_value=-0.000315186 0.00108106 -0.00389336 -0.00098175 0.00328681 0.00494867 0.0819693 0.00382934 0.0167934 0.0394197 -0.00917261 -0.00190143 -0.0229346 0.00440388 0.0158329 -0.0125481 0.0199328 -0.0218664 0.0116961 0.0112288 0.00913421 0.0147985 0.0181874 0.0573645 0.0794751 0.00923391 0.00619346 0.0166411 0.0235774 0.00629632
internal_weight=7011.84 6813.66 3581.51 3230.82 2481.25 2397.41 34.3421 2363.07 724.385 387.085 337.3 1638.69 377.944 1260.74 753.043 507.701 182.414 433.474 126.013 170.694 668.148 598.98 574.503 106.872 87.6011 467.631 455.31 356.169 324.593 220.163
internal_count=45000 40655 24084 21188 15020 14220 257 13963 3635 1825 1810 10328 2526 7802 4295 3507 958 3091 641 904 3902 3485 3313 580 467 2733 2676 1979 1814 1311
is_linear=0
shrinkage=0.05


Tree=43
num_leaves=31
num_cat=0
split_feature=19 6 3 6 11 20 19 0 19 0 11 5 19 5 1 20 15 5 1 15 15 21 19 20 0 19 2 20 4 3
split_gain=177.169 96.6093 58.5618 88.5403 71.4975 79.0342 141.015 96.7443 94.3903 113.011 89.4953 79.0527 146.123 138.959 126.328 79.5447 76.2797 93.9323 78.2183 76.2214 64.4158 61.3537 68.5969 60.511 59.9299 64.821 75.2562 94.8258 67.0931 136.432
threshold=-0.00064749999999999996 0.030726137132956587 0.84500000000000008 0.011234870003008287 9.4396651699425487 -0.00024888625845880815 -6.4499999999999982e-05 142.50000000000003 -3.0499999999999999e-05 64.500000000000014 9.1537424718864333 0.18500000000000003 4.5500000000000008e-05 0.27500000000000008 113.51500000000001 -0.00019010570624652481 0.00022750000000000003 0.49500000000000005 142.04500000000004 -0.00012949999999999998 -1.0000000180025095e-35 1.0000000180025095e-35 -0.00036649999999999991 -0.00029495147975876424 43.500000000000007 -6.0499999999999993e-05 0.53555699002849233 -0.00018812203513026237 -0.18499999999999994 0.40500000000000008
decision_type=2 2 2 2 2 2 2 2 2 2 2 2 2 2 2 2 2 2 2 2 2 2 2 2 2 2 2 2 2 2
left_child=-1 2 4 21 5 6 19 20 10 -10 24 12 14 -13 15 -11 -15 -18 -19 23 -8 22 -4 -2 -7 28 27 -27 -26 -30
right_child=1 -3 3 -5 -6 8 7 -9 9 11 -12 13 -14 16 -16 -17 17 18 -20 -21 -22 -23 -24 -25 25 26 -28 -29 29 -31
leaf_value=-0.042472250190917354 0.02782060481084174 -0.05005475398340014 -0.036986319458202528 -0.035108240771189597 0.048815518172657724 -0.0086669739317182456 0.01864333796153303 0.028043885756464323 -0.037526793337202553 0.048213933420684037 -0.014812797474106278 0.052114312253697254 -0.060287965462093474 -0.020818854934951454 -0.069527234466043961 -0.032595920815827961 0.058385593735888246 -0.032677285858605278 0.047326767161140516 -0.029695329838977193 -0.013141554655124031 0.083649199183830458 0.020494298479626413 -0.017388394198995388 0.043159475976468659 0.050112284751310056 0.078195470899286912 -0.017148303937294503 -0.064051915483080743 0.013530649706855542
leaf_weight=240.55949047207832 123.17365138232708 90.706617776304483 83.400508809834719 255.89170810207725 84.858437888324261 248.07083395123482 228.68621086701751 358.13878915458918 219.49536052718759 122.64473278820515 286.50077852234244 164.22095051407814 124.93865604698658 242.95901286229491 41.528315097093582 40.511391654610634 92.348599530756474 93.916766311973333 45.280646946281195 627.46987432613969 526.12608547136188 23.571799889206886 137.43892679736018 185.45973890647292 178.3067819699645 130.19186043739319 86.356389991939068 87.700973510742188 58.573726989328861 1740.4021388217807
leaf_count=4420 770 1211 977 2961 413 1285 1194 1788 1167 570 1688 798 819 1239 251 202 459 548 247 4271 2847 145 972 1215 895 620 424 423 360 9821
internal_value=-0.000309833 0.00119749 0.00189782 -0.0145514 0.00323861 0.00259966 -0.0053869 0.00664267 0.00668685 -0.0051336 0.0116728 0.00220895 -0.0176777 0.0124717 0.00833151 0.028149 -0.00124816 0.0192872 -0.00665212 -0.0196891 -0.00351166 0.00697103 -0.00121339 0.000654234 0.0146725 0.0172102 0.0386951 0.0230402 0.0139043 0.0110046
internal_weight=6969.43 6728.87 6638.16 500.303 6137.86 6053 2049.05 1112.95 4003.95 1187.84 2816.1 968.349 329.623 638.726 204.684 163.156 474.505 231.546 139.197 936.103 754.812 244.411 220.839 308.633 2529.6 2281.53 304.249 217.893 1977.28 1798.98
internal_count=45000 40580 39369 5055 34314 33901 12085 5829 21816 6300 15516 5133 1842 3291 1023 772 2493 1254 795 6256 4041 2094 1949 1985 13828 12543 1467 1043 11076 10181
is_linear=0
shrinkage=0.05


Tree=44
num_leaves=31
num_cat=0
split_feature=18 17 4 1 20 21 17 17 17 3 14 2 18 17 17 16 19 11 14 19 17 20 0 18 5 20 18 4 0 17
split_gain=170.376 68.7241 78.3884 70.4812 63.3665 81.9134 70.0325 124.279 98.4447 94.0665 70.44 104.821 69.5994 64.2932 101.157 63.2458 85.2165 62.4919 69.5094 80.8429 217.523 178.018 158.128 153.183 116.547 114.833 99.7347 76.1643 74.1418 88.2383
threshold=0.00029422109830058138 0.00014150000000000005 0.080000000000000057 73.385000000000005 -0.00014451062056078219 1.0000000180025095e-35 0.00054450000000000017 0.00057850000000000013 0.00040550000000000004 0.83500000000000008 0.00020250000000000002 0.22798990118009252 2.9459491327427128e-05 0.00022050000000000002 0.00023550000000000001 -1.3499999999999998e-05 -0.00022549999999999998 9.4396651699425487 2.1500000000000004e-05 -0.00011549999999999999 0.00022450000000000001 -0.000177368125154159 80.500000000000014 1.5842739431244626e-06 0.21500000000000005 -0.00030087087716267432 5.5481378737308598e-05 -0.23499999999999993 215.50000000000003 0.00016750000000000003
decision_type=2 2 2 2 2 2 2 2 2 2 2 2 2 2 2 2 2 2 2 2 2 2 2 2 2 2 2 2 2 2
left_child=1 -1 4 -4 5 6 8 15 10 -9 17 -12 -10 -6 -15 -8 -17 18 19 20 -3 22 23 -21 26 -24 -25 -22 -27 -30
right_child=-2 2 3 -5 13 -7 7 9 12 -11 11 -13 -14 14 -16 16 -18 -19 -20 21 27 -23 25 24 -26 28 -28 -29 29 -31
leaf_value=0.019523139821806493 -0.047794263407701224 -0.053106629088567926 0.00014340935802065161 -0.021687012112044872 -0.056069102930061093 -0.052489742757636328 0.086121911227885942 -0.035653600798775061 -0.040082961044282578 0.092869181270666318 0.078872561065046212 0.0058035361848088564 0.070079111677216532 0.080575388800067566 0.01446938586380641 -0.040263931290887157 0.074987913906046352 0.044854299391706876 -0.010463310709967434 -0.042378322428580285 0.067054221251011362 -0.03512558805186318 -0.013296771456646699 0.066860070556428022 -0.071170828131446304 0.040777722626193114 -0.02862483759730456 0.0014626392222145902 0.055008313060414697 -0.051009632642245055
leaf_weight=465.8110438734293 183.82933385670185 202.78430393338203 762.67689125984907 717.62925966829062 25.787025392055511 70.742934089154005 82.205345124006271 86.490793757140636 204.54705695807934 17.042107082903385 72.085574924945831 153.80494386330247 15.418513566255568 69.141115307807922 355.00926326215267 30.715689331293106 33.565233454108238 77.11628557741642 1190.463667370379 183.55055161193013 47.941733494400978 180.60258314758539 140.3656310737133 104.41641937941313 27.193622335791588 727.50517474487424 37.051526069641113 576.05714290961623 32.352434538304806 49.894080847501755
leaf_count=2500 4345 1496 5441 6747 138 556 389 621 1092 100 324 901 74 327 1837 206 151 377 6201 1079 265 989 755 467 125 3631 234 3203 158 271
internal_value=-0.000301897 0.000993434 -0.000382264 -0.0104396 0.00272338 0.000873289 0.00175672 0.0274335 0.000161033 -0.014498 0.00204202 0.0291211 -0.0323611 0.020585 0.0252454 0.0570697 0.0199165 0.000332097 -0.000648821 0.00440972 -0.00811813 0.0113944 0.0178456 -0.0107698 0.023629 0.0284535 0.0418519 0.00650203 0.0356907 -0.00930648
internal_weight=6923.8 6739.97 6274.16 1480.31 4793.85 4343.91 4273.17 250.019 4023.15 103.533 3803.19 225.891 219.966 449.937 424.15 146.486 64.2809 3577.3 3500.18 2309.72 826.783 1482.93 1302.33 352.212 168.662 950.117 141.468 623.999 809.752 82.2465
internal_count=45000 40655 38155 12188 25967 23665 23109 1467 21642 721 20476 1225 1166 2302 2164 746 357 19251 18874 12673 4964 7709 6720 1905 826 4815 701 3468 4060 429
is_linear=0
shrinkage=0.05


Tree=45
num_leaves=31
num_cat=0
split_feature=19 6 17 17 18 6 18 2 17 19 17 19 20 17 14 5 15 3 17 0 1 15 5 19 17 17 17 1 17 3
split_gain=158.518 86.0548 66.1994 65.1732 93.3391 156.052 76.4604 64.4134 52.7936 230.118 183.317 173.664 111.483 101.175 99.1726 94.6562 99.9309 83.4661 103.753 76.8602 71.8315 68.9864 66.2694 138.223 66.2021 65.9029 138.233 109.845 97.2449 155.207
threshold=-0.00064749999999999996 0.030726137132956587 0.00014150000000000005 0.00012950000000000003 -4.6308376136323773e-05 0.0057339029540005313 5.7465957210911486e-05 0.1762861946776228 0.00021850000000000003 -0.00010349999999999998 0.00019550000000000001 0.00015750000000000001 -0.0001982504464039482 0.00019050000000000005 -7.4999999999999985e-06 0.080000000000000057 -1.8499999999999999e-05 0.16500000000000004 0.00018050000000000002 159.50000000000003 58.345000000000006 0.00012250000000000002 1.0000000180025095e-35 2.4500000000000003e-05 0.00017050000000000005 0.00034050000000000004 0.00035550000000000008 96.415000000000006 0.00038150000000000006 0.71500000000000008
decision_type=2 2 2 2 2 2 2 2 2 2 2 2 2 2 2 2 2 2 2 2 2 2 2 2 2 2 2 2 2 2
left_child=-1 2 3 4 -2 6 -6 -5 9 12 11 13 21 15 -14 16 19 -17 -19 -11 -20 -4 23 -18 -21 -10 -27 28 29 -28
right_child=1 -3 8 7 5 -7 -8 -9 25 10 -12 -13 14 -15 -16 17 22 18 20 24 -22 -23 -24 -25 -26 26 27 -29 -30 -31
leaf_value=-0.041196113880531432 0.062237864461085882 -0.048258503605028709 -0.049118165912438817 -0.0062433240313399451 -0.063140467648730769 0.053339814107229391 0.059143922522652076 0.054208994669766898 0.0072826251885012537 0.05550267056115861 -0.033684373012076156 -0.060835325670185458 -0.019447246961022412 0.064176670893188584 0.068865651480553264 -0.092709855251998083 -0.058536652746838058 0.057819649948835275 0.08517934962426503 0.030640103441701025 -0.023957480272739022 0.08804298791869232 -0.045557167366093519 0.08972737409838849 -0.055647048340773386 -0.048289135525341267 0.051698031738622585 -0.047927081966067035 -0.0041469112635697135 -0.047735706970660957
leaf_weight=226.62207284942269 48.752894774079323 86.354328386485577 408.9885614477098 59.043735928833485 104.72033719718456 55.397802218794823 14.560423761606215 173.69146555662155 3183.2270288690925 97.215305365622044 229.10552110522985 67.597616575658321 135.22990013286471 123.98395781964064 41.559069659560919 12.41611537337303 31.10121163725853 229.2667613774538 18.562951281666756 48.768635727465153 80.283474147319794 9.3774809092283231 137.54812727123499 31.785573437809944 40.84742896258831 169.91403343528509 203.23364311084151 104.87462867796421 643.9040923640132 48.636709600687027
leaf_count=4401 282 1224 3608 336 506 285 82 919 17937 470 1223 552 1006 568 239 57 198 1105 84 243 433 49 845 144 234 1384 970 1228 3921 406
internal_value=-7.44232e-05 0.00132906 0.00198246 0.020355 0.00106634 -0.0160067 -0.0482134 0.0388725 0.000607958 -0.00674383 0.00633202 0.016304 -0.0319765 0.0224258 0.00131311 0.0153133 -0.0015955 0.0345427 0.0393581 0.0247118 -0.00346203 -0.0460438 -0.0261173 0.0164021 -0.00868999 0.00355225 -0.00659211 0.000488207 0.00615653 0.0324972
internal_weight=6866.57 6639.95 6553.59 456.167 223.431 174.679 119.281 232.735 6097.43 1743.64 1148.48 919.377 595.155 851.78 176.789 727.796 387.266 340.529 328.113 186.831 98.8464 418.366 200.435 62.8868 89.6161 4353.79 1170.56 1000.65 895.774 251.87
internal_count=44939 40538 39314 2410 1155 873 588 1255 36904 11058 6156 4933 4902 4381 1245 3813 2134 1679 1622 947 517 3657 1187 342 477 25846 7909 6525 5297 1376
is_linear=0
shrinkage=0.05


Tree=46
num_leaves=31
num_cat=0
split_feature=18 6 17 19 18 17 5 18 18 20 6 19 16 1 17 19 20 18 17 18 20 19 14 4 4 3 19 17 20 19
split_gain=149.663 66.8587 62.7349 60.8893 61.2441 64.2595 75.2636 104.757 95.9748 65.967 56.9267 52.3046 65.9429 71.7694 49.2671 207.186 147.9 145.705 135.246 110.688 92.5913 98.3567 90.2237 70.9256 87.1167 105.794 103.862 88.2526 188.968 66.0845
threshold=0.00029422109830058138 0.030726137132956587 0.00014150000000000005 -0.00025949999999999991 0.00017656504807776239 0.00013350000000000002 0.17000000000000001 5.0391335429845581e-05 -4.6308376136323773e-05 -0.00018812203513026237 0.0062695975813283275 -0.00064749999999999996 -0.0009034999999999999 42.315000000000005 0.00021850000000000003 -9.549999999999999e-05 -0.00018102655292775034 -0.00015976685027103369 0.00020450000000000001 -0.00014488852890751834 -0.00016418923378979817 0.00015750000000000001 -8.4999999999999982e-06 -0.37499999999999989 -0.049999999999999954 0.47500000000000003 5.8500000000000006e-05 0.00014950000000000003 -0.0002462400083651166 5.1500000000000005e-05
decision_type=2 2 2 2 2 2 2 2 2 2 2 2 2 2 2 2 2 2 2 2 2 2 2 2 2 2 2 2 2 2
left_child=1 2 3 -1 5 6 7 8 -5 -7 -10 12 13 -4 15 16 -13 -17 20 -20 21 23 -18 -19 -25 26 -26 -27 -29 -30
right_child=-2 -3 11 4 -6 9 -8 -9 10 -11 -12 14 -14 -15 -16 17 22 18 19 -21 -22 -23 -24 24 25 27 -28 28 29 -31
leaf_value=0.073472206168652451 -0.046375310691324924 -0.046980603156549283 0.11116033338775405 0.048109564862668874 -0.085616712293033553 0.053897086680598477 0.057681110169367403 0.048571540544386754 -0.068026756926594642 -0.063565925897070191 0.043060693611206603 -0.0400602205160904 -0.054116146146502266 -0.053299563478631774 0.0037965071306609883 -0.049068761994983529 -0.0067824471999966014 -0.079893373094362827 0.084139250262653481 -0.058502489302783948 -0.04590786699529132 -0.061538890237511384 0.084947000154886904 0.052688507346133756 -0.060173734296934948 0.07986154901058394 0.049098362570483209 -0.040623469849658381 0.054355670636075798 -0.06452818731720919
leaf_weight=47.084469705820084 170.19225022941828 71.498141672462225 14.440589606761934 27.997894793748856 15.040250793099402 133.14149752259254 47.516680017113686 51.376935407519341 100.36633567512035 13.131526462733744 13.029734775424002 527.06305321678519 87.735737763345242 12.270700134336947 4303.8663852848113 102.28420481085777 95.329877857118845 14.791737876832483 15.871044576168059 95.052943639457226 49.11113515496254 31.60210382938385 37.293623961508274 279.18536372855306 72.213636010885239 71.496905565261841 31.115882083773613 93.093937508761883 175.86328718066216 12.521741449832914
leaf_count=222 4319 937 116 157 72 779 287 271 488 62 72 4426 1213 219 24860 735 625 67 65 489 276 255 181 1350 394 356 135 582 853 76
internal_value=-7.72239e-05 0.00110903 0.0016323 0.0196789 0.0133721 0.0172235 0.00131805 -0.012575 -0.0347933 0.043352 -0.0552623 0.000309695 -0.0331745 0.0356103 0.000947565 -0.0062486 -0.0281844 0.00760956 0.0137643 -0.0380933 0.0206864 0.0248693 0.0190118 0.0285088 0.030689 0.0172288 -0.0272683 0.0302548 0.0176545 0.0464536
internal_weight=6812.58 6642.39 6570.89 448.685 401.601 386.561 240.288 192.771 141.394 146.273 113.396 6122.2 114.447 26.7113 6007.76 1703.89 659.687 1044.2 941.92 110.924 830.996 781.885 132.624 750.282 735.491 456.305 103.33 352.976 281.479 188.385
internal_count=44939 40620 39683 2410 2188 2116 1275 988 717 841 560 37273 1548 335 35725 10865 5232 5633 4898 554 4344 4068 806 3813 3746 2396 529 1867 1511 929
is_linear=0
shrinkage=0.05


Tree=47
num_leaves=31
num_cat=0
split_feature=18 6 17 19 6 18 15 18 18 18 18 4 19 17 17 1 17 3 3 18 1 17 11 19 6 6 4 19 15 19
split_gain=141.103 62.6502 58.0021 56.8819 57.4115 58.0047 71.659 66.2821 81.4027 64.0611 52.4987 58.5177 104.43 152.445 137.714 97.449 99.8417 89.8537 88.4744 76.6961 103.36 76.3531 67.5912 64.4641 110.504 72.8245 65.2469 62.1746 56.806 55.7749
threshold=0.00029422109830058138 0.030726137132956587 0.00014150000000000005 -0.00025949999999999991 -0.016409951039707649 -1.2472525230579832e-05 2.0500000000000004e-05 3.4328236746484471e-05 4.0130563875190427e-05 0.00017656504807776239 -0.00076132104624072785 -0.23499999999999993 -0.00011349999999999998 0.00027650000000000005 0.00016350000000000004 76.885000000000005 0.00068650000000000015 0.16500000000000004 0.16500000000000004 -0.00019582485447029195 107.96500000000002 0.00075250000000000002 9.3483420669180841 0.00015750000000000001 -0.031188098427732146 -0.023381552098277761 -0.26499999999999985 -0.00064749999999999996 -0.00064849999999999988 -0.00040649999999999996
decision_type=2 2 2 2 2 2 2 2 2 2 2 2 2 2 2 2 2 2 2 2 2 2 2 2 2 2 2 2 2 2
left_child=1 2 3 -1 -5 6 -6 -7 -9 -10 -4 12 -12 14 18 16 27 -15 -14 -19 -21 -18 29 25 -25 26 -16 -13 -29 -17
right_child=-2 -3 10 4 5 7 -8 8 9 -11 11 15 13 17 23 22 21 19 -20 20 -22 -23 -24 24 -26 -27 -28 28 -30 -31
leaf_value=0.071851010620675199 -0.046019008388445012 -0.046386636694560869 -0.045851194626151684 0.062798911752219397 -0.072762234745546731 0.045041413204474592 0.010904845968807943 -0.092707966685661169 0.030353648673441848 -0.083086293683644619 0.051044250003724256 -0.054850412564679901 -0.092134863593639177 -0.012693868846713747 -0.035903071891539885 -0.041025946562369797 0.12719563381686491 0.049697778642001082 0.06324576722875834 -0.05183655501575779 0.079343841378083382 -0.0076612767266087331 0.0569575413350277 -0.046527844889745221 0.069689792939940834 -0.072496419929364883 0.040375416465327774 0.11592407170407953 0.0026731901921070059 -0.010102819672251594
leaf_weight=45.772759720683098 163.11393819376826 68.860081747174263 61.027921408414841 50.399183303117752 45.306665517389774 121.8645356670022 58.81267099827528 22.66829577088356 80.19799517095089 14.731211692094801 143.96203777194023 47.017997916787863 10.528073463588951 116.77367783710361 135.4022768586874 163.21542566642165 28.321638189256191 278.05616387724876 70.57653634250164 46.356661319732666 22.210445418953896 16.675966665148735 34.915162816643715 42.058854281902313 39.817451901733875 108.48894771933556 35.35480323433876 11.109756387770174 3313.1212825253606 1368.0342617705464
leaf_count=222 4319 937 867 324 222 720 339 95 416 72 771 692 49 724 634 1947 130 1354 385 204 97 159 193 232 199 478 165 67 18431 9495
internal_value=-7.89048e-05 0.00105619 0.00155627 0.0190933 0.0129638 0.00565365 -0.0255022 0.0192004 -0.00757832 0.0127499 0.000290568 0.000757401 0.0114873 0.0051991 -0.0158003 -0.00150293 0.00323166 0.0252392 0.043076 0.0380184 -0.00934424 0.0772181 -0.0118304 -0.0290234 0.00999022 -0.0404624 -0.0201098 0.00224413 0.00305168 -0.0133989
internal_weight=6764.75 6601.64 6532.78 439.753 393.981 343.581 104.119 239.462 117.598 94.9292 6093.03 6032 1049.59 905.624 442.227 4982.41 3416.25 463.397 81.1046 346.623 68.5671 44.9976 1566.16 361.122 81.8763 279.246 170.757 3371.25 3324.23 1531.25
internal_count=44939 40620 39683 2410 2188 1864 561 1303 583 488 37273 36406 5292 4521 2142 31114 19479 2379 434 1655 301 289 11635 1708 431 1277 799 19190 18498 11442
is_linear=0
shrinkage=0.05


Tree=48
num_leaves=31
num_cat=0
split_feature=18 6 17 19 6 18 18 18 17 0 18 19 18 4 19 17 17 1 17 3 3 18 1 17 11 19 6 6 4 19
split_gain=133.031 58.7074 53.4452 53.353 54.3048 53.0927 67.6759 61.3333 74.6247 90.5576 69.1111 52.2799 48.9968 53.5085 96.6885 138.886 126.814 88.5089 89.8908 82.0373 81.8466 69.379 94.9666 68.1469 61.1042 58.6461 101.939 67.3254 59.3707 58.617
threshold=0.00029422109830058138 0.030726137132956587 0.00014150000000000005 -0.00025949999999999991 -0.016409951039707649 -1.2472525230579832e-05 -4.494826219522822e-05 3.4328236746484471e-05 0.00012450000000000002 97.500000000000014 0.00017656504807776239 7.9500000000000021e-05 -0.00076132104624072785 -0.23499999999999993 -0.00011349999999999998 0.00027650000000000005 0.00016350000000000004 76.885000000000005 0.00068650000000000015 0.16500000000000004 0.16500000000000004 -0.00019582485447029195 107.96500000000002 0.00075250000000000002 9.3483420669180841 0.00015750000000000001 -0.031188098427732146 -0.023381552098277761 -0.26499999999999985 -0.00064749999999999996
decision_type=2 2 2 2 2 2 2 2 2 2 2 2 2 2 2 2 2 2 2 2 2 2 2 2 2 2 2 2 2 2
left_child=1 2 3 -1 -5 6 11 -7 -9 -10 -11 -6 -4 14 -14 16 19 18 29 -16 -17 -22 -23 -20 -19 27 -27 28 -18 -15
right_child=-2 -3 12 4 5 7 -8 8 9 10 -12 -13 13 17 15 20 25 24 23 -21 21 22 -24 -25 -26 26 -28 -29 -30 -31
leaf_value=0.070373285900380819 -0.045657932539904938 -0.045793607963824187 -0.045038669945158226 0.061981918126096297 0.060179578275875827 0.043727351474856797 -0.058376269042486467 0.062494583263443204 -0.090908485206770612 0.048155513674427157 -0.080787767338788077 -0.061167438382005584 0.049543637379614536 -0.05460248743927161 -0.089179281401904675 -0.012100923530131263 -0.034449334535645394 -0.012821761066241878 0.12013703507859047 0.06192165100611724 0.04751420224207456 -0.049772667530217973 0.07715195532597624 -0.0073111209861738613 0.054034138306935556 -0.045178824521615923 0.067619930599007269 -0.06995626706553236 0.038468838555800897 0.002896583542532962
leaf_weight=44.431233868002892 156.35509448498487 66.328643336892128 59.07242001965642 48.55703404545784 29.743295386433601 119.31597226858139 60.649454548954964 28.867349088191986 36.128361746668816 37.325904965400696 14.401182129979132 12.651422359049318 140.98284101486206 44.92284382507205 10.337940122932194 116.38109625130892 134.09419985115528 1520.6797184422612 28.481397792696953 68.533477112650871 276.33705396950245 45.877239003777504 21.711972296237946 16.602822791785002 34.962589025497437 41.171765826642513 39.005178935825825 106.848443582654 35.254255428910255 3326.7310114838183
leaf_count=222 4319 937 867 324 160 720 314 158 155 198 72 87 771 692 49 724 634 11442 130 385 1354 204 97 159 193 232 199 478 165 18498
internal_value=-7.72722e-05 0.00100807 0.00148565 0.0184763 0.0125279 0.00544602 -0.0244983 0.0185184 -0.00725062 -0.0301673 0.0122568 0.0239672 0.000275827 0.000721304 0.0110554 0.00499639 -0.0152529 -0.00143293 0.00306829 0.0421163 0.0241432 0.0364079 -0.00900013 0.0732027 -0.0113192 -0.0279497 0.0096965 -0.038878 -0.0192695 0.00213048
internal_weight=6722.74 6566.39 6500.06 432.071 387.64 339.083 103.044 236.039 116.723 87.8554 51.7271 42.3947 6067.99 6008.92 1036.54 895.553 435.245 4972.38 3416.74 78.8714 460.307 343.926 67.5892 45.0842 1555.64 356.374 80.1769 276.197 169.348 3371.65
internal_count=44939 40620 39683 2410 2188 1864 561 1303 583 425 270 247 37273 36406 5292 4521 2142 31114 19479 434 2379 1655 301 289 11635 1708 431 1277 799 19190
is_linear=0
shrinkage=0.05


Tree=49
num_leaves=31
num_cat=0
split_feature=19 6 15 17 18 4 18 17 19 6 18 15 18 17 0 18 20 19 15 17 5 15 19 18 17 6 1 4 16 14
split_gain=126.179 66.9331 48.3734 49.047 54.3412 60.6264 53.5535 117.016 49.9564 51.2684 49.0355 63.434 56.6008 69.0697 82.0077 63.7633 48.7077 119.672 64.3913 89.6911 81.655 52.8505 53.7993 48.582 47.0847 44.8534 69.6517 46.5275 73.0935 78.3654
threshold=-0.00064749999999999996 0.030726137132956587 -0.00074049999999999995 0.00014150000000000005 0.00022862703335874032 0.055 0.00021234164130413093 0.00026650000000000008 -0.00025949999999999991 -0.016409951039707649 -1.2472525230579832e-05 2.0500000000000004e-05 3.4328236746484471e-05 0.00012450000000000002 97.500000000000014 0.00017656504807776239 -0.00029968206045723563 -4.2499999999999996e-05 4.4500000000000004e-05 0.00036650000000000002 1.0000000180025095e-35 -0.00016449999999999996 -0.00023449999999999998 7.7032546699873499e-05 0.00011850000000000002 -0.0562976213079679 40.345000000000006 -0.014999999999999956 -0.00018349999999999999 2.3500000000000005e-05
decision_type=2 2 2 2 2 2 2 2 2 2 2 2 2 2 2 2 2 2 2 2 2 2 2 2 2 2 2 2 2 2
left_child=-1 2 -2 8 6 -6 16 -8 -4 -10 11 -11 -12 -14 -15 -16 17 21 20 -20 -19 22 -5 -24 -13 26 -18 28 -27 -30
right_child=1 -3 3 4 5 -7 7 -9 9 10 12 24 13 14 15 -17 25 18 19 -21 -22 -23 23 -25 -26 27 -28 -29 29 -31
leaf_value=-0.039544569057703337 0.12810952138219375 -0.046134227152125271 0.06902221965018851 -0.04049094127596297 0.04595745478019566 -0.048344348378522729 0.075348786717689298 -0.056093298513611056 0.061215824049755133 -0.069457444468839266 0.0424461087874538 0.066239172121819456 0.06129814360350623 -0.086851848303520274 0.046552306602042758 -0.078692778501044766 0.049975757982168967 0.077895974898067211 0.057033101209923012 -0.043126653355644556 -0.035851555615519587 -0.044720402597021106 0.065978383720837031 -0.058247983806147985 -0.026373546632278855 0.033165118641511192 -0.051864303638358346 -0.0021082966145915556 0.013769932927579741 -0.0047486402377697069
leaf_weight=196.52954100072384 7.5553393773734561 74.076037157326937 43.070408925414085 41.508754726499319 20.459958277642727 102.07202135771513 63.202502429485321 23.128487028181553 46.752224773168564 43.376762628555298 116.83553347736597 22.899456769227982 27.981774255633354 35.929695203900337 36.697004392743111 14.054148539900778 21.170273497700691 19.200746707618237 107.48921147733927 28.219202987849712 88.495748430490494 245.33978154882789 35.276929534971714 10.130283638834952 34.251028813421726 249.16547402739525 81.132735352963209 2558.5693836733699 1159.5270611159503 1126.0846322253346
leaf_count=4401 56 1224 222 338 190 1997 289 243 324 222 720 129 158 155 198 72 94 98 497 159 504 1966 170 92 210 1271 603 16456 6221 5660
internal_value=-7.46648e-05 0.00112173 0.00166787 0.00151865 0.000356295 -0.0325982 0.00104565 0.0401348 0.0179964 0.0121943 0.00529157 -0.0238674 0.0179537 -0.0070028 -0.0290513 0.0118691 0.000460925 -0.0133387 0.0132963 0.0362059 -0.015572 -0.0328511 0.000652557 0.0382637 0.0107352 0.00198988 -0.0307898 0.00264828 0.00744951 0.00464613
internal_weight=6680.18 6483.65 6409.58 6402.02 5980.17 122.532 5857.64 86.331 421.848 378.778 332.025 100.527 231.498 114.663 86.6808 50.7512 5771.31 575.661 243.405 135.708 107.696 332.256 86.916 45.4072 57.1505 5195.65 102.303 5093.35 2534.78 2285.61
internal_count=44939 40538 39314 39258 36848 2187 34661 532 2410 2188 1864 561 1303 583 425 270 34129 3824 1258 656 602 2566 600 262 339 30305 697 29608 13152 11881
is_linear=0
shrinkage=0.05


Tree=50
num_leaves=31
num_cat=0
split_feature=19 6 3 20 0 6 4 19 0 17 19 14 19 17 4 17 17 6 5 3 17 15 19 6 16 17 6 17 0 16
split_gain=123.485 61.1879 48.1237 48.5251 47.5223 50.8479 68.5314 88.7426 74.7257 79.778 77.6613 77.5535 69.4129 102.69 290.648 111.578 81.1862 106.726 85.3569 83.2855 80.6445 94.9601 85.1866 78.3445 68.6199 79.3996 111.955 94.6212 112.255 128.759
threshold=-0.00064749999999999996 0.030726137132956587 0.075000000000000025 -0.00011739953942622068 40.500000000000007 -0.045340224111544439 -0.23499999999999993 0.00015750000000000001 105.50000000000001 0.00027450000000000006 -3.7499999999999997e-05 2.6500000000000004e-05 -0.00012849999999999995 0.00022350000000000004 0.21000000000000002 0.00013550000000000001 0.00024550000000000006 0.011809891078678858 0.070000000000000048 0.71500000000000008 0.00023550000000000001 0.00014650000000000001 -0.00041949999999999995 0.015211609136733641 0.00043250000000000005 0.00019550000000000001 -0.023807386515108681 0.00021850000000000003 88.500000000000014 -0.00015149999999999997
decision_type=2 2 2 2 2 2 2 2 2 2 2 2 2 2 2 2 2 2 2 2 2 2 2 2 2 2 2 2 2 2
left_child=-1 2 -2 4 -4 -6 8 12 10 11 -7 -10 13 14 15 -8 18 -18 20 -19 21 -15 -22 -16 25 -14 -27 -28 29 -29
right_child=1 -3 3 -5 5 6 7 -9 9 -11 -12 -13 24 16 23 -17 17 19 -20 -21 22 -23 -24 -25 -26 26 27 28 -30 -31
leaf_value=-0.039898997058287089 -0.053170578588818622 -0.045427681235457547 -0.015544065920531567 0.023855134481108473 -0.028203167595959852 0.04992258176766777 0.06576682209179853 -0.053172861728317339 0.059401491595789259 0.05811014173394119 -0.0094449633751751902 -0.011165583609833118 0.016413204243675518 -0.034307203708025556 -0.040918392185353168 -0.044970795868714379 0.0018710847962234529 0.096221371325834693 0.096646028727930003 -0.050829425870167456 -0.065480646667953599 0.077399921274619227 0.078078404056844825 0.071976032833499487 0.069279069339414245 -0.068480004764705338 -0.030256120711957726 0.057706614486057253 0.022892486736471748 -0.019931277555451397
leaf_weight=189.37187695689499 39.891566753387451 70.000484671443701 403.07763889804482 242.47278421372175 134.09940733760595 67.53969345241785 23.954265415668488 74.943317860364914 56.358464628458023 172.18672079592943 298.76519390195608 125.93724873661995 1086.2208747789264 91.150761723518372 18.643809420987964 451.44772085733712 1372.1140749845654 10.293079994618891 38.960394620895386 149.21354383230209 12.300472691655157 24.042947515845299 64.622927531599998 87.448819775134325 44.26542953401804 60.243819430470467 198.85861810669303 61.114695906639099 548.71868079900742 423.25050098076463
leaf_count=4404 814 1203 2367 1321 736 382 138 646 342 869 1438 599 6085 689 184 4046 8809 44 170 1914 70 115 274 553 191 285 1142 318 2629 2162
internal_value=-0.00010314 0.00106488 0.00157482 0.00191916 0.00104718 0.00222111 0.00295456 0.00081327 0.0173385 0.0337038 0.00150129 0.0106509 0.00166202 -0.0044717 -0.0226919 -0.039391 0.00153894 -0.00262903 0.029165 -0.0413401 0.0154802 -0.010992 0.0551225 0.0521369 0.00759706 0.00644907 -0.00192685 0.00132769 0.00740727 -0.0101353
internal_weight=6641.51 6452.14 6382.14 6342.25 6099.77 5696.7 5562.6 4841.81 720.787 354.482 366.305 182.296 4766.87 2344.19 581.495 475.402 1762.7 1531.62 231.078 159.507 192.117 115.194 76.9234 106.093 2422.67 2378.41 1292.19 1231.94 1033.08 484.365
internal_count=44939 40535 39332 38518 37197 34830 34094 30464 3630 1810 1820 941 29818 17006 4921 4184 12085 10767 1318 1958 1148 804 344 737 12812 12621 6536 6251 5109 2480
is_linear=0
shrinkage=0.05


Tree=51
num_leaves=31
num_cat=0
split_feature=18 4 19 17 20 17 17 0 17 17 17 17 0 18 0 6 5 18 19 19 15 3 19 15 16 4 15 19 19 20
split_gain=119.811 49.2932 47.7228 100.203 64.0328 58.671 115.469 106.378 98.3771 128.003 86.0579 154.587 143.878 127.538 94.9552 78.4634 67.3275 72.3838 65.3763 64.876 80.5432 63.0605 136.54 79.1024 64.165 61.0575 59.654 71.8222 96.5581 122.663
threshold=0.00029422109830058138 0.32500000000000012 -0.00041949999999999995 0.00022950000000000002 -0.00011739953942622068 0.0006395000000000002 0.00054450000000000017 150.50000000000003 0.00037450000000000005 0.00035950000000000006 0.00034050000000000004 0.00031450000000000006 237.50000000000003 6.2815136741468992e-05 71.500000000000014 0.0022658779137502624 0.58500000000000019 9.1570619444335648e-06 0.00024350000000000004 4.5500000000000008e-05 0.00022750000000000003 0.48500000000000004 9.5000000000000022e-06 -0.00010849999999999999 -0.00034949999999999993 0.10000000000000007 0.00015550000000000001 -0.00039549999999999996 -0.00012849999999999995 -0.000177368125154159
decision_type=2 2 2 2 2 2 2 2 2 2 2 2 2 2 2 2 2 2 2 2 2 2 2 2 2 2 2 2 2 2
left_child=1 2 3 -1 5 6 8 15 9 10 11 14 -12 -13 19 -8 17 -11 26 20 -4 -10 23 24 -23 -26 27 -16 29 -29
right_child=-2 -3 4 -5 -6 -7 7 -9 21 16 12 13 -14 -15 18 -17 -18 -19 -20 -21 -22 22 -24 -25 25 -27 -28 28 -30 -31
leaf_value=0.076925530998978739 -0.046047861122205547 -0.054639087145054714 -0.013748837271401368 -0.020129392030380985 0.029609220855402303 -0.045832597218532625 0.071888876583649952 -0.078855253131287106 -0.059864016315630091 0.073127271970198193 -0.046558148210028745 0.045062470247758855 0.091320892390709354 -0.059743098306056286 0.05925026107317493 -0.058572578702377892 -0.061216883403760358 -0.057247313967439144 0.056182295315779965 -0.051665916492801472 0.06128234095234867 -0.071954046723373036 0.10109409279911825 -0.038158413244214755 0.060049451748077833 -0.05508812656515874 -0.018810963528142939 -0.016027344371084197 0.010550439361611489 0.021471489744184055
leaf_weight=28.321699719876051 138.91034506075084 39.726862631738186 669.93089653179049 436.00433923304081 209.14591471105814 64.884335160255432 121.81962255388498 15.481278963387011 89.034831076860428 114.53099839389324 171.58091194555163 308.23783688992262 21.265791431069374 32.045341551303864 59.386126432567835 12.729334451258181 12.370949052274225 11.737261340022085 58.362127494066954 106.12026121467352 37.784512434154749 16.308962523937225 24.513170078396797 213.38571779057384 59.239123530685902 14.292582977563141 292.28414766490459 937.69269465282559 1990.1296155452728 284.17009830474854
leaf_count=150 4316 480 4163 4611 1055 448 592 75 776 488 1209 1507 92 271 328 113 203 77 352 696 175 95 103 1330 277 178 1528 7087 10610 1554
internal_value=-0.000104213 0.000884866 0.00122883 -0.0142095 0.00243392 0.00144363 0.00198421 0.0452649 0.000808804 0.00271477 0.00139262 0.00271483 -0.0313538 0.0351927 0.000223393 0.0595463 0.050102 0.0610083 0.00369103 -0.0152095 -0.00974297 -0.0225491 -0.012412 -0.0215879 0.0177696 0.0376698 0.00283138 0.00476503 0.00375766 -0.0073062
internal_weight=6591.43 6452.52 6412.79 464.326 5948.46 5739.32 5674.43 150.03 5524.4 5107.63 4968.99 4776.14 192.847 340.283 4435.86 134.549 138.639 126.268 3622.02 813.836 707.715 416.774 327.74 303.226 89.8407 73.5317 3563.66 3271.38 3211.99 1221.86
internal_count=44939 40623 40143 4761 35382 34327 33879 780 33099 30340 29572 28271 1301 1778 26493 705 768 565 21459 5034 4338 2759 1983 1880 550 455 21107 19579 19251 8641
is_linear=0
shrinkage=0.05


Tree=52
num_leaves=31
num_cat=0
split_feature=18 4 20 19 20 17 14 17 17 17 18 3 19 17 17 0 18 19 17 18 17 17 18 1 11 0 20 5 4 17
split_gain=113.025 46.3184 47.2144 112.426 75.1561 70.2754 86.0833 69.8464 122.912 85.8425 84.8726 70.0604 68.6933 98.393 132.424 92.6198 83.6722 122.486 103.5 67.5518 64.8713 140.796 63.6308 63.088 62.3108 62.1614 61.6001 81.2883 63.2593 92.284
threshold=0.00029422109830058138 0.32500000000000012 -0.00024888625845880815 -6.4499999999999982e-05 -0.00026398689003869901 0.00023150000000000002 0.00010750000000000001 0.00025750000000000008 0.00025450000000000006 0.00031550000000000008 0.00018734325640044395 0.58500000000000008 -3.0499999999999999e-05 0.00014250000000000002 0.00016250000000000002 63.500000000000007 -7.6279601737032388e-06 -0.00038549999999999994 0.00038350000000000005 -0.00020435355785544259 0.00019450000000000004 0.00021750000000000003 -5.1393262954865226e-05 34.295000000000009 9.323100145339497 119.50000000000001 -0.00021012071213913561 0.17000000000000001 -0.26499999999999985 0.00029350000000000009
decision_type=2 2 2 2 2 2 2 2 2 2 2 2 2 2 2 2 2 2 2 2 2 2 2 2 2 2 2 2 2 2
left_child=1 2 3 5 25 6 22 8 10 -9 11 -7 13 -4 23 -14 17 -16 20 -6 -19 -22 -1 -15 -11 -5 -17 -28 29 -29
right_child=-2 -3 12 4 19 7 -8 9 -10 24 -12 -13 15 14 16 26 -18 18 -20 -21 21 -23 -24 -25 -26 -27 27 28 -30 -31
leaf_value=0.063886861203796247 -0.045714472650374038 -0.05406833896217296 0.04635058705384195 0.0010713690794694117 0.034444339537672161 0.092469601135889437 0.09627636044003722 -0.041189099221573613 0.10513098127960528 -0.0080730939186393659 0.097743375327301679 -0.032672348713355302 -0.037422761623226213 0.048024489447576056 -0.033215693265623673 0.013129603228567524 0.0022293423475975758 0.071462798042436312 -0.0085735952921828628 -0.0317949924235542 -0.038296321028375997 0.037041621768587558 -0.050384969758622972 -0.046958191323167003 0.069329045016748123 0.028210760811645908 -0.045050998771460397 -0.03663312537144222 0.054143733349813108 0.022204059761665725
leaf_weight=12.826138168573378 133.07514279522002 38.178215492516756 159.02567545697093 466.5106898881495 48.243242025375366 12.617642462253569 11.316266827285288 226.39278520271182 33.747817158699036 373.17444345727563 18.304296374320984 98.450506541877985 198.20300448313355 19.704469576478004 96.22374652326107 461.52747574448586 1803.0425498969853 102.14628814160824 172.54773979634047 190.38022922351956 70.030684128403664 541.85954093188047 242.68284260854125 155.01805546879768 27.948798902332783 385.20771630853415 136.64316040277481 138.62215233594179 47.740804463624954 128.35010601952672
leaf_count=90 4316 480 973 2570 393 51 63 1942 170 2809 75 703 1103 119 814 2585 11757 463 955 1008 400 2675 2365 1279 135 2005 965 690 210 776
internal_value=-0.000105282 0.000840606 0.00116926 -0.00486823 0.00639742 -0.0164842 -0.038672 -0.0089962 0.020152 -0.0165732 -0.0020154 -0.0184559 0.00423433 0.00803663 0.00597862 -0.00644139 0.00862688 0.0203637 0.0261788 -0.0184032 0.0345768 0.0284192 -0.0446487 -0.0362464 -0.00268 0.0133457 0.000285204 -0.0128486 0.00113308 -0.00834644
internal_weight=6549.74 6416.67 6378.49 2147.8 1090.34 1057.46 266.825 790.636 163.12 627.516 129.372 111.068 4230.69 3119.6 2960.57 1111.09 2785.85 982.808 886.584 238.623 714.037 611.89 255.509 174.723 401.123 851.718 912.884 451.356 314.713 266.972
internal_count=44939 40623 40143 14379 5976 8403 2518 5885 999 4886 829 754 25764 19435 18462 6329 17064 5307 4493 1401 3538 3075 2455 1398 2944 4575 5226 2641 1676 1466
is_linear=0
shrinkage=0.05


Tree=53
num_leaves=31
num_cat=0
split_feature=18 3 6 19 17 20 0 17 17 7 17 17 0 17 17 5 17 17 0 0 0 19 6 19 20 15 18 0 4 6
split_gain=106.607 43.8434 44.3459 40.6354 97.662 61.3437 53.1407 55.668 118.25 52.4505 51.8492 108.1 96.5225 94.3495 107.727 85.4776 84.1875 153.639 126.617 104.229 81.0737 83.0815 70.467 66.5388 71.2084 83.6077 90.5565 69.4998 64.1353 130.05
threshold=0.00029422109830058138 0.075000000000000025 0.030726137132956587 -0.00041249999999999994 0.00022950000000000002 -0.00011739953942622068 256.50000000000006 0.00068650000000000015 0.00075250000000000002 -0.099999999999999992 0.0006395000000000002 0.00054450000000000017 150.50000000000003 0.00038150000000000006 0.00035950000000000006 0.58500000000000019 0.00034050000000000004 0.00032950000000000004 234.50000000000003 120.50000000000001 71.500000000000014 0.00024350000000000004 0.0022658779137502624 -3.8499999999999994e-05 -0.00025170453059341626 -4.0499999999999995e-05 4.0130563875190427e-05 31.500000000000004 0.23000000000000004 0.014761961450127693
decision_type=2 2 2 2 2 2 2 2 2 2 2 2 2 2 2 2 2 2 2 2 2 2 2 2 2 2 2 2 2 2
left_child=1 -1 3 4 -3 10 7 -6 -9 -7 11 13 22 14 16 -16 17 20 -18 -19 23 28 -13 24 -5 -26 27 -27 -22 -30
right_child=-2 2 -4 5 6 9 -8 8 -10 -11 -12 12 -14 -15 15 -17 18 19 -20 -21 21 -23 -24 -25 25 26 -28 -29 29 -31
leaf_value=-0.053052662575016452 -0.045375269585740424 0.08032868313577235 -0.043186253067208254 -0.048025840117830162 -0.026188049456678394 -0.0081305956802745754 0.15003590098239916 0.099366087559531954 -0.054270518174245101 0.046809116512711149 -0.043996883092636385 0.069785866436012145 -0.077524987909811299 -0.023555867925899213 0.055404318000786934 -0.065885498415729729 -0.046284167908481763 0.069412840355598013 0.07996987091885005 -0.043384674522664993 0.0021190737331203322 0.060498861635226664 -0.058070732247914418 -0.026569859020903405 -0.024646962561808983 -0.0039095436496854102 -0.028904030188120829 0.062958070541355479 -0.050089083924582528 0.069309131797638243
leaf_weight=37.574551276862621 127.50760525278747 26.713864430785179 55.984388319775462 62.365435991436243 393.27728292346001 63.100274436175823 4.6518574990332118 27.567659422755241 22.951191708445549 139.44990308955312 61.43400214612484 119.32138655334711 14.543503522872923 363.52428074553609 144.00312010198832 16.155570141971111 166.45766773447394 130.79659543186426 22.548187062144279 24.282045468688011 3492.2547007389367 64.754486620426178 11.846459891647099 430.79549792781472 118.42784006148577 55.033519968390465 56.52450330927968 132.21733637154102 30.507658526301384 90.343882150948048
leaf_count=814 4316 117 911 667 4154 298 34 188 389 698 438 587 71 2192 652 99 1204 587 100 158 20486 339 110 2411 717 270 463 646 265 558
internal_value=-0.000106618 0.000798183 0.00111724 0.00151183 -0.0125465 0.00266143 -0.018079 -0.0198412 0.0295675 0.0296938 0.0016851 0.00219106 0.0446879 0.00104455 0.00281982 0.0431695 0.00149484 0.0028138 -0.0312222 0.0517511 0.00113969 0.00436435 0.0582385 -0.0127256 0.00132174 0.00981858 0.0265622 0.0433055 0.0033583 0.0391683
internal_weight=6506.92 6379.41 6341.83 6285.85 475.162 5810.69 448.448 443.796 50.5189 202.55 5608.14 5546.7 145.711 5400.99 5037.47 160.159 4877.31 4688.3 189.006 155.079 4533.22 3677.86 131.168 855.364 424.569 362.203 243.775 187.251 3613.11 120.852
internal_count=44939 40623 39809 38898 4882 34016 4765 4731 577 996 33020 32582 768 31814 29622 751 28871 27567 1304 745 26822 21648 697 5174 2763 2096 1379 916 21309 823
is_linear=0
shrinkage=0.05


Tree=54
num_leaves=31
num_cat=0
split_feature=18 4 3 20 5 6 18 6 20 11 18 11 0 6 14 18 6 14 3 4 18 4 18 18 4 16 16 2 0 3
split_gain=100.961 42.7768 41.9341 40.4365 94.2098 102.677 96.2947 113.079 81.2853 89.6147 83.0732 65.3231 64.2319 54.9762 52.573 78.8377 84.6587 77.5892 72.5208 75.0455 56.6945 76.2959 52.9794 45.7844 43.9514 52.8688 43.384 53.1997 41.2028 52.3511
threshold=0.00031860358301211595 0.32500000000000012 0.075000000000000025 -0.00024888625845880815 0.39500000000000007 -0.023807386515108681 -0.00018268285039207418 -0.012047019212738609 -0.00026464734331376377 9.323100145339497 -0.00016714975906195742 9.1537424718864333 51.500000000000007 -0.0562976213079679 5.5000000000000007e-06 -1.0646332863986301e-05 0.0017533259781095641 -4.4499999999999991e-05 0.66500000000000015 0.21500000000000005 -5.3744186619574522e-05 -0.044999999999999978 -9.8404200727274756e-05 -0.00010530821551696136 0.030000000000000002 -1.0000000180025095e-35 0.00024050000000000002 0.22219873028890622 45.500000000000007 0.84500000000000008
decision_type=2 2 2 2 2 2 2 2 2 2 2 2 2 2 2 2 2 2 2 2 2 2 2 2 2 2 2 2 2 2
left_child=1 2 -1 4 5 12 7 -7 9 10 -8 13 -4 -5 15 16 22 -17 -18 -20 21 -16 -12 -10 25 -13 -6 -28 -15 -30
right_child=-2 -3 3 11 26 6 8 -9 23 -11 14 24 -14 28 20 17 18 -19 19 -21 -22 -23 -24 -25 -26 -27 27 -29 29 -31
leaf_value=-0.052898744186557371 -0.047477099358964436 -0.053249481267546611 0.074214200350759485 -0.04139306501772784 0.050698708510204672 0.087197304408151544 0.087989062188559342 0.0025452371465871028 -0.053333977443342451 0.050999327319741099 0.033394719883387387 0.053639724510266197 -0.070888718839350981 -0.0089721333575707943 0.029752722722467841 -0.0060040669747144738 0.10142241980508587 0.035130029085098678 -0.055234920869207893 0.12363470253737573 -0.032861326735804428 -0.039632781816744622 -0.053731505706126573 -0.017011908051790089 -0.037323195653115523 -0.011793909282889691 0.06569820474325154 -0.066441636110121702 0.010762387597033355 -0.010390198926773196
leaf_weight=35.84338953346014 110.55692818574607 36.508246779441833 8.3690134584903699 59.668908827006817 107.18036611378193 58.710443079471588 23.510582268238068 120.25396313145757 116.54174538701773 76.006010729819536 20.052881717681885 35.83705522865057 85.989733502268791 364.88177219033241 104.34796880930662 240.28890104964375 21.511537544429302 219.23704110085964 26.59920471906662 7.5223055966198435 299.7126521486789 63.868801809847355 134.3273558318615 339.49872016720474 142.31246414780617 222.7280286103487 12.392868816852568 19.765005260705948 3029.7545592188835 323.76686510816216
leaf_count=814 3955 501 40 369 575 259 101 883 688 399 113 198 419 2085 491 1896 95 1546 302 67 2428 422 741 2423 1006 1315 54 114 17235 3405
internal_value=-0.000106345 0.000717499 0.00102922 0.00133679 -0.00431327 -0.00712858 -0.00456342 0.0303159 -0.0082504 -0.00159822 -0.00504164 0.00418374 -0.058019 0.00622004 -0.00696451 0.00202185 -0.0233575 0.0136208 0.029525 -0.015802 -0.0198227 0.00340833 -0.0424144 -0.0262941 -0.0150073 -0.00272482 0.0354165 -0.0155181 0.00698408 0.0087202
internal_weight=6467.55 6356.99 6320.48 6284.64 2105.69 1966.35 1871.99 178.964 1693.03 1236.99 1160.98 4178.95 94.3587 3778.07 1137.47 669.539 210.013 459.526 55.633 34.1215 467.929 168.217 154.38 456.04 400.878 258.565 139.338 32.1579 3718.4 3353.52
internal_count=44939 40984 40483 39669 14056 13313 12854 1142 11712 8601 8202 25613 459 23094 8101 4760 1318 3442 464 369 3341 913 854 3111 2519 1513 743 168 22725 20640
is_linear=0
shrinkage=0.05


Tree=55
num_leaves=31
num_cat=0
split_feature=18 6 18 0 6 5 1 1 14 17 0 17 6 5 18 17 20 17 6 16 4 0 20 16 17 17 17 17 20 17
split_gain=96.471 43.904 44.6142 38.8101 48.6501 53.2195 112.563 87.7205 93.1379 78.0122 77.7404 100.004 76.2563 74.8922 129.377 91.1077 66.8139 71.3694 69.7331 65.8401 61.2605 60.0698 84.4595 103.9 119.743 74.7857 70.1344 186.051 109.767 80.5344
threshold=0.0003444294459816071 0.030726137132956587 -0.00076132104624072785 42.500000000000007 -0.045340224111544439 0.20000000000000001 104.46500000000002 143.50500000000002 8.5500000000000018e-05 0.00036850000000000007 167.50000000000003 0.00023750000000000003 -0.028895959482161861 0.28500000000000009 -9.5003319797099729e-05 0.00023050000000000005 -0.00022093403810048836 0.00027650000000000005 -0.020561974789915966 -0.0033754999999999996 -0.5249999999999998 156.50000000000003 -0.00028170681781141825 -0.00025649999999999995 0.00022350000000000004 0.00068650000000000015 0.0001485 0.00018650000000000001 -0.00018812203513026237 0.00010850000000000002
decision_type=2 2 2 2 2 2 2 2 2 2 2 2 2 2 2 2 2 2 2 2 2 2 2 2 2 2 2 2 2 2
left_child=1 2 -1 -4 -5 7 10 21 -9 -8 13 12 -12 14 19 -16 -15 18 -18 -7 -19 22 23 -6 -25 -24 28 -28 29 -23
right_child=-2 -3 3 4 5 6 9 8 -10 -11 11 -13 -14 16 15 -17 17 20 -20 -21 -22 26 25 24 -26 -27 27 -29 -30 -31
leaf_value=-0.044864548161919121 -0.051410672485341251 -0.042908573523652592 -0.012194359484424535 -0.027121562686073769 0.054146142728878736 -0.059504690140659094 0.039304756295678867 -0.035529261307443896 0.036039282046902599 -0.063125769987435076 0.061519026664563714 0.057727740281832952 -0.064151604560281225 -0.043468132740546832 0.045120345659164549 -0.042256549845032625 0.016121900048376471 -0.070776377525821249 -0.065133353172302844 0.063226166909976886 0.045893482212138119 -0.081760414309790905 0.010752495152738802 0.013897981915211844 -0.045593168194529653 0.093133546169118009 -0.048556779315574825 -0.00046618913791166461 -0.055954180901299035 0.038302315947716853
leaf_weight=52.049339063465595 89.585395535454154 56.8347949963063 470.17627071961761 133.20772465318441 50.395012618973851 12.095195740461348 383.04951995611191 277.78711358271539 54.35418937727809 19.536545448005199 17.796919286251068 118.25932266563177 37.519555695354939 170.99487699940801 41.493823915719986 106.16177035868168 47.371099263429642 13.006742484867571 59.65677547827363 113.19518969208002 83.365746699273586 14.882584244012831 2046.4857053551823 138.04286759719253 218.41352333314717 27.924788763746619 247.67874573916197 1069.8438940756023 42.79621610045433 227.04590142518282
leaf_count=870 3435 1022 2865 780 393 92 2152 2950 342 184 108 598 194 876 195 573 234 62 282 540 445 69 12614 1026 1657 224 1722 6786 237 1381
internal_value=0.000113176 0.000839908 0.00123492 0.00161929 0.00274445 0.00344995 0.0126776 0.000893106 -0.0238172 0.034334 0.00205712 0.0317714 -0.0237197 -0.00591037 0.0140078 -0.0177021 -0.0204313 -0.0010647 -0.0291694 0.0513781 0.0301473 0.00290298 0.00777613 -0.0130538 -0.0225544 0.0118615 -0.00464365 -0.00950665 0.0178592 0.0309165
internal_weight=6441.01 6351.42 6294.59 6242.54 5772.36 5639.15 1223.5 4415.65 332.141 402.586 820.917 173.576 55.3165 647.341 272.946 147.656 374.395 203.4 107.028 125.29 96.3725 4083.51 2481.26 406.851 356.456 2074.41 1602.25 1317.52 284.725 241.928
internal_count=44908 41473 40451 39581 36716 35936 6535 29401 3292 2336 4199 900 302 3299 1400 768 1899 1023 516 632 507 26109 15914 3076 2683 12838 10195 8508 1687 1450
is_linear=0
shrinkage=0.05


Tree=56
num_leaves=31
num_cat=0
split_feature=18 19 0 17 17 17 20 6 18 17 19 11 6 3 17 17 16 1 17 16 0 2 2 17 11 3 6 5 15 0
split_gain=91.5499 41.9282 77.7625 70.6453 55.0415 116.101 51.602 60.771 49.568 85.4397 69.1104 67.5334 64.7519 85.2885 63.018 110.71 86.6609 89.9177 119.745 80.0584 97.9337 64.1518 61.5637 96.4771 84.1914 64.6336 70.8148 61.3178 60.6059 68.7397
threshold=0.0003444294459816071 -0.00041249999999999994 279.50000000000006 0.00022750000000000003 0.00068650000000000015 0.00075250000000000002 -0.00011739953942622068 -0.01253944628204713 3.1222520943969305e-05 0.00043850000000000003 -0.00039549999999999996 9.4396651699425487 -0.01554716008391689 0.41500000000000004 0.00037450000000000005 0.00035950000000000006 -1.0000000180025095e-35 29.285000000000004 0.00027650000000000005 0.00025350000000000009 133.50000000000003 0.6413500330344567 0.60213720282222305 0.0001485 9.1306459770179114 0.64500000000000013 0.014111639718916234 0.58500000000000019 -1.8499999999999999e-05 74.500000000000014
decision_type=2 2 2 2 2 2 2 2 2 2 2 2 2 2 2 2 2 2 2 2 2 2 2 2 2 2 2 2 2 2
left_child=1 2 3 -1 -5 -6 8 -8 11 10 -10 14 -12 -14 15 16 17 18 -3 -16 -21 -19 23 25 -25 -15 -27 -17 29 -18
right_child=-2 6 -4 4 5 -7 7 -9 9 -11 12 -13 13 22 19 27 28 21 -20 20 -22 -23 -24 24 -26 26 -28 -29 -30 -31
leaf_value=0.064163104246532085 -0.051340116555624961 0.059408211184587473 0.191435324433233 -0.026206864407377451 0.093855260439273225 -0.054002450083169409 0.0023115281685721235 0.056695082472450642 0.045165715703681379 0.0667793466035147 0.035216450231200784 0.052176413338966582 -0.064379099084505814 0.064298742577298673 -0.020935763552463783 0.064509181425505532 -0.017284020433659494 0.066187095728129156 -0.040073028192240207 0.070235850736168143 -0.068587453858416039 0.0036796066469318763 -0.034519048303177001 -0.0051478456032784184 -0.046792926902935711 -0.069662258468701652 0.028978267405797755 -0.060787394881928331 -0.0037102363208505827 0.017956906583578215
leaf_weight=26.470327749848366 85.330421982333064 47.264775797724724 4.5943166315555564 402.15200319513679 29.668171538040042 24.030250417068601 115.86400231346488 92.283327281475067 58.764887139201164 39.081327870488167 75.033184073865414 71.665311470627785 74.899927362799644 75.539060227572918 444.11322247982025 107.71508900821209 168.47296508774161 147.36334808170795 84.02465133368969 52.727063508704305 16.736827651038766 56.895208150148392 210.32162198610604 869.22768417187035 141.05554148554802 25.13850299268961 65.874479372054338 10.737860532477496 2004.4184339754283 774.50533640012145
leaf_count=163 3435 240 27 4666 237 446 605 466 377 221 417 351 443 401 2998 470 940 816 405 250 111 375 2266 6223 1153 179 492 198 11496 4041
internal_value=0.000103708 0.000798654 -0.0132968 -0.0152469 -0.0198581 0.0276884 0.00197594 0.0264228 0.00107076 -0.00626077 -0.00804947 0.00407745 -0.010084 -0.0124088 0.00319698 0.00566195 0.00394849 0.0280249 -0.00425934 -0.0131284 0.0367874 0.0487759 -0.00960264 -0.00514963 -0.0109623 0.0301094 0.00173298 0.0531509 0.00120749 0.0116607
internal_weight=6401.97 6316.64 486.915 482.321 455.85 53.6984 5829.72 208.147 5621.58 1634.94 1595.85 3986.64 1537.09 1462.06 3914.97 3401.4 3282.94 335.548 131.289 513.577 69.4639 204.259 1387.16 1176.84 1010.28 166.552 91.013 118.453 2947.4 942.978
internal_count=44908 41473 5539 5512 5349 683 35934 1071 34863 12172 11951 22691 11574 11157 22340 18981 18313 1836 645 3359 361 1191 10714 8448 7376 1072 671 668 16477 4981
is_linear=0
shrinkage=0.05


Tree=57
num_leaves=31
num_cat=0
split_feature=18 6 18 7 20 17 0 17 6 17 0 1 18 19 11 18 6 17 19 20 5 4 20 17 0 20 3 4 20 3
split_gain=86.8954 40.4813 40.5041 38.5623 44.7225 49.9417 38.585 40.5301 124.378 95.495 73.9821 71.9585 64.6142 85.0069 64.3731 69.9737 86.0804 82.4607 74.039 87.2201 70.3413 59.612 58.7293 57.8348 82.8025 76.3182 68.6363 92.1511 67.1083 62.9244
threshold=0.0003444294459816071 0.030726137132956587 -0.00076132104624072785 -0.215 -0.00011739953942622068 0.00024350000000000004 35.500000000000007 0.00054450000000000017 0.0047063439851740135 0.00044250000000000002 144.50000000000003 97.935000000000016 3.1222520943969305e-05 -0.00038549999999999994 9.4396651699425487 9.1570619444335648e-06 0.0034513705289543669 0.00021150000000000002 -0.00023449999999999998 -0.00017018119739300425 0.13999999999999996 0.18500000000000003 -0.00014251638316282965 0.0001485 91.500000000000014 -0.00024666772294232867 0.64500000000000013 0.13999999999999996 -0.00023334685083020582 0.39500000000000007
decision_type=2 2 2 2 2 2 2 2 2 2 2 2 2 2 2 2 2 2 2 2 2 2 2 2 2 2 2 2 2 2
left_child=1 2 -1 -4 6 -6 -5 9 10 12 11 -9 13 -8 15 16 -15 20 22 -20 -18 -19 -17 24 25 -14 -26 -28 -25 -30
right_child=-2 -3 3 4 5 -7 7 8 -10 -11 -12 -13 23 14 -16 18 17 21 19 -21 -22 -23 -24 28 26 -27 27 -29 29 -31
leaf_value=-0.04394127920977859 -0.051273175207925153 -0.042194646328802154 -0.03890216055225959 -0.016732557578124457 0.065345311330386943 0.0103044516219979 -0.04033532444334232 0.061728726308896004 -0.054126495205607188 -0.039484826427271434 -0.026074948275178308 -0.058891119664076244 0.058364498386644349 0.00028277570896261044 0.057640541506610014 -0.054613447808154192 -0.015566765803302794 0.035316983575722674 0.039400466624113617 -0.049763106678925029 0.096017426719843077 0.11299496705981718 0.076436264870218554 -0.023396058972139436 0.069416653736061873 -0.068573589454911696 -0.06285135122651421 0.041896412034357025 -0.044909812158885259 0.00233008138929989
leaf_weight=49.437503136694431 81.272106511518359 54.371946014463902 58.509156674146652 289.84665270149708 54.840778097510338 165.8471831921488 95.862613618373871 155.09515266492963 44.499852430075407 141.40961370803416 36.874357670545578 13.435878008604048 16.369071692228317 2503.4856377579272 62.606097713112831 44.400171190500259 128.73537035286427 196.70551815256476 359.62789403274655 29.691657096147537 15.864048168063162 28.245503764599562 10.587807103991507 540.25666779093444 78.930542103946209 42.803888812661171 31.912342220544815 61.384792737662792 76.53958673030138 892.19768234528601
leaf_count=870 3435 1022 280 1815 289 1060 843 837 785 908 292 149 114 13574 299 380 995 1095 1946 178 81 135 51 5151 437 240 248 381 456 6562
internal_value=9.6358e-05 0.000761113 0.00113625 0.00149705 0.0018834 0.0239821 0.00105644 0.00197593 0.021658 0.00105786 0.0380763 0.0521125 0.00215696 0.00609475 0.00741161 0.00646367 0.00360796 0.0261341 0.0249296 0.0326004 -0.00332483 0.0450705 -0.0293801 -0.00570735 0.0175683 -0.0334586 0.0350998 0.00606738 -0.00927662 -0.00140233
internal_weight=6361.65 6280.37 6226 6176.57 6118.06 220.688 5897.37 5607.52 249.905 5357.62 205.405 168.531 5216.21 3475.81 3379.95 3317.34 2873.04 369.55 444.308 389.32 144.599 224.951 54.988 1740.39 231.401 59.173 172.228 93.2971 1508.99 968.737
internal_count=44908 41473 40451 39581 39301 1349 37952 36137 2063 34074 1278 986 33166 19577 18734 18435 15880 2306 2555 2124 1076 1230 431 13589 1420 354 1066 629 12169 7018
is_linear=0
shrinkage=0.05


Tree=58
num_leaves=31
num_cat=0
split_feature=18 6 18 14 19 15 17 0 17 4 6 3 17 6 15 6 6 18 19 18 17 19 4 18 19 19 0 16 17 17
split_gain=82.4829 37.8942 37.711 34.8399 86.7083 72.1444 52.1632 101.997 84.3658 137.393 92.3582 77.2103 72.0432 89.7741 59.1253 58.5328 51.4986 48.6484 48.4112 48.4028 43.8187 38.0468 37.8326 35.9869 90.7885 134.553 111.35 79.5969 110.383 74.9498
threshold=0.0003444294459816071 0.030726137132956587 -0.00076132104624072785 -0.00010849999999999999 -0.00011149999999999999 -0.0001905 0.00028850000000000007 269.50000000000006 0.00022450000000000001 0.13999999999999996 0.010979884072184502 0.71500000000000008 0.00055850000000000008 0.0047063439851740135 -0.00035149999999999998 -0.00053722017482778987 0.00080738080131151195 0.00015540606457268476 -0.00064749999999999996 5.5481378737308598e-05 0.00024750000000000005 -2.1499999999999997e-05 0.060000000000000032 2.9459491327427128e-05 -0.00019749999999999995 -9.9499999999999993e-05 132.50000000000003 -1.0000000180025095e-35 0.00054450000000000017 0.00013550000000000001
decision_type=2 2 2 2 2 2 2 2 2 2 2 2 2 2 2 2 2 2 2 2 2 2 2 2 2 2 2 2 2 2
left_child=1 2 -1 4 6 19 8 12 9 -4 11 15 -8 17 22 -10 -7 -14 -5 -6 -17 -18 -13 -20 27 29 -27 28 -25 -26
right_child=-2 -3 3 18 5 16 7 -9 10 -11 -12 14 13 -15 -16 20 21 -19 23 -21 -22 -23 -24 24 25 26 -28 -29 -30 -31
leaf_value=-0.043101395578374169 -0.051209649848182853 -0.041600736801793298 -0.051754400430556596 -0.044676890397787272 0.029182066377660871 0.029020266706576509 -0.034213371297647586 0.10902595508960672 0.05836891314562645 0.047189050313816101 -0.037799299839841066 0.0788150890731555 0.044242667806723729 -0.053050805969181242 0.10769236948898434 0.036061328528361775 0.099602673965660971 0.18050131623826426 0.0029059203032886075 -0.057538967299397392 -0.061193834381941307 -0.0021533984514603057 -0.055402468476069347 -0.047682025612513806 0.064388374275270152 -0.014855812734142465 0.050690269685314593 0.01396643395810776 0.063315906773635938 -0.049988312611295424
leaf_weight=47.91964908502996 77.401899676769972 52.440010324120522 94.042893953621387 60.259074255824089 38.351664125919342 89.585945472121239 221.18856470473111 15.814532563090323 45.208626482635736 55.96546171978116 37.015816481783986 10.378092855215074 25.074366845190525 20.315509747713804 63.470600686967373 19.737896211445332 64.559477999806404 8.8670822456479055 3814.405672557652 27.719948224723339 28.02790705114603 10.710183575749396 10.626210100948809 120.67624536715448 15.068739101290701 267.14525068923831 85.541906975209713 581.9941152818501 27.502699486911297 289.43750856071711
leaf_count=870 3435 1022 780 1096 193 454 1958 80 217 422 428 43 137 420 300 95 291 65 21574 173 184 68 71 1066 90 1581 459 4621 194 2521
internal_value=8.86675e-05 0.000724058 0.00108224 0.00142658 0.0105954 0.0369434 0.00131656 -0.0144589 0.0139231 -0.0148404 0.0340418 0.0490278 -0.0215487 0.0300814 0.0836288 0.01759 0.0546359 0.0798398 -0.000118383 -0.00720122 -0.0210058 0.0851237 0.0109136 0.000397798 -0.006498 -0.0199801 0.00104195 0.00563654 -0.0270803 -0.0443283
internal_weight=6326.45 6249.05 6196.61 6148.69 886.661 230.927 655.734 291.26 364.474 150.008 214.465 177.449 275.446 54.257 84.4749 92.9744 164.856 33.9414 5262.03 66.0716 47.7658 75.2697 21.0043 5201.77 1387.37 657.193 352.687 730.173 148.179 304.506
internal_count=44908 41473 40451 39581 6379 1179 5200 2660 2540 1202 1338 910 2580 622 414 496 813 202 33202 366 279 359 114 32106 10532 4651 2040 5881 1260 2611
is_linear=0
shrinkage=0.05


Tree=59
num_leaves=31
num_cat=0
split_feature=3 15 7 20 17 11 18 11 17 17 19 3 20 19 0 20 15 19 20 5 6 18 19 3 16 18 18 17 17 3
split_gain=79.6967 36.2895 35.0098 38.9352 42.8299 34.1491 53.3444 41.9242 45.5543 103.569 49.3272 43.9643 43.7303 67.2788 111.328 74.2238 101.907 69.6212 82.6502 60.9722 94.0025 96.9745 138.118 55.4126 50.4478 48.059 92.5124 64.2437 140.969 158.076
threshold=0.91500000000000015 0.00071250000000000013 -0.215 -0.00011739953942622068 0.00023550000000000001 9.4396651699425487 1.4498641853646595e-05 9.1537424718864333 0.00023450000000000004 0.00016350000000000004 -9.1499999999999988e-05 0.67500000000000016 -0.00024738923236650563 -3.8499999999999994e-05 71.500000000000014 -0.00018812203513026237 0.00038950000000000003 -6.0499999999999993e-05 -0.00015955781798437991 0.39500000000000007 -0.023807386515108681 -0.00018268285039207418 -4.949999999999999e-05 0.095000000000000015 -3.3499999999999994e-05 -9.2866554143804565e-06 2.1291847478220013e-05 0.00027350000000000003 0.00025450000000000006 0.67500000000000016
decision_type=2 2 2 2 2 2 2 2 2 2 2 2 2 2 2 2 2 2 2 2 2 2 2 2 2 2 2 2 2 2
left_child=1 2 -1 5 -5 7 -7 12 9 10 -9 -10 19 17 -15 -16 24 -14 -19 20 -4 22 -22 -21 -17 -23 -27 28 -28 -30
right_child=-2 -3 3 4 -6 6 -8 8 11 -11 -12 -13 13 14 15 16 -18 18 -20 23 21 25 -24 -25 -26 26 27 -29 29 -31
leaf_value=-0.03721958983492122 -0.037156524494517409 -0.051074453094011256 -0.059999995236878705 0.061627742228080644 0.0098897262029931914 0.051323263972531834 -0.051408233963159224 -0.0518465335478034 0.022435559692168067 -0.049339607077188652 0.025517750698473715 -0.021184015922999205 0.0068849631867120235 -0.032473990647270273 0.016183484952346328 0.067389421886231982 0.061415893550196422 0.046099667205399458 -0.056625021181063884 -0.054739156816462978 -0.017675322134005154 -0.018737549409201974 0.074846940093731565 0.040191354411830672 -0.037357007908894777 0.022338001756557056 -0.015680064289949856 -0.033887124041083759 -0.053440942692196729 0.12070144531859642
leaf_weight=58.694768413901329 140.50645088218153 33.367503255605698 80.009971149265766 52.498281082138419 168.02930711768568 68.682745203375816 15.485359888523815 25.968331072479486 134.59987680613995 184.0874405130744 99.735503062605858 101.19825369864702 2170.0175122190267 281.45639467611909 472.48721083812416 12.215777032077311 34.698479913175106 202.37341255694628 21.678500041365623 17.683804199099541 74.867802958935499 645.56472142785788 87.454530261456966 117.59955448284745 194.77635444514453 287.02440242469311 237.21008502133191 215.7231049593538 18.560180753469467 43.748610485345125
leaf_count=287 3838 448 408 287 1112 337 116 228 767 1287 625 684 14817 1646 2671 72 195 1090 123 366 600 3950 418 638 1229 1583 2218 2473 107 288
internal_value=7.77449e-05 0.000927385 0.00121072 0.00158261 0.0222064 0.000804474 0.0324226 0.000342513 -0.012845 -0.0254499 0.00953557 0.0037152 0.00172214 0.00508208 -0.00584103 0.00465498 -0.0178824 0.00962474 0.0361604 -0.00451699 -0.00710228 -0.00447374 0.032173 0.0277823 -0.0311753 -0.00858236 -0.000410719 -0.0130833 0.00190031 0.0688289
internal_weight=6298 6157.5 6124.13 6065.44 220.528 5844.91 84.1681 5760.74 545.589 309.791 125.704 235.798 5215.15 3389.7 995.634 714.178 241.691 2394.07 224.052 1825.45 1690.16 1610.15 162.322 135.283 206.992 1447.83 802.266 515.242 299.519 62.3088
internal_count=44908 41070 40622 40335 1399 38936 453 38483 3591 2140 853 1451 34892 21843 5813 4167 1496 16030 1213 13049 12045 11637 1018 1004 1301 10619 6669 5086 2613 395
is_linear=0
shrinkage=0.05


Tree=60
num_leaves=31
num_cat=0
split_feature=19 6 7 20 17 17 17 6 3 3 14 15 3 2 3 19 0 15 6 14 6 19 4 0 20 20 20 17 17 18
split_gain=77.0564 38.5133 38.2772 39.3532 39.7433 100.256 78.2714 69.707 55.7942 103.052 42.1062 53.1417 61.3327 68.5368 55.2787 47.8573 94.8501 112.732 66.5136 76.6048 72.7127 80.4478 58.7845 52.0337 48.8437 48.7795 46.9276 88.0792 91.9167 79.7071
threshold=-0.00064749999999999996 0.03558307161925426 -0.22 -0.00011739953942622068 0.00057850000000000013 0.00055850000000000008 0.00044250000000000002 0.0015937109480967722 0.54500000000000015 0.48500000000000004 0.00020250000000000002 2.6500000000000004e-05 0.48500000000000004 0.54218667726159531 0.17500000000000002 4.0500000000000009e-05 79.500000000000014 9.5000000000000022e-06 -0.022687420445484812 -2.7499999999999994e-05 -0.04817297608130832 0.00011250000000000001 -0.3249999999999999 194.50000000000003 -0.0003327684902946991 -0.00019600826335091308 -0.00024738923236650563 0.00042050000000000003 0.00038150000000000006 -0.00012493015994775964
decision_type=2 2 2 2 2 2 2 2 2 2 2 2 2 2 2 2 2 2 2 2 2 2 2 2 2 2 2 2 2 2
left_child=-1 2 -2 4 5 6 10 -7 9 -8 15 -12 14 -14 -13 22 24 23 20 -20 -19 -22 -4 25 -17 -18 29 28 -28 -24
right_child=1 -3 3 -5 -6 7 8 -9 -10 -11 11 12 13 -15 -16 16 17 18 19 -21 21 -23 26 -25 -26 -27 27 -29 -30 -31
leaf_value=-0.036478685169146513 -0.041263739192713617 -0.050506506001953957 0.043797535171622139 0.022443285912730107 -0.030459582455555578 0.057959711380799465 -0.063335513706115495 -0.046519535789912296 -0.05710983181536447 0.080055333511408033 0.09056781906188599 -0.0045585168699439158 -0.058081865166813663 0.083482878425642171 0.052663556032186691 0.038588878154789716 0.052569899605733855 -0.060949723395722855 0.054709803444756393 -0.042597400147556662 -0.039175188602020142 0.047691575245116455 0.025152236647106821 -0.072925010062205517 -0.051549320026336609 -0.035783504850009612 0.0054016153348021966 0.080000479576227232 -0.049621462133432305 -0.010475307591697633
leaf_weight=143.04713594354689 53.223456680774689 36.578844923526049 82.700695905834436 212.81745381467044 101.50640455260873 116.63370048254728 25.357394643127918 18.496274296194315 100.04034704342484 24.769707165658474 24.734932875260711 73.647352404892445 46.018362998962402 10.500681236386297 98.860158145427704 16.549875155091286 129.55846499837935 30.782107513397932 22.406379155814648 207.82877788692713 36.531000390648842 98.5693777538836 179.03104637563229 10.571156106889246 163.54483379609883 17.763702802360058 2789.9040103461593 38.5380033031106 78.023187328130007 1275.0056056771427
leaf_count=4385 254 855 427 1274 859 587 131 199 804 118 137 567 280 44 518 84 805 261 105 1213 167 703 894 51 1187 159 17613 179 615 9447
internal_value=-0.000202788 0.000645047 0.000952589 0.00132517 0.000552667 0.00110336 7.30257e-05 0.0436588 -0.0355361 0.00751936 0.00105761 0.0209432 0.0134238 -0.0317805 0.0282342 8.2929e-05 -0.0117437 -0.0014966 -0.0157364 -0.0331275 0.00840148 0.0242029 0.00203692 0.0342277 -0.043266 0.0419165 0.0012449 0.00491367 0.00390469 -0.0060886
internal_weight=6263.54 6120.49 6083.91 6030.69 5817.87 5716.37 5581.24 135.13 150.167 50.1271 5431.07 253.761 229.027 56.519 172.508 5177.31 734.106 554.011 396.118 230.235 165.882 135.1 4443.2 157.893 180.095 147.322 4360.5 2906.47 2867.93 1454.04
internal_count=44922 40537 39682 39428 38154 37295 36509 786 1053 249 35456 1546 1409 324 1085 33910 4735 3464 2449 1318 1131 870 29175 1015 1271 964 28748 18407 18228 10341
is_linear=0
shrinkage=0.05


Tree=61
num_leaves=31
num_cat=0
split_feature=18 3 4 8 17 6 19 15 18 0 15 17 17 0 6 11 11 17 17 17 6 3 17 17 17 18 0 3 21 17
split_gain=73.45 34.2253 33.9816 36.1466 44.5556 63.9198 51.6139 48.3027 73.3855 47.1824 78.6083 39.8593 46.3749 36.2653 48.5197 32.8634 50.5722 48.6688 74.3998 67.8231 71.8892 71.641 68.29 59.973 90.5944 112.836 75.9189 70.4819 68.1742 67.3541
threshold=0.0003444294459816071 0.075000000000000025 0.32500000000000012 0.079999999999999988 0.00014150000000000005 0.020141478552353802 6.7500000000000014e-05 1.5000000000000002e-06 -2.1589073653375788e-06 85.500000000000014 -4.4499999999999991e-05 0.00057850000000000013 0.00052550000000000003 17.500000000000004 0.012912146904726094 9.4396651699425487 9.1380497464977406 0.00037450000000000005 0.00035950000000000006 0.00055850000000000008 0.0048233292452098233 0.84500000000000008 0.00057850000000000013 0.00034050000000000004 0.00031550000000000008 6.2815136741468992e-05 254.50000000000003 0.51500000000000012 1.0000000180025095e-35 0.00030450000000000003
decision_type=2 2 2 2 2 2 2 2 2 2 2 2 2 2 2 2 2 2 2 2 2 2 2 2 2 2 2 2 2 2
left_child=1 -1 3 4 6 15 7 8 -3 10 -10 12 13 14 -5 16 17 18 23 -19 21 22 -21 24 29 28 27 -25 -26 -6
right_child=-2 2 -4 11 5 -7 -8 -9 9 -11 -12 -13 -14 -15 -16 -17 -18 19 -20 20 -22 -23 -24 26 25 -27 -28 -29 -30 -31
leaf_value=-0.052676046928147105 -0.051093115904940367 -0.04850664176239277 -0.050111760441871524 -0.019242248968542139 0.0018410863133180523 -0.038513730228484026 -0.049072310197736051 0.049566255675931592 -0.084623258006951863 0.041802166295036948 0.045308828242939927 -0.056074858877437767 0.065864726662294454 0.008054947508827532 0.13368276979400026 0.032371554072158679 -0.01713380399024823 -0.02904640154068143 0.04457536079944277 0.038817769927015501 -0.054082536005410776 0.12435203583750382 -0.023282847659608391 0.011343705211716529 0.047040334167926176 -0.056328181555509116 0.086417464000914754 -0.058948944964729771 -0.058455658376501296 -0.030804773823029482
leaf_weight=30.24453610368073 70.089169926941395 44.384309396147728 32.80099805817008 8.5393634401261824 3065.9826778378338 115.36009498313069 27.195164680480957 109.18225654959679 22.724418178200722 112.08648450672626 23.865946382284164 21.450769925490022 39.371303122490644 677.99146393314004 13.211477216333149 73.288410171866417 459.80324300937355 309.57135106809437 101.30959597975016 97.023076273500919 40.338649973273277 14.971920112147926 81.419543355703354 52.317943423986435 243.2310754135251 34.113174889236689 13.585231974720953 112.01126130856574 16.342957228422165 166.58084293827415
leaf_count=803 3452 218 531 53 18696 1659 210 729 93 852 159 260 235 4356 76 398 3017 2097 518 529 795 81 658 329 1177 458 59 1044 145 1235
internal_value=-0.000197085 0.000381987 0.000643765 0.000916812 -0.000536534 -0.00172723 0.016993 0.022747 0.00832679 0.024224 -0.0180655 0.0111146 0.0130646 0.0100937 0.0736445 -0.000857954 -0.00136441 0.000302906 0.00230155 -0.0136957 0.00663398 0.019297 0.0104826 0.00114536 0.00257442 0.029163 -0.0271786 -0.0365697 0.0403982 0.000158776
internal_weight=6230.39 6160.3 6130.06 6097.25 5336.69 4997.25 339.439 312.243 203.061 158.677 46.5904 760.564 739.114 699.742 21.7508 4881.89 4808.6 4348.8 3805.47 543.325 233.753 193.415 178.443 3704.17 3526.25 293.687 177.914 164.329 259.574 3232.56
internal_count=44922 41470 40667 40136 35156 32895 2261 2051 1322 1104 252 4980 4720 4485 129 31236 30838 27821 23661 4160 2063 1268 1187 23143 21711 1780 1432 1373 1322 19931
is_linear=0
shrinkage=0.05


Tree=62
num_leaves=31
num_cat=0
split_feature=18 7 3 6 15 4 19 17 17 17 19 1 1 5 19 3 6 2 0 18 17 17 6 16 19 16 19 15 19 17
split_gain=69.7703 34.871 32.5459 32.5341 30.0995 30.1121 87.3332 95.236 110.879 89.9269 88.7048 123.395 77.7173 76.6585 72.4297 60.9009 54.2403 47.7035 47.1415 45.05 53.4559 121.712 96.2641 67.194 53.091 45.5344 65.6558 46.0479 42.5216 67.0943
threshold=0.0003444294459816071 -0.22 0.075000000000000025 0.03558307161925426 0.00071250000000000013 -0.23499999999999993 -0.00010549999999999999 0.00029350000000000009 0.00018050000000000002 0.00033550000000000002 0.00015750000000000001 86.925000000000026 101.95500000000001 0.27500000000000008 0.00015750000000000001 0.20500000000000004 -0.077166517481749949 0.10777838448677905 159.50000000000003 -0.00041611624779768375 0.00055850000000000008 0.00044250000000000002 0.0047063439851740135 -0.0038784999999999996 -0.00063249999999999992 -0.00047649999999999998 -0.00022549999999999998 0.00035450000000000005 -0.00059549999999999989 0.00031550000000000008
decision_type=2 2 2 2 2 2 2 2 2 2 2 2 2 2 2 2 2 2 2 2 2 2 2 2 2 2 2 2 2 2
left_child=1 -1 -3 4 5 6 -4 8 15 -9 12 16 17 -11 19 -8 -12 -10 -15 -7 21 24 23 -22 -21 27 -27 -25 29 -26
right_child=-2 2 3 -5 -6 14 7 9 10 13 11 -13 -14 18 -16 -17 -18 -19 -20 20 22 -23 -24 25 28 26 -28 -29 -30 -31
leaf_value=-0.039819184267514469 -0.051038780983072352 -0.052540800025398064 0.050052756488389763 -0.049998688300952311 -0.050169158427464333 -0.056169746735523822 -0.021840433377149016 0.053860549702836019 0.044520101561229444 0.086392236705045311 -0.062141093576752529 -0.053917359070175176 0.012023280746530245 -0.03349347791168341 -0.051121683735383422 0.064271276210457223 0.065605119554275337 -0.055322752431940382 0.048012976666421681 -0.051556639260373127 -0.032421166243047028 -0.050538501017531261 -0.053207093682841371 0.087049954938198518 0.11249682830099975 -0.037940252742868712 0.089026218737593227 -0.033436986621983793 0.0014405489811699273 -0.055297467770578736
leaf_weight=53.52632163092494 66.74006805755198 28.553275723010302 117.56147829443216 31.152219578623772 28.34858194924891 34.623839255422354 29.200952909886837 149.16021507978439 12.68444964289665 20.677217349410057 9.3872770667076093 42.723118916153908 66.252103254199028 94.032333604991436 68.438248284161091 69.165260642766953 72.361923798918724 210.47187604010105 21.865396320819855 47.06299652531743 25.258245998993516 116.14089731127024 31.406049676239491 85.000641159713268 20.060880158096555 25.222593955695629 17.075020432472229 8.7458658032119256 4586.3434591144323 8.4742490500211698
leaf_count=259 3452 797 728 686 288 380 148 779 54 97 62 235 327 558 663 457 392 1043 108 936 226 953 682 442 95 174 78 100 29572 151
internal_value=-0.000192295 0.000361206 0.000715089 0.000966479 0.00123031 0.00147359 0.00981959 0.0038923 -0.00900848 0.02702 -0.0203492 0.0149468 -0.0355297 -0.00229395 -3.23898e-05 0.0387082 0.050936 -0.0496476 -0.0181164 0.000666146 0.00106203 2.07272e-05 0.0268806 0.0424739 0.00128029 0.0563791 0.0133145 0.0758094 0.00181912 0.0626659
internal_weight=6197.72 6130.98 6077.45 6048.9 6017.75 5989.4 915.544 797.982 512.247 285.735 413.881 124.472 289.408 136.575 5073.85 98.3662 81.7492 223.156 115.898 5005.41 4970.79 4778.08 192.708 161.302 4661.94 136.044 42.2976 93.7465 4614.88 28.5351
internal_count=44922 41470 41211 40414 39728 39440 4988 4260 2718 1542 2113 689 1424 763 34452 605 454 1097 666 33789 33409 31707 1702 1020 30754 794 252 542 29818 246
is_linear=0
shrinkage=0.05


Tree=63
num_leaves=31
num_cat=0
split_feature=18 7 20 17 3 4 17 6 6 0 17 6 0 20 4 17 3 8 0 8 17 6 6 14 17 14 20 3 17 17
split_gain=66.2843 31.563 32.8224 36.6496 30.3551 30.2296 29.5944 50.4671 63.1147 46.6901 56.9276 44.727 93.8349 41.7387 40.0695 34.2795 45.3266 31.39 38.9856 36.3424 36.9307 41.8139 35.0937 44.5799 47.3161 46.0514 36.0325 51.7456 43.2473 92.2407
threshold=0.0003444294459816071 -0.22 -0.00011739953942622068 0.00024350000000000004 0.095000000000000015 0.33500000000000013 0.00014250000000000002 0.0057339029540005313 -0.016409951039707649 151.50000000000003 0.00010850000000000002 0.020141478552353802 15.500000000000002 -0.00020779997858533548 0.075000000000000025 0.00030950000000000004 0.71500000000000008 0.079999999999999988 31.500000000000004 0.019999999999999938 0.00054450000000000017 0.0048233292452098233 -0.043271302985670612 0.00018450000000000001 0.00037550000000000002 2.1500000000000004e-05 -0.00031493384571893037 0.45500000000000007 0.00023550000000000001 0.00026250000000000009
decision_type=2 2 2 2 2 2 2 2 2 2 2 2 2 2 2 2 2 2 2 2 2 2 2 2 2 2 2 2 2 2
left_child=1 -1 4 -4 -3 6 7 8 -6 -10 -11 17 -13 -12 -9 -14 -17 18 -8 22 -21 -22 -20 25 -25 26 27 -24 -28 -30
right_child=-2 2 3 -5 5 -7 11 14 9 10 13 12 15 -15 -16 16 -18 -19 19 20 21 -23 23 24 -26 -27 28 -29 29 -31
leaf_value=-0.037936860494833094 -0.050987190438209942 -0.038157798449024935 0.056675850110953441 0.0083423390008980549 0.059906407820850396 -0.053954313720972202 -0.026383050359791028 -0.033091801601707778 -0.039366080314159065 -0.077035583230275664 0.04064255989727053 0.16293853832310037 -0.04799003514108318 -0.032521663913257601 0.047659930701676317 0.081967087316311762 -0.052587971233408075 0.010535327779079222 -0.0249671898312635 -0.008939358555841919 0.051417332577612454 -0.053099474679199968 0.073865080422712739 0.040383812460122244 -0.0065069320509731805 -0.0071591460428475865 -0.00055033484272981029 -0.035633584400481214 0.04152182694356394 0.0060521046619667722
leaf_weight=53.376852845773101 63.547731855884194 51.73948615975678 51.342673296108842 166.11520329117775 37.36911104619503 25.550474809482694 147.8077842630446 17.531545504927635 84.137367241084576 16.579397946596146 79.280006006360054 6.1719532422721377 113.57526678219438 25.848713077604771 124.14240936934948 12.888038709759714 12.167987545952199 660.95157462544739 110.30178140103817 1282.9919155668467 48.869709180667996 11.899625789374111 12.276350945234297 158.11757194809616 81.54428786970675 920.78950398787856 759.41376767680049 89.075850734487176 249.85312929190695 688.05188250169158
leaf_count=259 3452 924 297 1121 305 433 853 126 463 83 537 44 1689 175 863 54 282 4223 627 9011 320 271 55 912 590 5397 4923 687 1443 4503
internal_value=-0.000185893 0.000343358 0.000681292 0.0197541 -3.02503e-05 0.000311213 0.000552277 0.013945 0.000126582 -0.0107258 0.00907331 -0.00040821 -0.0278193 0.0226532 0.0376672 -0.036312 0.016623 0.000351893 -0.00112383 -0.000277839 -0.00713537 0.0309512 0.00272432 0.00375652 0.0244294 0.00193466 0.00659003 -0.0223705 0.00831935 0.0155011
internal_weight=6163.31 6099.76 6046.38 217.458 5828.93 5777.19 5751.64 384.889 243.215 205.845 121.708 5366.75 144.803 105.129 141.674 138.631 25.056 5221.94 4560.99 4413.19 1343.76 60.7693 3069.42 2959.12 239.662 2719.46 1798.67 101.352 1697.32 937.905
internal_count=44922 41470 41211 1418 39793 38869 38436 2552 1563 1258 795 35884 2069 712 989 2025 336 33815 29592 28739 9602 591 19137 18510 1502 17008 11611 742 10869 5946
is_linear=0
shrinkage=0.05


Tree=64
num_leaves=31
num_cat=0
split_feature=3 16 15 7 6 20 17 17 6 6 2 17 6 19 20 19 17 0 17 19 15 17 17 3 18 18 5 14 0 0
split_gain=63.2985 32.1083 29.8937 29.7253 29.7255 30.2033 33.2684 31.6214 36.1692 43.6645 28.7048 29.8621 54.9708 56.0126 96.0562 87.4419 42.8333 144.027 86.1408 73.6064 77.6212 86.1286 99.5955 182.633 122.969 180.54 103.303 75.6854 83.4301 71.8883
threshold=0.92500000000000016 0.0011185000000000004 0.00071250000000000013 -0.215 0.03558307161925426 -0.00011739953942622068 0.00024350000000000004 0.00027650000000000005 -0.0013192890892799291 -0.019866857753037058 0.84582969157246979 0.00014250000000000002 0.010286192607228411 -7.0499999999999992e-05 -0.000217134754355412 -3.3499999999999994e-05 0.00023550000000000001 177.50000000000003 0.00023350000000000001 0.00015750000000000001 0.00020050000000000002 0.00019450000000000004 0.00017250000000000005 0.49500000000000005 2.9459491327427128e-05 0.00012483190099240078 0.34500000000000014 -4.2499999999999996e-05 127.50000000000001 80.500000000000014
decision_type=2 2 2 2 2 2 2 2 2 2 2 2 2 2 2 2 2 2 2 2 2 2 2 2 2 2 2 2 2 2
left_child=1 2 3 -1 5 10 -7 -8 9 -9 11 12 13 -5 -15 -16 17 18 19 20 21 22 23 29 26 27 -24 28 -26 -13
right_child=-2 -3 -4 4 -6 6 7 8 -10 -11 -12 16 -14 14 15 -17 -18 -19 -20 -21 -22 -23 24 -25 25 -27 -28 -29 -30 -31
leaf_value=-0.034982412531390755 -0.040703602090803308 -0.054570877494255002 -0.049295857292022349 -0.037856819176468784 -0.049412228711382629 0.055632332686981069 -0.039169791947042336 -0.024314128999737367 -0.027632543135241119 0.052205913650086859 -0.029157273357851489 -0.038293290599548606 0.05198359938148072 0.04101145095736413 0.055038545266213781 -0.057006818406877102 0.0038861937042009402 -0.027664874913093301 -0.060264755973419237 -0.057293131631039884 0.0682967602092939 -0.0092123175736936996 0.062175317867960926 -0.048781799198719389 0.089325448746613856 0.075062417756722483 -0.086190649716885448 -0.055056233666828928 -0.049511808763435153 0.047589662572568518
leaf_weight=57.017975388094783 94.871148128062487 26.393019840121269 29.752631379291415 60.52550770714879 28.764834236353636 50.215732093900442 28.101100564002991 24.590443838387728 31.481765892356634 77.083730291575193 78.596243208274245 30.327234260737896 78.991999704390764 145.11326621472836 24.195076800882816 62.119995556771755 3215.8163432758301 534.47081858851016 52.583851419389248 46.062565311789513 49.720109164714813 609.23576527275145 233.58647643402219 135.91361186094582 23.264757908880711 58.631701037287712 12.352730348706244 93.719325345009565 20.229397192597389 123.95959880948067
leaf_count=281 3307 560 416 349 746 291 142 125 380 437 599 180 488 1015 209 376 21533 3775 279 507 236 4041 1162 1455 107 259 56 778 143 690
internal_value=-0.000179157 0.000457069 0.000698468 0.00094693 0.00129242 0.00153958 0.0200939 0.00902718 0.0191986 0.0336991 0.00084993 0.00127027 0.0149798 0.00496791 0.0161679 -0.0255993 0.000299734 -0.00539842 0.00259089 0.00489095 0.00695024 0.00467608 0.0162355 -0.00652047 0.0311835 0.00162243 0.0547234 -0.0297587 0.0247514 0.0307082
internal_weight=6137.69 6042.82 6016.42 5986.67 5929.65 5900.89 211.473 161.257 133.156 101.674 5689.42 5610.82 370.946 291.954 231.428 86.3151 5239.87 2024.06 1489.59 1437 1390.94 1341.22 731.985 290.2 441.784 195.845 245.939 137.213 43.4942 154.287
internal_count=44922 41615 41055 40639 40358 39612 1375 1084 942 562 38237 37638 2437 1949 1600 585 35201 13668 9893 9614 9107 8871 4830 2325 2505 1287 1218 1028 250 870
is_linear=0
shrinkage=0.05


Tree=65
num_leaves=31
num_cat=0
split_feature=19 16 1 0 3 6 0 17 17 17 17 19 4 6 17 18 17 17 6 6 0 17 17 19 6 0 19 18 19 14
split_gain=61.3734 33.1551 46.597 46.0747 30.3116 31.0159 60.512 42.2899 34.2431 94.3513 87.5346 112.34 62.8916 63.9967 52.2161 109.246 69.7584 86.1809 65.7273 61.7061 72.2485 71.7061 85.6619 69.7138 51.945 41.7379 41.3947 41.0153 40.7276 43.0812
threshold=-0.00064749999999999996 -0.00083049999999999997 42.315000000000005 108.50000000000001 0.075000000000000025 0.020141478552353802 15.500000000000002 0.00014250000000000002 0.00034050000000000004 0.00035550000000000008 0.00033150000000000003 -0.00025649999999999995 0.12999999999999995 -0.022687420445484812 0.00038150000000000006 5.5481378737308598e-05 0.00052200000000000011 0.00057850000000000013 0.0015937109480967722 0.002438175008130932 165.50000000000003 0.00042050000000000003 0.00045850000000000009 -1.3499999999999998e-05 -0.0012224893129021937 230.50000000000003 3.3500000000000008e-05 -0.00029647273013561434 -0.00059549999999999989 0.00021450000000000004
decision_type=2 2 2 2 2 2 2 2 2 2 2 2 2 2 2 2 2 2 2 2 2 2 2 2 2 2 2 2 2 2
left_child=1 2 3 -1 -2 8 -7 -8 10 25 28 -12 13 -11 15 24 19 18 -18 23 21 -21 -23 -16 -15 -10 -26 -19 -6 -30
right_child=4 -3 -4 -5 5 6 7 -9 9 12 11 -13 -14 14 16 -17 17 27 -20 20 -22 22 -24 -25 26 -27 -28 -29 29 -31
leaf_value=0.11633718617108353 -0.052434040424332612 -0.052270431021597799 -0.05133586540650658 -0.045767600277241083 0.06151848107565229 0.12747842061429221 0.020434106236451827 -0.037473302924859925 -0.050620887887265355 -0.038355501102813681 -0.048655646669346728 0.061813998235434126 -0.052150023569131045 0.068797088568487777 -0.043383652499979178 -0.059577936022535319 0.053150863310047293 -0.06098213933725552 -0.046468939027072331 -0.060253847774590079 0.11998614959808185 0.093872216026971878 -0.057662221898554793 0.069160080711583846 0.028943202524523939 0.086837181099198704 -0.080045323535653065 0.006613342896719678 0.00036656122386274752 0.025472978854389441
leaf_weight=12.347556825727226 27.160883940756321 86.636177438311279 19.279018748551607 6.7959759160876265 28.289576657116413 6.7691608220338813 40.413282914087176 143.41751682385802 136.03575590997934 85.153769880533218 28.458221469074488 120.29156523942947 56.128625322133303 98.380086474120617 171.11871593631804 28.720822315663099 137.82073368877172 36.2620764747262 18.818286582827568 31.404722888022661 14.179888546466826 26.359885327517986 14.432453781366346 14.963130816817282 49.812303960323334 5.7561057507991782 10.558838754892347 58.880794044584036 4404.6722096316516 177.76307816803455
leaf_count=93 814 3175 907 224 190 60 402 2399 1324 487 300 545 819 505 992 305 749 307 210 259 62 115 138 65 280 28 48 422 27783 938
internal_value=-0.000459726 -0.0351257 0.00353281 0.0587898 0.000266205 0.000506982 -0.0193368 -0.024743 0.00116427 -0.00727249 0.00292766 0.0406794 -0.000994351 0.00260888 0.00751012 0.0301574 -0.000588719 0.0183845 0.0411827 -0.0181221 0.016803 -0.00346277 0.0402589 -0.0343338 0.0463921 -0.0450407 0.00988124 -0.0191495 0.00170972 0.0013405
internal_weight=6097.08 125.059 38.4226 19.1435 5972.02 5944.86 190.6 183.831 5754.26 994.787 4759.47 148.75 852.995 796.867 711.713 187.472 524.241 251.782 156.639 272.459 86.377 72.1971 40.7923 186.082 158.751 141.792 60.3711 95.1429 4610.72 4582.44
internal_count=44945 4399 1224 317 40546 39732 2861 2801 36871 7115 29756 845 5763 4944 4457 1138 3319 1688 959 1631 574 512 253 1057 833 1352 328 729 28911 28721
is_linear=0
shrinkage=0.05


Tree=66
num_leaves=31
num_cat=0
split_feature=18 19 17 17 17 18 17 17 15 6 20 17 6 17 19 17 6 4 18 17 17 0 16 6 4 15 15 6 17 1
split_gain=58.2933 30.5759 65.5101 48.9313 69.0966 71.6374 54.2599 75.7293 51.6508 41.0287 39.1263 65.5016 86.7046 60.8439 47.6771 42.636 40.7831 36.2473 49.2592 35.0258 57.3315 77.6247 57.7471 46.2869 45.5888 37.2053 53.229 45.3015 52.6715 50.2005
threshold=0.0003444294459816071 -0.00041949999999999995 0.00022750000000000003 0.00027850000000000005 0.00030450000000000003 0.0001511724115339069 0.00068650000000000015 0.00075250000000000002 -0.00032349999999999995 0.012752731577750304 -0.00013633585466827239 0.00022250000000000001 -0.01253944628204713 0.00030650000000000008 -0.00012549999999999999 0.00029350000000000009 0.0073355351495880813 0.14999999999999997 7.7032546699873499e-05 0.0006395000000000002 0.00054450000000000017 150.50000000000003 -0.00073949999999999981 0.0022658779137502624 -0.40499999999999986 0.00022750000000000003 0.00017350000000000002 -0.0562976213079679 0.00036650000000000002 40.345000000000006
decision_type=2 2 2 2 2 2 2 2 2 2 2 2 2 2 2 2 2 2 2 2 2 2 2 2 2 2 2 2 2 2
left_child=1 2 -1 -4 5 9 -6 -8 -7 17 19 -12 14 16 -13 -16 -14 18 -5 20 22 23 -3 24 -22 26 -24 29 -29 -27
right_child=-2 10 3 4 6 8 7 -9 -10 -11 11 12 13 -15 15 -17 -18 -19 -20 -21 21 -23 25 -25 -26 27 -28 28 -30 -31
leaf_value=0.062403236276170032 -0.050887154117014277 -0.063527759880549289 -0.059128668558522807 -0.042453338062613685 -0.035427490071569805 0.14476096625273852 0.077091569318016986 -0.053226759916759014 -0.054095213840567792 -0.03879902685747811 -0.040422645567282034 0.040804100083771798 0.077822103038703239 -0.0072366573899548372 -0.05732618005637774 0.0078868573058344625 -0.018780481396905982 0.14195105504049096 0.094017581319158841 -0.041575929992111245 -0.043429272195675293 -0.074633165060528153 -0.00015262040733351429 -0.056332729379234947 0.068603539006102818 0.062535334320123634 -0.02997881301424787 0.031756762512407631 -0.056881412369768874 -0.055463090931561293
leaf_weight=26.977950057014823 56.737463314086199 36.073535013943911 61.437595779076219 9.8831472694873828 199.20912819169462 3.6886147372424594 27.694327428936958 18.65860034711659 28.461793458089232 8.3893026113510114 42.997439734637737 44.938453681766987 109.16254311800003 34.338376823812723 45.059617474675179 56.48033457621932 12.140624377876518 16.086885426193476 19.978845305740833 50.322685688734055 10.07036007940769 14.668137863278387 4572.658779155463 9.7659307457506639 92.376792870461941 11.883656948804854 154.64569837599993 235.78140158578753 18.042512124404311 37.320401035249233
leaf_count=172 3456 282 695 94 2926 19 235 453 509 68 268 279 511 255 209 308 82 79 86 428 56 74 29806 114 517 54 907 1371 237 395
internal_value=-0.000443831 3.2444e-05 -0.0129705 -0.0181382 -0.010554 0.0278784 -0.0240901 0.0246341 -0.0312805 0.0628811 0.00101072 0.0173179 0.0255355 0.0515207 -0.00207519 -0.0210522 0.0681536 0.0814457 0.0488511 -6.25694e-05 0.000339693 0.0335365 -0.000491676 0.0476761 0.0575909 -3.96319e-05 -0.00112833 0.0169444 0.0254561 -0.0269644
internal_weight=6065.93 6009.19 420.466 393.488 332.051 86.4886 245.562 46.3529 32.1504 54.3382 5588.73 345.117 302.12 155.642 146.478 101.54 121.303 45.9489 29.862 5243.61 5193.29 126.881 5066.41 112.213 102.447 5030.33 4727.3 303.028 253.824 49.2041
internal_count=44945 41489 5336 5164 4469 855 3614 688 528 327 36153 1912 1644 848 796 517 593 259 180 34241 33813 761 33052 687 573 32770 30713 2057 1608 449
is_linear=0
shrinkage=0.05


Tree=67
num_leaves=31
num_cat=0
split_feature=3 14 19 14 21 19 0 19 17 0 0 4 3 6 17 0 0 17 19 3 18 14 17 17 17 5 6 0 17 17
split_gain=56.3521 30.5001 78.9301 61.4734 41.6096 40.4143 39.7961 38.5534 45.4235 67.2937 71.0025 86.1215 56.6401 58.3207 75.8326 62.7057 45.4931 38.0923 41.271 36.6716 35.7923 45.0466 35.618 80.1646 61.9029 59.4517 65.9795 64.0289 47.196 79.109
threshold=0.92500000000000016 -0.00010249999999999998 -0.00011149999999999999 -0.00019149999999999997 1.0000000180025095e-35 -0.00064749999999999996 181.50000000000003 -0.00019449999999999998 0.00028850000000000007 267.50000000000006 161.50000000000003 0.10000000000000007 0.71500000000000008 0.010979884072184502 0.0002265 186.50000000000003 215.50000000000003 0.00030350000000000006 -4.0499999999999995e-05 0.68500000000000016 0.00021598345449955837 -0.00026349999999999995 0.00037450000000000005 0.00035950000000000006 0.00052200000000000011 0.33500000000000013 0.0012240095444034902 143.50000000000003 0.00034050000000000004 0.00032950000000000004
decision_type=2 2 2 2 2 2 2 2 2 2 2 2 2 2 2 2 2 2 2 2 2 2 2 2 2 2 2 2 2 2
left_child=1 2 4 17 7 -3 -5 8 12 10 11 -10 -1 14 -14 -15 -17 -4 -19 -9 21 -16 23 28 -24 26 27 -26 29 -7
right_child=-2 5 3 6 -6 22 -8 19 9 -11 -12 -13 13 15 20 16 -18 18 -20 -21 -22 -23 24 -25 25 -27 -28 -29 -30 -31
leaf_value=-0.0043147227178194202 -0.040352415699471983 -0.044419387032263752 -0.060548511608425587 0.051941807111631023 -0.05518490839094975 -0.00084512635711835179 -0.036196426413957261 0.005960707942670544 0.040812499851487057 0.096986726153169556 -0.048108461608727948 -0.053606757366205508 -0.058294950006426108 -0.051455864772943963 0.0080363822818265585 0.086067850559429435 -0.055975851193333349 0.10000505834021041 -0.027034882659646889 -0.042352160078696771 0.17015028968134613 0.10143604785573695 -0.02845936284983594 0.040773349489062499 0.04774437784352506 -0.047242149861371534 -0.043877646141261162 -0.031897950774493998 -0.027262003406948877 0.036315390320794991
leaf_weight=98.518986355513334 87.102420548908412 53.873199608176947 24.724675236269832 180.32026799768209 32.984297863207757 4048.9824994783849 13.786285772919653 76.379146166145802 78.571924853138626 14.55854971706867 87.737246269360185 34.868221369571984 9.896364336833356 25.864528169855475 18.23606339097023 24.489034747704867 7.3223947621881953 10.958598539233209 15.344770930707453 80.858438121154904 11.498671453446148 44.197752147912979 293.70663464814425 120.64611606113613 125.44859865307808 42.93444799631834 35.35832173191011 31.591716099530458 159.24886656180024 148.47121908515692
leaf_count=672 3299 1483 153 947 384 26056 83 475 604 73 949 821 133 411 100 183 82 45 108 629 68 193 2283 764 744 242 470 231 1383 877
internal_value=-0.000426488 0.000157854 0.00868751 0.0328439 -0.000479264 -0.00134422 0.0456818 0.00246435 0.00982951 -0.00682025 -0.0143324 0.0117907 0.0247945 0.045061 0.0716864 0.00636244 0.0533721 -0.0159906 0.0258929 -0.0188839 0.0890853 0.0741553 -0.000880697 0.000568996 -0.0131497 0.00595751 0.0178292 0.0317228 -0.000544346 0.000469306
internal_weight=6038.48 5951.38 891.116 245.135 645.982 5060.26 194.107 612.997 455.76 215.736 201.177 113.44 240.024 141.505 83.8289 57.676 31.8114 51.028 26.3034 157.238 73.9325 62.4338 5006.39 4477.35 529.04 235.333 192.399 157.04 4356.7 4197.45
internal_count=44945 41646 7113 1336 5777 34533 1030 5393 4289 2447 2374 1425 1842 1170 494 676 265 306 153 1104 361 293 33050 29080 3970 1687 1445 975 28316 26933
is_linear=0
shrinkage=0.05


Tree=68
num_leaves=31
num_cat=0
split_feature=18 14 19 14 17 17 4 0 0 0 17 6 20 15 18 19 19 0 17 17 20 18 17 3 17 20 0 0 15 17
split_gain=53.605 28.6243 69.5541 58.4343 43.6042 76.9724 97.5435 72.4612 66.872 61.6472 52.0191 54.9977 46.182 37.0724 36.3801 59.0179 118.88 101.411 76.228 110.956 122.592 99.819 64.3522 62.6282 62.5812 204.414 146.492 64.1008 59.1149 56.1777
threshold=0.0003444294459816071 -0.00010849999999999999 -0.00011149999999999999 -0.00019149999999999997 0.00028850000000000007 0.00022450000000000001 0.13999999999999996 174.50000000000003 269.50000000000006 222.50000000000003 0.00055850000000000008 0.0047063439851740135 -0.00026976203645800279 -0.00015349999999999996 2.9459491327427128e-05 -0.00019749999999999995 -9.9499999999999993e-05 133.50000000000003 0.00024750000000000005 0.00023650000000000003 -0.00021054766263965143 0.00015747270702540895 0.00012950000000000003 0.85500000000000009 0.00028650000000000003 -0.00026013521810920018 114.50000000000001 95.500000000000014 -0.00012649999999999996 0.00029150000000000004
decision_type=2 2 2 2 2 2 2 2 2 2 2 2 2 2 2 2 2 2 2 2 2 2 2 2 2 2 2 2 2 2
left_child=1 2 4 13 5 6 -1 -7 10 -9 -6 -12 -11 -4 -3 18 22 28 19 20 -16 24 -17 -22 25 27 -26 -20 -18 -28
right_child=-2 14 3 -5 8 7 -8 9 -10 12 11 -13 -14 -15 15 16 17 -19 21 -21 23 -23 -24 -25 26 -27 29 -29 -30 -31
leaf_value=-0.049256801410520842 -0.050819545891644557 0.0011988515520169412 -0.035258120183385359 0.045617880589750026 -0.032175377299643509 -0.006697398450949449 0.033405296598340739 0.095842483391068559 0.091209593803427719 -0.033052602505155362 0.060817058088456534 -0.052328813978789281 0.051368461646822364 0.077606423538552682 -0.035851770403225368 0.062364207641370031 0.038488457411570275 0.048189236625261388 -0.035083433298297328 0.091996947706820167 0.046245602922372189 -0.054675095519398434 -0.048816421273022145 -0.047065798683741986 0.057944288276024263 -0.050423566684743064 0.085452488913185853 0.13329425124199204 -0.026016705021575638 -0.043543780212639639
leaf_weight=88.966573067009449 52.280805671587586 3715.7676629889756 41.441395722329617 177.67757541872561 205.94827877357602 78.829658675007522 59.59396886639297 52.533557089045644 13.977029480040072 23.387857653200626 33.817797338590026 15.73837338760495 52.710016779601574 8.8251090049743635 100.08239462599158 13.670277565717695 42.602414920926094 83.396507747471333 7.4426037054508951 45.843041777610779 142.34096010588109 105.19552998058498 271.52600716799498 20.582288732752204 109.87110143527389 127.900635112077 9.4908241704106313 23.499652393162251 213.58815892785788 76.239873696118593
leaf_count=794 3456 22677 263 940 2038 651 532 295 72 140 215 430 260 43 1140 89 243 456 126 203 880 2073 2566 372 780 915 43 128 1363 762
internal_value=-0.000410819 3.11794e-05 0.00850745 0.0321527 -0.000109279 0.0113761 -0.0160975 0.0310497 -0.015283 0.0541823 -0.0211086 0.0248835 0.0254226 -0.0154429 -0.00138475 -0.00827506 -0.019688 0.000299349 0.0010037 0.0202145 0.00770246 -0.0119047 -0.0434872 0.0344575 0.000789108 -0.0225251 0.0197219 0.092794 -0.01529 -0.0292632
internal_weight=6014.77 5962.49 853.447 227.944 625.503 356.022 148.561 207.461 269.481 128.631 255.504 49.5562 76.0979 50.2665 5109.04 1393.27 624.783 339.587 768.489 308.849 263.006 459.64 285.196 162.923 354.445 158.843 195.602 30.9423 256.191 85.7307
internal_count=44945 41489 6673 1246 5427 2672 1326 1346 2755 695 2683 645 400 306 34816 12139 4717 2062 7422 2595 2392 4827 2655 1252 2754 1169 1585 254 1606 805
is_linear=0
shrinkage=0.05


Tree=69
num_leaves=31
num_cat=0
split_feature=18 3 4 8 17 6 19 15 18 0 15 0 17 17 11 11 17 17 17 20 3 17 15 15 4 18 6 19 18 0
split_gain=50.9528 28.63 26.9834 27.6056 41.7382 52.1284 42.9108 44.0143 63.7116 36.9771 71.2782 33.0198 32.2468 34.7916 30.1208 42.0164 42.1528 51.4488 45.4303 41.5038 74.1843 81.2781 53.8145 47.2539 81.4438 38.695 37.5084 36.6818 32.4698 28.6096
threshold=0.0003444294459816071 0.075000000000000025 0.32500000000000012 0.085000000000000034 0.00014150000000000005 0.020141478552353802 6.7500000000000014e-05 1.5000000000000002e-06 -2.1589073653375788e-06 85.500000000000014 -4.4499999999999991e-05 78.500000000000014 0.00057450000000000003 0.00047350000000000002 9.4396651699425487 9.1380497464977406 0.00023450000000000004 0.00016350000000000004 0.00024750000000000005 -0.00029862327048351664 0.55500000000000016 0.00036650000000000002 -0.00016449999999999996 4.4500000000000004e-05 0.019999999999999938 1.4498641853646595e-05 0.00068458377658148575 -9.1499999999999988e-05 -1.5096647240178988e-05 33.500000000000007
decision_type=2 2 2 2 2 2 2 2 2 2 2 2 2 2 2 2 2 2 2 2 2 2 2 2 2 2 2 2 2 2
left_child=1 -1 3 4 6 14 7 8 11 10 -10 -3 13 -5 15 19 17 27 -18 20 21 23 -22 24 28 -16 -20 -17 -6 -21
right_child=-2 2 -4 12 5 -7 -8 -9 9 -11 -12 -13 -14 -15 25 16 18 -19 26 29 22 -23 -24 -25 -26 -27 -28 -29 -30 -31
leaf_value=-0.052382733323960665 -0.050779033826872128 0.039270823874289394 -0.048645018597479411 0.0090188003280323101 -0.055418972383349301 -0.037739933237291912 -0.046628020217967525 0.048331906109747615 -0.077572238313543151 0.039088512683321239 0.049533682668392892 -0.067856666681421721 -0.050977838932705223 0.059214177628594655 0.047922041597809939 -0.060020441348774878 0.058699149167397907 -0.047719015618914257 0.0058444808025057389 -0.017657273298887451 0.0049846246289382999 -0.05744252980806186 -0.048062968613710802 0.052896192785279877 0.1146075781947713 -0.051061026112002264 -0.040712698866161599 0.024937979989858746 0.047780762201004578 0.0024668536565796637
leaf_weight=25.947209300473332 49.769715971313417 9.0970662385225278 28.078294735401869 639.8028066623956 38.326336085796356 99.525705750100315 24.741884157061577 103.02431722730398 22.506381496787071 107.29321443103254 21.6299779266119 34.366979643702507 21.144262349233031 36.490198750048876 58.645570680499077 16.795288894325495 27.95443020761013 153.93958651646972 131.85661122947931 185.60646332800388 66.214824316091835 35.704561971127987 171.98996054194868 77.709485555067658 11.252113252878187 11.872367046773432 64.384965963661671 52.170078240334988 9.5139126107096654 3644.1567299179733
leaf_count=814 3456 45 529 4133 216 1670 204 739 95 874 154 177 287 241 295 173 122 1125 792 1083 664 229 1604 371 49 94 491 310 45 23864
internal_value=-0.000399167 2.35409e-05 0.000253789 0.000487382 -0.000769922 -0.00192662 0.0166441 0.0218988 0.00792584 0.0232417 -0.0152812 -0.0454348 0.00982612 0.0117272 -0.00117751 -0.00166545 -0.0162438 -0.0316408 -0.00093557 -0.00012835 -0.0152335 0.0097372 -0.0333171 0.0272708 -0.00642802 0.0312573 -0.00943048 0.00424787 -0.0348958 0.00149155
internal_weight=5981.51 5931.74 5905.79 5877.72 5180.28 4857.62 322.66 297.918 194.894 151.43 44.1364 43.464 697.437 676.293 4758.09 4687.58 447.101 222.905 224.196 4240.47 410.711 172.506 238.205 136.802 59.0924 70.5179 196.242 68.9654 47.8402 3829.76
internal_count=44945 41489 40675 40146 35485 33197 2288 2084 1345 1123 249 222 4661 4374 31527 31138 3013 1608 1405 28125 3178 910 2268 681 310 389 1283 483 261 24947
is_linear=0
shrinkage=0.05


Tree=70
num_leaves=31
num_cat=0
split_feature=3 4 3 19 17 17 17 20 17 1 15 15 1 14 17 0 17 1 14 17 18 19 17 17 0 0 3 4 4 16
split_gain=50.0431 28.3229 27.53 26.2796 56.2714 44.362 67.6949 73.2326 51.477 43.1562 45.8528 51.9939 41.7135 35.259 41.0657 47.8461 56.1778 57.0243 47.0961 46.0181 40.7634 54.6665 77.4031 52.7402 88.3614 63.6145 62.1591 61.3756 58.3657 50.8604
threshold=0.92500000000000016 0.32500000000000012 0.075000000000000025 -0.00041949999999999995 0.00022750000000000003 0.00027850000000000005 0.00030450000000000003 -0.00021548054792834741 0.00057450000000000003 66.385000000000005 -0.00022049999999999997 0.00019550000000000001 109.95500000000001 -0.00011249999999999998 0.00021550000000000001 220.50000000000003 0.00019850000000000003 35.82500000000001 -0.00035449999999999994 0.00014350000000000005 2.7721591750116292e-05 -0.00039549999999999996 0.00025950000000000002 0.0001485 166.50000000000003 93.500000000000014 0.66500000000000015 -0.20499999999999999 0.20000000000000001 -1.0000000180025095e-35
decision_type=2 2 2 2 2 2 2 2 2 2 2 2 2 2 2 2 2 2 2 2 2 2 2 2 2 2 2 2 2 2
left_child=1 2 -1 4 -4 -6 7 -7 -8 10 -10 -12 -9 14 15 16 17 -5 -16 -19 29 22 -22 25 -25 -23 -27 -26 -29 -15
right_child=-2 -3 3 13 5 6 8 12 9 -11 11 -13 -14 20 18 -17 -18 19 -20 -21 21 23 -24 24 27 26 -28 28 -30 -31
leaf_value=-0.052282886327170888 -0.039000433188476874 -0.049186571972496991 0.059128358327202882 0.075726105436065547 -0.05860105138010302 -0.042485874173697369 -0.040335889337970464 0.07918532367092912 -0.056598565329587791 -0.052254224920388143 0.082957795177762167 -0.046946348537004447 -0.054514403912980527 0.019319772908262617 -0.036864703108468247 -0.044450248426767841 -0.059202676466005522 0.063792425736765551 0.022838761688605897 -0.057209220775563813 0.083357679953641184 -0.027577158791708575 -0.056233529577024634 -0.0068795843279053012 0.073769832055058299 0.064843228871589123 -0.0057672587616312467 -0.058058974684536982 0.058659699756884801 0.00082170666702696476
leaf_weight=24.345485785976052 81.147129213437438 28.50318054202944 26.193668341264129 37.793582364916801 53.899480246007442 23.729131559841335 149.60582687053829 47.64050557743758 11.575485429726539 20.558815046213567 35.623770592734218 9.8277753191068751 6.6479363394901148 420.97220928966999 35.347062788903713 61.662952769547701 21.187643403187394 12.303031720221041 504.18981351796538 21.745910655707121 35.152893617749214 61.734494155272841 13.840812074020503 729.01613605208695 10.400025710463522 72.050733096897602 54.929209027439356 177.11299597099423 11.400077771395443 3167.900950409472
leaf_count=798 3294 683 198 193 621 476 2325 306 362 651 239 261 109 2593 221 533 213 75 3063 212 154 411 207 5992 51 443 472 1584 64 18205
internal_value=-3.28762e-06 0.000534264 0.000776174 0.000997589 -0.0116219 -0.0167825 -0.00939738 0.0307862 -0.0231964 0.00985296 0.0322432 0.0548692 0.062813 0.00188996 0.0124158 -0.010295 0.0123441 0.0334445 0.0189274 -0.0134872 0.000353028 -0.0077706 0.0439229 -0.0100387 -0.0149391 0.0140569 0.0342984 -0.044477 -0.0510006 0.00299152
internal_weight=5968.04 5886.89 5858.39 5834.04 385.302 359.109 305.209 78.0176 227.192 77.5858 57.027 45.4515 54.2884 5448.74 694.23 154.693 93.0302 71.8425 539.537 34.0489 4754.51 1165.64 48.9937 1116.64 927.929 188.714 126.98 198.913 188.513 3588.87
internal_count=45009 41715 41032 40234 5548 5350 4729 891 3838 1513 862 500 415 34686 4510 1226 693 480 3284 287 30176 9378 361 9017 7691 1326 915 1699 1648 20798
is_linear=0
shrinkage=0.05


Tree=71
num_leaves=31
num_cat=0
split_feature=3 4 16 11 11 20 19 0 20 15 5 19 4 1 20 19 1 5 6 19 20 14 4 15 5 20 19 4 1 0
split_gain=46.715 26.6437 26.117 25.3353 33.822 38.0313 57.3713 70.8035 55.0176 53.6806 51.1946 92.7517 83.7752 76.0417 56.677 50.8376 55.401 50.6391 84.0848 65.8805 76.2094 66.6414 59.464 61.4449 82.9025 50.3502 50.5945 49.8719 49.7781 49.2599
threshold=0.92500000000000016 0.33500000000000013 0.0011185000000000004 9.5180519970378636 9.1380497464977406 -0.00024738923236650563 -3.0499999999999999e-05 68.500000000000014 -0.00012969986945113665 0.00030150000000000006 0.18500000000000003 4.5500000000000008e-05 -0.27499999999999986 113.51500000000001 -0.00019010570624652481 0.00010850000000000002 103.74500000000002 0.39500000000000007 -0.023807386515108681 -5.6499999999999998e-05 -0.00026883563687102302 -8.4999999999999982e-06 -0.099999999999999992 -4.4999999999999993e-06 0.0099999999999999273 -0.00023729462110782176 6.5000000000000013e-06 -0.069999999999999965 86.395000000000024 89.500000000000014
decision_type=2 2 2 2 2 2 2 2 2 2 2 2 2 2 2 2 2 2 2 2 2 2 2 2 2 2 2 2 2 2
left_child=1 2 3 4 5 17 9 8 25 -7 11 13 15 14 -9 16 -12 18 -1 27 22 -22 29 -24 -25 26 -8 -20 -17 -21
right_child=-2 -3 -4 -5 -6 6 7 10 -10 -11 12 -13 -14 -15 -16 28 -18 -19 19 20 21 -23 23 24 -26 -27 -28 -29 -30 -31
leaf_value=-0.057578447987346737 -0.038313725875698215 -0.052562569492358636 -0.053911636644088157 0.03573361259005902 -0.010961572349621862 0.010088603661236147 0.066576087665919922 0.046955683685684202 0.05317332308065395 -0.032725520351022649 -0.038203495712577223 -0.058019166562479331 0.043539780243552102 -0.059109516033880496 -0.029616301577076655 0.049726806379726651 0.04403402446042079 0.025822128218401071 -0.039955750316102684 0.0034772428090915361 0.031484764952991233 -0.034557517046544146 0.032672126590657678 0.043992362930244888 -0.034486878912450995 -0.047558390139456959 -0.056338473790766258 -0.0077763673565962952 -0.0049893873089580472 0.061010040192291663
leaf_weight=77.079035203903913 78.538188938051462 23.55683424603194 21.794829999096692 51.807716000825167 568.96773004438728 2455.2210912089795 21.188010811805725 86.194616071879864 18.461390884593129 75.462306403554976 120.56374887377024 86.350589022040367 144.20800171047449 34.133287876844406 33.581221491098404 66.820787871256471 24.669966705143452 129.98165805824101 145.13923501595855 54.964740827679634 51.104657266288996 151.24626821652055 120.68056064099073 45.700832262635231 127.6263902336359 178.4089422672987 13.841346595436333 706.49579261150211 109.98348562791944 115.14678640663624
leaf_count=421 3294 604 553 310 3995 16681 104 447 101 862 609 681 824 231 210 370 142 1014 920 290 249 867 690 232 770 1073 109 7031 765 560
internal_value=-7.72921e-06 0.00050563 0.000719808 0.000924568 0.000611657 0.00187936 0.00489644 -0.00566281 -0.0296351 0.00881193 0.00220573 -0.0165438 0.0118675 0.00672587 0.0254874 -0.00231527 -0.0242343 -0.0041876 -0.00663291 -0.00404624 0.00772803 -0.0178782 0.0188921 0.00527858 -0.0137944 -0.0367976 0.0180082 -0.0132605 0.0156899 0.0424206
internal_weight=5938.92 5860.38 5836.83 5815.03 5763.22 5194.25 3469.09 938.405 231.9 2530.68 706.506 240.26 466.246 153.909 119.776 322.038 145.234 1725.17 1595.18 1518.11 666.47 202.351 464.119 294.008 173.327 213.438 35.0294 851.635 176.804 170.112
internal_count=45009 41715 41111 40558 40248 36253 23209 5666 1387 17543 4279 1569 2710 888 657 1886 751 13044 12030 11609 3658 1116 2542 1692 1002 1286 213 7951 1135 850
is_linear=0
shrinkage=0.05


Tree=72
num_leaves=31
num_cat=0
split_feature=18 3 4 19 17 6 17 19 5 6 0 6 17 16 18 2 17 17 17 17 18 18 19 2 16 18 19 19 11 15
split_gain=46.5823 25.8368 24.8706 71.6397 68.2121 100.91 97.7673 63.7704 60.8907 57.6511 73.8175 57.0332 51.3264 46.4244 45.4667 44.7351 43.1513 47.7529 71.0655 62.1087 73.3956 47.2672 73.51 66.6817 58.1272 77.5423 65.7581 159.69 61.4712 61.0924
threshold=0.0003444294459816071 0.075000000000000025 -0.23499999999999993 -0.00011349999999999998 0.00029350000000000009 -0.022687420445484812 0.00033550000000000002 0.00015750000000000001 0.27500000000000008 -0.043271302985670612 70.500000000000014 -0.01073752416352575 0.00025750000000000008 1.0000000180025095e-35 -0.00041611624779768375 0.099158574641781544 0.00068650000000000015 0.00062850000000000004 0.00056450000000000011 0.00044250000000000002 3.1222520943969305e-05 2.9459491327427128e-05 -0.00039549999999999996 0.66033264095655586 -1.0000000180025095e-35 4.8447703830211214e-05 -0.00020049999999999997 -0.00012849999999999995 9.2285967063362673 -0.00013849999999999998
decision_type=2 2 2 2 2 2 2 2 2 2 2 2 2 2 2 2 2 2 2 2 2 2 2 2 2 2 2 2 2 2
left_child=1 -1 3 -3 5 9 -6 14 -8 12 -11 15 -5 -12 -4 -7 17 18 19 21 -21 22 -16 24 25 -23 28 -28 -26 -29
right_child=-2 2 7 4 6 11 8 -9 -10 10 13 -13 -14 -15 16 -17 -18 -19 -20 20 -22 23 -24 -25 26 -27 27 29 -30 -31
leaf_value=-0.052206113243233744 -0.050701123292059717 0.044422540778382057 -0.055066521125633483 0.0017547048171546291 0.05059656439246342 0.045536099015977854 0.074329304037427907 -0.050493997690038608 -0.019572859924562029 -0.032542088141500641 0.03851456843530935 0.067284763037816608 -0.067583096213390911 -0.079963733936784881 -0.04089317762084576 -0.063295560720119839 0.048412305595958549 -0.057338101095693123 0.050462133234701806 -0.051962471342890559 0.038387894793563498 0.064736901679756806 0.0058819112060636636 -0.037945790101156174 0.014136778430083145 -0.046048157351837801 -0.042627237629014263 0.037492550955410174 -0.050084233673332479 -0.0043328748999568499
leaf_weight=23.266906334087253 44.976641382090747 118.55839456245303 37.421540705487132 71.415012739598751 147.55756234377623 10.279949456453322 19.953613102436066 63.766022833064198 128.07374372333288 54.673929318785667 185.42997063696384 10.419888392090796 42.616187632083893 8.6540317088365537 86.645443081855774 115.88090379536152 46.082192703150213 36.294580469839275 69.388476904481649 110.09300870262086 28.244206302799284 17.958163119852543 2746.6153242345899 149.80131508316845 683.78318590950221 131.11821479257196 251.82210183143616 121.77235451340675 39.408745724707842 308.46525966376066
leaf_count=798 3491 772 500 418 807 47 102 682 796 291 1088 51 248 38 871 567 517 552 524 891 255 81 15633 1994 6368 1284 2289 665 391 1998
internal_value=-1.04234e-05 0.000378275 0.000587696 0.00816531 0.00275796 -0.00851036 0.021795 -0.000816788 -0.00691515 0.00528054 0.0187755 -0.0451421 -0.0241585 0.0332317 -0.000165653 -0.0544276 0.000259925 -0.000204157 0.000232851 -0.000512559 -0.0335157 0.00049365 0.00445146 -0.00608654 -0.00301605 -0.0327027 0.000133264 -0.0110041 0.0106372 0.00750519
internal_weight=5910.44 5865.46 5842.19 913.513 794.955 499.37 295.585 4928.68 148.027 362.789 248.758 136.581 114.031 194.084 4864.91 126.161 4827.49 4781.41 4745.12 4675.73 138.337 4537.39 2833.26 1704.13 1554.33 149.076 1405.25 682.06 723.192 430.238
internal_count=45009 41518 40720 5225 4453 2748 1705 35495 898 2083 1417 665 666 1126 34813 614 34313 33796 33244 32720 1146 31574 16504 15070 13076 1365 11711 4952 6759 2663
is_linear=0
shrinkage=0.05


Tree=73
num_leaves=31
num_cat=0
split_feature=18 3 4 19 17 17 17 20 6 17 17 14 17 17 17 0 1 17 18 19 14 18 18 17 0 20 18 19 17 6
split_gain=44.2562 24.5005 24.3825 24.4854 51.2571 43.845 56.9346 53.3825 48.6421 48.3384 62.057 32.1499 39.6314 52.8707 42.656 46.7469 47.1198 46.6291 37.6782 74.522 56.2386 48.7787 48.2028 43.2845 55.8903 67.1814 37.6128 48.899 71.9414 50.8995
threshold=0.0003444294459816071 0.075000000000000025 0.32500000000000012 -0.00041949999999999995 0.00022750000000000003 0.00027850000000000005 0.00030450000000000003 -0.00021548054792834741 0.01379005855954752 0.00068650000000000015 0.00075250000000000002 -0.00010849999999999999 0.00021550000000000001 0.00021950000000000005 0.0001975 220.50000000000003 36.855000000000011 0.00014250000000000002 9.1791705110310786e-05 -0.00029249999999999995 -0.00035449999999999994 -2.4052169136870236e-05 0.00023854698223609529 0.00028650000000000003 80.500000000000014 -0.00017197815891411652 2.7721591750116292e-05 -0.00039549999999999996 0.00024950000000000005 -0.01554716008391689
decision_type=2 2 2 2 2 2 2 2 2 2 2 2 2 2 2 2 2 2 2 2 2 2 2 2 2 2 2 2 2 2
left_child=1 -1 3 4 -3 -6 7 -7 -9 -8 -11 12 14 -14 15 16 -5 -18 20 -20 -15 -22 -21 -23 -25 -26 -13 28 -28 -29
right_child=-2 2 -4 11 5 6 9 8 -10 10 -12 26 13 18 -16 -17 17 -19 19 22 21 23 -24 24 25 -27 27 29 -30 -31
leaf_value=-0.052097591250812453 -0.050666545038792712 0.056835997078983118 -0.048213204811856231 0.065835785649094758 -0.057730343770253836 -0.04096787569761344 -0.033422363214177513 0.07011534041859814 -0.057496022436204913 0.074009618437446814 -0.0528643581507297 0.0026606646650047926 0.090172250540401774 -0.038963393242376639 -0.05833383370125627 -0.034054782646789343 0.06257678563041251 -0.060328455573749697 0.044545453877824104 -0.030505696901588965 -0.00080848812630588101 0.06881195822322396 0.10510592677368286 0.0614092989528639 -0.032347606114347033 0.077745681204177922 0.080120364470619904 0.030171466934773794 -0.055958736095996858 -0.012869572694607806
leaf_weight=22.177104684524238 42.81156616192311 25.598881227895617 25.515581570565701 39.562653779983521 54.391722711734474 21.289519561454654 178.32104798778892 50.663833951577544 8.7583916522562486 25.828222006559372 15.37539278436452 3546.4852304086089 24.087524764239788 31.858219683170319 36.152671527117491 49.358776960521936 12.229080133140085 20.91633634455502 57.175901480019093 128.03639652207494 87.993276458233595 94.772256337106228 6.9061192423105231 57.330027706921101 54.766685038805008 18.550575748085976 34.361281305551529 73.668574742972851 13.539777390658854 1016.2170352190733
leaf_count=798 3491 175 547 207 702 390 2883 334 105 228 438 20805 109 186 399 409 79 216 423 987 528 443 77 258 347 81 157 451 208 8548
internal_value=-1.5517e-05 0.000356309 0.000556539 0.000771675 -0.0114925 -0.0164248 -0.00894172 0.026967 0.0513064 -0.0221441 0.0266658 0.00163459 0.0114736 0.017702 -0.0106294 0.00349925 0.0289933 -0.0149823 0.0144536 -0.00329505 0.0243295 0.0307632 -0.0235653 0.0430873 0.0244265 -0.00449204 0.000122919 -0.00778724 0.0416561 -0.0099603
internal_weight=5874.7 5831.89 5809.71 5784.2 380.227 354.628 300.236 80.7117 59.4222 219.525 41.2036 5403.97 719.697 561.477 158.22 122.067 72.7081 33.1454 537.389 192.118 345.271 313.413 134.943 225.42 130.647 73.3173 4684.27 1137.79 47.9011 1089.89
internal_count=45009 41518 40720 40173 5255 5080 4378 829 439 3549 666 34918 4749 3439 1310 911 502 295 3330 1487 1843 1657 1064 1129 686 428 30169 9364 365 8999
is_linear=0
shrinkage=0.05


Tree=74
num_leaves=31
num_cat=0
split_feature=3 11 11 17 19 17 17 17 19 1 0 19 1 15 17 4 6 0 3 16 3 4 17 3 17 0 6 17 6 20
split_gain=41.1475 24.0731 27.8519 43.0808 61.0731 35.4408 71.6244 66.4656 87.6971 61.4278 46.4812 51.7904 56.1848 54.9331 78.4567 68.923 51.8619 75.4914 77.0422 51.5619 59.6046 59.3179 45.1022 74.6588 68.5889 70.7289 66.2088 44.4488 51.2314 41.7646
threshold=0.92500000000000016 9.5180519970378636 9.1537424718864333 0.00035750000000000002 -7.149999999999999e-05 0.00034050000000000004 0.00035550000000000008 0.00033150000000000003 -0.00025649999999999995 83.395000000000024 79.500000000000014 4.5500000000000008e-05 35.82500000000001 0.00015550000000000001 0.00023550000000000001 -0.20999999999999999 0.0061267706336436993 25.500000000000004 0.70500000000000007 -0.00053149999999999996 0.50500000000000012 -0.089999999999999997 0.00038150000000000006 0.71500000000000008 0.00055850000000000008 159.50000000000003 0.0047063439851740135 0.00026550000000000006 -0.01253944628204713 -0.00021766248628583506
decision_type=2 2 2 2 2 2 2 2 2 2 2 2 2 2 2 2 2 2 2 2 2 2 2 2 2 2 2 2 2 2
left_child=1 2 5 4 -4 7 -7 10 -9 22 11 12 16 -14 -15 -16 19 -18 -19 -1 21 -21 23 -8 -24 26 -26 -13 -29 -12
right_child=-2 -3 3 -5 -6 6 9 8 -10 -11 29 27 13 14 15 -17 17 18 -20 20 -22 -23 24 -25 25 -27 -28 28 -30 -31
leaf_value=0.070899018308384826 -0.037312436894873541 0.034653713744811618 -0.029861934594314733 0.034208113483199479 0.0059602402118688405 -0.043519085998883808 0.03915603206637075 -0.051429887338686101 0.054256746718393228 -0.037285486873609212 -0.00048930650800408444 -0.053841455426659482 -0.00097790436951113559 0.081180080732650192 0.064945630610709668 -0.059806098096356619 0.146639439040752 0.088373200039022964 -0.059900310016697988 -0.055591682415113641 -0.065480324511201199 0.045591436374785549 -0.019453872304290114 -0.045722814313653291 0.042083379161741534 -0.051486011745418683 -0.053889948987372684 -0.028725903040951718 0.07535695423483095 0.011358973941939568
leaf_weight=10.451316252350805 73.037002056837082 50.998682047240436 288.84837120305747 48.676558406092227 202.32615809887648 120.80927215330303 151.17701547592878 23.514767399989069 118.7631113268435 107.84660748951137 1514.3648821683601 97.895846683532 671.41554479952902 51.971441768109798 18.779639147222042 26.974657516926527 9.6531422063708288 13.27026844024658 25.780558381229639 27.712575178593397 108.4446641728282 30.345697715878487 302.87537877820432 31.265214941464365 151.19812878407538 30.9116972964257 20.394152070395648 40.541501672938466 16.689848735928535 1461.6397084379569
leaf_count=44 3294 312 2235 336 1264 1251 817 284 588 1786 10781 740 5127 241 97 183 46 67 178 145 556 135 2238 337 952 596 430 255 79 9615
internal_value=-1.82438e-05 0.000453376 0.000148692 -0.0106595 -0.015106 0.00127408 -0.0076471 0.00318965 0.0367895 -0.00220052 0.002031 -0.00650647 -0.00231626 0.00412001 0.0391448 -0.00860233 -0.0242539 0.0214357 -0.00951394 -0.0368292 -0.0435913 -0.00270564 0.00330061 0.0246103 -0.00439221 0.0181348 0.0306767 -0.0333774 0.00162682 0.00532988
internal_weight=5848.57 5775.54 5724.54 539.851 491.175 5184.69 916.477 4268.21 142.278 795.668 4125.93 1149.93 994.8 769.141 97.7257 45.7543 225.658 48.704 39.0508 176.954 166.503 58.0583 687.822 182.442 505.379 202.504 171.592 155.127 57.2314 2976
internal_count=45009 41715 41403 3835 3499 37568 8407 29161 872 7156 28289 7893 6819 5648 521 280 1171 291 245 880 836 280 5370 1154 4216 1978 1382 1074 334 20396
is_linear=0
shrinkage=0.05


Tree=75
num_leaves=31
num_cat=0
split_feature=18 14 1 6 4 17 1 15 17 0 18 0 5 19 3 19 15 5 6 17 17 0 18 0 19 17 17 0 3 0
split_gain=40.2818 25.8202 55.6262 111.473 80.3043 72.5669 37.6819 42.7926 59.861 37.3308 36.8593 42.2128 70.0698 59.5523 49.7336 43.4003 41.0045 40.2681 42.1677 38.658 37.7601 116.741 47.0386 49.7739 43.6518 36.4176 90.5144 66.1481 44.9635 43.0432
threshold=0.0003444294459816071 2.6500000000000004e-05 145.58000000000001 -0.0089852597342605142 -0.37499999999999989 0.00014350000000000005 144.52500000000003 0.00014250000000000002 0.00025350000000000009 99.500000000000014 -4.6308376136323773e-05 111.50000000000001 0.32500000000000012 -3.1499999999999993e-05 0.72500000000000009 -0.00054849999999999983 1.3500000000000001e-05 0.4850000000000001 -0.018998537524023289 0.0001485 0.00023450000000000004 215.50000000000003 -0.00015593257398669572 226.50000000000003 0.00014050000000000003 0.00025550000000000003 0.00027450000000000006 151.50000000000003 0.40500000000000008 176.50000000000003
decision_type=2 2 2 2 2 2 2 2 2 2 2 2 2 2 2 2 2 2 2 2 2 2 2 2 2 2 2 2 2 2
left_child=1 2 -1 4 -4 -5 10 -8 -9 -10 17 13 19 14 16 -16 -12 20 -19 -13 22 24 -3 -24 25 27 -27 28 -22 -28
right_child=-2 6 3 5 -6 -7 7 8 9 -11 11 12 -14 -15 15 -17 -18 18 -20 -21 21 -23 23 -25 -26 26 29 -29 -30 -31
leaf_value=0.0046226306537583218 -0.050622908123297478 -0.059518826270050035 -0.036160442299152946 0.0074591410040401943 0.054707404505651452 -0.052873078971338708 -0.0084452150276160456 0.070367735236499779 -0.010574415772522789 0.068877985590822532 -0.026322625658138584 0.012106977915679438 0.070053531475208819 -0.043119074364383683 0.03991397915785079 -0.038144721015985872 0.044141184855699955 -0.035941177590592281 0.060800068737505021 -0.044747884903201918 0.063166745596070675 0.072698818452667277 0.0069730891885654255 -0.062007507390397482 0.042282647831370944 -0.064201059064073016 0.0050623213033241113 0.072353210225513498 -0.05569543377389144 -0.044008764821302379
leaf_weight=3455.3658359814435 39.119592466391623 48.669315200299025 35.978963708505034 70.327338539063931 74.994216974824667 171.08913838304579 128.71015642303973 58.4698839597404 72.749852700158954 18.554657783359289 26.06208697706461 34.336270809173584 16.090767413377762 73.548502095043659 23.788117388263345 70.821755448356271 99.351626314222813 125.06506615784019 12.379035107791422 231.31131588295102 11.47868165373802 62.330646179616451 158.36996840685606 31.323275707662106 59.15319224819541 61.853918582201004 435.26942173019052 41.707240507006645 25.92810245603323 49.801291491836309
leaf_count=24064 3439 337 478 467 552 2654 1048 275 499 97 196 211 77 395 270 674 505 1004 64 2098 48 322 916 184 358 298 2763 203 138 367
internal_value=-5.62928e-05 0.000285658 0.00269271 -0.0162312 0.0252469 -0.0352976 -0.00435009 0.0126978 0.0308672 0.00557169 -0.00714502 -0.0174369 -0.0312622 -0.00416887 0.00885122 -0.0185181 0.0294982 -0.00187405 -0.0272281 -0.0373991 0.00166061 0.00718622 -0.0156681 -0.0044174 0.00122665 -0.00265265 -0.00723922 0.0290549 -0.0192213 2.42858e-05
internal_weight=5824 5784.88 3807.76 352.39 110.973 241.416 1977.12 278.485 149.774 91.3045 1698.64 575.31 281.738 293.572 220.024 94.6099 125.414 1123.33 137.444 265.648 985.885 747.522 238.363 189.693 685.192 626.039 546.925 79.114 37.4068 485.071
internal_count=45001 41562 28215 4151 1030 3121 13347 1919 871 596 11428 4426 2386 2040 1645 944 701 7002 1068 2309 5934 4497 1437 1100 4175 3817 3428 389 186 3130
is_linear=0
shrinkage=0.05


Tree=76
num_leaves=31
num_cat=0
split_feature=18 20 19 15 17 6 15 17 17 0 7 14 20 20 6 1 0 20 17 18 4 5 19 14 19 17 15 4 18 17
split_gain=38.2808 26.7783 80.676 54.8176 41.3825 40.479 104.265 67.1826 38.6351 36.9406 36.0989 36.0001 49.3323 51.7808 52.8843 78.5631 85.051 81.5835 82.2145 69.5109 83.1339 61.1809 55.2393 54.6322 53.6327 51.2111 53.2778 49.0641 84.9408 47.0657
threshold=0.0003444294459816071 -0.00029862327048351664 -2.8499999999999998e-05 -0.00016449999999999996 0.00010850000000000002 0.0017533259781095641 4.4500000000000004e-05 0.00036650000000000002 0.00017650000000000003 257.50000000000006 0.085000000000000034 2.6500000000000004e-05 -0.00026883563687102302 -0.00025170453059341626 0.0014618083109961856 143.50500000000002 126.50000000000001 -0.00017282915237401279 0.00017250000000000005 8.8907509825076125e-05 0.029999999999999947 0.17500000000000007 -0.00025949999999999991 5.5000000000000007e-06 -0.0005064999999999999 0.00019850000000000003 1.0500000000000003e-05 0.19500000000000003 9.1570619444335648e-06 0.00032750000000000005
decision_type=2 2 2 2 2 2 2 2 2 2 2 2 2 2 2 2 2 2 2 2 2 2 2 2 2 2 2 2 2 2
left_child=1 2 3 9 -3 6 10 -8 -7 -1 -4 12 -6 -14 -15 16 17 18 -16 20 -18 22 24 -21 -20 -19 -27 -24 -29 -28
right_child=-2 4 5 -5 11 8 7 -9 -10 -11 -12 -13 13 14 15 -17 19 25 21 23 -22 -23 27 -25 -26 26 29 28 -30 -31
leaf_value=-0.0089050203705551469 -0.050592238472677332 -0.080356120749638688 -0.050304368684776835 -0.03902596996673436 0.020868943051221837 0.072468297707107041 0.051497329466339947 -0.044406010710927812 -0.026801948484482075 0.071110235354895079 0.055757633505549992 -0.0041706417532839267 -0.017121206861834368 0.011264966207616744 -0.049294229913437362 -0.039456210261240271 0.049339543818408875 0.077549878465522776 0.065077033224519007 -0.0053083870678887757 -0.044680530287729808 -0.057974388885904594 0.055529800151340396 0.061063936989885215 -0.015961366222429753 -0.042170667968693155 0.077657325569340518 0.092243916715570418 -0.032012607683418702 -0.054721666183658563
leaf_weight=80.491723401471972 37.233697383664548 15.422402203083037 80.09552625566721 236.60252232011408 412.64524162374437 42.042230002582073 91.893379345536232 22.790071399882436 12.780926778912542 17.573688536882401 8.9155975356698018 1744.5851643988863 304.30261920485646 1420.6208178568631 35.181133024394512 130.95264468993992 26.5523566827178 12.950651098042725 27.034755990840495 245.35168508253992 205.2845561336726 18.829599931836128 240.46207149326801 35.488272197544575 83.404305572621524 111.94519856199622 19.844768397510055 19.905988983809948 44.500086717307568 10.147877674549816
leaf_count=931 3439 84 480 2319 2987 296 468 160 116 79 46 11700 2682 8592 372 1908 172 85 263 2196 1490 104 1263 201 826 1078 106 97 309 152
internal_value=-5.71383e-05 0.000269609 -0.00979183 -0.0259982 0.00142505 0.0111883 0.000923958 0.0324393 0.0493254 0.00543401 -0.0396809 0.00166995 0.00466208 0.00242746 0.00464014 -0.00278302 0.0014412 0.0138351 0.0242196 -0.013649 -0.0339124 0.0301769 0.0341736 0.00307874 0.0038763 -0.0176301 -0.0263145 0.0451489 0.00639136 0.0328675
internal_weight=5795.83 5758.6 593.186 334.668 5165.41 258.518 203.695 114.683 54.8232 98.0654 89.0111 5149.99 3405.4 2992.76 2688.46 1267.84 1136.88 624.206 469.318 512.677 231.837 434.137 415.307 280.84 110.439 154.888 141.938 304.868 64.4061 29.9926
internal_count=45001 41562 4895 3329 36667 1566 1154 628 412 1010 526 36583 24883 21896 19214 10622 8714 4655 3234 4059 1662 2862 2758 2397 1089 1421 1336 1669 406 258
is_linear=0
shrinkage=0.05


Tree=77
num_leaves=31
num_cat=0
split_feature=18 20 19 15 3 3 15 17 17 0 14 14 20 20 6 1 0 20 17 18 4 5 14 19 19 17 15 20 19 14
split_gain=36.3799 24.5521 74.1743 51.1099 49.7935 92.8225 90.1642 71.7021 38.5062 33.5265 32.6017 32.5597 44.2571 47.1071 48.7166 72.757 78.1733 73.6947 74.4971 64.2532 76.7766 55.4494 50.0454 49.7177 47.9104 47.0931 49.4467 44.7986 66.946 63.1215
threshold=0.0003444294459816071 -0.00029862327048351664 -2.8499999999999998e-05 -0.00016449999999999996 0.47500000000000003 0.59500000000000008 4.4500000000000004e-05 0.00036650000000000002 0.00010850000000000002 257.50000000000006 -0.00021349999999999996 2.6500000000000004e-05 -0.00026883563687102302 -0.00025245236496196512 0.0014618083109961856 143.50500000000002 126.50000000000001 -0.00017282915237401279 0.00017250000000000005 8.8907509825076125e-05 0.029999999999999947 0.17500000000000007 5.5000000000000007e-06 -0.00025949999999999991 -0.0005064999999999999 0.00019850000000000003 8.2500000000000013e-05 -0.00017353174289899884 -0.00035249999999999995 -0.00025349999999999998
decision_type=2 2 2 2 2 2 2 2 2 2 2 2 2 2 2 2 2 2 2 2 2 2 2 2 2 2 2 2 2 2
left_child=1 2 3 9 6 -6 -4 -8 -3 10 -1 12 -10 -14 -15 16 17 18 -16 20 -18 23 27 24 -20 -19 -27 29 -29 -21
right_child=-2 8 4 -5 5 -7 7 -9 11 -11 -12 -13 13 14 15 -17 19 25 21 22 -22 -23 -24 -25 -26 26 -28 28 -30 -31
leaf_value=-0.059007010321176494 -0.050563089656225468 -0.078733037552666432 -0.053633845515128578 -0.037956094233094421 0.065925188627963136 -0.031341356255587705 0.051917342018405005 -0.065840201763172568 0.019761942800331278 0.067929809762196425 0.011634330931008187 -0.0039647981721122735 -0.016731008155419305 0.010715751115737764 -0.047721367282680172 -0.038454933040709134 0.047324968036400357 0.07474277376431919 0.06077700580658707 0.10318195726619653 -0.043505239000498498 -0.056301535709155574 0.05862937639260285 0.042700283939651827 -0.015388196003626217 -0.035496433245554383 0.064357429826143786 -0.043634052129138186 0.053474381683554006 -0.02859992428790304
leaf_weight=22.842050799168646 35.437691263854504 14.964942790567873 62.820754858665168 231.24604033492506 78.110026963055134 35.75656902231276 61.045031599700451 16.399696025066078 413.93809734191746 17.478995218873024 57.315304822288454 1743.4324601106346 292.77924085967243 1426.381764953956 34.54025624319911 128.35607586335391 26.304959274828434 12.769849646836517 27.487967928871512 9.666620444506405 201.3339682277292 18.429854810237885 35.052449621260166 306.09963669814169 82.962355215102434 125.03838920965791 13.762476142495869 25.380074471235275 59.020616304129362 151.46406394150108
leaf_count=365 3439 84 390 2319 482 257 313 124 2987 79 566 11700 2600 8644 372 1911 172 85 263 107 1495 104 202 1679 830 1222 114 358 317 1421
internal_value=-5.86541e-05 0.000253576 -0.00947128 -0.0251484 0.0108171 0.0353814 -0.009124 0.026981 0.00135467 0.00518586 -0.00849599 0.00158811 0.00444325 0.00231313 0.00439049 -0.00278328 0.0012711 0.0131709 0.0229566 -0.0132715 -0.0330093 0.0285689 0.00274185 0.0323239 0.00356717 -0.0171421 -0.0255957 -0.00523674 0.024273 -0.020694
internal_weight=5767.62 5732.18 583.014 328.882 254.132 113.867 140.265 77.4447 5149.17 97.6364 80.1574 5134.2 3390.77 2976.83 2684.05 1257.67 1129.31 621.091 469.52 508.223 227.639 434.98 280.584 416.55 110.45 151.571 138.801 245.531 84.4007 161.131
internal_count=45001 41562 4895 3329 1566 739 827 437 36667 1010 931 36583 24883 21896 19296 10652 8741 4669 3248 4072 1667 2876 2405 2772 1093 1421 1336 2203 675 1528
is_linear=0
shrinkage=0.05


Tree=78
num_leaves=31
num_cat=0
split_feature=18 17 19 14 18 18 18 0 20 6 0 1 20 17 15 6 14 1 6 5 20 20 17 15 17 0 17 6 19 6
split_gain=34.5741 23.4137 36.6119 43.2648 36.5086 60.984 43.7412 44.1039 50.0434 32.9683 60.8807 31.1397 30.3421 28.5147 32.017 28.2519 27.0314 71.0259 93.1178 67.7358 43.2256 39.4425 54.8239 74.1515 62.5596 51.3452 49.5827 62.8665 87.9096 59.6455
threshold=0.0003444294459816071 0.00014250000000000002 6.7500000000000014e-05 9.5000000000000022e-06 2.8637480985201309e-07 -4.6308376136323773e-05 3.4328236746484471e-05 93.500000000000014 -0.00028170681781141825 0.020141478552353802 25.500000000000004 75.925000000000026 -0.00027139963318168235 0.00013550000000000001 -5.2499999999999995e-05 0.0017533259781095641 2.1500000000000004e-05 145.58000000000001 -0.008499766333840102 0.37500000000000011 -0.00029968206045723563 -0.00026883563687102302 0.00018550000000000004 -8.3499999999999983e-05 0.00019350000000000001 81.500000000000014 0.00021850000000000003 0.015211609136733641 -7.7499999999999986e-05 0.00053543330635356316
decision_type=2 2 2 2 2 2 2 2 2 2 2 2 2 2 2 2 2 2 2 2 2 2 2 2 2 2 2 2 2 2
left_child=1 2 3 4 5 -1 -6 8 -8 16 11 -11 -5 -9 -15 -7 17 20 19 -19 -3 25 23 -23 -24 -22 27 28 -26 -30
right_child=-2 9 -4 12 6 15 7 13 -10 10 -12 -13 -14 14 -16 -17 -18 18 -20 -21 21 22 24 -25 26 -27 -28 -29 29 -31
leaf_value=0.058283839708039811 -0.050535390467869382 -0.013915156066206538 -0.047516763326448629 -0.0427838854621845 0.056364063042545404 -0.066776597013906813 0.058919272543198148 0.058857376327328931 -0.067277734263542735 0.12719606674345571 -0.037541989723653441 -0.026646821496362372 0.05567875491658944 -0.054895789003153117 0.033484536570454068 0.026210585486097861 -0.0046660656266070358 0.064008455249989465 -0.050645984462929332 -0.025101154200746618 -0.016597290105582196 -0.056379921232879451 0.033248224746347255 -0.00076513696542189133 -0.050231420203731648 0.031081616334412705 0.0073669995026132938 0.078714678775887961 -0.019235828866169633 0.067052891509331816
leaf_weight=17.130227893590927 33.727385729551315 281.45655566453934 23.667832534760237 8.6477216929197294 52.63079347461462 44.767715513706207 10.22310317493975 33.971299737691879 33.924432840198278 9.1484335921704751 115.43174020014703 5.1358408331871024 82.167047366499901 17.324365984648466 25.084888622164726 9.991584546864031 1932.2994092023 39.613638915121555 134.28504280466586 46.195044668391347 69.816427638754249 81.071046456694603 208.14320551231503 229.88880952447653 130.14048375561833 295.29105190932751 1669.2787667168304 15.826671050861476 49.649838350713253 33.565773390233517
leaf_count=159 3439 2270 210 52 478 243 80 242 199 46 2172 101 581 217 148 50 13019 262 2063 548 532 723 1175 1634 1045 1909 10860 87 271 186
internal_value=-6.06086e-05 0.000237753 0.0125888 0.0168244 0.0058997 -0.0240527 0.0183349 0.00172874 -0.0380547 -0.000592848 -0.0254922 0.0718826 0.0463028 0.0247233 -0.00261921 -0.0498098 2.6309e-05 0.00278711 -0.0246483 0.0160364 0.00475777 0.00664646 0.00433311 -0.0152646 0.00722596 0.0219644 0.00437294 -0.0174347 -0.024567 0.0155695
internal_weight=5739.5 5705.77 359.531 335.863 245.048 71.8895 173.159 120.528 44.1475 5346.24 129.716 14.2843 90.8148 76.3806 42.4093 54.7593 5216.52 3284.22 220.094 85.8087 3064.13 2782.67 2417.56 310.96 2106.6 365.107 1898.46 229.183 213.356 83.2156
internal_count=45001 41562 2659 2449 1816 452 1364 886 279 38903 2319 147 633 607 365 293 36584 23565 2873 810 20692 18422 15981 2357 13624 2441 12449 1589 1502 457
is_linear=0
shrinkage=0.05


Tree=79
num_leaves=31
num_cat=0
split_feature=18 3 6 17 6 6 1 0 17 0 20 8 6 14 3 17 17 4 17 3 6 17 5 3 6 17 17 1 8 18
split_gain=32.8619 22.2609 21.2162 22.8549 35.6219 50.0207 37.3786 37.004 39.3637 30.3875 28.5727 28.343 34.8263 29.9178 26.4652 23.1537 23.2828 32.2798 27.8156 31.7451 33.5542 24.8337 25.2724 23.5153 36.2872 35.8837 31.9662 34.8197 30.0707 38.2269
threshold=0.0003444294459816071 0.075000000000000025 0.03558307161925426 0.00014250000000000002 0.0057339029540005313 -0.016409951039707649 25.345000000000002 151.50000000000003 0.00010850000000000002 37.500000000000007 -0.00020779997858533548 0.085000000000000034 0.020141478552353802 -0.00026349999999999995 0.64500000000000013 0.00057850000000000013 0.00047350000000000002 0.0099999999999999829 0.00034050000000000004 0.7350000000000001 0.011601475131954928 0.00017250000000000005 0.10500000000000005 0.70500000000000007 0.010979884072184502 0.00029050000000000007 0.00022950000000000002 54.345000000000006 0.23500000000000007 4.6218260675701142e-05
decision_type=2 2 2 2 2 2 2 2 2 2 2 2 2 2 2 2 2 2 2 2 2 2 2 2 2 2 2 2 2 2
left_child=1 -1 3 4 5 -3 -6 -7 -9 -8 -10 12 -5 -13 -14 16 18 -18 21 20 -20 22 -15 28 25 -25 27 -26 29 -23
right_child=-2 2 -4 11 6 7 9 8 10 -11 -12 13 14 15 -16 -17 17 -19 19 -21 -22 23 -24 24 26 -27 -28 -29 -30 -31
leaf_value=-0.052029689913882127 -0.050509063642153455 0.05666446571181686 -0.047903576861400815 -0.00099162633391453384 -0.069834104227755892 -0.036190966854688492 -0.04855359580116847 -0.071332537318986408 0.036856742611307031 0.047904122671120444 -0.027068345984974429 -0.029941371649723211 0.055084435566233027 -0.053961935258178328 -0.043649846720884442 -0.053912123508291047 0.077071599020507656 -0.039142873999674914 -0.012982037389666037 -0.049739571254704684 0.075233417253233445 0.013068592157890094 0.066164262173199664 0.06322099592611298 0.071020675338042072 0.0067767026331498172 -0.035682939587253652 -0.031527819387071367 0.059867030654597288 -0.041200435956133499
leaf_weight=20.308690892532468 32.098782115150243 33.687775276601315 22.630204199813306 4572.0697940867394 8.1390514485537988 76.388059824705124 8.8074982017278654 13.217197835445402 69.898291580379009 111.94632177427411 23.309550195932388 44.329310860484838 7.4923929348587981 21.689951255917553 72.090121272020042 12.786153267137705 28.724770754575729 7.5445528961718074 40.869391277432442 36.517486784607172 14.641118556261061 156.03730993717909 5.4857138954102984 96.251707937568426 22.803193781524897 39.801182361319661 30.798115368932486 12.994774321094154 25.124529257416725 40.969100708141923
leaf_count=801 3439 329 691 31658 68 457 71 79 538 834 171 356 57 230 1366 184 147 110 271 424 64 807 32 525 120 282 295 156 116 323
internal_value=-6.06421e-05 0.000224585 0.000412177 0.000606233 0.0130676 0.000678049 0.0338783 -0.00963881 0.00941936 0.0408687 0.0208703 -0.000207543 -0.00156241 0.00968058 -0.0343544 0.0126423 0.0141089 0.0528973 0.0115227 -0.0135332 0.0102851 0.0166246 -0.0297131 0.0195891 0.0319058 0.0467087 0.00166427 0.0337953 0.00835261 0.0017829
internal_weight=5709.45 5677.35 5657.04 5634.41 345.394 216.501 128.893 182.813 106.425 120.754 93.2078 5289.02 4651.65 637.368 79.5825 593.039 580.253 36.2693 543.984 92.028 55.5105 451.956 27.1757 424.78 202.649 136.053 66.5961 35.798 222.131 197.006
internal_count=45001 41562 40761 40070 2547 1574 973 1245 788 905 709 37523 33081 4442 1423 4086 3902 257 3645 759 335 2886 262 2624 1378 807 571 276 1246 1130
is_linear=0
shrinkage=0.05


Tree=80
num_leaves=31
num_cat=0
split_feature=3 3 16 6 17 19 14 18 18 0 15 17 17 19 20 15 4 18 6 18 4 3 15 5 4 4 17 17 20 0
split_gain=33.2733 22.4368 20.3207 20.1676 20.7113 31.2675 41.4042 41.1966 54.6216 31.6473 60.7649 27.4027 145.921 114.22 117.144 105.488 84.7187 73.2338 97.0734 80.5715 68.6039 87.2186 66.9562 58.1119 49.891 78.3168 42.375 50.1973 76.8214 52.6966
threshold=0.92500000000000016 0.075000000000000025 0.0011185000000000004 0.03558307161925426 0.00014250000000000002 6.7500000000000014e-05 4.500000000000001e-06 1.0000000180025095e-35 -4.6308376136323773e-05 93.500000000000014 -4.4499999999999991e-05 0.00021850000000000003 0.0001975 -0.00010349999999999998 -0.0001710085981015406 -1.8499999999999999e-05 0.23000000000000004 -0.00012493015994775964 -0.0096319882780495341 -0.00018806041702538047 -0.060000000000000032 0.26500000000000007 0.00010250000000000001 0.27500000000000008 0.0099999999999999829 0.029999999999999947 0.00018550000000000004 0.00016350000000000004 -0.00018812203513026237 143.50000000000003
decision_type=2 2 2 2 2 2 2 2 2 2 2 2 2 2 2 2 2 2 2 2 2 2 2 2 2 2 2 2 2 2
left_child=1 -1 3 4 5 6 7 8 -3 10 -9 12 13 14 16 26 22 18 -14 -20 21 -17 -6 24 -22 -26 27 28 -15 -29
right_child=-2 2 -4 -5 11 -7 -8 9 -10 -11 -12 -13 17 15 -16 20 -18 -19 19 -21 23 -23 -24 -25 25 -27 -28 29 -30 -31
leaf_value=-0.051997789009207242 -0.036335975111041162 0.057732928563228994 -0.053826956784752612 -0.047558409895434653 -0.045692410365410462 -0.044585620949645882 0.043716543420476844 -0.067716842623495019 -0.05585492767969015 0.034572702451434255 0.039271062927140971 0.0024972937463571569 -0.061410237594741068 0.06577606916241438 0.06458084109579236 -0.027197149548134958 0.045061698612932598 -0.052826107798794569 -0.056336513694654901 0.082709051126160379 -0.047041603813122369 0.042502276958895281 0.075463582872320981 0.077719610435506847 0.061156531757702692 -0.021112113217666473 0.056799404978928339 0.027217128073177912 -0.061458861002138057 -0.066225014296541443
leaf_weight=20.28123963996768 61.987468048930168 13.667850390076635 17.042777472641319 21.430427005514503 264.03579688630998 22.011474587023258 99.646774634718895 25.933581724762917 46.904662355780602 102.7072217874229 27.182155847549438 3792.3406543242745 36.434182539582253 68.01122760027647 35.374531161040068 64.515235289931297 32.353133035823703 209.87628699559718 14.323996610939501 38.21213535964489 111.47850830107927 147.50362612307072 11.918317969888447 15.786000072956083 36.287619780749083 142.64648321270943 140.97031060606241 32.352305017411709 14.370004944503306 28.274679884314537
leaf_count=821 3291 135 413 755 2920 203 738 127 253 845 235 26291 203 383 206 399 227 1962 149 166 816 852 67 69 204 1115 738 198 110 179
internal_value=9.66104e-05 0.000497465 0.000687124 0.000853132 0.00103922 0.0130342 0.0170472 0.0047664 -0.0302245 0.0183683 -0.0129654 0.000264948 -0.00559487 0.00252018 -0.0215974 0.0128528 -0.0314853 -0.0367107 0.00130486 0.0447982 -0.000569221 0.0212934 -0.0404597 -0.0157074 -0.0207858 -0.00442813 0.0373459 0.0181695 0.0435821 -0.0163616
internal_weight=5695.86 5633.87 5613.59 5596.55 5575.12 338.054 316.042 216.395 60.5725 155.823 53.1157 5237.07 1444.72 1145.88 343.682 802.196 308.307 298.847 88.9703 52.5361 518.217 212.019 275.954 306.199 290.413 178.934 283.979 143.008 82.3812 60.627
internal_count=45070 41779 40958 40545 39790 2536 2333 1595 388 1207 362 37254 10963 8483 3420 5063 3214 2480 518 315 3455 1251 2987 2204 2135 1319 1608 870 493 377
is_linear=0
shrinkage=0.05


Tree=81
num_leaves=31
num_cat=0
split_feature=3 3 15 4 19 17 17 19 3 20 6 17 2 17 17 16 1 17 17 17 17 18 6 6 20 6 16 17 19 20
split_gain=30.9901 21.2782 19.9889 21.4187 57.1285 76.9378 98.274 55.8572 52.3856 46.4588 90.8301 45.5764 71.4853 72.7068 38.3163 49.7526 45.8884 58.1857 91.6495 48.464 70.3337 74.6565 67.9039 65.2638 65.0461 57.9743 58.7441 54.7398 49.2365 48.3086
threshold=0.92500000000000016 0.075000000000000025 0.00071250000000000013 -0.23499999999999993 -0.00011349999999999998 0.00027650000000000005 0.00018050000000000002 0.00015750000000000001 0.20500000000000004 -0.00021054766263965143 -0.019866857753037058 0.00023150000000000002 0.26535899747480468 0.00027050000000000007 0.00028250000000000004 5.0500000000000008e-05 109.95500000000001 0.00033150000000000003 0.00033750000000000007 0.00055850000000000008 0.00044250000000000002 5.5481378737308598e-05 0.0047063439851740135 0.0034513705289543669 -0.00021597257005187637 -0.002530644919197478 -0.00024349999999999998 0.00031450000000000006 -0.00056549999999999992 -0.00028793568578333064
decision_type=2 2 2 2 2 2 2 2 2 2 2 2 2 2 2 2 2 2 2 2 2 2 2 2 2 2 2 2 2 2
left_child=1 -1 3 4 -3 6 8 14 -6 -7 -11 -8 13 -13 15 -5 19 -18 -19 20 21 23 -21 25 -23 26 -16 28 -26 -28
right_child=-2 2 -4 7 5 9 11 -9 -10 10 -12 12 -14 -15 16 -17 17 18 -20 22 -22 24 -24 -25 27 -27 29 -29 -30 -31
leaf_value=-0.051900146914433468 -0.035617402169709565 0.041809446795968534 -0.048161408862708671 0.00274782634398375 -0.021432596139451119 0.038499037364108299 -0.060135844697377427 -0.049429149539602528 0.060338899466344312 -0.020995544756909498 0.050259513627591304 0.062301576443674449 -0.03250840855323122 -0.065547964672739795 0.059290795297353371 0.058999166615873046 -0.053023698099830818 0.06178715630201484 -0.049272688347411858 0.033858686688018606 -0.047528313099814222 -0.05220804970394826 -0.053257785637593251 0.024991925673963491 0.079115156555270502 -0.019298888448183154 -0.052207004695999829 -0.042687848463419192 -0.0020654770719902185 0.0095077877328652877
leaf_weight=19.327491190284491 60.123896691016853 109.55195663869381 20.892886735964566 2940.7539536468685 29.128401786088943 171.39468424767256 74.79827207326889 57.602897090837359 59.787687279284 132.64201620221138 67.474632322788239 45.861933365464211 159.59517098963261 14.679758146405218 51.740806803107262 39.841410979628563 108.2430890519172 35.960362761281431 38.4260134678334 154.21103451680392 96.404324870556593 126.72457138355821 26.163348530419171 260.01618189364672 25.169547457247972 331.64666590280831 36.679588846862316 57.322039493359625 72.414667943492532 234.00374514609575
leaf_count=821 3291 756 393 20949 154 976 411 678 462 807 394 232 856 61 275 189 1253 218 725 1178 852 1971 721 1636 161 1926 228 803 474 1219
internal_value=8.83412e-05 0.000471798 0.000653228 0.000836717 0.00806694 0.00317319 -0.0125256 -0.000495713 0.033551 0.0193934 0.00302999 -0.0264167 -0.0149595 0.0313014 0.000112328 0.00349973 -0.0059878 -0.0296278 0.00441661 -0.0030558 -0.00644493 -0.0031326 0.0212224 0.00380223 -0.0256409 -0.00462141 0.0104759 -0.00390709 0.0188732 0.00114498
internal_weight=5658.58 5598.46 5579.13 5558.24 864.915 755.363 383.851 4693.32 88.9161 371.511 200.117 294.935 220.137 60.5417 4635.72 2980.6 1655.13 182.629 74.3864 1472.5 1292.12 1195.72 180.374 914.087 281.631 654.071 322.424 154.906 97.5842 270.683
internal_count=45070 41779 40958 40565 5109 4353 2176 35456 616 2177 1201 1560 1149 293 34778 21138 13640 2196 943 11444 9545 8693 1899 5284 3409 3648 1722 1438 635 1447
is_linear=0
shrinkage=0.05


Tree=82
num_leaves=31
num_cat=0
split_feature=18 6 2 4 1 19 19 17 19 17 2 5 17 17 1 5 4 16 11 11 19 20 19 16 14 18 16 15 18 17
split_gain=29.9608 20.6827 45.2365 26.0035 53.8541 63.1548 68.2717 72.717 51.8156 51.321 46.0245 39.3365 54.6195 37.7392 47.4854 59.2247 85.9462 45.9119 45.7454 49.9827 50.8239 44.3828 37.8257 95.1422 81.5281 58.0824 57.7831 47.5092 41.9143 87.1155
threshold=0.0003444294459816071 -0.0562976213079679 0.20218935964592036 -0.23499999999999993 106.43500000000002 0.00012050000000000002 -0.00011349999999999998 0.00029650000000000005 0.00015750000000000001 0.00036650000000000002 0.53255075823759823 0.27500000000000008 0.00033550000000000002 0.00028250000000000004 109.95500000000001 0.060000000000000032 0.090000000000000066 5.0500000000000008e-05 9.4396651699425487 9.1537424718864333 -7.3499999999999984e-05 -0.00029624466326784227 -7.3499999999999984e-05 0.00046250000000000007 -0.00010849999999999999 -0.00018268285039207418 1.0000000180025095e-35 -0.00022049999999999997 0.00013073756142704509 0.00055850000000000008
decision_type=2 2 2 2 2 2 2 2 2 2 2 2 2 2 2 2 2 2 2 2 2 2 2 2 2 2 2 2 2 2
left_child=1 2 -1 4 5 6 -3 -8 13 -6 -7 -9 -13 17 21 16 -16 18 19 -5 -21 -15 26 24 -24 -26 27 -23 -29 -30
right_child=-2 3 -4 8 9 10 7 11 -10 -11 -12 12 -14 14 15 -17 -18 -19 -20 20 -22 22 23 -25 25 -27 -28 28 29 -31
leaf_value=0.049441591432270643 -0.050462826723791203 0.033747085706727964 -0.043455808060919476 0.0042242609313528183 0.033023106891481122 0.040457566875202369 -0.03913614889346393 0.076892000604254662 -0.048675255797575825 -0.052901655151718199 -0.031426257461575034 0.046496927953621051 -0.032905584173945707 -0.027070394467632288 0.066927187299585453 -0.052457018745045027 -0.043312739718329406 0.056959784833543449 0.066795122504792317 -0.034525074902629141 0.0049181699445683003 -0.013083573491392329 0.049093792935606687 0.073755790114140116 0.061285163836263014 -0.047224627548695157 -0.035559460110947565 0.017675458675283109 -0.044164590152433007 0.089913315815078859
leaf_weight=16.421578869223595 29.167760422918946 69.354601472616196 64.876363452523947 2604.1629132442176 253.25486473552883 121.80698683764786 199.60528981685638 19.005868405103683 55.620853036642075 18.65823055896908 27.248504526913166 35.333073794841766 55.959325585514307 171.73277254030108 31.771856481209397 113.75718900561333 39.86313003860414 39.220413506031036 27.413290064781904 178.30728036910295 150.69112047553062 215.88340470567346 29.738178111612797 25.605776727199554 13.235975474119185 180.64459219947457 84.361844636499882 668.71303102374077 67.582950736396015 14.760987166315315
leaf_count=78 3463 465 646 18486 1692 844 1033 92 678 501 155 190 320 1636 191 1165 1017 189 156 1508 945 1751 151 122 66 1020 983 4352 1048 127
internal_value=8.07286e-05 0.000344241 -0.0246912 0.000713409 0.00904687 -0.000258684 -0.0110963 -0.021132 -0.00070152 0.0271271 0.0273166 0.0114499 -0.00217428 -0.000128601 -0.00618328 -0.0300312 0.00558135 0.00321715 0.00250519 0.00190433 -0.0164589 -0.00318027 -2.56149e-05 -0.0175391 -0.0279929 -0.0398168 0.00412618 0.0075886 0.0135306 -0.0201298
internal_weight=5623.76 5594.59 81.2979 5513.29 800.227 528.314 379.258 309.904 4713.07 271.913 149.055 110.298 91.2924 4657.45 1657.65 185.392 71.635 2999.8 2960.57 2933.16 328.998 1472.26 1300.53 249.225 223.619 193.881 1051.3 966.94 751.057 82.3439
internal_count=45070 41607 724 40883 5292 3099 2100 1635 35591 2193 999 602 510 34913 13629 2373 1208 21284 21095 20939 2453 11256 9620 1359 1237 1086 8261 7278 5527 1175
is_linear=0
shrinkage=0.05


Tree=83
num_leaves=31
num_cat=0
split_feature=18 3 6 14 21 19 15 6 18 19 17 17 17 18 14 17 17 0 3 19 19 0 3 15 16 16 17 17 19 19
split_gain=28.4722 20.0224 19.4076 19.808 44.5593 34.9016 46.9871 44.1135 35.4952 30.4846 29.2054 77.5455 44.6416 47.0862 42.7435 48.0305 69.1475 69.8327 48.3349 51.6642 45.153 64.8715 42.9439 40.5419 44.9621 43.9616 37.0682 110.493 67.7963 70.2924
threshold=0.0003444294459816071 0.075000000000000025 0.03558307161925426 -0.00010849999999999999 1.0000000180025095e-35 -0.00011149999999999999 -0.0001905 0.00080738080131151195 5.5481378737308598e-05 -0.00063249999999999992 0.00037450000000000005 0.00035950000000000006 0.00052200000000000011 -0.00025817417973743887 0.00020250000000000002 0.00034050000000000004 0.00032950000000000004 120.50000000000001 0.51500000000000012 -0.00014249999999999997 -0.00054849999999999983 114.50000000000001 0.84500000000000008 -0.00018349999999999999 -1.0000000180025095e-35 0.00061400000000000007 0.00019450000000000004 0.00021950000000000005 0.00015750000000000001 -9.549999999999999e-05
decision_type=2 2 2 2 2 2 2 2 2 2 2 2 2 2 2 2 2 2 2 2 2 2 2 2 2 2 2 2 2 2
left_child=1 -1 3 4 5 -3 8 -8 -7 -5 11 14 23 -14 15 16 20 22 19 -17 21 -11 -18 24 -12 -25 28 -28 29 -22
right_child=-2 2 -4 9 -6 6 7 -9 -10 10 12 -13 13 -15 -16 18 17 -19 -20 -21 26 -23 -24 25 -26 -27 27 -29 -30 -31
leaf_value=-0.051878636306280368 -0.050440098497938693 0.0036196279784802832 -0.047393478570197538 -0.040511879619809246 -0.053280823357348683 0.023247275110108632 0.01700061618589466 0.070453204132368732 -0.055574272616269696 0.09829188204299355 -0.062356936537963328 0.041921511305887602 -0.017257130002817041 0.029645199908415382 0.022218491135838205 0.072382471053456618 0.059143012353817373 -0.058236683080343798 -0.04920190317746595 -0.043793386953986276 -0.010587697273991802 -0.057105935265784703 -0.043682821582126892 -0.037355994890146807 0.080429986099698897 0.042206769053680177 -0.032472144802973585 -0.0012106491586693817 -0.05636976592645776 0.015103608243752079
leaf_weight=18.306779250502586 27.757418601773679 542.88575922697783 21.073674491606653 47.217866943217814 28.548915847204626 33.043219901621342 82.998792342841625 72.154472609981894 25.157284576445818 24.708107747137547 8.0859451964497584 113.78646417334676 111.00162112526596 103.31879667006433 206.91443924605846 20.114357352256775 105.14825090393424 17.379110842943192 96.829784477129579 18.254578810185194 387.36876739189029 9.2227179482579213 11.239355017431079 228.6596415899694 17.328364539891481 18.788313053548336 329.99608747661114 1970.2794999480247 43.595500994473696 851.45022800005972
leaf_count=821 3463 4859 703 1304 370 197 433 370 175 120 72 596 918 721 1271 144 509 128 1039 116 3579 91 167 1712 91 96 2651 12247 564 5543
internal_value=7.37836e-05 0.000325746 0.00049805 0.000680704 0.00803853 0.0103534 0.0274877 0.0418589 -0.0108235 -0.000537334 -0.000135176 0.00120713 -0.0117245 0.00535337 7.51192e-05 -0.00110406 -4.85786e-05 0.0352533 -0.0303828 0.0171101 -0.00135428 0.0560533 0.0492133 -0.0251384 0.0350002 -0.0313149 -0.00189797 -0.0056954 0.00491351 0.00707014
internal_weight=5592.61 5564.86 5546.55 5525.48 784.788 756.24 213.354 155.153 58.2005 4740.69 4693.47 4206.29 487.183 214.32 4092.5 3885.59 3750.39 133.767 135.199 38.3689 3616.62 33.9308 116.388 272.862 25.4143 247.448 3582.69 2300.28 1282.41 1238.82
internal_count=45070 41607 40786 40083 6404 6034 1175 803 372 33679 32375 28765 3610 1639 28169 26898 25599 804 1299 260 24795 211 676 1971 163 1808 24584 14898 9686 9122
is_linear=0
shrinkage=0.05


Tree=84
num_leaves=31
num_cat=0
split_feature=18 6 2 0 4 19 19 1 19 0 3 18 2 14 18 18 0 19 8 19 6 6 3 6 18 20 0 19 5 3
split_gain=27.0584 19.9422 40.6942 25.8152 23.0173 49.959 45.6806 43.2151 86.6374 47.6297 41.0397 39.6036 39.2503 35.9491 35.5652 29.26 26.3627 30.4246 26.0621 32.0908 26.8458 26.1441 58.5728 40.7428 40.8042 52.0492 48.2597 52.5144 47.0877 38.0643
threshold=0.0003444294459816071 -0.0562976213079679 0.20218935964592036 58.500000000000007 -0.23499999999999993 -0.00011349999999999998 0.00015750000000000001 106.43500000000002 0.00010850000000000002 97.500000000000014 0.31500000000000006 -0.00032467063494214069 0.53555699002849233 0.00018450000000000001 -0.00041611624779768375 -0.00022308374037895945 79.500000000000014 1.2500000000000001e-05 -0.19499999999999992 -2.4999999999999994e-06 -0.010253926041760659 -0.026279823269993594 0.39500000000000007 -0.008499766333840102 -4.9207031316961392e-05 -0.00024738923236650563 73.500000000000014 -0.00015949999999999997 0.28500000000000009 0.39500000000000007
decision_type=2 2 2 2 2 2 2 2 2 2 2 2 2 2 2 2 2 2 2 2 2 2 2 2 2 2 2 2 2 2
left_child=1 2 -1 -4 5 13 14 8 10 11 -7 -9 -10 -3 -6 -12 17 -13 19 20 -16 22 -20 24 26 -26 -23 -28 -29 -25
right_child=-2 4 3 -5 6 7 -8 9 12 -11 15 16 -14 -15 18 -17 -18 -19 21 -21 -22 23 -24 29 25 -27 27 28 -30 -31
leaf_value=0.046149380358404685 -0.050418494406653129 0.049579096816934981 0.057394189143125933 -0.052833790067711155 -0.05218302060619065 -0.051478836971658053 -0.047397296987108879 -0.028455134438706193 0.035718277143700447 0.050205129622546321 0.014960281578942611 0.03889310647642253 -0.031542417900194832 -0.057868137924696833 -0.038996963278439781 -0.023698406409825346 0.068226135216181524 -0.032597421687317905 0.043258261706729043 -0.074857847838416314 0.015659754214841764 -0.025237315288188594 -0.064966093814058948 -0.024419523121953043 -0.030781464043117907 0.016691067903512394 -0.021953766963436445 0.047736761697342193 -0.037460989092379986 0.00047308527159407632
leaf_weight=16.205697327852249 26.414702152833343 95.679320901632309 5.8526461776345959 57.465924303978682 32.595695309340954 81.697067635133862 51.708647722378373 57.91392236854881 131.32026523165405 87.938306196592748 76.483964875340462 33.573632281273603 25.981312606483698 8.4740867093205434 41.938003934919834 135.94516311585903 25.051168739795685 26.731515150517225 17.937043093144894 23.91210806928575 48.387106355279684 40.765372194349766 41.261864095926285 160.2437013015151 93.842661593109369 150.07821248285472 37.608174063265324 223.91135878115892 17.484158709645271 3689.4645870020613
leaf_count=78 3463 719 35 611 497 417 678 604 909 774 441 212 150 45 223 717 159 145 136 107 270 219 229 1073 578 881 229 1267 86 29118
internal_value=6.67667e-05 0.000307591 -0.0245504 -0.0426452 0.000669782 0.0085814 -0.000662822 0.00365999 -0.0053433 0.0212386 -0.021362 0.0034592 0.0246089 0.040837 -0.000139689 -0.00977955 0.0251129 0.00720344 0.000230149 -0.0233526 -0.00971739 0.00083249 -0.0321745 0.00127523 0.0138298 -0.00157284 0.025579 0.0330038 0.0415659 -0.000563067
internal_weight=5563.87 5537.45 79.5243 63.3186 5457.93 786.79 4671.14 682.636 451.428 231.209 294.126 143.27 157.302 104.153 4619.43 212.429 85.3563 60.3051 4586.83 114.237 90.3251 4472.6 59.1989 4413.4 563.69 243.921 319.769 279.004 241.396 3849.71
internal_count=45070 41607 724 646 40883 5292 35591 4528 2634 1894 1575 1120 1059 764 34913 1158 516 357 34416 600 493 33816 365 33451 3260 1459 1801 1582 1353 30191
is_linear=0
shrinkage=0.05


Tree=85
num_leaves=31
num_cat=0
split_feature=18 7 20 17 3 15 19 19 17 1 18 20 19 20 19 17 20 15 0 1 17 4 19 17 18 20 6 3 19 19
split_gain=25.4017 20.2339 21.7442 29.4518 22.7857 31.313 33.5099 21.2077 19.5815 39.6994 31.1483 56.7437 59.6232 47.5682 58.193 40.8468 45.7032 42.3882 26.3338 23.4306 50.225 37.6156 64.076 66.3797 70.5269 41.1905 40.468 36.057 35.1678 53.2399
threshold=0.0003444294459816071 -0.215 -0.00011739953942622068 0.00024350000000000004 0.16500000000000004 -1.5499999999999997e-05 -0.00029849999999999994 -0.00011349999999999998 0.00014450000000000002 5.7550000000000008 -9.2866554143804565e-06 -0.00025952687501160093 -8.4999999999999982e-06 -0.00026618781712603494 4.5500000000000008e-05 0.00013550000000000001 -0.00018253656599654113 -0.00011949999999999999 81.500000000000014 84.895000000000024 0.00036850000000000007 -0.215 -9.4999999999999988e-06 0.00029350000000000009 -0.00012206771390142442 -0.00031493384571893037 -0.045340224111544439 0.16500000000000004 0.00012050000000000002 4.5500000000000008e-05
decision_type=2 2 2 2 2 2 2 2 2 2 2 2 2 2 2 2 2 2 2 2 2 2 2 2 2 2 2 2 2 2
left_child=1 -1 8 -4 -5 7 -7 -6 9 -3 13 -12 15 -11 -15 -13 17 -17 -19 28 21 22 -21 24 -24 -23 -25 -26 29 -10
right_child=-2 2 3 4 5 6 -8 -9 19 10 11 12 -14 14 -16 16 -18 18 -20 20 -22 25 23 26 27 -27 -28 -29 -30 -31
leaf_value=-0.02933482806701402 -0.050397580809201259 -0.055196271207031723 0.051921714350641815 -0.050807709729209831 0.0010204073685122002 -0.043776886355237708 0.047225480895057931 -0.072860097106975094 0.001992214961272431 -0.060118178827697412 0.057091727148843141 0.047564877462466376 -0.075134185573961162 0.050148983747557267 -0.039068866730157262 -0.05934638260098693 -0.064064897770840443 -0.05223492438976373 0.039056326822021564 0.051027685457847721 -0.045049504479072744 -0.053192513335225948 -0.046157817929832722 -0.05509622581486761 -0.076497139641759637 -0.0065655395523209108 0.041987951259473161 0.039966972289310954 0.023382558849501758 -0.022013702136037261
leaf_weight=57.219704650342464 24.875077445525676 21.94541922211647 46.04386749304831 15.708294780924914 41.402980173937976 11.954667665064333 65.770696267485619 12.690798684954641 2979.1072459081188 32.111081451177597 83.745195349678397 69.098246358335018 19.388884969055653 43.437207527458668 31.554171451367438 16.27207874506712 22.995612025260925 8.868950389325617 72.260588565841317 75.450224984437227 79.111357706598938 49.811587145552039 102.51492038555443 12.205187729559837 7.7176498323678961 964.54629719257355 89.039510440081358 47.85020973533392 171.24731852300465 250.37271895259619
leaf_count=291 3429 123 299 98 427 147 380 56 20103 197 614 621 94 373 350 208 132 63 606 542 1608 689 596 269 41 9095 589 311 1200 1375
internal_value=1.50643e-05 0.000243008 0.000553876 0.0170112 0.00611552 0.0128988 0.0332287 -0.0163125 -5.28429e-05 0.0102801 0.0138748 0.0223187 0.00837758 -0.00919599 0.0126087 0.0169224 -0.000663938 0.0143044 0.0290765 -0.000955139 -0.00632939 -0.0040589 0.0104737 -0.00132531 -0.0215698 -0.00885523 0.0302843 0.0237916 0.00130195 0.000131102
internal_weight=5526.32 5501.44 5444.22 193.571 147.527 131.819 77.7254 54.0938 5250.65 421.677 399.732 292.63 208.884 107.102 74.9914 189.495 120.397 97.4016 81.1295 4828.97 1428.25 1349.14 334.778 259.327 158.083 1014.36 101.245 55.5679 3400.73 3229.48
internal_count=44926 41497 41206 1407 1108 1010 527 483 39799 3381 3258 2338 1724 920 723 1630 1009 877 669 36418 13740 12132 2348 1806 948 9784 858 352 22678 21478
is_linear=0
shrinkage=0.05


Tree=86
num_leaves=31
num_cat=0
split_feature=18 4 0 6 19 4 17 19 17 17 19 4 6 3 19 17 16 1 17 17 11 11 19 20 0 3 6 20 17 16
split_gain=24.1475 19.6031 48.4575 37.9082 26.4058 21.3012 49.164 71.9215 78.3697 64.1848 53.1856 53.0285 45.6787 44.1985 42.7935 39.5803 41.8975 41.4563 53.4743 77.7733 40.733 47.589 45.1949 39.3903 40.5263 38.1467 44.7014 49.0402 36.9844 76.1151
threshold=0.0003444294459816071 -0.56499999999999984 100.50000000000001 -0.045340224111544439 -2.9499999999999995e-05 -0.23499999999999993 0.00027650000000000005 -9.549999999999999e-05 0.00018050000000000002 0.00037450000000000005 0.00017550000000000001 -0.29499999999999987 -0.031188098427732146 0.20500000000000004 0.00015750000000000001 0.00028250000000000004 5.0500000000000008e-05 112.94500000000001 0.00033150000000000003 0.00033750000000000007 9.4396651699425487 9.1537424718864333 -7.3499999999999984e-05 -0.00029760694896791652 255.50000000000003 0.48500000000000004 -0.043271302985670612 -0.00021399724081282089 0.00055850000000000008 -0.00095149999999999998
decision_type=2 2 2 2 2 2 2 2 2 2 2 2 2 2 2 2 2 2 2 2 2 2 2 2 2 2 2 2 2 2
left_child=1 2 4 -4 -1 6 7 -3 13 25 -10 -11 -12 -9 15 16 20 23 -19 -20 21 -7 -23 -17 28 26 27 -8 -25 -30
right_child=-2 5 3 -5 -6 14 9 8 10 11 12 -13 -14 -15 -16 17 -18 18 19 -21 -22 22 -24 24 -26 -27 -28 -29 29 -31
leaf_value=0.043276356805755006 -0.050378075560456717 0.050985300848403463 -0.057003897370532144 0.069829591373804317 -0.060669530849031421 0.0042917264564822704 0.066219339883780995 -0.018637479352358554 -0.034297471629793429 -0.039718848199876117 -0.03830106200300977 0.030423809826604687 0.061302102022671272 0.058651240037938604 -0.04757560126810443 -0.026948596081257221 0.054634209582175457 -0.054441168046051237 0.057224291789467863 -0.048607335859749433 0.065004373053102554 -0.033179078430040969 0.0044798441588696771 -0.0049504329207901753 0.069957334132696461 -0.057536542706504636 0.051494383342379692 -0.041155208216003408 0.06243365409173162 -0.011453650400126377
leaf_weight=6.9093877337872973 23.670836356002837 52.933239080011845 8.4669427871704119 19.365652874112129 52.793334008194506 2568.8822167869657 16.430379182100296 28.421257883310318 227.76284480467439 62.879242897033691 18.62892010807991 47.150796826928854 30.125332817435265 52.976943340152502 48.109312818385661 162.63900764845312 39.177433699369431 95.661309316754341 34.003385651856661 35.465737478807569 25.901391241699457 175.80727686360478 145.69264682941139 1131.792032009922 19.902636179700494 10.355538979172705 186.25711353961378 30.141661711037159 64.087177382782102 76.416612843982875
leaf_count=42 3429 416 142 115 483 18402 81 157 1208 760 123 295 198 455 663 1600 192 1196 220 792 153 1514 932 8275 116 51 1291 224 522 879
internal_value=1.4058e-05 0.00023192 -0.0232396 0.0312456 -0.0486399 0.000613275 0.00834714 -0.00341287 -0.011458 0.022026 -0.024152 -0.00966085 0.0232439 0.0316649 -0.000664785 -0.000171532 0.00327145 -0.00645288 -0.0301942 0.00319458 0.00258144 0.00202205 -0.0161134 -0.00375813 -0.000839327 0.0363629 0.0405392 -0.00327401 -0.00194681 0.0222481
internal_weight=5498.81 5475.14 87.5353 27.8326 59.7027 5387.6 764.063 410.849 357.915 353.215 276.517 110.03 48.7543 81.3982 4623.54 4575.43 2955.46 1619.97 165.13 69.4691 2916.28 2890.38 321.5 1454.84 1292.2 243.185 232.829 46.572 1272.3 140.504
internal_count=44926 41497 782 257 525 40715 5259 2557 2141 2702 1529 1055 321 612 35456 34793 21193 13600 2208 1012 21001 20848 2446 11392 9792 1647 1596 305 9676 1401
is_linear=0
shrinkage=0.05


Tree=87
num_leaves=31
num_cat=0
split_feature=19 16 0 4 17 17 16 6 18 17 16 17 17 5 17 0 3 17 19 6 18 6 19 18 17 0 17 18 19 14
split_gain=23.9547 36.104 27.8995 24.332 20.3805 49.6165 53.1639 41.7505 44.256 30.5303 60.8134 30.4158 51.5563 67.8881 50.8506 72.4593 60.1421 52.9616 63.3039 45.7287 45.098 40.0826 54.4224 62.1096 52.0932 88.4866 39.7632 59.9402 33.3892 45.7507
threshold=-0.00064749999999999996 -0.00088349999999999985 106.50000000000001 0.095000000000000043 0.00057950000000000005 0.00056450000000000011 -0.0016644999999999997 0.0015937109480967722 -0.00058968704572566358 0.00068650000000000015 -0.0019869999999999996 0.00038150000000000006 0.00035950000000000006 0.58500000000000019 0.00034050000000000004 254.50000000000003 0.51500000000000012 0.00033150000000000003 -0.00025649999999999995 -0.022063847409553385 5.7465957210911486e-05 -0.023381552098277761 -1.3499999999999998e-05 -4.6308376136323773e-05 0.00042050000000000003 165.50000000000003 0.00044250000000000002 3.1222520943969305e-05 -1.0000000180025095e-35 0.00018450000000000001
decision_type=2 2 2 2 2 2 2 2 2 2 2 2 2 2 2 2 2 2 2 2 2 2 2 2 2 2 2 2 2 2
left_child=1 2 3 -1 5 6 -2 8 -7 -6 -11 12 14 20 17 16 19 -8 -19 -16 28 -13 23 -23 25 -25 -26 -28 -14 -30
right_child=4 -3 -4 -5 9 7 11 -9 -10 10 -12 21 13 -15 15 -17 -18 18 -20 -21 -22 22 -24 24 26 -27 27 -29 29 -31
leaf_value=0.10420981997930301 -0.061735298578624156 -0.050849526450095786 -0.041686734917607243 -0.050678420720279428 -0.053999345646936481 -0.044514333427389571 0.000702406383271154 -0.042746250188433359 0.063104158784770881 0.089469979991682547 -0.040962945350092539 -0.067061697499181311 0.06770534987460719 -0.060498398014516043 -0.060419924918692053 0.078301375282050445 -0.054523086131306221 -0.04671250670215172 0.046827339780761625 0.046887992511981988 -0.063956968854007243 -0.042045274774425045 0.054005299121408161 -0.049837657524324071 0.08190620284224287 0.063327858792524824 -0.042565152396002656 0.07192494165142084 -0.039054070890024946 0.067616393676078454
leaf_weight=10.856439464259894 34.509508866351098 52.75208433996886 9.8035447583533806 3.3082639444619408 42.043946972116828 10.972157374024389 4356.3148295814171 14.454975763335822 73.856587719172239 14.264894783496855 23.923935295082629 31.944209285080433 85.88227391988039 18.238742414861917 14.506306562572716 15.332474336028097 116.45767308166251 21.430861686356366 115.93771370686591 31.457461647689342 9.3072205111384374 123.07678280584514 31.566865105181932 67.155305461958051 28.674514260143042 23.255759119987488 26.375419326126575 20.177715416997671 20.791458249092102 19.460272196680307
leaf_count=74 435 3198 769 349 476 66 31713 220 433 79 279 331 419 563 137 71 1424 291 605 222 66 946 152 702 184 118 237 162 97 108
internal_value=1.28794e-05 -0.0277294 0.0231561 0.0680346 0.000407657 0.000785499 0.000118489 0.0357999 0.0491843 -0.0246042 0.00775842 0.000530775 0.00156621 0.0300615 0.000628778 -0.0256004 -0.0354087 0.00166631 0.0322342 0.0130213 0.0422565 -0.0136536 -0.00832677 -0.0151419 0.00484852 -0.0207289 0.0355883 0.00705876 0.0500938 0.0125173
internal_weight=5468.09 76.7203 23.9682 14.1647 5391.37 5311.14 5211.85 99.2837 84.8287 80.2328 38.1888 5177.34 4825.12 153.68 4671.44 177.754 162.421 4493.68 137.369 45.9638 135.441 352.227 320.282 288.715 165.639 90.4111 75.2276 46.5531 126.134 40.2517
internal_count=44926 4390 1192 423 40536 39702 38983 719 499 834 358 38548 35716 1253 34463 1854 1783 32609 896 359 690 2832 2501 2349 1403 820 583 399 624 205
is_linear=0
shrinkage=0.05


Tree=88
num_leaves=31
num_cat=0
split_feature=19 16 1 6 0 17 17 17 6 6 17 5 17 0 3 17 19 15 6 16 6 6 0 17 16 20 20 19 17 17
split_gain=22.6041 34.2382 33.5183 19.0802 42.4866 20.7615 42.8258 46.7453 57.9974 51.604 42.5254 60.7629 56.5849 69.2296 58.3672 47.3476 57.9298 44.1694 42.5576 34.0258 33.4214 33.0191 50.0083 75.5773 33.2901 32.4293 28.945 99.0999 112.955 188.853
threshold=-0.00064749999999999996 -0.00088349999999999985 42.315000000000005 0.030726137132956587 15.500000000000002 0.00038150000000000006 0.00052200000000000011 0.00057850000000000013 -0.022687420445484812 0.0022658779137502624 0.00035950000000000006 0.58500000000000019 0.00034050000000000004 254.50000000000003 0.51500000000000012 0.00033150000000000003 -0.00025649999999999995 -0.0001905 -0.022063847409553385 -1.0000000180025095e-35 -0.0012224893129021937 0.002438175008130932 165.50000000000003 0.00042050000000000003 0.00058950000000000007 -0.00024575664011676539 -0.00021766248628583506 -6.4499999999999982e-05 0.00022150000000000004 0.00026650000000000008
decision_type=2 2 2 2 2 2 2 2 2 2 2 2 2 2 2 2 2 2 2 2 2 2 2 2 2 2 2 2 2 2
left_child=1 2 -1 5 -5 10 19 8 -8 -10 12 17 15 14 18 26 -17 -12 -14 -7 -19 24 23 -23 -21 -25 27 28 -2 -30
right_child=3 -3 -4 4 -6 6 7 -9 9 -11 11 -13 13 -15 -16 16 -18 20 -20 21 -22 22 -24 25 -26 -27 -28 -29 29 -31
leaf_value=0.071743064367747286 -0.035145860510802922 -0.050690049266118642 -0.050898616234584637 0.185611421446298 -0.050723684324539622 -0.059316703540953114 -0.057671020145409972 -0.022467896849776361 0.044966972092644261 -0.054258786275328312 -0.068827191874412427 -0.06008879433942782 -0.059875099683680905 0.076353970854079856 -0.054196219026217435 -0.04577625113404192 0.044923809918703934 0.065419344910879806 0.045438468181584958 -0.034735248229635945 0.011355948661669467 -0.054973487223874899 0.099532330787278744 -0.03785026832692906 0.038270928378049497 0.077442641920267799 0.0052319529148904115 0.0067853165966629478 0.023282587595675783 -0.032088878137556329
leaf_weight=13.9342546928674 399.49117550253868 50.333254871424288 9.2824679426848871 2.0207785218954077 32.26413353625685 49.439442087896168 19.496940851211548 87.740563218481839 123.58161537349224 14.657184955663977 8.8683904334902746 17.464508688077331 13.921202789992092 14.947115272283552 120.05136386863887 20.792082746513188 114.83619571477175 82.199056357145309 30.8535131290555 145.91551904566586 43.828441512770951 36.495384069159627 13.5829951018095 8.0633635986596328 17.486028773710132 25.038560435175896 2097.4506138735451 1201.8638988286257 349.63818912627175 275.19174384931102
leaf_count=286 4072 3198 906 27 1184 603 108 925 787 270 61 563 137 71 1552 291 605 426 222 1075 276 466 62 96 99 120 14149 7512 2326 2451
internal_value=9.5772e-06 -0.0275211 0.0227087 0.000386848 -0.0367939 0.000625881 -0.00865417 0.00678703 0.0230601 0.0344463 0.00167466 0.0276667 0.000821002 -0.0266817 -0.0360254 0.00192976 0.0310193 0.0390281 0.0126947 -0.0214588 0.0466178 -0.0138684 0.0117759 -0.00535117 -0.0269227 0.0493582 0.00101725 -0.00295373 -0.0143808 -0.00110448
internal_weight=5440.73 73.55 23.2167 5367.18 34.2849 5332.9 541.498 245.476 157.736 138.239 4791.4 152.36 4639.04 179.773 164.826 4459.26 135.628 134.896 44.7747 296.021 126.027 246.582 83.1803 69.5973 163.402 33.1019 4323.64 2226.19 1024.32 624.83
internal_count=44926 4390 1192 40536 1211 39325 4611 2090 1165 1057 34714 1326 33388 1982 1911 31406 896 763 359 2521 702 1918 744 682 1174 216 30510 16361 8849 4777
is_linear=0
shrinkage=0.05


Tree=89
num_leaves=31
num_cat=0
split_feature=4 8 17 6 19 15 18 18 15 0 3 17 17 6 0 17 17 6 4 18 15 19 17 0 3 17 0 19 6 0
split_gain=21.4708 19.889 30.6119 32.4608 31.3913 30.1981 34.1879 34.565 28.9549 47.3851 26.1242 23.4601 27.2192 34.9242 25.229 21.9272 54.2013 43.6561 36.5635 37.9389 36.1894 42.4301 33.3991 59.959 52.5991 42.0276 64.6567 46.9084 37.506 31.5954
threshold=0.32500000000000012 0.079999999999999988 0.00014150000000000005 0.021140612426438169 6.7500000000000014e-05 4.250000000000001e-05 -2.1589073653375788e-06 -4.6308376136323773e-05 -4.8499999999999993e-05 91.500000000000014 0.65500000000000014 0.00057850000000000013 0.00047350000000000002 0.00080738080131151195 17.500000000000004 0.00037450000000000005 0.00035950000000000006 -0.022687420445484812 0.11000000000000003 7.2338877624922955e-05 -0.00015849999999999998 2.8500000000000005e-05 0.00034050000000000004 254.50000000000003 0.51500000000000012 0.00032950000000000004 120.50000000000001 -0.00027349999999999993 -0.022063847409553385 159.50000000000003
decision_type=2 2 2 2 2 2 2 2 2 2 2 2 2 2 2 2 2 2 2 2 2 2 2 2 2 2 2 2 2 2
left_child=1 2 4 15 5 6 7 -1 9 -8 -5 12 14 -14 -3 16 22 -17 19 -19 -18 -22 25 24 28 -4 27 -27 -24 -23
right_child=-2 11 3 10 -6 -7 8 -9 -10 -11 -12 -13 13 -15 -16 17 20 18 -20 -21 21 29 23 -25 -26 26 -28 -29 -30 -31
leaf_value=0.056920944298352233 -0.048809840609074492 0.060925234650957255 -0.0012659308930919114 0.05357340685510853 -0.043778164781775299 0.058980469599447229 -0.06382356377777175 -0.03812379748719702 0.048104043095102078 0.027539687124924075 -0.04697290284949926 -0.05436505874979003 0.072146459101030277 -0.049125494646419167 0.0051493905174862589 -0.055564317187505631 -0.068635545776674342 -0.0066978121473292938 -0.05078562821987425 0.045839485546374563 0.062713036231960742 -0.068437748082210564 -0.059274387997191029 0.074671252147652564 -0.054975382420466512 -0.054453024029005904 -0.048764855889094613 0.05496113891143789 0.043476579786957702 0.034874406291145736
leaf_weight=11.938073419034479 22.433630756568164 20.962409157305956 3478.4468800043687 7.2303841803222886 20.647059001028538 42.080517821013927 19.277683247346431 48.138017870485783 72.057447295635939 53.793663574382663 60.652821904979646 14.705057202372698 32.177617359906435 7.279810491949319 617.67988483561203 50.251902736723423 7.9532986963167778 354.94114009477198 41.825263775885105 38.046254069078714 73.16354484949261 12.524594193324448 12.75681611150503 13.902428880333899 94.682337694335729 10.900685247033833 22.835140541195869 96.652150141075253 29.232307679951191 18.088726084679365
leaf_count=137 1078 107 24818 51 206 346 144 279 715 520 1814 366 176 131 4354 749 129 2566 2245 589 479 182 133 68 1226 268 223 476 213 138
internal_value=3.87421e-06 0.000207236 -0.000960422 -0.00195431 0.0154506 0.0203958 0.0124835 -0.0192369 0.0256141 0.00343623 -0.0362635 0.0081152 0.00947013 0.049772 0.00698014 -0.00141966 -0.000163957 -0.011441 -0.00634165 -0.00161152 0.0341547 0.0420324 -0.00118391 -0.024256 -0.034319 -0.000221259 0.0276481 0.0438718 0.0122596 -0.00739291
internal_weight=5407.26 5384.82 4692.02 4424.09 267.932 247.285 205.205 60.0761 145.129 73.0713 67.8832 692.805 678.1 39.4574 638.642 4356.2 3871.14 485.065 434.813 392.987 111.73 103.777 3759.41 150.574 136.671 3608.83 130.388 107.553 41.9891 30.6133
internal_count=44926 43848 38714 36367 2347 2141 1795 416 1379 664 1865 5134 4768 307 4461 34502 28353 6149 5400 3155 928 799 27425 1640 1572 25785 967 744 346 320
is_linear=0
shrinkage=0.05


Tree=90
num_leaves=31
num_cat=0
split_feature=16 16 6 19 19 8 18 19 6 3 19 3 17 17 17 6 19 5 19 3 14 15 16 5 18 18 18 19 20 14
split_gain=23.0041 30.748 30.9306 27.0271 26.321 24.8747 32.7889 28.1111 27.0925 52.0482 47.4444 60.0484 58.2309 56.0659 86.0777 75.7729 65.3645 58.0247 52.6288 49.5596 46.1774 51.6269 46.1284 41.158 50.8283 44.6634 38.6466 57.3651 56.0337 35.4746
threshold=0.00076550000000000001 0.00066450000000000005 -0.0562976213079679 -4.2499999999999996e-05 -1.1499999999999998e-05 -0.19499999999999992 -0.00016302860713416823 -0.00011349999999999998 -0.008499766333840102 0.39500000000000007 -2.1499999999999997e-05 0.58500000000000008 0.00012450000000000002 0.00017650000000000003 0.00027650000000000005 -0.011053493125823771 0.00017550000000000001 0.21500000000000005 0.00015750000000000001 0.16500000000000004 -3.5499999999999989e-05 3.750000000000001e-05 -1.0000000180025095e-35 0.57500000000000018 -0.00018268285039207418 -4.9207031316961392e-05 1.9845557716433627e-05 4.5500000000000008e-05 -0.00028306523016949592 9.5000000000000022e-06
decision_type=2 2 2 2 2 2 2 2 2 2 2 2 2 2 2 2 2 2 2 2 2 2 2 2 2 2 2 2 2 2
left_child=1 2 4 -2 -1 6 -4 -8 10 26 11 12 -7 18 15 16 20 -17 19 -12 21 -15 -13 24 -16 -26 27 29 -29 -10
right_child=3 -3 5 -5 -6 8 7 -9 9 -11 13 22 -14 14 23 17 -18 -19 -20 -21 -22 -23 -24 -25 25 -27 -28 28 -30 -31
leaf_value=0.049577904273063605 -0.054924786462133314 0.044339223369222053 0.013361078593852341 0.010448454687231438 -0.050388419838248738 -0.066173912121716402 0.0010365920238183653 -0.042835361544065712 -0.016310778741682876 0.00037804055741728665 -0.075727354548305897 0.029027273771565422 0.030375035445452205 -0.042996945612463811 0.042977177114572572 -0.041346389809856471 0.030877809269864793 0.076595871652676173 -0.0578793690735964 0.054492316931125544 -0.051174462916869716 0.072735517225825233 -0.045103880275287056 -0.017712575373115377 -0.059536103722283198 0.042458207592482103 -0.064507713987820209 0.059110858198615085 -0.05834208470664342 0.074592349836041891
leaf_weight=7.6175032351166001 40.244731280487031 39.511977693997324 68.761498244479299 26.040243015158921 48.564892552793026 16.223590537905693 55.479881105944514 106.80110371485353 19.627013996243477 3604.3439698582515 7.9389130026102057 33.071510406211019 417.69927003234625 21.909670069813728 135.31267859693617 15.939268894493578 34.955354779958725 30.161633774638176 14.484002739191054 91.735243763774633 214.34029842540622 17.201787039637566 57.419033199548721 68.978150603827089 26.706425987184048 17.946130231022835 50.813796646893024 12.149473026394842 61.843692174181342 23.682632319629192
leaf_count=41 1176 414 397 314 442 94 333 544 133 31668 43 246 2794 109 1048 90 220 132 133 761 1165 77 327 797 145 91 356 60 629 144
internal_value=3.09501e-05 0.000395604 6.68659e-05 -0.0292427 -0.0368345 0.000463612 -0.0155756 -0.0278366 0.00120558 -0.000890349 0.00767584 0.0190388 0.0267652 -0.000866042 -0.007136 -0.0237036 -0.0332179 0.0358176 0.0311791 0.0441205 -0.0420578 0.00790387 -0.0180112 0.0151261 0.0277127 -0.018544 -0.028084 -0.0123059 -0.0390566 0.033397
internal_weight=5387.51 5321.22 5281.71 66.285 56.1824 5225.53 231.042 162.281 4994.48 3772.46 1222.02 524.413 433.923 697.61 583.451 334.508 288.407 46.1009 114.158 99.6742 253.452 39.1115 90.4905 248.943 179.965 44.6526 168.117 117.303 73.9932 43.3096
internal_count=44923 43433 43019 1490 483 42536 1274 877 41262 32990 8272 3461 2888 4811 3874 1793 1571 222 937 804 1351 186 573 2081 1284 236 1322 966 689 277
is_linear=0
shrinkage=0.05


Tree=91
num_leaves=31
num_cat=0
split_feature=14 0 14 17 17 18 19 19 6 18 17 0 17 18 20 17 17 17 18 0 1 17 17 0 3 20 20 2 17 17
split_gain=21.0322 70.3021 25.8162 37.4931 40.6477 40.3004 72.2721 61.5133 55.93 41.4394 44.5149 40.9312 35.9042 35.5722 34.9364 33.7801 44.9584 32.9239 31.6695 30.9384 51.1854 42.7415 40.0527 29.6292 25.8921 22.7238 33.9086 22.2124 22.1542 59.436
threshold=-0.00035449999999999994 277.50000000000006 -0.00010249999999999998 0.00021550000000000001 0.00021950000000000005 9.1791705110310786e-05 -0.00039549999999999996 -0.00029249999999999995 0.010979884072184502 -2.8187650271330065e-05 0.00028850000000000007 78.500000000000014 0.00013850000000000003 0.00023854698223609529 -0.00016628371076554278 0.00028850000000000007 0.00054450000000000017 0.00029550000000000003 0.00023854698223609529 214.50000000000003 39.32500000000001 0.00020050000000000002 0.00018450000000000001 44.500000000000007 0.75500000000000012 -0.00018102655292775034 -0.00015688732180875621 0.033991409975164803 0.00037450000000000005 0.00035950000000000006
decision_type=2 2 2 2 2 2 2 2 2 2 2 2 2 2 2 2 2 2 2 2 2 2 2 2 2 2 2 2 2 2
left_child=1 -1 3 12 -5 6 -6 8 15 17 25 -12 -2 23 27 -7 -17 -8 28 20 21 22 -14 -9 -10 -11 -27 -13 29 -4
right_child=2 -3 18 4 5 7 9 13 24 10 11 14 19 -15 -16 16 -18 -19 -20 -21 -22 -23 -24 -25 -26 26 -28 -29 -30 -31
leaf_value=-0.048187999167982318 0.058699497946417212 0.12289403649987569 -0.00046466731404419835 0.078182751374848203 -0.050193520911529892 0.085418119482031873 -0.03716799811492507 0.075478956200698111 0.068109431868864326 0.079068922535212666 0.052858157261215913 0.018087501648061523 -0.042703374652738491 0.087355010387059034 0.072375745778817641 -0.030271588488006557 0.0742888669390738 0.026815048576109824 -0.044862713017751632 -0.049422487375766426 -0.055607882674467139 -0.060243879334800188 0.074539779672826365 -0.036986560326464982 -0.053402559256225772 -0.042518663904848548 0.070063009706341148 -0.047472643625658777 -0.010937336133233111 0.037560583463946487
leaf_weight=54.100970194209367 15.705134533345698 6.7545115724205962 3922.0824092021212 24.072172871325165 30.687162162736058 33.592702289111912 34.674564532935619 6.1475506834685794 5.3106298428028849 77.291323931887746 54.182015055790544 20.878139033913612 9.2708218991756421 6.5978615581989279 11.797339931130407 22.302361934445798 19.072033733129501 47.853242319077253 40.903348337393254 56.935324671678245 28.707677995786071 11.181299611926077 33.99818304926157 123.60243843868375 25.124837497249246 10.885373108088972 17.346333160996437 33.894147370010614 470.2199984206818 105.53017185535282
leaf_count=1349 132 36 28421 133 454 186 205 44 35 370 264 119 68 114 51 631 236 384 2648 584 492 106 187 1021 1155 49 94 257 4353 745
internal_value=2.77868e-05 -0.0291991 0.000363385 0.00888512 0.0145152 0.0118784 0.0229885 -0.00372347 0.0249625 0.0302609 0.0413225 0.020591 -0.012989 -0.0258989 -0.00567181 0.0481696 0.0179268 -6.78212e-05 -0.00106564 -0.0210256 -0.00158321 0.0269001 0.0494192 -0.0316579 -0.0322002 0.065046 0.0266546 -0.0224824 -0.000667353 0.000531658
internal_weight=5360.7 60.8555 5299.85 761.111 605.312 581.24 339.49 241.75 105.403 308.802 226.275 120.752 155.798 136.348 66.5696 74.9671 41.3744 82.5278 4538.74 140.093 83.158 54.4503 43.269 129.75 30.4355 105.523 28.2317 54.7723 4497.83 4027.61
internal_count=44923 1385 43538 7371 5802 5669 2247 3422 2243 1793 1204 691 1569 1179 427 1053 867 589 36167 1437 853 361 255 1065 1190 513 143 376 33519 29166
is_linear=0
shrinkage=0.05


Tree=92
num_leaves=31
num_cat=0
split_feature=16 0 16 6 18 19 7 6 18 4 4 8 14 0 6 0 16 17 17 0 19 19 6 17 19 2 19 8 19 1
split_gain=21.1588 42.9798 28.0653 28.8005 26.0874 24.5727 22.7008 27.429 29.6672 22.2786 20.4102 19.5713 25.7174 23.5923 23.3805 44.541 45.4879 42.7376 58.9539 68.0781 55.5517 58.8042 54.4403 69.4377 56.8108 50.5213 47.9399 41.8473 37.5819 29.9604
threshold=0.00076550000000000001 103.50000000000001 0.00066450000000000005 -0.0562976213079679 -0.00017161102815542768 -1.1499999999999998e-05 -0.10000000000000005 0.0021349740073445781 -9.2866554143804565e-06 -1.0000000180025095e-35 0.32500000000000012 0.10500000000000002 -0.00026349999999999995 55.500000000000007 -0.008499766333840102 69.500000000000014 -1.0000000180025095e-35 0.00019350000000000001 0.00020950000000000002 190.50000000000003 -6.649999999999999e-05 0.00015750000000000001 -0.011743838515980711 0.00027450000000000006 0.00017550000000000001 0.55194307353282257 -8.9499999999999994e-05 -0.049999999999999996 -6.4999999999999996e-06 57.430000000000007
decision_type=2 2 2 2 2 2 2 2 2 2 2 2 2 2 2 2 2 2 2 2 2 2 2 2 2 2 2 2 2 2
left_child=2 4 3 5 -2 -1 7 8 -5 -4 11 14 13 -13 15 28 -17 20 25 22 -18 -22 23 24 26 -19 -20 -24 -8 -16
right_child=1 -3 9 6 -6 -7 10 -9 -10 -11 -12 12 -14 -15 29 16 17 18 19 -21 21 -23 27 -25 -26 -27 -28 -29 -30 -31
leaf_value=0.047655463090261266 0.058766661664730782 -0.060152407519420685 0.057353577199099004 -0.0046490097427334806 -0.05488623147961235 -0.049562663701634029 0.0023158758944708088 0.040205460275136752 -0.043638189704573366 -0.05389450500837515 -0.04676281524317006 0.068588351097921094 0.014334212589858919 -0.051741807194707584 0.0024074598021149285 0.043702947346365636 -0.02770829278906068 -0.062694311534239724 0.061105140924600745 0.043876591382830454 0.050314964305163683 -0.057445750118931743 -0.011086206280899102 0.011893834094594059 0.035332649104355331 0.07332058571073212 -0.046493276543184803 0.056909623752710907 -0.038112049800823056 -0.0072210910954302711
leaf_weight=7.5442415811121455 16.730100094806406 40.150333249475807 33.896136235445738 117.60801962763071 7.231477844528853 46.948657972738147 155.19651625677943 20.267468079924583 83.379918459802866 5.1892753988504401 22.141492862720042 4.8288979651406434 429.56177227757871 26.037357712630183 1827.4718919796869 96.626669303514063 36.261819563806057 53.326584734022617 11.028414480388163 100.21482549607754 144.7273500226438 13.873379208147524 35.505685646086931 198.60520426183939 29.168408364057541 7.829579457640647 168.78705888986588 62.387512169778347 91.304807136766613 1448.1252101408318
leaf_count=41 187 1053 200 604 250 442 1010 144 467 214 1087 30 3032 323 12785 836 257 339 81 566 1144 133 207 1575 174 38 852 340 733 15779
internal_value=2.48686e-05 -0.0285263 0.00037169 5.6756e-05 0.0244668 -0.0361033 0.000436842 -0.0152333 -0.0208237 0.0425834 0.00113543 0.00135008 0.0111666 -0.0329167 0.000341292 0.00629676 0.0111724 0.00752469 0.00150545 0.00622938 0.0281236 0.0408887 -0.0012344 -0.009276 -0.0293945 -0.0452809 -0.0398941 0.0322477 -0.0126587 -0.00184927
internal_weight=5341.96 64.1119 5277.84 5238.76 23.9616 54.4929 5184.27 221.255 200.988 39.0854 4963.01 4940.87 460.428 30.8663 4480.44 1204.84 958.342 861.716 666.853 605.697 194.863 158.601 505.482 407.589 208.984 61.1562 179.815 97.8932 246.501 3275.6
internal_count=44923 1490 43433 43019 437 483 42536 1215 1071 414 41321 40234 3385 353 36849 8285 6542 5706 4172 3795 1534 1277 3229 2682 1107 377 933 547 1743 28564
is_linear=0
shrinkage=0.05


Tree=93
num_leaves=31
num_cat=0
split_feature=16 0 16 6 18 19 8 0 18 2 19 15 6 3 19 3 17 17 17 0 6 19 5 19 14 15 1 15 17 17
split_gain=19.8415 40.3895 25.8532 26.8402 24.383 22.904 21.4151 42.5938 34.4288 24.4667 24.4205 30.4708 23.2846 47.6669 45.1801 51.6866 52.9687 49.2799 75.3219 67.8603 62.3999 56.7139 49.7731 46.2578 41.6166 46.9262 39.4117 66.6488 53.4801 45.9439
threshold=0.00076550000000000001 103.50000000000001 0.00066450000000000005 -0.0562976213079679 -0.00017161102815542768 -1.1499999999999998e-05 -0.19499999999999992 205.50000000000003 -0.00016302860713416823 0.72766726391596503 -0.00011349999999999998 5.3500000000000006e-05 -0.0087046586995654946 0.39500000000000007 -2.1499999999999997e-05 0.58500000000000008 0.00012450000000000002 0.00017650000000000003 0.00027650000000000005 106.50000000000001 -0.011053493125823771 0.00017550000000000001 0.22500000000000003 0.00014050000000000003 -3.5499999999999989e-05 3.750000000000001e-05 139.98500000000004 0.00014250000000000002 0.00028450000000000008 0.00033350000000000008
decision_type=2 2 2 2 2 2 2 2 2 2 2 2 2 2 2 2 2 2 2 2 2 2 2 2 2 2 2 2 2 2
left_child=2 4 3 5 -2 -1 7 8 9 -5 11 -10 14 -14 15 16 -8 23 20 -20 21 24 -22 -16 25 -19 -15 29 -29 -28
right_child=1 -3 -4 6 -6 -7 12 -9 10 -11 -12 -13 13 26 17 -17 -18 18 19 -21 22 -23 -24 -25 -26 -27 27 28 -30 -31
leaf_value=0.045739325372853412 0.057610757896634224 -0.05944151154814839 0.041272878076243587 0.022051816150308289 -0.054334273791185356 -0.048747447463616644 -0.064773042318634885 0.065797728284748364 -0.036776197508049682 -0.067034867898990366 -0.048030493729749428 0.043148520484105418 -0.026905646467054591 0.0021576879380340876 0.045464262314415527 -0.016582649071501684 0.029686154763799901 -0.041037885569161089 -0.0068081092552117282 0.047807474193188003 -0.039619982873654799 0.028705973297755483 0.073829227127569119 -0.040468368322444388 -0.048856271813023579 0.07066664042892952 -0.030721062197240162 0.064885863353453962 -0.026873370492301065 0.049540208698014426
leaf_weight=7.4692094288766375 16.225379348266873 38.637454780749977 38.320649873930961 56.539133092388511 6.9469234514981499 45.386927273124456 15.422066926956175 15.398845277726648 30.079588094726205 8.9234529808163625 98.6464215926826 19.75825410336256 167.07307547144592 3243.9249447416514 87.20904640480876 85.645912457257509 394.08585381321609 21.429361678659916 149.04535736236721 91.97087427508086 14.968213148415087 34.264714563265443 27.302290871739388 19.088407181203365 206.28512713313103 16.751243218779564 274.99611437227577 41.397396974265575 25.760738293640316 19.066419921815395
leaf_count=41 187 1053 414 331 250 442 94 81 170 49 510 133 1347 26480 760 550 2701 109 1170 892 83 220 123 171 1165 77 4206 195 302 617
internal_value=2.30283e-05 -0.0281407 0.000354216 5.37056e-05 0.0240503 -0.0353953 0.000416472 -0.0145191 -0.0202999 0.00990807 -0.0336178 -0.00508998 0.00111048 -0.000796778 0.00729423 0.0187411 0.0261288 -0.00118674 -0.00709149 0.014033 -0.0229523 -0.0315372 0.0336563 0.0300329 -0.039981 0.00797102 0.000413184 -0.0152533 0.0296886 -0.0255171
internal_weight=5318.02 61.8098 5256.21 5217.89 23.1723 52.8561 5165.03 229.346 213.947 65.4626 148.484 49.8378 4935.69 3772.22 1163.47 495.154 409.508 668.315 562.017 241.016 321.001 278.73 42.2705 106.297 244.466 38.1806 3605.15 361.221 67.1581 294.063
internal_count=44923 1490 43433 43019 437 483 42536 1274 1193 380 813 303 41262 33147 8115 3345 2795 4770 3839 2062 1777 1571 206 931 1351 186 31800 5320 497 4823
is_linear=0
shrinkage=0.05


Tree=94
num_leaves=31
num_cat=0
split_feature=19 16 1 8 0 3 8 17 5 6 12 1 0 4 7 5 0 0 14 17 4 17 17 17 0 8 17 1 20 19
split_gain=19.4165 30.9201 28.5137 19.8989 24.4729 29.3651 27.7927 33.2514 25.3639 37.0038 28.99 27.8217 26.2102 26.184 26.222 24.151 26.8642 28.1903 23.2805 22.8832 22.8401 35.9501 35.9803 33.8217 24.7429 22.6703 22.0212 21.704 21.3237 40.8519
threshold=-0.00064749999999999996 -0.00088349999999999985 42.315000000000005 0.069999999999999993 33.500000000000007 0.34500000000000003 0.019999999999999938 0.00014350000000000005 0.51500000000000012 -0.019866857753037058 0.0099999999999999273 139.98500000000004 102.50000000000001 -0.58499999999999985 0.009999999999999969 0.20000000000000001 21.500000000000004 41.500000000000007 7.5000000000000002e-06 0.00025650000000000005 -0.060000000000000032 0.00019350000000000001 0.00021950000000000005 0.00016250000000000002 175.50000000000003 1.0000000180025095e-35 0.00028350000000000006 7.7550000000000008 -0.00029862327048351664 -2.7499999999999994e-05
decision_type=2 2 2 2 2 2 2 2 2 2 2 2 2 2 2 2 2 2 2 2 2 2 2 2 2 2 2 2 2 2
left_child=1 2 -1 4 5 18 8 -8 10 11 -6 -10 13 -13 -15 16 -5 27 -2 -17 21 -9 -23 -22 -24 -7 -21 -18 29 -12
right_child=3 -3 -4 15 6 25 7 20 9 -11 28 12 -14 14 -16 19 17 -19 -20 26 23 22 24 -25 -26 -27 -28 -29 -30 -31
leaf_value=0.064534783298730219 -0.049457376460907504 -0.050508914953143802 -0.050900646320383484 0.046198979199556657 -0.025817593026879283 -0.045547579719800786 0.023186753223121151 0.04835789458360551 -0.04582953769014933 0.049238677907888218 -0.025383165288676558 -0.063473844715366073 0.05730399638952216 -0.014858046620878255 0.085471187004616256 0.067488057941547261 0.040179955838352779 0.0058961230075629846 0.033663305401435695 -0.036056747936416056 -0.05314797007182348 -0.058606567802068077 -0.0046965048887096161 -0.010573825143031118 0.044469961201566661 -0.0027581753641208865 0.036489321465319878 -0.038832009318985103 0.0057602343390340443 0.011737891162742643
leaf_weight=14.172572714742275 10.893777064979075 45.13248854316771 8.5929928133264166 37.124011998064816 82.452837828546762 88.841163916513324 85.623635399155319 38.963668197393417 76.86639284202829 19.020790576934814 161.74225219013169 20.41062022652477 14.5392291797325 30.679316190071404 8.2675876803696138 30.847831714898348 10.155156509950755 633.28773192735389 37.15507900249213 15.785541318356989 49.613941484130919 26.329027622938156 142.88444231031463 780.65001699328423 31.171415448188782 47.507474889978766 31.009147360920906 60.301920128054917 2516.2608169727027 136.80445757228881
leaf_count=284 57 3170 900 250 531 562 752 256 816 99 1594 231 184 326 46 172 68 4702 227 82 689 167 969 7144 177 399 236 588 18320 925
internal_value=2.07807e-05 -0.0265451 0.020963 0.000365987 -0.000963823 -0.0187939 -0.000185139 -0.00679491 0.0023045 -0.0164784 0.00340521 -0.0247695 -0.00286317 -0.0176007 0.00643969 0.00752538 0.004745 0.00255822 0.0148179 0.0340559 -0.00919497 0.00441315 -0.00413165 -0.0131179 0.00410865 -0.0306386 0.0120169 -0.0274438 0.00426122 -0.00837301
internal_weight=5293.09 67.8981 22.7656 5225.19 4406.68 184.397 4222.28 1155.24 3067.04 169.784 2897.26 150.763 73.8968 59.3575 38.9469 818.511 740.869 703.745 48.0489 77.6425 1069.61 239.349 200.385 830.264 174.056 136.349 46.7947 70.4571 2814.81 298.547
internal_count=44923 4354 1184 40569 34471 1245 33226 10154 23072 1702 21370 1603 787 603 372 6098 5608 5358 284 490 9402 1569 1313 7833 1146 961 318 656 20839 2519
is_linear=0
shrinkage=0.05


Tree=95
num_leaves=31
num_cat=0
split_feature=7 18 3 20 17 3 11 15 11 18 11 17 17 17 3 18 1 0 0 20 4 4 18 17 18 18 18 6 16 14
split_gain=18.9508 18.9057 17.7821 19.2252 21.8674 19.1052 19.3703 19.1633 16.4902 31.3159 20.3029 36.7226 28.3514 40.292 35.5341 25.1556 24.8217 31.34 22.1293 21.8515 38.6219 49.366 50.3857 57.1601 40.2239 58.7807 51.5357 59.1978 52.3914 62.477
threshold=-0.215 0.0003444294459816071 0.075000000000000025 -0.00010970690936644095 0.00025050000000000002 0.21500000000000002 8.9198196014230842 -3.8499999999999994e-05 9.5180519970378636 1.5768411394646911e-05 9.1537424718864333 0.00035750000000000002 0.00014650000000000001 0.00022850000000000005 0.54500000000000015 0.00017898822940231508 30.305000000000003 156.50000000000003 243.50000000000003 -0.00024738923236650563 -0.25499999999999989 -0.16499999999999992 -0.00016714975906195742 0.0005725000000000002 -1.8443885753211672e-05 -4.6308376136323773e-05 9.1791705110310786e-05 0.0015937109480967722 -0.00021349999999999996 4.1500000000000006e-05
decision_type=2 2 2 2 2 2 2 2 2 2 2 2 2 2 2 2 2 2 2 2 2 2 2 2 2 2 2 2 2 2
left_child=-1 2 -2 8 -5 -6 7 -7 10 -10 19 12 -12 -14 -15 16 17 -16 -19 20 -4 -22 23 -23 25 -24 27 28 -26 -30
right_child=1 -3 3 4 5 6 -8 -9 9 -11 11 -13 13 14 15 -17 -18 18 -20 -21 21 22 24 -25 26 -27 -28 -29 29 -31
leaf_value=-0.029271319347452848 -0.052268004765210645 -0.050312144655557306 0.019995784736160455 0.054274296320604903 -0.040705186546413086 -0.0042794727962914818 -0.050085076989796008 0.043495651270842241 0.05302175810375466 -0.050743974884305688 0.015985471246689642 0.033949214622734911 -0.038086059571030388 0.028523303386813817 0.045364111211861236 0.060067940777899134 -0.047594746669659925 -0.03772226213924626 0.056307895064994763 0.0032092972059321098 -0.034604192958948267 0.046832343005832916 -0.006715682081629668 -0.05301537230111833 0.04532994499159429 -0.048460544662337353 -0.022275400471984452 0.02694950450835476 -0.0036076089943309106 -0.068121945404119019
leaf_weight=55.506585393100977 16.050370627548546 18.53241677605547 150.00675137713552 32.775488725863397 17.152582779526711 35.386413924396038 9.8017112333327514 51.59200569614768 33.830014176666737 9.2616602256894094 64.834998350590467 42.958820763975382 166.57910432852805 57.123611763119698 22.236580446362495 9.637756707146762 59.94963826239109 46.82281418889761 7.2222194969654074 2963.3375062211417 142.37682829797268 85.292416181415319 278.48223208356649 17.229049677029252 43.439119670540094 120.95347093604505 189.99188391771168 235.90526796877384 242.48768623545766 44.398414570838213
leaf_count=295 818 3441 965 213 86 314 67 385 201 116 533 299 1486 360 119 74 505 337 34 22253 953 500 2063 387 252 960 3041 2274 1403 265
internal_value=-0.000210185 9.90933e-05 0.000278855 0.000441639 0.0182835 0.00792989 0.0165496 0.0240588 -7.82977e-05 0.0307195 -0.000344188 -0.0101502 -0.0145113 -0.0198614 -0.00490592 -0.0179971 -0.0235199 -0.00459943 -0.0251567 0.000692846 -0.00411643 -0.00669898 -0.0035412 0.0300526 -0.00652139 -0.0193565 0.000258086 0.00781893 -0.00584338 -0.0135918
internal_weight=5271.16 5215.65 5197.12 5181.07 146.708 113.933 96.7801 86.9784 5034.36 43.0917 4991.27 477.366 434.407 369.572 202.993 145.869 136.231 76.2816 54.045 4513.9 1550.56 1400.56 1258.18 102.521 1155.66 399.436 756.222 566.23 330.325 286.886
internal_count=44999 44704 41263 40445 1065 852 766 699 39380 317 39063 3747 3448 2915 1429 1069 995 490 371 35316 13063 12098 11145 887 10258 3023 7235 4194 1920 1668
is_linear=0
shrinkage=0.05


Tree=96
num_leaves=31
num_cat=0
split_feature=19 16 1 15 14 15 14 17 17 0 17 16 18 20 19 3 17 0 17 1 17 0 15 18 1 17 17 6 5 18
split_gain=17.8235 29.3916 26.5076 17.3618 24.2232 24.7544 17.1659 28.738 41.9462 60.197 64.4373 43.4972 47.7953 65.461 43.3917 39.7763 42.2155 38.8221 45.3913 41.7532 32.4263 31.1433 28.9519 24.9121 23.7202 22.2411 45.0048 33.3779 32.0749 32.2668
threshold=-0.00064749999999999996 -0.00088349999999999985 42.315000000000005 -0.00074049999999999995 -0.00035449999999999994 -0.00053649999999999998 -0.00011549999999999999 0.00021550000000000001 0.00028850000000000007 116.50000000000001 0.00021950000000000005 -0.00025649999999999995 0.00011814917340828211 -0.00020060969049383166 -0.00034049999999999993 0.72500000000000009 0.00043850000000000003 220.50000000000003 0.0001975 38.305000000000007 0.00014350000000000005 34.500000000000007 -0.00012949999999999998 -0.00016302860713416823 22.305000000000003 0.00037450000000000005 0.00035950000000000006 -0.026497139376618798 0.58500000000000019 9.1570619444335648e-06
decision_type=2 2 2 2 2 2 2 2 2 2 2 2 2 2 2 2 2 2 2 2 2 2 2 2 2 2 2 2 2 2
left_child=1 2 -1 -2 5 -5 7 17 9 10 -9 -11 -13 14 -14 -10 23 18 19 -6 -21 -12 -23 -17 -15 26 -8 -27 29 -28
right_child=3 -3 -4 4 6 -7 25 8 15 11 21 12 13 24 -16 16 -18 -19 -20 20 -22 22 -24 -25 -26 27 28 -29 -30 -31
leaf_value=0.063447313918647816 0.080302732631553964 -0.050337799083584558 -0.050857079976268121 0.060454917246340417 0.066550547353069228 -0.050548911444065439 -0.00043718780412929772 0.074892893387908333 0.018491899325857312 -0.063785183780313129 0.050244446913860624 0.077530619027202194 0.078303333196289349 0.15493922674170657 -0.039799017587655368 0.071982495051376258 0.041731859566625902 -0.04611676299417778 -0.056881863143426893 0.058878498500425328 -0.055778041154155411 -0.054475675113101397 0.01876605836043118 -0.04191047005709439 0.053968060040378074 -0.059876228116275736 0.049429986605773642 -0.0074620375418070267 -0.067698823810253148 -0.053028534816571327
leaf_weight=13.673264033161106 6.742550825700163 42.839518104214221 8.0630241869948787 5.754957810509949 34.549745872616768 39.45924077834934 3924.7587077040225 20.965013282839209 118.20876430161297 8.7898929733782989 12.319495864212511 81.607995346188545 9.8308848440647107 7.3134328648447982 37.231524370610714 5.0601874329149714 21.158894202671945 52.711724320426583 19.838603059761226 9.4173706099391001 17.863657955080271 53.083393446635455 18.091134494170547 93.833132585976273 28.41748456005007 32.713286319281906 88.364545233547688 424.75599808525294 7.3682555998675516 8.4160753367468697
leaf_count=292 53 3215 913 70 202 458 29460 112 832 65 67 408 58 35 276 28 222 555 355 78 245 552 130 1262 181 339 485 3748 211 92
internal_value=-0.000203485 -0.0263098 0.0210464 0.000121425 1.70949e-05 -0.0364201 0.000337824 0.00792981 0.0132943 0.0265013 -0.00347636 0.0445822 0.0503761 0.0236104 -0.0151286 -0.00209619 -0.0223681 -0.0126652 0.00892536 0.0300398 -0.0161988 -0.0231546 -0.0358591 -0.0360828 0.0746349 -0.000762621 0.00042366 -0.0112101 0.032864 0.0405202
internal_weight=5253.2 64.5758 21.7363 5188.63 5181.88 45.2142 5136.67 650.292 515.911 277.65 104.459 173.191 164.401 82.7933 47.0624 238.261 120.052 134.381 81.6694 61.8308 27.281 83.494 71.1745 98.8933 35.7309 4486.38 4028.91 457.469 104.149 96.7806
internal_count=44999 4420 1205 40579 40526 528 39998 5663 4228 1884 861 1023 958 550 334 2344 1512 1435 880 525 323 749 682 1290 216 34335 30248 4087 788 577
is_linear=0
shrinkage=0.05


Tree=97
num_leaves=31
num_cat=0
split_feature=18 7 3 20 17 3 0 11 3 11 17 17 19 20 3 18 0 2 16 17 17 18 1 17 15 16 17 6 17 3
split_gain=17.2816 17.2953 16.7172 17.7623 20.1121 17.2664 17.9238 15.6377 31.3845 29.6654 39.8729 49.6011 24.7771 25.9534 22.7401 35.3178 21.2351 43.156 36.9616 33.2926 63.3865 40.5484 38.9725 35.7609 75.7688 60.721 80.3531 39.093 68.962 39.7753
threshold=0.0003444294459816071 -0.215 0.075000000000000025 -0.00010970690936644095 0.00025050000000000002 0.21500000000000002 134.50000000000003 9.3731579437011039 0.78500000000000014 9.1537424718864333 0.00023450000000000004 0.00016350000000000004 -9.1499999999999988e-05 -0.00020779997858533548 0.67500000000000016 0.00017898822940231508 84.500000000000014 0.1590881820270994 0.00078600000000000013 0.00031550000000000008 0.00033750000000000007 8.4165375363346096e-05 83.925000000000026 0.00022950000000000002 0.00011050000000000002 -0.00018349999999999999 0.00028350000000000006 0.010415127599469417 0.00030150000000000006 0.49500000000000005
decision_type=2 2 2 2 2 2 2 2 2 2 2 2 2 2 2 2 2 2 2 2 2 2 2 2 2 2 2 2 2 2
left_child=1 -1 -3 7 -5 -6 -7 9 -9 16 11 12 -11 -14 -12 -16 17 -4 -18 23 21 -21 -22 24 -19 26 -25 29 -29 -27
right_child=-2 2 3 4 5 6 -8 8 -10 10 14 -13 13 -15 15 -17 18 19 -20 20 22 -23 -24 25 -26 27 -28 28 -30 -31
leaf_value=-0.027865891792360233 -0.050293120706959252 -0.052169556027415742 -0.02844631976451989 0.052655095268663299 -0.038548941417714512 0.031611723514785244 -0.014004578993084455 0.029717495577346598 -0.041873712392478168 -0.048742177953601501 0.017730661200183306 -0.048456326311010406 0.036268317532949776 -0.037301292412585965 -0.027380327701703566 0.088282240808596521 0.0037488485062480794 -0.0038803641489769435 -0.049007252188781804 0.051069492872993283 0.007424053362227144 -0.054621311323348437 -0.038718257679555362 0.055788130415971388 0.05647870714689384 -0.011030070632655348 -0.063673654448579808 -0.031781390443739406 0.064288850851095078 -0.043935704194211646
leaf_weight=55.217839618213475 17.158253560774028 15.155405148398129 162.7148092854768 32.021277791820467 17.083313979208469 63.001882979646325 32.716993288137019 95.539831817150116 18.229606175795197 18.65414091385901 109.63131361827254 125.79438858386129 45.734160464257002 16.246113531291485 74.418466027826071 7.2423870386555782 2909.7327139042318 399.88998980633914 33.583752607461065 106.19767029769719 230.82376130484045 9.9227728657424432 57.07710603158921 56.946126312017441 59.763401497155428 169.1977655608207 18.698039807379246 42.419510695151985 33.378175932448357 200.85391346178949
leaf_count=289 3447 818 938 213 86 509 257 611 188 222 721 1141 386 135 617 43 22382 3722 651 552 1906 194 837 305 314 1092 127 638 282 1376
internal_value=-0.000196051 -3.13139e-05 0.000266394 0.000420776 0.0176833 0.00775576 0.0160199 -7.8957e-05 0.0182462 -0.0005054 -0.0135936 -0.0288336 0.0017791 0.0169844 0.00285222 -0.0171224 0.000653636 -0.00408732 0.00314689 -0.00122588 0.0108539 0.042038 -0.00172378 -0.00620013 0.00396743 -0.015162 0.0262591 -0.0221896 0.010524 -0.0288903
internal_weight=5235.04 5217.89 5162.67 5147.51 144.823 112.802 95.7189 5002.69 113.769 4888.92 397.721 206.429 80.6344 61.9803 191.292 81.6609 4491.2 1547.88 2943.32 1385.17 404.021 116.12 287.901 981.147 459.653 521.494 75.6442 445.849 75.7977 370.052
internal_count=44999 41552 41263 40445 1065 852 766 39380 799 38581 3265 1884 743 521 1381 660 35316 12283 23033 11345 3489 746 2743 7856 4036 3820 432 3388 920 2468
is_linear=0
shrinkage=0.05


Tree=98
num_leaves=31
num_cat=0
split_feature=6 7 20 4 15 0 5 6 18 19 3 20 6 0 6 8 4 1 15 4 5 16 18 19 3 0 20 16 18 18
split_gain=16.9738 16.4066 20.9303 25.5507 24.6716 30.8766 27.6177 18.1515 22.4749 15.8027 15.1503 28.1462 18.485 39.7483 39.7942 35.6409 36.3617 33.448 53.7171 39.4527 37.2937 35.3599 33.3082 33.1851 32.0024 50.3693 40.8517 30.683 30.6452 44.2808
threshold=0.03558307161925426 -0.099999999999999992 -0.00011739953942622068 0.095000000000000043 0.00031050000000000007 137.50000000000003 0.32500000000000012 0.0021349740073445781 -9.2866554143804565e-06 -1.5499999999999997e-05 0.095000000000000015 -0.0001581656892976177 -0.008499766333840102 69.500000000000014 -0.043271302985670612 -0.11999999999999997 -0.30499999999999988 143.50500000000002 8.5500000000000018e-05 -0.060000000000000032 0.23999999999999999 -1.0000000180025095e-35 0.00011814917340828211 -6.4999999999999996e-06 0.39500000000000007 45.500000000000007 -0.00028306523016949592 0.00066450000000000005 -0.00015976685027103369 -0.00026216395191431169
decision_type=2 2 2 2 2 2 2 2 2 2 2 2 2 2 2 2 2 2 2 2 2 2 2 2 2 2 2 2 2 2
left_child=1 7 10 4 5 -4 -7 8 -1 -10 11 -3 13 23 27 16 -16 20 -19 -20 24 -21 -23 -12 25 -14 -27 -15 29 -17
right_child=-2 2 3 -5 -6 6 -8 -9 9 -11 12 -13 17 14 15 28 -18 18 19 21 -22 22 -24 -25 -26 26 -28 -29 -30 -31
leaf_value=-0.0039172936888273056 -0.046653007184691266 -0.05542423831989423 0.054213371230378504 -0.038020312100906797 -0.031410367627506396 0.030425638811894237 -0.065640550747813581 0.032279075397912464 -0.027801579375324278 -0.087922022174384329 0.0016411091116913966 0.057479470155083284 0.073401908421092482 -0.039404963870704579 0.031103583890990327 0.022495643258317065 -0.027749784985881557 -0.031496409794157715 -0.053230828903771947 -0.058064752498876854 -0.045964674079116571 0.050315722834125942 -0.049072802344026577 -0.038206041188151858 0.0016975251290690958 0.051174836510974167 -0.041388490505845706 0.043549681766535217 0.026185894599385601 -0.015701633227492531
leaf_weight=131.98459896072745 19.582422506995499 27.693236410152167 73.762911723926663 16.798473024973646 15.383079049643127 20.668979751877487 11.725803978741167 20.455391215160489 75.119622505269945 12.791350632905958 140.54503358528018 6.8942709243856362 12.459546618163584 62.051902841776609 36.720761194825172 170.540551956743 91.992844626307487 212.22279199049808 19.107624769210815 10.952494489494709 43.500221020542085 67.648283452726901 9.6298148781061155 83.170361392199993 3111.9091072275769 13.286671429872511 115.87596149370074 13.587852813303469 429.28295304253697 136.68492621928453
leaf_count=695 1175 882 543 556 148 176 55 146 435 64 926 58 59 474 248 1198 525 3753 109 165 277 482 259 594 26052 66 981 80 2999 819
internal_value=-0.000189841 -1.46808e-05 0.000604261 0.0197792 0.0277679 0.0363432 -0.00434704 -0.0127723 -0.0169631 -0.0365493 5.3434e-05 -0.0329193 0.000291963 0.00577068 0.010275 0.0133154 -0.0109595 -0.00147224 -0.0169173 0.0119076 2.47608e-05 0.0260143 0.0379307 -0.0131728 0.000639647 -0.0226055 -0.0318667 -0.0245031 0.0175577 0.00550164
internal_weight=5214.03 5194.45 4954.1 138.339 121.541 106.158 32.3948 240.351 219.896 87.911 4815.76 34.5875 4781.17 1164.58 940.862 865.222 128.714 3616.59 319.561 107.338 3297.03 88.2306 77.2781 223.715 3253.53 141.622 129.163 75.6398 736.508 307.225
internal_count=44999 43824 42484 1478 922 774 231 1340 1194 499 41006 940 40066 7863 6343 5789 773 32203 4768 1015 27435 906 741 1520 27158 1106 1047 554 5016 2017
is_linear=0
shrinkage=0.05


Tree=99
num_leaves=31
num_cat=0
split_feature=18 15 14 14 17 0 17 1 17 0 17 17 3 16 18 18 0 18 17 0 15 17 17 17 18 0 17 17 5 5
split_gain=16.2146 16.2458 24.4753 19.6889 27.0044 36.5216 41.7445 38.0853 33.2688 53.7235 58.8305 43.6576 43.9942 39.7873 45.3159 46.4551 37.2573 34.7739 30.4065 28.5394 26.6148 23.615 110.444 51.0409 72.5132 49.5917 116.985 59.2775 85.1795 53.4962
threshold=0.0003444294459816071 -0.00074049999999999995 -0.00035449999999999994 -0.00011549999999999999 0.00021550000000000001 220.50000000000003 0.0001975 38.305000000000007 0.00028850000000000007 116.50000000000001 0.00021950000000000005 0.00042050000000000003 0.72500000000000009 -0.00025649999999999995 0.00011814917340828211 0.00017898822940231508 230.50000000000003 4.8447703830211214e-05 0.00014350000000000005 34.500000000000007 -0.00012949999999999998 0.00019450000000000004 0.00021950000000000005 0.00019050000000000005 6.914282621465589e-06 160.50000000000003 0.0001485 0.00017250000000000005 0.34500000000000014 0.20500000000000007
decision_type=2 2 2 2 2 2 2 2 2 2 2 2 2 2 2 2 2 2 2 2 2 2 2 2 2 2 2 2 2 2
left_child=1 -1 -3 4 5 6 7 -4 9 10 -6 12 17 -11 -15 -16 -17 -10 -9 -12 -21 23 -23 25 -25 27 -27 29 -29 -5
right_child=-2 2 3 21 8 -7 -8 18 11 13 19 -13 -14 14 15 16 -18 -19 -20 20 -22 22 -24 24 -26 26 -28 28 -30 -31
leaf_value=0.072645875911771227 -0.050276450275272916 -0.036121639898568106 0.064638969227296492 -0.014021026601532191 0.071871110979825875 -0.044951775407425752 -0.056499435716703128 0.058374943319880294 0.029456713184206413 -0.063132646732080522 0.048037031831917418 0.038363588941881438 -0.035235225922253116 0.074955578175380719 -0.012324490737478216 0.087958865394823324 -0.037009341965303859 -0.042737542214142249 -0.055237118818836299 -0.053405239224245941 0.016889241933250823 -0.03132676890269407 -0.00019580571115046698 0.061128214940315062 -0.0088497010771426913 0.015239513149063322 -0.038225528040400643 0.0354227793745907 -0.077415250881374506 0.026471459311691849
leaf_weight=7.6787994774058452 16.103837301721796 46.819978440180421 33.796123124659061 289.47110896650702 20.787040770053864 51.180775601416826 18.391342212446034 9.0139445737004298 72.582784347236156 8.4516319558024389 12.231824297457932 57.380062981508672 95.917781908530742 79.915549591183662 44.728709146380424 30.0350580541417 7.4419884681701651 21.656421091407537 16.988715741783381 50.906231952831149 18.308284277096391 315.60565501637757 2928.6458025583997 88.935690145939589 63.41790390945971 196.42168333753943 213.54340929910541 247.82731652446091 17.935302376747131 113.56797149777412
leaf_count=73 3447 553 202 3156 100 552 317 78 477 62 67 699 1220 408 294 216 41 187 245 463 140 2775 22286 596 508 1475 1775 1575 87 925
internal_value=-0.00018268 -2.69337e-05 -0.000134832 0.000193924 0.00832754 -0.0121159 0.00937749 0.0296382 0.0134103 0.0254533 -0.00320715 0.000137872 -0.0113968 0.0426311 0.0481447 0.0220808 0.0631434 0.0128663 -0.015853 -0.0223689 -0.0348113 -0.000986878 -0.00322427 0.00490911 0.0319996 0.00108314 -0.0126095 0.00947649 0.0278078 -0.00261109
internal_weight=5195.69 5179.58 5171.91 5125.09 649.714 129.371 78.1901 59.7988 520.343 272.806 102.233 247.537 190.157 170.573 162.121 82.2058 37.477 94.2392 26.0027 81.4463 69.2145 4475.37 3244.25 1231.12 152.354 1078.77 409.965 668.802 265.763 403.039
internal_count=44999 41552 41479 40926 5768 1394 842 525 4374 1791 770 2583 1884 1021 959 551 257 664 323 670 603 35158 25061 10097 1104 8993 3250 5743 1662 4081
is_linear=0
shrinkage=0.05


Tree=100
num_leaves=31
num_cat=0
split_feature=19 16 0 20 19 15 3 3 15 17 17 1 4 0 14 20 16 1 3 19 17 17 15 17 0 18 19 3 17 19
split_gain=18.4664 23.6149 22.6271 16.1421 53.6992 41.461 39.0446 82.5486 68.9071 55.4587 29.4699 23.8921 19.8959 19.5648 19.1324 34.9149 30.1215 35.0727 36.8218 40.8186 29.6594 48.9708 40.8518 34.4005 58.1938 65.1019 43.9964 34.4646 30.6871 65.2745
threshold=-0.00064749999999999996 -0.00083049999999999997 108.50000000000001 -0.00029968206045723563 -4.2499999999999996e-05 -0.00016449999999999996 0.59500000000000008 0.47500000000000003 4.4500000000000004e-05 0.00036650000000000002 0.00010850000000000002 85.425000000000026 -0.0099999999999999239 265.50000000000006 2.6500000000000004e-05 -0.00026883563687102302 -0.0039264999999999986 12.255000000000001 0.37500000000000006 4.5500000000000008e-05 0.00018050000000000002 0.00016050000000000003 0.00013350000000000002 0.00022350000000000004 135.50000000000003 3.1222520943969305e-05 -3.3499999999999994e-05 0.52500000000000013 0.00025550000000000003 -6.2499999999999988e-05
decision_type=2 2 2 2 2 2 2 2 2 2 2 2 2 2 2 2 2 2 2 2 2 2 2 2 2 2 2 2 2 2
left_child=1 2 -1 4 5 12 7 8 -6 11 -5 -10 -2 -14 15 -12 -16 18 19 -18 21 22 -19 24 25 26 27 -22 29 -25
right_child=3 -3 -4 10 6 -7 -8 -9 9 -11 14 -13 13 -15 16 -17 17 20 -20 -21 23 -23 -24 28 -26 -27 -28 -29 -30 -31
leaf_value=0.057175485360692994 0.037488460327096872 -0.051504804877061577 -0.046503449549815626 -0.074286526679507622 -0.051059828348033715 -0.037802437893224711 -0.038657854176231847 0.058625095765540647 0.071182673299658716 -0.063959079095078947 0.017594447270868434 0.0028383293312607668 -0.024122177460433936 0.067360506611693474 0.10903957456640348 0.0015002088524494028 0.064563064403618906 0.016870656247008571 -0.040608319558875922 -0.044686484172214769 -0.024473288315749245 0.05953777696498213 -0.058970262447145497 0.05030467130654892 -0.051685345275984597 -0.057197903710581005 -0.0207439327010163 0.076595843536762034 -0.0042375508975291539 -0.0076606949578435363
leaf_weight=12.602474987506868 29.922394342720509 38.162132777273655 9.035363302100448 12.953304365277289 52.474623512942344 177.04256786964834 36.449985550716519 75.88442350178957 36.192535445094109 14.086657666135578 385.84467906691134 19.774275746196508 48.634687044424936 6.6426019668579093 5.9460093695670357 2661.1115845979657 20.086402056738734 76.715390585362911 113.667874423787 14.886238195002077 10.750616177916525 51.010431662201881 23.103261556476355 86.256969740614295 93.265107365325093 33.468303143978119 31.365884900093079 39.157087124884129 841.36644871067256 111.15307312831283
leaf_count=445 171 3172 776 89 373 2122 271 507 193 122 2992 116 794 36 41 21628 103 726 758 81 51 297 184 586 707 357 195 181 6241 648
internal_value=-0.00022157 -0.0278454 0.013882 0.000101749 -0.00845873 -0.0240107 0.00890626 0.0176442 -0.00773625 0.0247159 0.00102442 0.0470351 0.00464813 -0.0131288 0.00123653 0.00353827 -0.00328177 -0.00371369 -0.0268045 0.0180606 -0.00125791 0.0196837 -0.000682903 -0.00379132 -0.0223514 0.00149203 0.0256604 0.0548245 -7.48134e-05 0.0176669
internal_weight=5169.01 59.8 21.6378 5109.21 497.105 262.242 234.863 198.413 122.528 70.0535 4612.11 55.9668 85.1997 55.2773 4599.16 3046.96 1552.2 1546.25 148.641 34.9726 1397.61 150.829 99.8187 1246.78 208.007 114.742 81.2736 49.9077 1038.78 197.41
internal_count=44963 4393 1221 40570 4705 3123 1582 1311 804 431 35865 309 1001 830 35776 24620 11156 11115 942 184 10173 1207 910 8966 1491 784 427 232 7475 1234
is_linear=0
shrinkage=0.05


Tree=101
num_leaves=31
num_cat=0
split_feature=19 16 0 4 3 4 8 14 17 6 19 14 3 18 18 18 18 17 1 20 17 0 4 8 14 5 5 14 20 3
split_gain=17.3667 22.5498 20.7483 15.8625 15.4397 15.0722 16.0847 23.9823 20.2835 31.567 23.3113 31.5002 21.4435 21.2322 37.9615 29.3972 24.5015 36.5029 32.776 19.7191 17.9892 17.8083 33.8134 24.5825 19.0482 29.6781 39.1494 34.3387 36.0388 40.2917
threshold=-0.00064749999999999996 -0.00083049999999999997 108.50000000000001 0.095000000000000043 0.075000000000000025 0.33500000000000013 0.10500000000000002 -0.00026349999999999995 0.00014150000000000005 0.021140612426438169 6.7500000000000014e-05 9.5000000000000022e-06 0.64500000000000013 1.0000000180025095e-35 -4.6308376136323773e-05 3.4328236746484471e-05 4.0130563875190427e-05 0.00013550000000000001 144.52500000000003 -0.00026618781712603494 0.00018250000000000002 33.500000000000007 -0.36499999999999988 1.0000000180025095e-35 0.00020250000000000002 0.50500000000000012 0.43500000000000011 2.1500000000000004e-05 -0.00031493384571893037 0.45500000000000007
decision_type=2 2 2 2 2 2 2 2 2 2 2 2 2 2 2 2 2 2 2 2 2 2 2 2 2 2 2 2 2 2
left_child=1 2 3 -1 -2 6 8 -8 10 21 11 13 -11 14 -6 -15 -17 -18 -19 -13 -9 22 -10 -24 25 26 27 28 29 -23
right_child=4 -3 -4 -5 5 -7 7 20 9 12 -12 19 -14 15 -16 16 17 18 -20 -21 -22 24 23 -25 -26 -27 -28 -29 -30 -31
leaf_value=0.084399932451140594 -0.052120082663101336 -0.051431954694855099 -0.046186274101067265 -0.05063087673651593 0.055815885010082347 -0.049919213853548777 -0.034370354173575285 -0.016319314014797769 0.040475323265054756 0.053307145516043375 -0.041479160244176208 -0.032229432992654947 -0.044336889823816922 0.053511305655075475 -0.04556872094024142 -0.06132989064790885 0.04679146800444179 -0.062045196354812329 0.048758729647306154 0.054070971776965897 0.015993973628321022 0.067291986151104433 -0.039054280875029976 0.00035239207685417709 0.012782371990639065 -0.02606941000179391 0.039972406099885144 -0.0082432908702761761 0.0036632213407953441 -0.033074986430483448
leaf_weight=9.7882676506415027 14.118238954804836 36.351064807968214 8.6522507225163263 2.796261539682745 12.109698109328745 14.932444320525972 29.380412061931565 48.584046085365117 23.437124684453011 6.1941648200154296 18.18445373699069 7.3846411183476439 60.944789459230378 37.765470508486032 38.865554839372635 13.530652433633803 35.86817117407918 21.276879938319329 9.724204511381684 63.851885072886944 379.60130059160292 10.981299281120299 101.39778427779675 64.909891091287136 268.87158131785691 114.39611577987671 59.635306663811207 1101.749083770439 2421.9307726689149 111.82930580456741
leaf_count=78 812 3172 776 367 159 570 275 407 126 42 201 51 1740 461 241 75 310 188 170 559 2589 56 622 469 2041 761 402 7723 18305 1215
internal_value=-0.000213753 -0.0275174 0.0134171 0.0543963 9.50699e-05 0.000240261 0.000388215 0.00932906 -0.000500203 -0.00130959 0.0131052 0.0172345 -0.0353284 0.00548799 -0.0214838 0.0171233 3.11271e-05 0.0124472 -0.027289 0.0451248 0.0123275 -0.000775844 -0.0157502 -0.0236739 -8.1045e-05 -0.000986316 -0.000212082 -0.000869266 0.00232333 -0.0241005
internal_weight=5149.04 57.5878 21.2368 12.5845 5091.46 5077.34 5062.4 457.566 4604.84 4346.28 258.562 240.377 67.139 169.141 50.9753 118.165 80.3999 66.8693 31.0011 71.2365 428.185 4279.14 189.745 166.308 4089.39 3820.52 3706.13 3646.49 2544.74 122.811
internal_count=44963 4393 1221 445 40570 39758 39188 3271 35917 33502 2415 2214 1782 1604 400 1204 743 668 358 610 2996 31720 1217 1091 30503 28462 27701 27299 19576 1271
is_linear=0
shrinkage=0.05


Tree=102
num_leaves=31
num_cat=0
split_feature=19 16 0 15 14 15 14 19 17 0 17 17 17 0 15 0 20 17 18 18 19 16 17 17 5 3 18 18 17 18
split_gain=16.4316 21.4657 19.4295 15.4531 19.8549 25.0939 15.1176 26.0924 31.3869 28.5281 35.1567 28.6474 27.5301 40.5306 53.3317 59.4564 39.5843 45.3649 81.1145 33.8732 23.8827 23.0062 24.3991 21.9011 29.1633 20.6905 20.6363 20.4311 77.0239 20.697
threshold=-0.00064749999999999996 -0.00083049999999999997 108.50000000000001 -0.00074049999999999995 -0.00035449999999999994 -0.00053649999999999998 -0.00011549999999999999 -0.00041249999999999994 0.00021550000000000001 220.50000000000003 0.0001975 0.00019050000000000005 0.00021950000000000005 116.50000000000001 -0.00017549999999999996 82.500000000000014 -0.00020134854141833566 0.00028450000000000008 0.00011814917340828211 0.00018508047987372857 -3.5499999999999989e-05 -0.00031649999999999994 0.00039350000000000002 0.00039650000000000004 0.11000000000000008 0.50500000000000012 0.00023854698223609529 0.00020405073676266436 0.00026450000000000003 2.9459491327427128e-05
decision_type=2 2 2 2 2 2 2 2 2 2 2 2 2 2 2 2 2 2 2 2 2 2 2 2 2 2 2 2 2 2
left_child=1 2 -1 -2 5 -5 7 -6 9 10 11 -9 -10 14 21 -16 17 18 -15 -20 -17 -14 -23 24 -19 -11 27 29 -29 -8
right_child=3 -3 -4 4 6 -7 26 8 12 25 -12 -13 13 16 15 20 -18 23 19 -21 -22 22 -24 -25 -26 -27 -28 28 -30 -31
leaf_value=0.053358006990665098 0.07621579132969801 -0.051362613784189652 -0.045862085778225453 0.061720755752294069 -0.026225531865115788 -0.047997817242940347 0.0010458400412893304 -0.0037404554355584888 0.07041922029626406 0.056832297529668743 -0.056473500363384804 0.06780308259133612 0.014872997246386821 0.074519394727577723 0.046592084746432255 -0.05483199589729662 0.057882232326293914 -0.052943863155289386 -0.050658544638476105 0.04138515519216298 0.032722166407255754 -0.05629046755138796 0.053176161710297577 0.040754146874042052 0.052409642201846109 -0.052318583053472423 -0.04237720318422087 0.0561650931441528 -0.053476986323191616 -0.0070331818680126699
leaf_weight=12.19477110495791 6.6576682990416876 34.623706434154883 8.2869992856867594 6.0237432741560033 52.403497043764219 38.639359777793288 3239.5742616113275 33.381383195985109 22.670795701444149 4.8184674456715575 16.541288360953331 24.089510105550289 19.540977215394378 55.542992308735847 72.528357747942209 27.734413372352719 75.020916018635035 40.015755012631416 27.2707897759974 15.779121987521647 10.830342423170803 59.751283346209675 5.5644394541159263 11.664666712284086 7.8587099080905309 43.875568086281419 29.573127392213792 56.023795501329005 22.431672521866858 1049.5746810426936
leaf_count=445 55 3172 776 69 1152 476 22614 346 108 46 291 175 156 280 457 224 433 379 199 103 66 542 59 84 85 476 1233 388 481 9593
internal_value=-0.000204795 -0.0273609 0.0132132 9.005e-05 -9.93967e-06 -0.0332 0.000285115 0.00754914 0.01063 -0.011795 0.00776003 0.0262477 0.0167209 0.0138839 -0.00287825 0.0199194 0.0279713 0.013781 0.0345923 -0.0169217 -0.0302437 -0.0327246 -0.0469647 -0.0206811 -0.0356498 -0.0415177 -0.000750481 -0.000468625 0.0248167 -0.000931134
internal_weight=5130.49 55.1055 20.4818 5075.38 5068.72 44.6631 5024.06 626.883 574.48 122.706 74.0122 57.4709 451.774 429.103 195.95 111.093 233.153 158.132 98.5929 43.0499 38.5648 84.8567 65.3157 59.5391 47.8745 48.694 4397.18 4367.6 78.4555 4289.15
internal_count=44963 4393 1221 40570 40515 545 39970 5661 4509 1334 812 521 3175 3067 1504 747 1563 1130 582 302 290 757 601 548 464 522 34309 33076 869 32207
is_linear=0
shrinkage=0.05


Tree=103
num_leaves=31
num_cat=0
split_feature=7 20 19 14 6 6 18 0 20 19 15 6 17 18 17 3 17 17 20 19 15 3 19 17 4 15 17 17 17 14
split_gain=15.4969 20.7042 27.0973 26.3457 20.1261 17.4313 22.8749 17.077 15.421 64.4016 73.2671 55.9924 72.1414 46.694 65.9514 42.5761 34.3603 32.2463 52.1402 35.0112 47.027 31.7315 29.149 98.1845 86.7598 67.1646 56.666 57.7464 56.41 51.8397
threshold=-0.099999999999999992 -0.00011739953942622068 -0.00037349999999999997 0.00013150000000000003 -0.01253944628204713 0.0021349740073445781 -9.2866554143804565e-06 73.500000000000014 -0.00017604712570468053 -7.149999999999999e-05 4.7500000000000009e-05 0.0017533259781095641 0.0001975 -7.9241281319523174e-05 0.00029350000000000009 0.70500000000000007 0.00033150000000000003 0.00030450000000000003 -0.00014451062056078219 -0.00025949999999999991 2.5000000000000002e-06 0.095000000000000015 -0.00012549999999999999 0.00021550000000000001 0.22500000000000003 -6.4999999999999996e-06 0.00012750000000000004 0.00028550000000000005 0.00014150000000000005 -9.7499999999999985e-05
decision_type=2 2 2 2 2 2 2 2 2 2 2 2 2 2 2 2 2 2 2 2 2 2 2 2 2 2 2 2 2 2
left_child=5 8 -3 -4 -5 6 -1 -7 21 11 -11 17 15 14 -12 -13 -16 18 19 -10 -21 -2 23 24 28 26 -24 -28 -23 -29
right_child=1 2 3 4 -6 7 -8 -9 9 10 13 12 -14 -15 16 -17 -18 -19 -20 20 -22 22 25 -25 -26 -27 27 29 -30 -31
leaf_value=-0.0035429494633992548 -0.05585471249952189 -0.023656877692679171 0.051797699246522749 -0.020147764697015489 0.057071846797884955 -0.029232800723968218 -0.03684991596515233 0.066725481162618075 0.049172768166925881 -0.052558806479449494 -0.056095818333083892 -0.02341860949659489 -0.023247539343206215 0.061127256650618217 0.053824895523806038 0.067258172308668263 -0.034533495615294549 -0.0061467219626458302 0.070509793898900316 -0.030807330323798399 0.08387177677309969 0.013523454258039505 -0.038409770857579524 0.0026560270099286738 0.027307175359884885 -0.0020759185254134813 0.024356592333846235 0.027339165270346175 -0.050364215832700926 -0.023448095100183874
leaf_weight=128.38359525054693 24.274825889151543 28.34367178264074 63.428727027028799 30.912628923542798 11.606225050985811 7.2842212840914753 86.136895491741598 12.75536885904148 39.187794245779514 134.44664449803531 49.045537944883108 19.025759611278772 238.56944711925462 25.40846374630928 34.148567691445351 40.506230641156435 16.233115170150995 72.210825365502387 61.101758927106857 51.933508083224297 10.798410207033156 40.852753218263388 47.458232916891575 1198.8030945779756 57.379151081200689 1415.1559094535187 725.52434721868485 78.85021149367094 223.99030132452026 138.50004687160254
leaf_count=683 831 772 477 186 63 52 497 95 230 937 390 138 3263 116 263 256 181 517 315 349 53 329 354 13799 841 9811 4635 456 3143 931
internal_value=-0.000197224 0.000406455 0.0197668 0.0313837 0.000930607 -0.0127508 -0.0169168 0.0318455 -0.000141658 -0.00650655 -0.0269475 0.00343087 -0.0109605 0.000635691 -0.0148228 0.0382789 0.0253556 0.0216685 0.0339894 0.012095 -0.0110669 0.00113528 0.00148761 -0.00393005 -0.0284331 0.00491328 0.0149006 0.0175839 -0.0405094 -0.00502352
internal_weight=5112.26 4877.7 134.291 105.948 42.5189 234.56 214.52 20.0396 4743.4 792.616 259.282 533.334 298.101 124.836 99.4272 59.532 50.3817 235.232 163.021 101.92 62.7319 3950.79 3926.51 1521.03 322.222 2405.49 990.333 942.875 264.843 217.35
internal_count=44963 43636 1498 726 249 1327 1180 147 42138 7008 1887 5121 3657 950 834 394 444 1464 947 632 402 35130 34299 18112 4313 16187 6376 6022 3472 1387
is_linear=0
shrinkage=0.05


Tree=104
num_leaves=31
num_cat=0
split_feature=19 16 1 15 14 15 20 19 4 19 2 19 19 15 18 17 4 3 17 3 19 3 20 19 20 17 20 6 17 6
split_gain=15.205 20.5839 16.7686 14.231 18.3722 22.9776 14.7435 38.0178 71.896 66.2375 52.2395 68.3338 57.6547 49.1757 46.2543 42.8493 34.3282 35.7268 33.0478 37.639 30.4963 54.3855 63.2493 44.7345 75.1377 55.4031 102.531 74.9794 51.4329 70.6962
threshold=-0.00064749999999999996 -0.00083049999999999997 42.315000000000005 -0.00074049999999999995 -0.00035449999999999994 -0.00053649999999999998 -0.00024738923236650563 -2.8499999999999998e-05 0.0099999999999999829 7.9500000000000021e-05 0.28864062644514399 1.6500000000000005e-05 6.3500000000000012e-05 -0.00011249999999999998 -0.00020435355785544259 0.00015950000000000003 -0.29499999999999987 0.55500000000000016 0.00025850000000000005 0.095000000000000015 -3.8499999999999994e-05 0.51500000000000012 -0.00019241559782224695 -5.6499999999999998e-05 -0.00016288997084360437 0.00022250000000000001 -0.00021460320805949658 -0.0040862579895502823 0.00023050000000000005 0.013461964127324082
decision_type=2 2 2 2 2 2 2 2 2 2 2 2 2 2 2 2 2 2 2 2 2 2 2 2 2 2 2 2 2 2
left_child=1 2 -1 -2 5 -5 7 -6 10 13 11 -9 -13 -10 18 -14 -16 -18 -12 -20 23 -22 -23 25 -25 26 -8 -28 29 -27
right_child=3 -3 -4 4 6 -7 20 8 9 -11 14 12 15 -15 16 -17 17 -19 19 -21 21 22 -24 24 -26 28 27 -29 -30 -31
leaf_value=0.045797449845548642 0.073832436763073245 -0.051291020338590711 -0.050744939942444584 0.0578239800873981 -0.0098298563027676249 -0.046834830050587466 -0.034656944168594571 0.045033566459339647 -0.062520259611171788 -0.03883920447224537 -0.036861642417959146 -0.05074237669458475 -0.066188345568014825 0.062562974253175141 0.019606292487887825 0.025782440109699808 -0.055734913142802149 0.00085334031292054089 -0.069767340460105742 0.03776609969525789 0.0020104373924390113 -0.0043773105278287865 -0.054758520589892751 0.040514801607043585 -0.045708888107192522 0.059724902752628088 -0.052081511785653539 0.012901216169044312 0.0059384426004941253 -0.044578910496041416
leaf_weight=13.247456266544761 6.5337598370388141 32.773315124446526 6.8099052128382018 6.0926246521994463 988.11309421225451 37.66723353904672 243.52620640350506 103.82586584985256 8.4841046594083291 23.477298643440008 29.399060599505901 51.303124137222767 14.616872388869522 106.41409800946712 26.442727882415056 94.809081751853228 115.79245417565107 36.742686614394188 9.2110887314192933 69.817782904952765 676.13519252603874 152.31324543710798 105.40708827786148 171.31036414392292 29.637738741934299 91.748698096722364 49.963487856090069 397.94004472764209 1367.402246338781 19.741081707878038
leaf_count=312 55 3172 909 69 9709 476 2276 549 72 232 182 316 131 670 147 606 715 216 443 456 5131 969 761 1086 185 538 325 3558 10296 401
internal_value=-0.00019124 -0.0268754 0.0130192 8.88111e-05 -7.02956e-06 -0.0322633 0.000276207 -0.00354006 0.00546284 0.0376896 -0.00261635 0.0134163 -0.00700744 0.0533268 -0.0173743 0.0134972 -0.0329867 -0.0421039 0.00839649 0.0252327 0.00221423 -0.0054391 -0.0249831 0.00522827 0.0277977 0.00313859 -0.00854481 0.00565241 0.00860096 0.0412562
internal_weight=5086.7 52.8307 20.0574 5033.87 5027.33 43.7599 4983.57 1678.45 690.336 138.376 551.961 264.555 160.729 114.898 287.406 109.426 178.978 152.535 108.428 79.0289 3305.13 933.856 257.72 2371.27 200.948 2170.32 691.43 447.904 1478.89 111.49
internal_count=44963 4393 1221 40570 40515 545 39970 14444 4735 974 3761 1602 1053 742 2159 737 1078 931 1081 899 25526 6861 1730 18665 1271 17394 6159 3883 11235 939
is_linear=0
shrinkage=0.05


Tree=105
num_leaves=31
num_cat=0
split_feature=8 17 6 18 18 15 2 17 11 11 17 17 16 15 17 17 6 0 5 17 19 18 19 19 17 17 20 17 18 15
split_gain=15.28 24.3492 27.3512 24.9322 42.9936 27.1875 41.8139 22.9307 20.5696 32.1394 35.3481 31.7144 27.5652 28.714 27.3339 32.767 33.5242 32.9387 38.5162 31.2684 29.2153 36.1187 26.8313 64.478 66.8848 65.521 80.3627 98.3283 49.1609 42.7893
threshold=0.079999999999999988 0.00014150000000000005 0.021140612426438169 -1.2472525230579832e-05 -5.6430840559516746e-05 -4.8499999999999993e-05 0.5917533959060004 0.00013850000000000003 9.3731579437011039 9.1380497464977406 0.00023450000000000004 0.00024650000000000003 -1.0000000180025095e-35 -0.00025049999999999991 0.00037450000000000005 0.00055850000000000008 0.0048233292452098233 163.50000000000003 0.37500000000000011 0.00035950000000000006 2.8500000000000005e-05 4.1838169704308055e-05 -0.00019449999999999998 -0.00021649999999999998 0.00025150000000000004 0.00024550000000000006 -0.00018641518851016827 0.00023550000000000001 6.8061007458282552e-05 3.750000000000001e-05
decision_type=2 2 2 2 2 2 2 2 2 2 2 2 2 2 2 2 2 2 2 2 2 2 2 2 2 2 2 2 2 2
left_child=1 3 8 4 -1 6 -5 -6 9 14 -11 -12 13 -13 19 -16 17 18 -17 22 21 -21 23 25 -25 26 27 29 -29 -3
right_child=-2 2 -4 5 7 -7 -8 -9 -10 10 11 12 -14 -15 15 16 -18 -19 -20 20 -22 -23 -24 24 -26 -27 -28 28 -30 -31
leaf_value=0.041140010324401816 0.0067606319440240347 -0.050449928262793757 -0.035220375587125159 0.025306280897534214 -0.052620028343048332 0.043016014795195609 -0.062298560353169177 0.035236611627587733 0.020953757178689497 -0.035355480468156446 0.057946348434295018 -0.049711314149622411 -0.021034234187850404 0.054351739067655391 -0.024450608793023965 0.031526750556067899 -0.052146451246972252 -0.06202334456858976 -0.038892166403887318 0.061706920628928824 -0.016815512203103244 -0.058010752713448889 -0.0031601721255869551 -0.015209638334308216 0.064093774734697004 -0.0075220480980249631 0.058332754553591472 -0.044152096830346911 0.078435326739809685 0.042314318237289067
leaf_weight=27.460325069725513 670.94601500895806 69.827225625049323 61.894451833562925 50.256903920322657 41.009226359426975 92.796303883194923 18.684929695446044 9.0694003328680974 97.539211397059262 148.30227111745626 19.463666193187237 8.7805505357682687 121.89568970887922 27.051432892680168 250.82619535783306 114.77214113599621 23.265618115197867 13.569831877714021 23.372280392795801 55.650740820914507 23.891089032404125 7.1045272182673207 2242.3641431108117 38.072892770171165 88.138769216835499 564.00117488973774 98.453478022478521 10.227932654321192 40.81297579407692 15.123674638569353
leaf_count=340 5408 1052 2312 513 345 924 184 74 690 1440 93 78 1060 207 2901 960 1575 320 158 308 286 221 15201 309 485 6421 826 66 194 105
internal_value=-0.000268361 -0.0013393 -0.00223051 0.0141714 -0.00913881 0.0253465 0.00156322 -0.0367089 -0.00173279 -0.00228531 -0.0173448 -0.00227062 -0.00970142 0.0288513 -0.000953117 -0.0128658 0.00374059 0.012311 0.0196128 0.000605886 0.0302397 0.0481537 -0.000204862 0.00696198 0.0401712 0.00171255 0.0239281 -0.000979736 0.0538704 -0.0339353
internal_weight=5074.63 4403.68 4164.4 239.277 77.539 161.738 68.9418 50.0786 4102.51 4004.97 325.494 177.191 157.728 35.832 3679.47 425.806 174.98 151.714 138.144 3253.67 86.6464 62.7553 3167.02 924.658 126.212 798.446 234.445 135.992 51.0409 84.9509
internal_count=45056 39648 37268 2380 759 1621 697 419 34956 34266 2878 1438 1345 285 31388 5914 3013 1438 1118 25474 815 529 24659 9458 794 8664 2243 1417 260 1157
is_linear=0
shrinkage=0.05


Tree=106
num_leaves=31
num_cat=0
split_feature=0 3 5 18 8 0 18 4 5 19 15 20 20 19 3 17 18 17 4 17 4 3 14 18 17 19 19 20 15 0
split_gain=14.8426 34.1396 30.9435 31.413 27.7747 25.2337 27.8537 31.4121 24.7257 23.229 19.5391 19.2753 36.3358 36.8372 56.9106 56.3287 95.3702 71.2987 62.9511 51.9139 45.7496 45.435 37.5127 50.1051 33.9898 60.2463 33.5335 32.5971 40.0084 50.6164
threshold=43.500000000000007 0.34500000000000003 0.075000000000000025 -0.00023767406604287324 -0.20499999999999999 15.500000000000002 4.7226374095109497e-06 0.13999999999999996 0.66500000000000015 -6.4999999999999996e-06 -0.00010549999999999999 -0.00024888625845880815 -0.00026464734331376377 -4.949999999999999e-05 0.47500000000000003 0.00031650000000000005 4.6218260675701142e-05 0.00026550000000000006 0.21500000000000005 0.00025450000000000006 -0.089999999999999997 0.59500000000000008 3.4500000000000005e-05 -0.00012493015994775964 0.00015550000000000001 -0.00037349999999999997 -0.00033449999999999994 -0.00031999477582065581 -5.499999999999999e-06 82.500000000000014
decision_type=2 2 2 2 2 2 2 2 2 2 2 2 2 2 2 2 2 2 2 2 2 2 2 2 2 2 2 2 2 2
left_child=1 4 3 -3 -1 -5 -7 10 11 -9 -8 12 13 15 27 16 18 19 -2 24 -17 22 -16 -24 -18 -26 -22 -15 29 -29
right_child=8 2 -4 5 -6 6 7 9 -10 -11 -12 -13 -14 14 21 20 17 -19 -20 -21 26 -23 23 -25 25 -27 -28 28 -30 -31
leaf_value=-0.016731188321071889 -0.046071178405821735 0.067359768240318849 -0.030145099169965151 0.05174248499671439 0.05121040371722968 -0.031047821579233911 0.11191296328620692 -0.054884989158565968 -0.047455246007784072 0.066661807377419724 0.022216573355816088 0.0031209587287355212 -0.016881751003600055 0.025339501536185229 0.059763974165620376 -0.035791763980432795 0.051220555656160065 -0.044826431899619185 0.10513869146422983 0.077003053354018164 -0.022057484592743433 -0.0067679293065370256 0.051285662084432151 -0.020295016412646666 0.062792137833323228 -0.041628242848625104 0.035280630581264398 -0.058558044504874229 -0.027934430461741395 0.056052600114019337
leaf_weight=24.798344595357776 209.86498155072331 15.587763156741856 177.12068768776953 16.293445194140077 38.236141954082996 87.864041350781918 8.9895439855754393 17.72784232720733 26.669720049016178 5.0507267164066425 18.704190800897777 3067.0142052418087 391.83741362066939 62.807140580378473 102.39910075813532 38.445125725120306 30.62571638636291 47.520966025535017 7.1164873177185646 36.836031571961939 31.306378526147455 76.139369003474712 50.266970124095678 47.59503773227334 19.238145259907469 48.987098925746977 137.47539503127337 13.343615394085644 158.1958883702755 34.646553315222263
leaf_count=155 1954 120 1237 110 252 742 39 318 368 45 133 26775 3697 395 685 338 254 1157 72 223 1362 497 278 288 174 863 1016 96 1190 223
internal_value=-0.00025707 -0.00937145 -0.015515 -0.000291674 0.0244816 -0.00711141 -0.0140433 0.0155588 0.000549318 -0.0279342 0.0513325 0.000826933 -0.00372803 0.000742892 0.0101753 -0.00772639 -0.0186831 0.0078802 -0.0411118 0.0263394 0.0134329 0.0261089 0.0386086 0.0164725 0.00745995 -0.0121838 0.0246453 -0.00619702 -0.0158035 0.0241852
internal_weight=5048.7 410.373 347.338 170.218 63.0345 154.63 138.336 50.4723 4638.33 22.7786 27.6937 4611.66 1544.65 1152.81 545.394 607.416 400.189 183.208 216.981 135.687 207.227 276.4 200.261 97.862 98.851 68.2252 168.782 268.993 206.186 47.9902
internal_count=45056 3151 2744 1507 407 1387 1277 535 41905 363 172 41537 14762 11065 3652 7413 4697 2671 2026 1514 2716 1748 1251 566 1291 1037 2378 1904 1509 319
is_linear=0
shrinkage=0.05


Tree=107
num_leaves=31
num_cat=0
split_feature=6 8 6 6 0 14 4 18 17 6 19 3 4 1 15 17 17 15 0 17 4 6 19 3 19 19 19 19 17 17
split_gain=14.2023 14.7646 27.9362 45.5685 39.8957 39.7631 40.3987 73.797 58.6723 38.9132 38.5835 38.0194 36.5503 33.3046 34.4406 37.6156 46.7382 33.2128 45.6036 37.3297 37.8149 43.9301 31.9615 31.389 30.6306 29.339 57.9496 42.9103 38.6007 63.3953
threshold=0.03558307161925426 -0.049999999999999996 -0.0087046586995654946 -0.011392316236320603 98.500000000000014 -6.4999999999999996e-06 -0.099999999999999992 -0.00012977446036651854 0.00027850000000000005 -0.045340224111544439 -1.3499999999999998e-05 0.39500000000000007 -0.16499999999999992 134.01500000000001 0.00014250000000000002 0.00033350000000000008 0.00014350000000000005 8.2500000000000013e-05 121.50000000000001 0.00036850000000000007 0.044999999999999991 0.01379005855954752 -0.00025649999999999995 0.42500000000000004 0.00015750000000000001 -1.8499999999999999e-05 -3.8499999999999994e-05 -5.449999999999999e-05 0.00025450000000000006 0.00028250000000000004
decision_type=2 2 2 2 2 2 2 2 2 2 2 2 2 2 2 2 2 2 2 2 2 2 2 2 2 2 2 2 2 2
left_child=1 -1 3 4 10 -6 7 8 12 -10 23 -4 24 17 15 16 -15 25 19 20 -19 -22 -17 -3 -7 26 27 28 -13 -30
right_child=-2 2 11 -5 5 6 -8 -9 9 -11 -12 13 -14 14 -16 22 -18 18 -20 -21 21 -23 -24 -25 -26 -27 -28 -29 29 -31
leaf_value=-0.005183568849562727 -0.045832491393729732 0.050402420919080204 -0.027102743519628408 0.037803527472375947 0.049377776307241376 -0.063599730920832528 -0.052032713300001004 0.046915165890422265 -0.039739368274597828 0.047018941602643791 -0.021371676610451074 -0.0054713547411745986 0.032737993540340182 0.01052207266869639 0.023229547142945811 -0.050992237876735992 -0.040152694411227804 -0.026082655109152149 -0.035033486902377273 -0.028228062949902162 0.059317076781920747 -0.020654864994449875 0.077897971303549335 -0.011815706883901688 0.015600899689048318 0.019100385894428903 -0.029265392137847901 0.031561440369521292 0.030538423732908788 0.0014862432975570289
leaf_weight=1109.0812530783005 17.028992426116019 40.842040862888098 131.03531618230045 122.92283856496215 70.019481149502099 61.78602746874094 26.019604861736298 101.10555046796799 16.877319755032659 55.184288301505148 199.82772254850715 842.05889703938738 17.162930980324745 60.330737732350826 49.977957707829773 6.8673998059239265 185.12076670140959 32.516970757395029 134.74708815012127 61.29996038461104 62.165246606338769 23.726302356924862 16.053137108683586 40.247759345918894 15.213823586702345 291.66183093748987 136.97855950146914 135.12746506743133 255.41492435755208 709.06954177911393
leaf_count=7446 1172 391 1148 845 563 392 176 843 258 562 1734 7158 108 471 546 802 3383 196 1893 747 382 358 71 336 140 1823 859 898 1618 7737
internal_value=-0.000247895 -9.29667e-05 0.00135419 0.00990581 0.00458323 0.015523 0.00744225 0.013231 -0.00725725 0.0266996 -0.00956748 -0.000739159 -0.033244 0.000411166 -0.0148799 -0.0219768 -0.0276971 0.00222432 -0.013044 0.00344385 0.0198404 0.037226 0.0392802 0.0195213 -0.0479511 0.00424989 0.00216617 0.00438356 0.00235069 0.00917985
internal_weight=5027.47 5010.44 3901.36 767.209 644.287 363.369 293.35 267.33 166.224 72.0616 280.918 3134.15 94.1628 3003.12 318.35 268.372 245.452 2684.77 314.456 179.708 118.409 85.8915 22.9205 81.0898 76.9999 2370.31 2078.65 1941.67 1806.54 964.484
internal_count=45056 43884 36438 6348 5503 3042 2479 2303 1460 820 2461 30090 640 28942 5273 4727 3854 23669 3576 1683 936 740 873 727 532 20093 18270 17411 16513 9355
is_linear=0
shrinkage=0.05


Tree=108
num_leaves=31
num_cat=0
split_feature=4 8 17 6 19 14 18 18 17 17 6 14 16 11 18 11 17 17 17 17 6 17 5 19 18 14 17 17 20 14
split_gain=13.9323 15.1729 22.3728 22.3783 21.5893 24.5607 19.2166 31.1333 18.4876 21.5815 26.4277 19.3901 21.9351 18.1956 28.7422 26.3159 28.7856 28.7765 24.414 30.7932 31.6018 29.1784 26.6192 26.1663 32.9547 25.8028 34.7512 37.9289 50.8226 36.1272
threshold=0.33500000000000013 0.079999999999999988 0.00014150000000000005 0.021140612426438169 6.7500000000000014e-05 4.500000000000001e-06 -2.1589073653375788e-06 -4.6308376136323773e-05 0.00057850000000000013 0.00047350000000000002 0.00080738080131151195 -0.00026349999999999995 -0.00026149999999999996 9.4086648416879974 1.5768411394646911e-05 9.1380497464977406 0.00023450000000000004 0.00024650000000000003 0.00037450000000000005 0.00055850000000000008 0.0048233292452098233 0.00035950000000000006 0.3650000000000001 2.8500000000000005e-05 4.1838169704308055e-05 5.6500000000000011e-05 0.00044250000000000002 0.00042050000000000003 -0.00026788118835572244 -4.1499999999999992e-05
decision_type=2 2 2 2 2 2 2 2 2 2 2 2 2 2 2 2 2 2 2 2 2 2 2 2 2 2 2 2 2 2
left_child=1 2 4 13 5 6 7 -1 9 11 -11 12 -3 15 -15 18 -17 -18 21 25 22 -4 -21 24 -23 26 27 28 29 -20
right_child=-2 8 3 -5 -6 -7 -8 -9 -10 10 -12 -13 -14 14 -16 16 17 -19 19 20 -22 23 -24 -25 -26 -27 -28 -29 -30 -31
leaf_value=0.055675171029697428 -0.049197331453685593 0.063129848097266281 -0.0001267200806932745 -0.033269473039334953 -0.040237084908340763 0.041313613598278773 0.017517127298040027 -0.049048387393028137 -0.054050467112082834 0.06662397225659912 -0.04287728580560124 0.0080372117340960433 -0.048739945640224741 0.035986236804226523 -0.043812166928086108 -0.03133415953538872 0.055833631928530462 -0.0088192970428441816 -0.045943314058424972 0.021407181786400234 -0.052024824829344674 0.060025165024023275 -0.036485513136361024 -0.014684956794357879 -0.057519643695371506 -0.048907005033679188 -0.041969799283970932 0.053194459369385189 -0.040271691008294114 0.084374940724873393
leaf_weight=9.333364009857176 14.488991943420841 5.1940480079501858 3124.9714534364175 56.516090576071292 16.987901020795107 75.204865124076605 98.712058096425608 29.619390368461609 12.185450152959673 29.021510366350412 6.8014826588332644 578.80646944069304 28.021016713697463 65.258932907134295 13.643336431821806 154.25795222911984 19.263071522116661 161.54765572957695 7.603522646008062 126.0882222650107 21.893708843737841 54.053854376077652 23.567031837999821 23.913120687007904 6.7021265730727455 71.12332792696543 65.70065475278534 28.880039008101448 55.629273928934708 17.694096855120733
leaf_count=128 987 33 24416 1918 206 710 1126 202 370 170 138 4150 281 397 157 1504 94 1344 242 1277 1575 308 161 286 221 690 779 248 832 106
internal_value=-0.000238339 -9.61296e-05 -0.001173 -0.00202434 0.0140063 0.0183351 0.0057822 -0.0239559 0.00696547 0.00811313 0.0458337 0.00590526 -0.0312462 -0.00158744 0.0221879 -0.00206082 -0.0154677 -0.00193135 -0.000822544 -0.0121861 0.00408234 0.000657995 0.0122905 0.0296203 0.0470585 -0.0235019 -0.0132066 0.00400321 -0.0135515 0.0452061
internal_weight=5002.68 4988.2 4328.17 4098.31 229.858 212.87 137.665 38.9528 660.03 647.845 35.823 612.022 33.2151 4041.79 78.9023 3962.89 335.069 180.811 3627.82 418.18 171.549 3209.64 149.655 84.6691 60.756 246.631 175.508 109.807 80.9269 25.2976
internal_count=45056 44069 38927 36555 2372 2166 1456 330 5142 4772 308 4464 314 34637 554 34083 2942 1438 31141 5910 3013 25231 1438 815 529 2897 2207 1428 1180 348
is_linear=0
shrinkage=0.05


Tree=109
num_leaves=31
num_cat=0
split_feature=0 14 15 19 3 14 18 1 17 17 1 17 14 15 20 0 17 8 20 17 3 6 17 0 16 18 18 17 17 17
split_gain=14.0434 22.0708 17.8903 22.1103 15.44 15.2124 24.2694 22.1041 18.5744 38.0941 30.7624 45.1584 37.4882 25.1615 29.9504 29.4653 30.4457 33.7813 28.2892 24.7045 41.2183 36.4728 35.8632 56.8807 31.2434 135.727 35.5363 39.1054 30.0529 87.326
threshold=288.50000000000006 -0.00035449999999999994 -0.00053649999999999998 -6.3499999999999985e-05 0.76500000000000012 -0.00010849999999999999 0.00023854698223609529 128.53500000000003 0.00037450000000000005 0.00035950000000000006 78.895000000000024 0.00056450000000000011 0.00050050000000000019 0.00011750000000000001 -0.00026788118835572244 92.500000000000014 0.00041950000000000006 0.13500000000000001 -0.00029354485644356837 0.00034050000000000004 0.51500000000000012 -0.021347564840070665 0.00032950000000000004 120.50000000000001 -0.00023049999999999999 4.6218260675701142e-05 0.00020817179329082674 0.00026450000000000003 0.00019550000000000001 0.00021950000000000005
decision_type=2 2 2 2 2 2 2 2 2 2 2 2 2 2 2 2 2 2 2 2 2 2 2 2 2 2 2 2 2 2
left_child=1 2 4 -4 -1 7 8 -3 9 19 11 13 -13 14 18 16 -16 -18 -10 22 21 -21 24 -24 25 -7 28 -28 -26 -30
right_child=-2 5 3 -5 -6 6 -8 -9 10 -11 -12 12 -14 -15 15 -17 17 -19 -20 20 -22 -23 23 -25 26 -27 27 -29 29 -31
leaf_value=0.067630169913850582 0.061046109853927971 0.008719666133966816 -0.06293122780578185 0.090441730777859039 -0.05210710992363226 0.052427495999948726 -0.043675418435657191 -0.045994357421590595 -0.032451376259334974 0.031180737396754157 -0.041142334580679313 0.032084761330535227 -0.058460991081250614 -0.045181072342346251 -0.041296495805453075 -0.054589205218278848 0.00016442789993923848 0.10208229585116589 0.042082254937221439 -0.058015315214992418 -0.04413086832511421 0.046817591763692622 0.041909027095258976 -0.048452379104620392 0.0041281924449191989 -0.053111022444159856 0.059945678468719003 -0.053099000631966167 -0.032600179892300123 -0.0019922708004576212
leaf_weight=6.8169305287301523 9.3331925235688669 629.65413830336183 32.927870357874781 2.5304134637117377 4.4497509119100869 105.05468973517418 33.214021286694333 19.016848206752911 17.801874127238989 97.663387912325561 69.020589450374246 99.459811506792903 12.915843507274984 58.331361182965338 35.881763203069568 44.096524011343718 48.506663206964731 9.7676845565438253 44.691172670572996 11.500742303207515 78.286726779304445 29.78259851038456 103.33505687490106 20.945712652057409 1165.4131922610104 42.905561851337552 42.292273714207113 9.3397365426644665 266.98296066001058 1832.5413722442463
leaf_count=43 61 6142 784 11 544 584 2729 866 149 760 1326 862 185 545 333 318 332 55 262 148 1013 235 623 216 10016 400 282 267 2421 12544
internal_value=-0.000228967 -0.000343917 -0.0345462 -0.0519861 0.0203402 -1.96537e-05 -0.00110114 0.00711564 -0.000768143 0.000356809 -0.0104886 -0.00479279 0.0216779 -0.0162746 -0.0078751 -0.0208597 -0.00506295 0.0172474 0.0208505 -0.000454966 -0.0228128 0.0176132 0.000289942 0.0266799 -0.000656729 0.0218234 -0.00165962 0.039497 -0.00231048 -0.00588448
internal_weight=4984.46 4975.13 46.725 35.4583 11.2667 4928.4 4279.73 648.671 4246.52 3806.04 440.473 371.453 112.376 259.077 200.746 138.253 94.1561 58.2743 62.493 3708.38 119.57 41.2833 3588.81 124.281 3464.53 147.96 3316.57 51.632 3264.94 2099.52
internal_count=45056 44995 1382 795 587 43613 36605 7008 33876 29509 4367 3041 1047 1994 1449 1038 720 387 411 28749 1396 383 27353 839 26514 984 25530 549 24981 14965
is_linear=0
shrinkage=0.05


Tree=110
num_leaves=31
num_cat=0
split_feature=4 17 1 18 20 19 17 5 20 19 19 17 17 17 8 6 17 17 16 0 0 17 0 6 4 15 17 4 1 20
split_gain=13.4544 14.9177 39.0749 24.6714 39.9979 45.1528 36.2622 27.7257 26.9198 37.5874 33.067 21.6014 22.4686 18.8045 18.0568 21.2472 17.4012 20.5967 18.6955 15.9824 18.7139 27.0293 26.1486 22.7967 24.4124 19.0186 28.4681 24.7824 17.7442 16.2858
threshold=0.33500000000000013 0.00014450000000000002 5.7550000000000008 -2.1589073653375788e-06 -0.00025952687501160093 -4.4999999999999993e-06 0.00013550000000000001 0.15500000000000003 -0.00018253656599654113 -0.00013149999999999997 -0.00024749999999999994 0.00013850000000000003 0.00014150000000000005 0.00014050000000000003 0.079999999999999988 0.021140612426438169 0.00057650000000000008 0.00052550000000000003 1.0000000180025095e-35 238.50000000000003 81.500000000000014 0.00032550000000000005 23.500000000000004 0.012475991038136179 0.24500000000000005 6.5500000000000006e-05 0.00027050000000000007 0.080000000000000002 84.895000000000024 -0.00029624466326784227
decision_type=2 2 2 2 2 2 2 2 2 2 2 2 2 2 2 2 2 2 2 2 2 2 2 2 2 2 2 2 2 2
left_child=1 2 13 7 -5 6 -6 -4 9 10 11 -8 -13 -1 15 -3 17 18 19 20 22 23 -16 29 -25 26 -24 28 -28 -22
right_child=-2 14 3 4 5 -7 8 -9 -10 -11 -12 12 -14 -15 16 -17 -18 -19 -20 -21 21 -23 25 24 -26 -27 27 -29 -30 -31
leaf_value=-0.0092568093741502017 -0.048988503115858888 -0.0014836440504373254 -0.022909255821933434 0.055656389222528385 0.052398350474540979 -0.070571313145459003 -0.068997486046880885 0.041016651331049814 -0.056538065198797741 0.057924577529423843 -0.063988047598784126 0.056007931530852754 -0.056258203971366542 -0.10371332152856814 0.037880024232762689 -0.034269703859888666 -0.049054953671888092 0.050685963489257184 -0.036725188049829195 -0.024991228395952067 0.06845258387818641 -0.034363423512156488 -0.044940855628104515 -0.040342093355823852 0.037730427673213815 0.023642997964243309 0.03622164388973647 -0.028100128672986325 -0.042373255755122685 0.02477285304152288
leaf_weight=10.663328357040884 13.998721079435198 3921.5246789931552 70.510425766929984 66.776214266195893 51.534751787781715 15.785996839404104 6.0490849693305782 22.334340527653694 16.988484010100365 29.532354641705751 19.655510913580656 23.633747509447861 5.4924966078251591 10.416009444743393 37.266434733755887 50.046174071263522 13.408333383500574 27.654713235329837 23.961152510484681 33.68541531264782 23.781024055089802 22.12848837999627 54.191653939895332 26.281157921999693 16.175347918411717 37.870977180078626 43.991583168506622 42.06313358200714 8.5824274308979493 207.87498861853965
leaf_count=73 1002 33898 680 589 573 83 108 280 106 276 207 276 65 51 218 1840 383 217 260 228 174 268 465 244 171 278 247 385 77 1263
internal_value=-3.95507e-05 9.91623e-05 0.0100589 0.0142961 0.0229034 0.00993666 0.0182494 -0.00753151 0.000885462 0.012449 -0.0120445 0.0169809 0.0348373 -0.0559309 -0.000658855 -0.00189678 0.0072849 0.00853249 0.00651512 0.00838568 0.010547 0.0187928 -0.000359786 0.0230839 -0.0105975 -0.00799269 -0.0160427 0.000505115 0.0233914 0.0292569
internal_weight=4953.86 4939.86 349.373 328.293 235.449 168.672 152.886 92.8448 101.352 84.3632 54.8308 35.1753 29.1262 21.0793 4590.49 3971.57 618.917 605.508 577.854 553.893 520.207 296.241 223.966 274.113 42.4565 186.7 148.829 94.6371 52.574 231.656
internal_count=44985 43983 3367 3243 2283 1694 1611 960 1038 932 656 449 341 124 40616 35738 4878 4495 4278 4018 3790 2120 1670 1852 415 1452 1174 709 324 1437
is_linear=0
shrinkage=0.05


Tree=111
num_leaves=31
num_cat=0
split_feature=3 20 19 15 14 6 14 17 3 5 17 15 15 15 0 19 0 17 17 18 0 18 18 14 0 17 15 18 17 18
split_gain=13.4943 13.0045 41.2248 35.0408 27.2031 46.2323 42.9711 40.2808 34.3433 21.7403 20.8629 20.3725 20.0884 18.2604 49.8607 23.2488 18.7566 41.2132 78.7469 38.7792 29.2958 27.569 37.2046 22.4297 32.2231 46.749 29.527 28.0485 53.2114 71.4272
threshold=0.075000000000000025 -0.00029968206045723563 -4.2499999999999996e-05 -0.00016449999999999996 5.9500000000000003e-05 0.0017533259781095641 -1.4999999999999998e-06 0.00036650000000000002 0.6150000000000001 0.0099999999999999829 0.00010850000000000002 4.4500000000000004e-05 -0.00011549999999999999 -0.00035149999999999998 248.50000000000003 -6.8499999999999985e-05 233.50000000000003 0.00022450000000000001 0.0001485 6.8061007458282552e-05 244.50000000000003 -1.6244050761611348e-07 0.0001374987600802034 -0.00011549999999999999 201.50000000000003 0.00029150000000000004 -0.0001905 2.9459491327427128e-05 0.00019550000000000001 -0.00013521511351733821
decision_type=2 2 2 2 2 2 2 2 2 2 2 2 2 2 2 2 2 2 2 2 2 2 2 2 2 2 2 2 2 2
left_child=-1 2 3 9 5 6 12 -6 -7 -2 -3 -8 -4 14 15 -12 23 18 21 20 -19 -18 -23 24 26 -26 -15 28 29 -25
right_child=1 10 4 -5 7 8 11 -9 -10 -11 13 -13 -14 16 -16 -17 17 19 -20 -21 -22 22 -24 27 25 -27 -28 -29 -30 -31
leaf_value=-0.052140450932081674 -0.037928709047468201 -0.069833604616247644 -0.036206869395213635 -0.035081498625962458 0.055230152796889448 0.066322900320648998 -0.059280146524346315 -0.031182351086404471 -0.048141948638928664 0.020404178674141966 -0.035833043249620236 -0.0018935844920429268 0.051674025091858658 -0.014852396956166301 0.046839858582870833 0.08092684539025044 -0.066921802754152715 0.0042330400910717955 -0.061118475425449709 -0.044117769362227797 0.076829812067640502 0.046751174436443159 -0.063913860130022135 -0.05315460875914494 0.071660614599055261 -0.027593394101819643 0.016376714043007706 -0.0058077104253239304 -7.4463758218815772e-05 0.020795918924064138
leaf_weight=12.396084665320812 21.748092406895012 10.394081786274908 9.0580405071377736 165.30928401625715 53.236373197287321 30.904065813869238 52.377809673547745 18.061472795903683 8.3163830563426 60.148064979119226 107.29954896320123 21.945249892771244 23.050804510712624 105.38475673471112 25.062206422910094 4.4397777616977683 9.0278656706213933 29.498455695807934 80.364515479654074 19.097718034870923 26.274637762457132 43.874640718102455 9.1846629492938501 34.577714211307466 46.556899132207036 15.920439537381752 268.6238953351276 1040.2825768763432 1999.9037451338954 586.56132884789258
leaf_count=807 725 85 64 2337 316 294 371 126 102 683 2176 126 118 1589 172 20 96 160 750 255 136 372 105 537 329 174 2406 12100 13101 4353
internal_value=-3.80742e-05 9.30265e-05 -0.00787219 -0.0218316 0.00803401 -0.00435334 -0.0214537 0.0333398 0.0420515 0.00491348 0.00092154 -0.0423357 0.0268825 0.00108673 -0.0168979 -0.0311938 0.0016569 -0.0126575 -0.028443 0.0173765 0.0384333 0.0138515 0.0275949 0.00241604 0.0131298 0.0463688 0.00757726 0.00113881 0.00389585 0.0166792
internal_weight=4938.88 4926.49 464.156 247.205 216.95 145.652 106.432 71.2978 39.2204 81.8962 4462.33 74.3231 32.1088 4451.94 136.802 111.739 4315.13 217.322 142.452 74.8708 55.7731 62.0872 53.0593 4097.81 436.486 62.4773 374.009 3661.33 2621.04 621.139
internal_count=44985 44178 5262 3745 1517 1075 679 442 396 1408 38916 497 182 38831 2368 2196 36463 1874 1323 551 296 573 477 34589 4498 503 3995 30091 17991 4890
is_linear=0
shrinkage=0.05


Tree=112
num_leaves=31
num_cat=0
split_feature=3 4 10 18 19 17 17 4 16 17 19 17 4 4 3 6 20 19 0 17 18 6 0 18 18 11 19 17 17 15
split_gain=12.8087 12.6915 12.8283 15.9802 50.1756 31.3021 45.3708 43.7094 41.6325 41.7866 51.0764 51.6076 49.5792 44.3718 37.4394 122.091 68.5839 48.0671 56.7392 52.2291 63.2701 60.7758 94.7236 34.6611 31.6203 31.0688 29.7667 34.2164 29.1348 26.1506
threshold=0.075000000000000025 0.33500000000000013 3.7613163812446042 2.9459491327427128e-05 -0.00039549999999999996 0.00043850000000000003 0.00034250000000000009 0.085000000000000034 -1.0000000180025095e-35 0.00022250000000000001 -9.7499999999999985e-05 0.00013550000000000001 0.23000000000000004 0.21500000000000005 0.70500000000000007 0.0048989474929784704 -0.0002391755867003589 -0.00054849999999999983 114.50000000000001 0.00029350000000000009 0.00019532551962009361 0.0079660788920168386 148.50000000000003 4.1838169704308055e-05 4.4157529961547829e-05 9.1014664486696351 -0.00025949999999999991 0.00029050000000000007 0.00019450000000000004 -0.00064849999999999988
decision_type=2 2 2 2 2 2 2 2 2 2 2 2 2 2 2 2 2 2 2 2 2 2 2 2 2 2 2 2 2 2
left_child=-1 2 -2 4 25 6 8 -7 24 10 11 -10 -13 14 16 26 -11 18 -17 20 21 22 -19 -12 -5 -4 27 -16 -14 -26
right_child=1 -3 3 5 -6 7 -8 -9 9 13 23 12 28 -15 15 17 -18 19 -20 -21 -22 -23 -24 -25 29 -27 -28 -29 -30 -31
leaf_value=-0.052038383820977807 0.0066581724368521902 -0.048682374481478559 -0.037726737061007758 0.052552134456325263 0.0025385273584291462 0.05299269655613225 -0.04349965519775699 -0.046743667959163959 0.056994465026038083 -0.040708629039319842 -0.030653847876970119 -0.036226336515471184 0.043996064486393309 -0.043867234683752379 0.060282161295743188 0.096312803409291992 0.01755203952450814 0.10737740513088019 -0.054690617171002126 -0.055021759340465208 0.063613931174697588 -0.036374354155256028 -0.064153606378865621 0.025600409183506756 0.091064472116514861 0.098348018410775395 0.090781452923348438 -0.049655067460847781 -0.042104287483867596 -0.050791244322693087
leaf_weight=11.814064771402625 667.88124905142467 13.304198682773857 103.49107933230698 9.1163438111543638 2812.4662032900378 46.717003237223253 80.183858649106696 14.362408866989425 18.918461237102747 83.015621324535459 36.197275068610907 272.44632738968357 33.876191560644656 39.413344982312992 30.481970518827438 24.320526151452214 129.02252618502825 21.551368728280067 8.3589492293540371 45.077294673305005 36.496950950939208 78.573835795745254 12.845778886228798 112.4433068651706 3.3795496951788655 4.3719877433031789 58.856921941041946 9.2178580458275956 13.83900860045105 84.00149348564446
leaf_count=807 5193 1002 1493 43 19415 624 1788 1673 188 733 293 3637 433 1281 149 170 831 112 336 810 335 775 93 741 88 45 262 135 358 1142
internal_value=-3.88107e-05 8.64539e-05 0.000219114 -0.000799234 0.00125504 -0.00540435 -0.00712337 0.0295404 -0.00461204 -0.00176248 -0.0125374 -0.0232504 -0.0279921 0.00734155 0.0110943 0.0217372 -0.00525775 0.00157843 0.0576883 -0.00784683 0.00638043 -0.0121097 0.0433183 0.0119013 -0.03606 -0.0322113 0.0682137 0.034756 0.0190241 -0.0453048
internal_weight=4916.04 4904.23 4890.92 4223.04 2920.33 1302.71 1241.63 61.0794 1161.45 1064.95 487.721 339.08 320.162 577.233 537.82 325.781 212.038 227.225 32.6795 194.545 149.468 112.971 34.3971 148.641 96.4974 107.863 98.5568 39.6998 47.7152 87.381
internal_count=44985 44178 43176 37983 20953 17030 14733 2297 12945 11672 5650 4616 4428 6022 4741 3177 1564 2631 506 2125 1315 980 205 1034 1273 1538 546 284 791 1230
is_linear=0
shrinkage=0.05


Tree=113
num_leaves=31
num_cat=0
split_feature=2 4 3 19 5 16 3 19 3 5 1 1 0 20 19 17 17 5 3 19 4 4 1 20 19 19 20 18 6 18
split_gain=13.656 28.274 21.6258 29.0485 44.565 32.3301 25.4001 20.2606 17.3875 15.6814 18.2617 17.9824 17.2391 15.2256 17.6695 15.4632 91.6245 60.3749 71.6931 61.2951 107.174 89.0211 72.1042 56.1227 70.9909 53.2213 49.328 47.5951 65.9508 62.8472
threshold=0.80009857174331034 -0.35499999999999987 0.16500000000000004 0.00018950000000000003 0.57500000000000018 -1.0000000180025095e-35 0.095000000000000015 0.00024350000000000004 0.095000000000000015 0.16 186.57500000000002 207.66500000000002 34.500000000000007 -9.6711146409412686e-05 -3.7499999999999997e-05 0.00019550000000000001 0.00021850000000000003 0.16500000000000001 0.47500000000000003 -0.00010349999999999998 0.059999999999999977 0.11000000000000008 57.430000000000007 -0.00024888625845880815 -4.949999999999999e-05 2.8500000000000005e-05 -0.00022494695899320048 -0.00012493015994775964 -0.0096319882780495341 -0.00018806041702538047
decision_type=2 2 2 2 2 2 2 2 2 2 2 2 2 2 2 2 2 2 2 2 2 2 2 2 2 2 2 2 2 2
left_child=2 8 3 -1 6 -6 -5 13 -2 11 -11 -3 -12 15 -15 17 27 18 25 21 23 -20 -22 24 -21 -4 -27 28 -17 -30
right_child=1 9 7 4 5 -7 -8 -9 -10 10 12 -13 -14 14 -16 16 -18 -19 19 20 22 -23 -24 -25 -26 26 -28 -29 29 -31
leaf_value=-0.062407258800644475 -0.033097611296856018 0.0080112312255316113 -0.057912798532731714 -0.037960040229378093 0.047513309770085999 -0.051061341136771021 0.059070003671553156 0.039497435243316767 0.066663663649611474 -0.06196693277525174 -0.05445538470983198 -0.05500092469131064 0.050464301154376612 0.0068465649998543602 0.052842194661419907 -0.055980199038656857 0.0010106329066312503 0.029043699147592653 -0.035612809986903429 -0.034667699930419529 0.029232001905254545 0.017061188347086833 -0.035333879810533035 0.057298686704760383 0.046283191041150584 0.021643976932274062 -0.053941440963056489 -0.041565847712167397 -0.05475225896683087 0.075678027229016551
leaf_weight=30.617834768258035 6.1600105268880752 45.805665958439931 83.333047084510326 8.8319474481977505 10.070410490967332 47.798620131565258 28.539440155029297 33.863856535404921 15.011399775743483 40.467420302331448 7.3385886251926413 15.040109572932122 8.3922803029417974 75.577685597236268 28.850791528820992 27.884123802185059 3039.1328346203081 216.13552061095834 167.03075276687741 48.14406518638134 69.165233671665192 154.32059189607389 115.36488139815629 159.31784436479211 61.910627346485853 64.969027865678072 32.324867952615023 202.89858046383597 12.584468130022286 34.707029804587364
leaf_count=200 132 539 647 230 151 815 180 307 84 295 45 252 58 880 158 204 27116 1764 1926 360 449 1857 1137 1059 417 471 451 2461 177 163
internal_value=-4.22635e-05 -0.015535 0.000408225 -0.0200416 -0.00642185 -0.0339073 0.036139 0.000964414 0.0376372 -0.0251531 -0.0441963 -0.00756437 0.00151835 0.000680353 0.0195539 0.000241316 -0.00150296 0.00517821 -0.000218043 0.00639157 0.0182212 -0.0103175 -0.0111334 0.0383301 0.0108708 -0.0285866 -0.00346848 -0.0289746 0.00500924 0.04097
internal_weight=4891.59 138.215 4753.37 125.858 95.2404 57.869 37.3714 4627.52 21.1714 117.044 56.1983 60.8458 15.7309 4593.65 104.428 4489.22 3317.21 1172.02 955.881 775.254 453.903 321.351 184.53 269.373 110.055 180.627 97.2939 278.074 75.1756 47.2915
internal_count=44985 1405 43580 1576 1376 966 410 42004 216 1189 398 791 103 41697 1038 40659 30121 10538 8774 7205 3422 3783 1586 1836 777 1569 922 3005 544 340
is_linear=0
shrinkage=0.05


Tree=114
num_leaves=31
num_cat=0
split_feature=8 0 3 6 16 17 6 14 16 17 16 18 1 5 4 4 4 6 6 1 1 17 17 18 6 17 18 16 17 18
split_gain=12.5329 13.9534 32.4772 27.2986 26.3933 26.9912 43.9233 45.0243 42.8134 30.3078 24.846 28.433 34.1032 28.3158 23.5544 21.6343 34.3738 21.36 21.0148 24.4736 20.9921 19.9259 19.8139 48.4449 36.6484 32.2222 26.2833 45.8954 45.714 45.2217
threshold=0.41500000000000009 43.500000000000007 0.34500000000000003 0.018312612261648504 -0.0035259999999999996 0.00056450000000000011 0.0047063439851740135 0.00057450000000000003 -0.0016644999999999997 0.00078050000000000005 -0.00018349999999999999 -0.00022308374037895945 114.48500000000001 0.17000000000000001 0.0099999999999999829 -0.044999999999999978 -0.35499999999999987 0.030726137132956587 -0.045340224111544439 28.465000000000003 80.395000000000024 0.00032750000000000005 0.00040550000000000004 2.9459491327427128e-05 0.011601475131954928 0.00043850000000000003 2.9459491327427128e-05 -1.0000000180025095e-35 0.00035750000000000002 4.8447703830211214e-05
decision_type=2 2 2 2 2 2 2 2 2 2 2 2 2 2 2 2 2 2 2 2 2 2 2 2 2 2 2 2 2 2
left_child=1 2 15 10 -3 8 7 9 -6 20 13 12 -12 21 -14 16 -1 18 19 -10 -7 -4 26 24 -24 -25 -20 29 -29 -28
right_child=-2 4 3 -5 5 6 -8 -9 17 -11 11 -13 14 -15 -16 -17 -18 -19 22 -21 -22 -23 23 25 -26 -27 27 28 -30 -31
leaf_value=0.043533096041213686 0.070306973928596736 -0.051754542547642057 0.063458305181525648 0.032935501158022552 -0.059404782490527698 0.062611526855678612 -0.051623271630291769 -0.054957104724911665 0.042946503016908923 -0.055961442356365881 0.068937443164171178 -0.032834058330253699 -0.071129594644709832 -0.040076217919021974 0.041014533093833461 0.094826346265831668 -0.038489602153921061 -0.048429413700077251 0.0051252888789875689 -0.032380128434430104 -0.01282961115176607 -0.013209056990739846 -0.032168748919736617 -0.05567436501943495 0.063384866133464043 0.063851526964660121 0.046271135702970478 0.0010176290612936261 -0.056677084453456962 -0.046504026845430688
leaf_weight=32.982613996136934 6.3226240200456223 23.881754410453141 23.771786253899336 27.03768075723201 29.838233344722539 80.853870552033186 16.813696511555463 12.320146547164766 12.425024539232252 6.727301994804292 16.196843521669507 218.51256968919188 12.392339624464514 18.195658680051565 7.5258244983851901 9.1765948310494405 20.84633872564882 22.013029788970016 2641.4537353073247 81.594668372999877 10.408020010218022 13.170295500196515 149.00876335985959 7.0853786773513994 10.759180908091365 27.614367514848709 15.177803598344324 1176.5306690994184 35.365476915845647 97.581263008061796
leaf_count=239 46 481 126 364 714 553 1524 199 65 321 110 1744 79 124 57 42 131 1481 18788 923 109 135 1199 190 109 389 75 12588 725 1355
internal_value=-4.31455e-05 -0.000134719 -0.00908283 -0.0152464 0.000667876 0.000950253 0.0236568 0.0351312 0.000279973 0.046458 -0.019452 -0.0260415 0.0150568 0.0109786 -0.0287574 0.0238654 0.0117682 0.000696398 0.000950572 -0.0224255 0.0540078 0.0361255 0.00147882 -0.0141037 -0.0257339 0.0394454 0.00224286 -0.00350489 -0.000666014 -0.0340161
internal_weight=4863.58 4857.26 399.809 336.803 4457.45 4433.57 127.123 110.309 4306.45 97.9892 309.765 254.628 36.115 55.1377 19.9182 63.0055 53.829 4276.61 4254.6 94.0197 91.2619 36.9421 4160.58 194.468 159.768 34.6997 3966.11 1324.66 1211.9 112.759
internal_count=44985 44939 3151 2739 41788 41307 2706 1182 38601 983 2375 1990 246 385 136 412 370 37887 36406 988 662 261 35418 1887 1308 579 33531 14743 13313 1430
is_linear=0
shrinkage=0.05


Tree=115
num_leaves=31
num_cat=0
split_feature=20 19 15 3 3 20 18 14 18 17 15 4 17 14 17 20 17 17 5 19 17 19 14 6 3 1 3 1 5 6
split_gain=13.522 37.2364 34.78 27.9755 54.0159 55.3416 33.3449 23.8945 21.0727 20.5973 16.2619 28.3515 26.688 20.2466 32.9897 29.2654 38.3189 55.7365 65.3849 52.6914 105.543 114.744 74.1187 60.8681 49.999 49.5378 50.8196 48.6506 43.2352 43.6069
threshold=-0.00029968206045723563 -4.2499999999999996e-05 -0.00018349999999999999 0.59500000000000008 0.47500000000000003 -0.00032297859821044279 -8.0542097308485626e-05 9.4500000000000007e-05 -0.00032467063494214069 0.00010850000000000002 -0.00035149999999999998 0.050000000000000024 0.00034050000000000004 2.6500000000000004e-05 0.00055850000000000008 -0.00026883563687102302 0.00034050000000000004 0.00025150000000000004 0.18500000000000003 -0.00021649999999999998 0.00026850000000000002 -0.00017749999999999995 -5.2499999999999995e-05 -0.028895959482161861 0.26500000000000007 149.51500000000001 0.40500000000000008 67.345000000000013 0.17000000000000001 0.011809891078678858
decision_type=2 2 2 2 2 2 2 2 2 2 2 2 2 2 2 2 2 2 2 2 2 2 2 2 2 2 2 2 2 2
left_child=1 2 -1 4 5 6 8 -7 -3 -2 11 12 -11 14 15 -12 17 18 25 28 23 -22 -23 -21 -20 26 -17 -24 29 -19
right_child=9 3 -4 -5 -6 7 -8 -9 -10 10 13 -13 -14 -15 -16 16 -18 19 24 20 21 22 27 -25 -26 -27 -28 -29 -30 -31
leaf_value=0.0080899756411711137 -0.070464393719652824 0.027910854368091688 -0.033984558501601439 -0.033628059620115225 0.050467236532062733 -0.061140169184071141 0.062787013892495275 0.02788902787068839 -0.054583906165569129 0.022340235253785673 0.016900861806057901 -0.049560817389578557 -0.033256042816775785 -0.0030093482219671324 0.047872870178218133 -0.042530729486456809 -0.01861721948736066 0.012056199815525571 -0.026353015037871449 -0.051745623706579369 0.064842311014619999 0.034067972996473572 -0.054140635374145929 0.058748081134521658 0.039849099688597379 -0.041452404972811288 -0.00091582665296576187 0.0015163311874095921 -0.050535641337023554 -0.042409230278026941
leaf_weight=69.375289450632408 10.053784172981976 16.494028282118965 168.20222760213073 35.348305560648441 67.256872221827507 41.403360432013869 30.491047978401184 9.2137153381481749 14.58765561878681 53.498203307390213 357.19724099221639 42.779062036657706 36.186179456999525 1476.1359124111477 42.651155297528021 79.456465028226376 214.27581842709333 286.65037544164807 36.166138358414173 13.331156264990566 61.650734454393387 62.223994299769402 91.397029839456081 191.59575155749917 134.91111839190125 97.125835764687508 956.52315162867308 68.834092695266008 39.110596291720867 42.154001998482272
leaf_count=1319 86 141 2417 280 516 333 162 82 102 306 3044 1656 399 12342 761 740 2607 2179 241 85 299 337 455 1183 1072 2002 7883 455 378 1023
internal_value=0.00017291 -0.0080583 -0.0216983 0.00702847 0.0150372 -0.00620283 0.0256372 -0.0449344 -0.0108066 0.00102035 0.00118429 -0.0160679 -9.19523e-05 0.00172183 0.00423831 0.00355725 0.00155073 0.00355037 -0.00295852 0.0134562 0.0242102 0.0044825 -0.0122455 0.0515601 0.0258538 -0.00730863 -0.00410756 -0.0302308 -0.000837921 0.00507352
internal_weight=4846.28 452.373 237.578 214.795 179.447 112.19 61.5727 50.6171 31.0817 4393.91 4383.85 132.463 89.6844 4251.39 2775.25 2732.6 2375.41 2161.13 1304.18 856.948 489.033 284.106 222.455 204.927 171.077 1133.11 1035.98 160.231 367.915 328.804
internal_count=44885 5352 3736 1616 1336 820 405 415 243 39533 39447 2361 705 37086 24744 23983 20939 18332 11938 6394 2814 1546 1247 1268 1313 10625 8623 910 3580 3202
is_linear=0
shrinkage=0.05


Tree=116
num_leaves=31
num_cat=0
split_feature=11 18 11 16 6 11 20 6 1 17 11 18 4 20 19 15 17 14 4 14 11 15 17 14 17 8 19 18 1 14
split_gain=12.4475 22.4167 15.5533 22.6965 28.028 25.7567 22.7476 20.4981 22.2371 24.8527 20.4265 19.7204 18.0976 17.8967 30.4089 30.1052 22.6588 30.9534 32.8204 38.7151 21.1146 43.9547 18.2065 17.1311 16.6849 15.4264 15.314 41.693 41.4883 40.3749
threshold=9.5180519970378636 1.5768411394646911e-05 9.1380497464977406 -1.0000000180025095e-35 0.00092973779608327442 9.323100145339497 -0.00026788118835572244 -0.012855820583523473 30.305000000000003 0.00014250000000000002 9.2285967063362673 0.00021234164130413093 0.070000000000000048 -0.00029862327048351664 -2.8499999999999998e-05 -0.00018349999999999999 0.00032850000000000007 5.1500000000000005e-05 0.019999999999999938 -1.4999999999999998e-06 9.1014664486696351 -0.00015049999999999997 0.00018550000000000004 0.00016650000000000001 0.00010850000000000002 0.010000000000000007 -0.00041949999999999995 2.7721591750116292e-05 101.41500000000001 0.00011550000000000002
decision_type=2 2 2 2 2 2 2 2 2 2 2 2 2 2 2 2 2 2 2 2 2 2 2 2 2 2 2 2 2 2
left_child=2 -2 13 4 -4 7 25 10 12 -10 -5 -11 -9 14 15 -1 17 18 19 -16 24 -22 -20 -18 -15 -7 27 -26 29 -29
right_child=1 -3 3 5 -6 6 -8 8 9 11 -12 -13 -14 20 16 -17 23 -19 22 -21 21 -23 -24 -25 26 -27 -28 28 -30 -31
leaf_value=0.0082584362804835731 0.047840479157742137 -0.049953266345563671 0.049144072915412361 -0.026322975989170189 -0.055657621343283947 0.0016583296374933988 -0.010230181393271438 -0.015448832278427095 0.024334883671796627 -0.049410356617948917 0.038386552207520359 0.037261843133998544 0.049657627710371369 -0.071115246298092613 0.052446222690672645 -0.031815104151499747 -0.057030158883746455 0.052172266668204695 0.066254763799646219 -0.038934245453746456 0.082701537086167648 0.0015429991989530246 -0.018439964723846066 0.017935777150792965 -0.039687686564387044 0.064633156512684045 0.0024017416639778803 0.024026644348684057 -0.050710224469369895 -0.040524918899892293
leaf_weight=64.595970558002591 30.204890608787537 7.2703769354848182 30.853766875341535 21.874435956124216 8.0425918325781804 16.542531510815024 58.315347926225513 96.119968636892736 14.378216940909622 125.50266353599727 27.56148745585233 6.9250534798484287 12.006930710515006 7.9225769415497771 14.816937759518622 170.7592129696859 21.418188146082684 40.893169596791267 22.766484856605533 53.23388360440731 24.749447747599334 51.187729354016483 8.7972521819174272 11.829924803925676 82.127344318199903 23.595065812347457 3567.8231180158909 136.6953506009886 30.665804195101373 29.440732967341319
leaf_count=1276 200 117 249 236 102 115 514 739 163 1320 233 135 101 69 85 2396 197 243 233 389 183 406 92 123 1314 148 27671 2756 2196 884
internal_value=0.000164004 0.028868 -6.09682e-05 -0.00899937 0.0274742 -0.0125213 0.009709 -0.019712 -0.0254259 -0.0380993 0.00975384 -0.044878 -0.0082191 0.000848826 -0.00910373 -0.0208165 0.00676135 0.0155445 0.000508343 -0.0190377 0.00188472 0.0279942 0.0426492 -0.0303567 0.00137036 0.0386784 0.00151965 -0.00976329 0.00272445 0.0125876
internal_weight=4818.92 37.4753 4781.44 441.718 38.8964 402.822 98.4529 304.369 254.933 146.806 49.4359 132.428 108.127 4339.72 409.111 235.355 173.756 140.508 99.6146 68.0508 3930.61 75.9372 31.5637 33.2481 3854.67 40.1376 3846.75 278.929 196.802 166.136
internal_count=44885 317 44568 4055 351 3704 777 2927 2458 1618 469 1455 840 40513 5034 3672 1362 1042 799 474 35479 589 325 320 34890 263 34821 7150 5836 3640
is_linear=0
shrinkage=0.05


Tree=117
num_leaves=31
num_cat=0
split_feature=7 6 18 20 4 4 0 5 0 17 0 17 20 17 15 1 4 6 0 15 5 4 17 18 18 20 17 19 6 0
split_gain=12.3895 17.6731 20.0935 17.2928 22.9409 24.2117 27.1347 23.8955 12.8688 12.5388 61.0648 86.4517 65.465 55.3239 41.0322 39.3029 47.7036 49.6225 37.9294 34.5911 34.3043 83.9537 65.8979 68.6901 57.5988 75.7652 88.7016 55.3217 54.5632 52.6654
threshold=-0.10000000000000005 0.0021349740073445781 -9.2866554143804565e-06 -0.00011739953942622068 0.085000000000000034 -0.5249999999999998 137.50000000000003 0.32500000000000012 73.500000000000014 0.00023550000000000001 161.50000000000003 0.0001485 -0.00018812203513026237 0.00023350000000000001 0.00022750000000000003 14.080000000000002 0.20000000000000001 -0.028895959482161861 245.50000000000003 -1.1499999999999998e-05 0.17000000000000001 -0.23499999999999993 0.00028250000000000004 -6.7723159418006941e-05 -2.2520305147019392e-05 -0.00019721680893306732 0.00027150000000000004 -0.00041949999999999995 -0.033632514564706263 225.50000000000003
decision_type=2 2 2 2 2 2 2 2 2 2 2 2 2 2 2 2 2 2 2 2 2 2 2 2 2 2 2 2 2 2
left_child=1 2 -1 9 5 -5 -7 -8 -3 10 13 12 -12 14 -2 18 17 -17 19 -13 22 28 23 -11 -25 27 -27 -26 -22 -29
right_child=3 8 -4 4 -6 6 7 -9 -10 20 11 15 -14 -15 -16 16 -18 -19 -20 -21 21 -23 -24 24 25 26 -28 29 -30 -31
leaf_value=-0.0031091397979762726 0.0037588102113960105 -0.018455085238090595 -0.03528607645572724 -0.035622723712042233 -0.037598034760937503 0.05253898933623085 0.028752747688090632 -0.065231842363492318 0.06561256366498229 0.061691797891251454 0.026120345181601952 0.039556603662368989 -0.054887138005531633 -0.053481986720976288 0.057335312023812028 0.056667867960562349 0.031192826165092488 -0.046152247553611435 -0.052029288192271574 -0.033984114707206671 -0.016344668736015706 -0.026994498385779876 -0.0011882329910103922 -0.026666086193736345 -0.055109100223770906 -0.025765115728164586 0.058529623601315618 0.046509578886645156 0.019735127570869385 -0.0052414138523130295
leaf_weight=124.01733452733606 1155.1968258158304 7.2693531736731556 79.698091507423669 13.65816401131451 15.790648131049236 69.122862108983099 18.96984568354674 10.510035060346125 12.178748988546429 80.686029970645905 153.01743068546057 52.356799513101578 29.796665705740452 41.249852495500818 36.877628207206726 12.228532470762728 24.030468951910734 290.42160881403834 26.935054898262024 23.020626790821552 162.16411693487316 301.72093940293416 1156.1800647007767 80.986164920032024 17.155150116072036 143.11018607101869 39.912019476061687 267.51754348166287 296.16600330220535 60.230390477925539
leaf_count=672 10824 54 484 94 594 542 218 51 90 453 1400 332 217 346 217 130 284 2994 274 134 1411 2262 13543 650 425 1187 206 1803 2657 337
internal_value=0.000154114 -0.01135 -0.0156975 0.000714778 0.0188303 0.0267676 0.0354097 -0.00475422 0.0341896 0.000193604 -0.00296017 -0.0158748 0.012917 0.00344632 0.00541624 -0.0281444 -0.0366139 -0.0419978 -0.00110143 0.0170969 0.00242673 -0.00651331 0.00610804 0.018341 0.0125966 0.0186197 -0.00738279 0.0324179 0.00696955 0.0369993
internal_weight=4802.18 223.164 203.715 4579.01 128.052 112.261 98.6027 29.4799 19.4481 4450.96 1845.13 611.807 182.814 1233.32 1192.07 428.993 326.681 302.65 102.312 75.3774 2605.83 760.051 1845.78 689.597 608.911 527.925 183.022 344.903 458.33 327.748
internal_count=44885 1300 1156 43585 1499 905 811 269 144 42086 17152 5765 1617 11387 11041 4148 3408 3124 740 466 24934 6330 18604 5061 4608 3958 1393 2565 4068 2140
is_linear=0
shrinkage=0.05


Tree=118
num_leaves=31
num_cat=0
split_feature=11 11 16 15 3 20 6 1 3 11 20 5 6 18 19 18 18 1 3 6 2 18 4 0 15 20 3 4 3 6
split_gain=11.7339 26.6618 28.1572 25.3083 23.4142 26.2817 18.3879 21.2655 25.4838 18.3692 17.1771 24.8601 58.0845 43.7303 59.0614 33.3986 47.3534 44.6386 34.573 81.7668 55.891 33.3636 43.6909 43.2501 33.1707 29.7833 28.1 27.731 26.7706 29.0344
threshold=9.323100145339497 9.1380497464977406 -1.0000000180025095e-35 -0.00023749999999999997 0.78500000000000014 -0.00026788118835572244 -0.012855820583523473 30.305000000000003 0.79500000000000015 9.2285967063362673 -0.00024738923236650563 0.39500000000000007 -0.023807386515108681 -0.00018268285039207418 -4.949999999999999e-05 -9.2866554143804565e-06 1.9845557716433627e-05 16.295000000000005 0.67500000000000016 0.0061267706336436993 0.32650431969127863 -5.1393262954865226e-05 0.18500000000000003 129.50000000000003 -4.0499999999999995e-05 -0.00026976203645800279 0.095000000000000015 -0.0099999999999999239 0.77500000000000013 -0.0028974683252811669
decision_type=2 2 2 2 2 2 2 2 2 2 2 2 2 2 2 2 2 2 2 2 2 2 2 2 2 2 2 2 2 2
left_child=1 10 3 -3 5 -2 9 8 -8 -4 11 12 -1 14 -14 21 17 25 -18 20 27 22 23 -15 -22 -17 -13 -20 29 -19
right_child=4 2 6 -5 -6 -7 7 -9 -10 -11 -12 26 13 15 -16 16 18 28 19 -21 24 -23 -24 -25 -26 -27 -28 -29 -30 -31
leaf_value=-0.053437918835689963 0.050894387825262934 -0.053004722498013683 -0.025083416650468832 0.051567894971324905 -0.037674716927130897 0.0030941094447280524 -0.014695432069355897 -0.037169936170488249 0.076421041651164728 0.037000462307999249 0.0029479165811842627 -0.064302150613077022 -0.0115450990201594 -0.026146764409088991 0.059504086681042047 0.016563934873327926 -0.027663248405726228 0.002131250540896672 0.058142045257882802 -0.026337869601838367 0.11095848153869795 -0.031927856980423913 0.079828479888329265 0.013057406906790145 -0.01674400963414956 -0.037296392598076787 0.028130071192362684 -0.008288235215225077 -0.03525628275901143 0.062687317367916037
leaf_weight=60.679709460586309 48.753719380125403 7.3780839107930651 21.494366727303714 26.810236152261496 18.566802988294512 70.108026310801506 98.847074391320348 141.01450392184779 8.3196930948179197 26.732081226073205 2918.3997643708717 9.0199894502293301 55.778851239010692 168.23605776764452 61.5001558996737 68.790079420432448 153.46501463884488 26.071338385343552 21.818954771384597 116.11734051990788 27.501451990101486 197.82389939948916 14.28346750885248 120.90931663196534 6.2385811563581219 40.943958658725023 92.990553063340485 56.108946105930954 10.570534897968171 82.212412506341934
leaf_count=422 341 80 236 218 249 557 772 1618 68 233 26113 403 701 1319 416 430 1372 132 144 3594 165 1687 157 859 168 243 690 774 141 583
internal_value=0.000145222 -0.000281229 -0.0139653 0.0290004 0.0145437 0.0227004 -0.0189211 -0.0244108 -0.00762177 0.00932988 0.000768532 -0.00380374 -0.00568408 -0.00332511 0.0257125 -0.00639012 0.00146912 0.0194627 -0.00931936 0.0030394 0.0335872 -0.0159519 -0.00553619 -0.00975311 0.0873461 -0.00353243 0.019957 0.0103115 0.0406932 0.0481073
internal_weight=4777.48 4640.06 330.596 34.1883 137.429 118.862 296.408 248.181 107.167 48.2264 4309.46 1391.06 1289.05 1228.37 117.279 1111.09 609.839 228.588 381.25 227.785 111.668 501.253 303.429 289.145 33.74 109.734 102.011 77.9279 118.854 108.284
internal_count=44885 43738 3225 298 1147 898 2927 2458 840 469 40513 14400 13307 12885 1117 11768 7746 1529 6217 4845 1251 4022 2335 2178 333 673 1093 918 856 715
is_linear=0
shrinkage=0.05


Tree=119
num_leaves=31
num_cat=0
split_feature=0 14 15 0 3 20 14 18 17 17 0 17 15 17 0 1 17 7 18 16 18 17 20 6 0 0 17 17 6 3
split_gain=11.4635 19.5531 18.1593 13.8254 13.7988 11.7165 13.2783 20.6636 18.7736 26.2224 25.9956 53.3376 45.5046 22.5407 24.7228 28.9717 23.7715 22.5345 25.0959 37.2356 22.3729 34.0953 21.1154 24.6864 19.1707 17.3302 26.9931 40.6437 16.2809 15.3417
threshold=288.50000000000006 -0.00035449999999999994 -0.00053649999999999998 54.500000000000007 0.76500000000000012 -0.00035270728418638852 -0.00011249999999999998 0.00023854698223609529 0.00021550000000000001 0.00021950000000000005 186.50000000000003 0.00028950000000000004 -0.0001905 0.0001975 219.50000000000003 36.855000000000011 0.00014350000000000005 -0.12999999999999989 0.00011113954510166779 -0.00037749999999999996 6.914282621465589e-06 0.00025150000000000004 -0.00020060969049383166 0.010657684410368478 265.50000000000006 227.50000000000003 0.00024650000000000003 0.00026850000000000002 -0.00094776840934334555 0.83500000000000008
decision_type=2 2 2 2 2 2 2 2 2 2 2 2 2 2 2 2 2 2 2 2 2 2 2 2 2 2 2 2 2 2
left_child=1 2 4 -4 -1 -3 8 -8 13 -10 12 25 28 14 15 -7 -17 -14 20 -20 21 -19 -21 29 -13 -12 -27 -28 -11 -24
right_child=-2 5 3 -5 -6 6 7 -9 9 10 11 24 17 -15 -16 16 -18 18 19 22 -22 -23 23 -25 -26 26 27 -29 -30 -31
leaf_value=0.066039835701752245 0.055765547551192035 -0.024958503648104365 0.050940788206057463 -0.061070889391512395 -0.052129459398489078 0.053962136738072541 -0.00012583453336087978 -0.042331772714346003 0.064510687138617323 0.0044419551861364474 0.071586559584760456 -0.039359571665008336 -0.072277075309016087 -0.055275699666905577 -0.033393301446842917 0.056217340993602274 -0.054897711426352441 -0.066098832109328529 0.061951059975229039 -0.059859159562371735 0.047645705179198861 0.026034624395521528 -0.0047341135015374295 -0.048223974182346946 0.061485717405607411 0.078130748400663197 -0.065810726599856123 0.048173782467208832 -0.038375600629349589 0.082025288255939521
leaf_weight=6.8860696256160718 9.2430058773606998 45.325354551314376 3.0265054004266849 30.685419741435908 3.8525561396963894 30.101246021687984 4043.2771712488029 29.209543584962375 22.530711229192093 31.89498536195606 42.962810188066214 30.133029709337279 7.2347160791978231 22.868533744243905 32.937335841357708 6.9366451054811504 15.72526116017252 12.55218426696956 15.985262400005011 24.30038818041794 78.570252076722682 50.203591392375529 10.752941157668831 14.915429869550278 5.5863528549671164 17.561558313667774 13.32379040122032 18.934642024338245 73.046259746770374 9.6845591180026513
leaf_count=44 61 677 20 768 548 197 33526 2646 126 249 286 383 43 500 384 75 251 74 185 331 469 532 78 254 41 90 79 102 1816 50
internal_value=0.000136614 2.83885e-05 -0.032978 -0.051015 0.0236458 0.000340114 0.000586115 -0.000428553 0.00760484 0.0118504 0.00925782 0.0283296 0.00181185 -0.0111722 0.000596497 0.0218146 -0.0208862 0.0145311 0.0174258 -0.00581853 0.0298663 0.00760642 -0.0239787 0.000684294 -0.0235878 0.0483167 0.0282498 0.00109444 -0.025362 0.0363779
internal_weight=4760.25 4751.01 44.4506 33.7119 10.7386 4706.55 4661.23 4072.49 588.742 480.173 457.643 128.502 329.141 108.569 85.7005 52.7632 22.6619 224.199 216.965 75.6386 141.326 62.7558 59.6533 35.3529 35.7194 92.7828 49.82 32.2584 104.941 20.4375
internal_count=44885 44824 1380 788 592 43444 42767 36172 6595 5188 5062 981 4081 1407 907 523 326 2016 1973 898 1075 606 713 382 424 557 271 181 2065 128
is_linear=0
shrinkage=0.05


Tree=120
num_leaves=31
num_cat=0
split_feature=20 8 0 6 0 3 14 5 3 0 19 18 19 3 14 19 19 15 1 6 1 2 0 6 0 18 15 14 20 1
split_gain=12.1621 14.6913 18.1031 15.2519 14.4781 27.4284 21.5355 16.453 26.6322 37.2685 35.2604 35.1557 34.2096 32.3848 26.2577 26.1218 43.2463 42.0647 30.9653 25.7683 25.5566 25.4572 32.3973 49.2102 40.0046 38.6672 36.0384 53.7557 32.2551 30.8157
threshold=-0.00035270728418638852 0.10500000000000002 21.500000000000004 0.02853490688653346 33.500000000000007 0.34500000000000003 7.5000000000000002e-06 0.044999999999999991 0.47500000000000003 110.50000000000001 2.8500000000000005e-05 -9.2866554143804565e-06 -5.6499999999999998e-05 0.48500000000000004 -3.8499999999999994e-05 7.9500000000000021e-05 -1.0000000180025095e-35 5.1500000000000005e-05 136.48500000000004 -0.029779108957806649 31.325000000000003 0.43777396114693257 88.500000000000014 0.0017533259781095641 105.50000000000001 1.6825281506129387e-05 -0.00015349999999999996 -3.7499999999999997e-05 -0.00026618781712603494 90.895000000000024
decision_type=2 2 2 2 2 2 2 2 2 2 2 2 2 2 2 2 2 2 2 2 2 2 2 2 2 2 2 2 2 2
left_child=-1 3 -3 4 5 6 -2 8 9 11 -11 -6 -13 -10 19 16 18 -18 21 -9 -21 22 25 29 -25 -15 27 -26 -23 -24
right_child=1 2 -4 -5 7 -7 -8 14 13 10 -12 12 -14 15 -16 -17 17 -19 -20 20 -22 28 23 24 26 -27 -28 -29 -30 -31
leaf_value=-0.024312391119945535 -0.047018213795888705 0.050504225345101718 0.0066848415707250267 -0.03973878541487931 -0.05541384466282983 -0.024943359534623441 0.036473287976874387 -0.068469696601440047 0.061013652320817548 -0.065808904000978025 0.010120509709303414 -0.055756106003827778 0.038917768420289517 -0.043265044277043752 0.00058417657000426118 -0.05748387945418218 0.0575347080126212 -0.074161530903171763 -0.033466501271564669 0.0032779638844952518 0.028115025303150062 -0.039096311217193702 0.015622517604399346 0.025357379534611896 -0.015444706561507308 0.0028332798461681999 -0.026524782537447739 0.045340964072097749 0.022479210605621899 -0.057950666605950232
leaf_weight=50.391046975855716 9.7408764958381635 25.060578926932067 396.28722494735848 24.614702810184099 20.461811739951372 140.22316905483603 37.291130139026791 9.2017935621552152 20.50435695797205 60.693683885037899 20.439002752304077 11.864233318716286 48.743024043738842 105.50418394245207 1990.147532971343 21.106329682283103 49.584724977612495 6.9080623984336844 79.64704139623791 200.24169521336444 214.54013792076148 24.187158241635188 380.53650840534829 68.223232558229938 125.8050234974362 79.969592710025609 288.82760583900381 51.163484827266075 176.2061502810102 14.785214379429815
leaf_count=893 55 179 3337 1456 147 1087 233 55 104 462 140 102 282 671 16462 251 415 33 2541 1466 2150 595 2587 668 1862 855 3218 423 2173 141
internal_value=0.000120947 0.00038277 0.00929109 -0.000493979 -0.000267035 -0.0138608 0.0191812 0.000358504 -0.00348116 -0.0227231 -0.0466807 0.00125324 0.0203848 -0.00139063 0.00299103 -0.00225962 -0.00145652 0.0414306 -0.00319349 0.0142886 0.0161246 -0.0013602 -0.00430949 -0.000501669 -0.010401 -0.0233891 -0.0156384 0.00212908 0.0150471 0.0128708
internal_weight=4752.9 4702.51 421.348 4281.16 4256.55 187.255 47.032 4069.29 1655.16 162.202 81.1327 81.0691 60.6073 1492.96 2414.13 1472.45 1451.35 56.4928 1394.86 423.984 414.782 1315.21 1114.81 929.341 534.019 185.474 465.796 176.969 200.393 395.322
internal_count=45043 44150 3516 40634 39178 1375 288 37803 17670 1133 602 531 384 16537 20133 16433 16182 448 15734 3671 3616 13193 10425 8899 6171 1526 5503 2285 2768 2728
is_linear=0
shrinkage=0.05


Tree=121
num_leaves=31
num_cat=0
split_feature=19 16 1 3 20 19 15 3 3 15 17 0 0 4 19 18 15 5 18 0 1 14 20 17 14 0 6 0 16 16
split_gain=12.1484 16.6622 13.3295 11.7115 11.4719 36.2287 30.238 24.8584 46.7495 46.255 40.4417 18.0805 20.6968 18.7581 16.9191 38.5065 34.8181 34.7387 31.756 52.701 32.6499 40.7656 40.0647 29.6842 28.6554 41.9121 45.0042 33.3912 24.7506 25.2577
threshold=-0.00064749999999999996 -0.00083049999999999997 42.315000000000005 0.075000000000000025 -0.00029968206045723563 -4.2499999999999996e-05 -0.00016449999999999996 0.59500000000000008 0.47500000000000003 4.4500000000000004e-05 0.00036650000000000002 257.50000000000006 206.50000000000003 0.14999999999999997 6.5000000000000013e-06 -0.00039162571289893432 0.00037650000000000004 0.57500000000000018 -0.00016302860713416823 148.50000000000003 115.47500000000001 0.0001975 -0.00025798944110741326 0.00031450000000000006 3.5000000000000004e-06 80.500000000000014 0.00098129430108797309 191.50000000000003 0.00066450000000000005 0.00043250000000000005
decision_type=2 2 2 2 2 2 2 2 2 2 2 2 2 2 2 2 2 2 2 2 2 2 2 2 2 2 2 2 2 2
left_child=1 2 -1 -2 5 6 11 8 9 -7 -11 12 13 -5 15 -6 24 -18 19 20 21 -17 -22 -19 25 26 -16 -27 29 -20
right_child=3 -3 -4 4 14 7 -8 -9 -10 10 -12 -13 -14 -15 16 18 17 23 28 -21 22 -23 -24 -25 -26 27 -28 -29 -30 -31
leaf_value=0.045956584767832653 -0.051887181110988306 -0.051179561027617074 -0.050730613993332112 0.031673085817563305 -0.060862085157084106 -0.04767046007785649 -0.034301040604894015 -0.031238313140891278 0.049294357734040145 0.04351198970030306 -0.060996120544644455 0.052650151722179656 -0.050340003897651781 -0.052720896995335831 -0.038541543048330656 0.059666160800175609 0.053038170960677637 0.025454482253398261 0.0019805088243328175 -0.037254537846240339 0.068545142040251764 0.00011614848434910438 -0.028101839063024815 -0.061258062986061804 -0.016114236285479443 0.026814668369605235 0.048426940664199683 -0.053849295643435269 -0.055981940498011917 0.074323539052683504
leaf_weight=10.646400185767563 10.704510153038425 26.170841464074329 5.3588959904154754 30.067657429724932 23.604147324338555 39.038728699088097 148.01049321563914 33.052618866786361 64.64064572006464 46.50932477787137 11.557290405035017 15.636715762317179 19.218124649953097 8.4303037875797582 77.094295552000403 104.52073153108358 48.250437311828136 24.443290811032057 3161.3556135871913 33.17277411930263 14.665656410157679 39.637658931314945 39.889982178807259 16.553644301369786 473.28801432205364 149.83777379989624 18.431887004524469 14.030956305563448 18.348868262022734 12.111591345630584
leaf_count=316 819 3200 918 272 286 346 2113 275 529 285 90 77 251 372 515 635 405 170 26637 238 78 284 291 161 3456 1241 176 113 405 89
internal_value=0.000112291 -0.0266027 0.0135838 0.000352221 0.00047157 -0.00745267 -0.0212917 0.00827357 0.0163478 -0.00558394 0.0227112 0.00495847 -0.00796239 0.0131924 0.00124402 0.00278097 -0.00520221 0.0242838 0.00321975 0.0210853 0.0308244 0.0432923 -0.00212118 -0.0095581 -0.00879387 0.00456277 -0.0217609 0.019908 0.00192181 0.00225661
internal_weight=4738.28 42.1761 16.0053 4696.1 4685.4 416.162 221.363 194.799 161.746 97.1053 58.0666 73.3528 57.7161 38.498 4269.24 3447.31 821.93 89.2474 3423.7 231.887 198.714 144.158 54.5556 40.9969 732.683 259.395 95.5262 163.869 3191.82 3173.47
internal_count=45043 4434 1234 40609 39790 4610 3085 1525 1250 721 375 972 895 644 35180 28943 6237 736 28657 1526 1288 919 369 331 5501 2045 691 1354 27131 26726
is_linear=0
shrinkage=0.05


Tree=122
num_leaves=31
num_cat=0
split_feature=8 16 16 6 6 0 17 1 17 18 17 4 3 4 18 0 6 17 3 20 15 4 17 5 2 15 20 1 15 17
split_gain=11.1557 19.2011 25.4878 23.0745 17.9998 35.0447 38.7841 54.8817 48.6663 35.1136 66.2489 68.8541 58.3872 39.4169 36.9835 33.1189 29.609 36.1628 27.6454 33.7575 27.6738 26.1237 24.9496 24.8787 23.8728 22.7269 31.4801 22.0498 53.8766 42.3583
threshold=-0.11999999999999997 -0.0035259999999999996 -0.0020514999999999995 0.0038225952977070242 -0.008499766333840102 97.500000000000014 0.00032550000000000005 60.355000000000011 0.00023550000000000001 -0.00012977446036651854 0.00029350000000000009 -0.16499999999999992 0.47500000000000003 -0.11999999999999995 -0.00041611624779768375 243.50000000000003 -0.026497139376618798 0.00035450000000000005 0.39500000000000007 -0.00020885955106068912 0.00031050000000000007 -0.39499999999999991 0.00022250000000000001 0.28500000000000009 0.6450881425831706 2.8500000000000005e-05 -0.00028306523016949592 145.58000000000001 0.00014250000000000002 0.00014350000000000005
decision_type=2 2 2 2 2 2 2 2 2 2 2 2 2 2 2 2 2 2 2 2 2 2 2 2 2 2 2 2 2 2
left_child=-1 -2 3 -3 5 6 7 -4 23 10 11 14 21 -14 -7 -15 17 -8 19 25 27 -11 -13 -9 -25 26 -6 -20 29 -29
right_child=1 2 4 -5 18 9 16 8 -10 12 -12 22 13 15 -16 -17 -18 -19 20 -21 -22 -23 -24 24 -26 -27 -28 28 -30 -31
leaf_value=-0.0067179864704933591 -0.050835185487799785 0.058035832114947422 -0.049788781276370542 -0.053112123170634198 0.060575721231732306 0.045839985203084264 0.071107945071033768 0.065625406591285171 -0.01782267988772988 -0.051911196509449413 0.034181659713936892 -0.023889910845786694 0.030245782625926185 -0.038761942452764764 -0.04418702163079289 0.054606595287406967 0.044044728266429745 -0.056776143229218472 0.0018162298026719991 -0.044979117954073555 -0.040743788675333431 0.056849772697436435 0.069054363317138767 -0.028182088650914056 0.036252055247872887 0.039973490622853575 -0.053809277595191191 0.015660024975469207 0.034119843024537508 -0.038717574949586865
leaf_weight=531.52494648401625 17.809100683312863 32.415694667492062 74.720563540235162 5.4553385009057811 8.2005331218242663 12.691628016531466 7.8419518917799023 30.034365199506283 154.20932209398597 5.7770091593265525 100.14273489383049 9.9857422336935979 76.117617966607213 54.622234062291682 112.77467400953174 11.496625695377586 61.967080799862742 18.734436061000451 2774.6261747740209 76.407175892964005 41.117965795914643 124.65074424445629 26.072344377636909 24.395607423037291 34.997289750725031 26.302061207592487 22.569858442991972 47.292577258311212 47.007260361802764 147.53551538474858
leaf_count=3343 436 391 479 427 45 138 42 226 1162 30 1187 82 561 430 817 106 647 345 25178 817 1366 1118 141 162 302 224 169 507 390 3775
internal_value=0.000105575 0.000971601 0.00119285 0.0420249 0.000818636 0.00689477 -0.00416113 -0.0123021 -0.000805304 0.015314 0.00222994 -0.0175797 0.0278703 0.00571418 -0.0350803 -0.0225272 0.0251095 -0.0190411 -0.000973575 -0.0232474 -1.2026e-06 0.0520324 0.0433149 0.0285396 0.00978576 0.00584644 -0.0233248 0.000554167 -0.0139257 -0.025518
internal_weight=4719.5 4187.97 4170.16 37.871 4132.29 941.232 406.901 318.357 243.637 534.331 261.667 161.524 272.664 142.236 125.466 66.1189 88.5435 26.5764 3191.06 133.48 3057.58 130.428 36.0581 89.4273 59.3929 57.0725 30.7704 3016.46 241.835 194.828
internal_count=45043 41700 41264 818 40446 7975 3365 2331 1852 4610 2365 1178 2245 1097 955 536 1034 387 32471 1255 31216 1148 223 690 464 438 214 29850 4672 4282
is_linear=0
shrinkage=0.05


Tree=123
num_leaves=31
num_cat=0
split_feature=19 16 11 3 10 4 15 21 10 18 1 18 18 19 17 17 21 19 3 19 19 14 1 4 4 5 17 1 6 11
split_gain=11.2029 15.8804 12.1392 11.2422 11.0913 18.7592 33.2753 17.0782 12.3008 12.6385 16.5424 14.5675 12.6083 36.5854 30.3475 46.0518 41.5508 36.2588 40.6198 39.0301 54.9566 39.7043 35.8588 51.172 39.7054 34.3554 31.4718 30.9594 30.1565 29.9588
threshold=-0.00064749999999999996 -0.00083049999999999997 8.9335276798587184 0.075000000000000025 9.0741906973698061 0.14999999999999997 -1.2499999999999997e-05 1.0000000180025095e-35 3.7117411157938691 2.2381736998103259e-06 50.385000000000012 -0.00017778671108371969 2.7721591750116292e-05 -0.00039549999999999996 0.00043850000000000003 0.00029150000000000004 1.0000000180025095e-35 -0.00032849999999999996 0.84500000000000008 -9.7499999999999985e-05 -0.00019449999999999998 -0.00016849999999999995 60.355000000000011 0.059999999999999977 -0.059999999999999963 0.060000000000000032 0.00013750000000000001 80.395000000000024 0.010979884072184502 9.1014664486696351
decision_type=2 2 2 2 2 2 2 2 2 2 2 2 2 2 2 2 2 2 2 2 2 2 2 2 2 2 2 2 2 2
left_child=1 2 -1 -2 8 7 -7 -6 9 10 11 -5 13 29 15 17 -17 18 -14 20 -19 -22 24 27 -21 -26 -23 -24 -20 -10
right_child=3 -3 -4 4 5 6 -8 -9 12 -11 -12 -13 14 -15 -16 16 -18 19 28 22 21 26 23 -25 25 -27 -28 -29 -30 -31
leaf_value=-0.011233878443686285 -0.051816381952921722 -0.051120976065854799 0.092500343787370709 0.026077901131502303 0.012002040268639181 -0.021936607209068103 0.094587747416472329 -0.05657390059299499 -0.037568844417706852 0.01483732681341164 0.010126638245405196 -0.01910383324602196 0.03950549075213286 0.0019523082660947251 0.038876697013613577 -0.032649572919854486 0.0553416945036867 0.00034015413800000764 0.039523376757327644 -0.016174398722360438 0.022282657865181989 0.054607420595338074 -0.033296887252230165 -0.040959028318113544 0.027314309652735902 0.095846361574969688 -0.042852244907187552 0.056613366166474381 -0.054073789572580633 0.08998714633668492
leaf_weight=11.918326803715898 10.313789036590604 24.676598089397885 3.6944665801711372 20.872239514254034 90.989377438090742 9.6034109417814779 16.923436452634633 10.08532430231571 84.326354094780982 266.02983296965249 183.02464449033141 122.80769693292677 96.259602632373571 2643.3297815499827 37.686595879495144 210.26553798653185 14.330951250158249 335.31569491280243 13.185191068798302 32.200407560914755 30.471560003235936 8.6412655338644964 13.616308122873304 57.22534325812012 57.554823897778988 26.803735747933388 200.04768421314657 32.254570737481117 24.778927630977705 4.8690216727554789
leaf_count=1189 819 3200 45 144 697 189 81 112 1041 2333 1454 784 832 19109 450 3429 103 3488 102 189 278 96 86 587 364 131 2464 238 966 43
internal_value=0.00010048 -0.0261518 0.0133128 0.000327754 0.000443572 0.0149808 0.0524029 0.00515947 3.28068e-05 0.00674636 0.000158035 -0.0125403 -0.000981517 0.000889544 -0.00527562 -0.00671883 -0.0270351 -0.00180373 0.0222317 -0.00586618 -0.0127204 -0.031032 0.0120601 -0.00942067 0.0310597 0.0490894 -0.0388167 0.0299244 -0.0215669 -0.0306058
internal_weight=4694.1 40.2894 15.6128 4653.81 4643.5 127.602 26.5268 101.075 4515.9 592.734 326.705 143.68 3923.16 2732.53 1190.64 1152.95 224.596 928.355 134.224 794.131 574.476 239.161 219.655 103.096 116.559 84.3586 208.689 45.8709 37.9641 89.1954
internal_count=45043 4434 1234 40609 39790 1079 270 809 38711 4715 2382 928 33996 20193 13803 13353 3532 9821 1900 7921 6326 2838 1595 911 684 495 2560 324 1068 1084
is_linear=0
shrinkage=0.05


Tree=124
num_leaves=31
num_cat=0
split_feature=20 3 4 15 15 4 3 3 0 5 15 3 0 18 18 3 6 0 2 11 11 16 6 15 11 3 20 1 3 11
split_gain=11.1139 24.1639 40.0825 31.5066 19.498 16.7638 29.7086 16.6586 20.7597 15.0989 14.6207 14.5952 15.7146 28.742 21.9647 23.7163 20.5338 14.282 14.0499 15.134 28.3449 29.1218 22.8708 22.5318 20.5792 20.0573 23.4256 17.9941 24.5886 16.4182
threshold=-0.00029968206045723563 0.59500000000000008 0.0099999999999999829 4.4500000000000004e-05 1.5000000000000002e-06 -0.0099999999999999239 0.69500000000000006 0.54500000000000015 190.50000000000003 0.20500000000000007 8.2500000000000013e-05 0.16500000000000004 102.50000000000001 -0.00032467063494214069 -0.00014149270871668899 0.10500000000000002 -0.045340224111544439 49.500000000000007 0.80009857174331034 9.1380497464977406 9.323100145339497 -1.0000000180025095e-35 -0.012855820583523473 -0.00023749999999999997 9.2285967063362673 0.78500000000000014 -0.00026788118835572244 30.305000000000003 0.79500000000000015 9.1014664486696351
decision_type=2 2 2 2 2 2 2 2 2 2 2 2 2 2 2 2 2 2 2 2 2 2 2 2 2 2 2 2 2 2
left_child=1 2 3 -1 5 6 -3 8 10 -9 -5 12 13 -2 15 -15 -14 -16 19 29 21 23 24 -21 -23 26 -22 28 -24 -13
right_child=11 4 -4 7 -6 -7 -8 9 -10 -11 -12 18 16 14 17 -17 -18 -19 -20 20 25 22 27 -25 -26 -27 -28 -29 -30 -31
leaf_value=-0.031139043614830664 -0.059595276773569107 -0.0065785644500275259 0.05181956369418881 0.036962877277766752 -0.041535323456752586 -0.023076155247461701 0.086999256395326532 -0.052914782108099662 0.06097180999969868 0.04065383350779711 -0.015108516857360012 0.002338728339006189 -0.053770714962344285 -0.034639512234255189 0.010957693233229876 0.0638188211446368 0.038221111292235259 -0.075637545393583916 -0.016554444183366671 -0.049494384182384298 0.051588508681701985 -0.030270069315817157 -0.019720419451822131 0.050266461574041722 0.047157572354744916 -0.036505662541015629 0.0028675683057397361 -0.041063689959908639 0.07150079529254387 0.025954926981451742
leaf_weight=72.57114556664601 38.6586655494757 38.199864596128464 36.257191216573119 22.449472823180258 70.105617377557792 78.204638968454674 10.902201946824787 15.611918741837146 24.343399997800589 5.9564350545406333 33.742713322397321 3567.0213738009334 8.2603127735201287 9.5398995215073246 7.9306427473202374 17.042487017810345 22.83680884540081 11.915253568440674 106.91605660831556 7.2791354041546574 38.959278259426355 14.653008211404083 82.428797534666955 25.445307642221451 20.712069887667894 17.879616037942469 67.274431817233562 120.12057349772658 8.1144364022184146 75.14500372367911
leaf_count=624 708 270 371 132 1227 2017 57 143 161 40 278 32607 179 88 67 96 361 83 1117 84 282 133 658 216 193 242 540 1423 65 581
internal_value=9.29045e-05 -0.00778753 0.0039792 -0.00595099 -0.0203601 -0.0086993 0.0141987 0.0119516 0.0224032 -0.0270744 0.00569465 0.000846849 -0.0166318 -0.0277485 -0.00123125 0.028484 0.0137854 -0.0410331 0.00133595 0.00180882 -0.00738687 -0.0162365 -0.0221305 0.0280759 0.0150765 0.0124891 0.0207351 -0.0283767 -0.0115452 0.00282598
internal_weight=4676.48 408.345 210.932 174.675 197.412 127.307 49.1021 102.104 80.5356 21.5684 56.1922 4268.13 116.184 85.0869 46.4283 26.5824 31.0971 19.8459 4151.95 4045.03 402.867 278.753 246.029 32.7244 35.3651 124.113 106.234 210.664 90.5432 3642.17
internal_count=45043 5320 1749 1378 3571 2344 327 754 571 183 410 39723 1582 1042 334 184 540 150 38141 37024 3836 2772 2472 300 326 1064 822 2146 723 33188
is_linear=0
shrinkage=0.05


Tree=125
num_leaves=31
num_cat=0
split_feature=0 3 5 19 17 17 6 16 17 16 0 6 3 1 17 16 19 5 19 14 5 15 19 5 19 8 6 0 18 18
split_gain=12.2989 29.1806 26.0674 27.7341 36.6789 44.4689 27.7746 22.9557 26.2663 42.5817 34.7778 37.8331 28.6513 24.2419 20.9915 23.543 23.6464 23.0076 20.1833 20.2724 36.6287 31.5344 33.0085 25.4433 30.6296 35.9477 32.0023 39.2421 37.56 32.499
threshold=45.500000000000007 0.34500000000000003 0.075000000000000025 -4.4499999999999991e-05 0.00034150000000000006 0.00022150000000000004 0.017971335755803498 -0.0035259999999999996 0.00055850000000000008 -0.0010434999999999999 167.50000000000003 0.0047063439851740135 0.33500000000000008 87.895000000000024 0.00042050000000000003 -0.00053149999999999996 -0.00025349999999999998 0.32500000000000012 -0.00063249999999999992 0.00020250000000000002 0.50500000000000012 2.6500000000000004e-05 -0.0001705 0.43500000000000011 4.5500000000000008e-05 -0.060000000000000032 -0.0075956763322830969 90.500000000000014 -9.2866554143804565e-06 -0.00011581878323805682
decision_type=2 2 2 2 2 2 2 2 2 2 2 2 2 2 2 2 2 2 2 2 2 2 2 2 2 2 2 2 2 2
left_child=1 -1 3 4 5 -3 -5 -2 9 -9 11 12 -10 -14 15 -4 -17 -16 -11 20 23 -21 -23 24 -20 -26 27 -27 -28 -29
right_child=7 2 14 6 -6 -7 -8 8 10 18 -12 -13 13 -15 17 16 -18 -19 19 21 -22 22 -24 -25 25 26 28 29 -30 -31
leaf_value=0.022725985842916591 -0.050919399838284043 -0.056506400223469894 0.046369005621911458 -0.042246013674280158 -0.021475871292657895 0.053530224886854751 0.047538610354801246 -0.057792990031742875 -0.042659463266456227 -0.04945137418491883 -0.05974173503223406 -0.051577607265972707 0.05090520942723227 -0.053185942504518718 0.041527464367889066 0.013978574728337093 -0.047477448814590817 -0.051124750147927417 0.0018076184612617889 0.075832679611120585 -0.029092967555891802 -0.050539517044822617 0.017476434455229412 0.034707872558860889 -0.046653573195619469 -0.02661529402809364 -0.047165254881935681 0.0058854981023202134 0.0046794457595049771 0.06232567469228413
leaf_weight=63.790992630645633 21.570815740502439 10.850437094457446 8.4052102789282781 51.655332788825035 44.215215832926333 59.700198430102319 10.337332612834869 31.573644412797876 10.11076048761606 20.122163921361789 12.021204983233472 13.110846084426155 103.86767822317779 5.9117900705896309 20.157111564651135 17.904268688522279 124.43701549340039 10.036625623703001 3285.5126541645732 20.064720295369625 105.59062616154552 20.153143924660981 155.27060627704486 54.422159335110337 66.452614644542336 53.003228899091482 76.829084966797382 73.074407763779163 64.065839923918247 39.180980078876019
leaf_count=436 493 256 45 393 561 349 95 914 70 2106 639 1163 820 183 166 213 860 78 28603 145 1278 233 1319 421 418 347 953 611 479 309
internal_value=-0.000282195 -0.00842723 -0.013983 -0.000326569 0.0142297 0.036607 -0.0272743 0.000529035 0.00079262 4.67199e-05 0.021702 0.0290632 0.0378818 0.0452997 -0.0273238 -0.0349457 -0.0397473 0.0107292 0.000499453 0.00074988 -5.41817e-05 0.0164542 0.00966258 0.000771728 0.000266857 -0.013319 -0.00608357 0.00884289 -0.0235911 0.0255851
internal_weight=4653.4 421.49 357.699 176.759 114.766 70.5506 61.9927 4231.91 4210.34 4065.32 145.022 133.001 119.89 109.779 180.94 150.746 142.341 30.1937 4033.74 4013.62 3818.13 195.488 175.424 3712.54 3658.12 372.606 306.154 165.259 140.895 112.255
internal_count=44956 3452 3016 1654 1166 605 488 41504 41011 38136 2875 2236 1073 1003 1362 1118 1073 244 37222 35116 33419 1697 1552 32141 31720 3117 2699 1267 1432 920
is_linear=0
shrinkage=0.05


Tree=126
num_leaves=31
num_cat=0
split_feature=6 0 3 16 8 16 17 16 6 0 1 21 6 1 4 4 0 14 14 17 18 6 3 3 1 17 18 16 18 17
split_gain=12.1423 11.4515 26.5048 23.6502 25.3936 21.5916 24.2805 35.2919 35.2346 36.1109 30.6288 18.8448 18.37 25.1638 18.3097 19.9781 17.6369 16.5153 16.1664 15.5536 37.7045 31.7874 22.8101 32.219 30.9204 55.3433 21.6486 44.2204 56.4728 43.313
threshold=0.03558307161925426 45.500000000000007 0.34500000000000003 -0.0019584999999999997 -0.0099999999999999239 -0.0035259999999999996 0.00056450000000000011 -0.0015244999999999998 0.0047063439851740135 167.50000000000003 78.895000000000024 1.0000000180025095e-35 -0.045340224111544439 28.465000000000003 -0.044999999999999978 -0.35499999999999987 33.500000000000007 -0.00054949999999999986 -2.5499999999999996e-05 0.00041050000000000006 2.4591816784763914e-05 0.011601475131954928 0.56500000000000006 0.48500000000000004 24.835000000000004 0.00049450000000000004 2.9459491327427128e-05 -1.0000000180025095e-35 4.8447703830211214e-05 0.00035750000000000002
decision_type=2 2 2 2 2 2 2 2 2 2 2 2 2 2 2 2 2 2 2 2 2 2 2 2 2 2 2 2 2 2
left_child=1 2 14 -4 11 -3 7 -7 9 10 -8 16 13 -9 15 -1 -5 -14 -18 26 21 22 23 -21 -25 -26 29 28 -28 -19
right_child=-2 5 3 4 -6 6 8 12 -10 -11 -12 -13 17 -15 -16 -17 18 19 -20 20 -22 -23 -24 24 25 -27 27 -29 -30 -31
leaf_value=0.034928435478929494 -0.047861764550727388 -0.050123991789450865 0.079159179932878423 -0.056678482917968065 -0.0042453582954334211 -0.057077737058506155 0.057668532930597288 0.044935216658151415 -0.051413147512238959 -0.058843936356069784 -0.017427150604883812 0.02917005153072505 0.079452382902874541 -0.033690306622206491 0.088294660051363105 -0.026948801079824194 0.027459344084908962 0.002647935121971064 -0.032781449465933914 -0.050365504982448878 0.039440449784041036 0.061884242736232747 -0.049137416965949782 0.10616309335752597 -0.067305769764087559 0.07688706873104445 0.052381555112310123 -0.00089746953658130187 -0.051002908248748091 0.029618036197425219
leaf_weight=33.50810257694684 13.36444657971151 20.836210974841379 6.7633031075820318 61.635174334049225 207.90693819848821 26.6564021644881 73.565875858068466 11.8570304736495 13.716407490079289 9.4662401512032357 16.651539801154286 11.534418705850838 6.7196350957965469 71.789138450752944 8.8624045029282552 21.360028330236673 14.395348358899353 2359.6201804154553 49.205048838630319 25.761597793549299 27.995438437559642 10.037899389863012 73.441321955993772 8.5148949548602086 14.954098474234344 11.990081921219824 15.589178703725336 1162.1267638829304 86.512195572722703 158.88948189932853
leaf_count=257 1163 493 58 424 1903 747 597 63 1485 313 264 116 124 881 41 138 104 17298 323 172 538 108 762 50 86 65 77 13514 1286 1506
internal_value=-0.000271452 -0.000133842 -0.00805609 -0.0134359 -0.0152528 0.000648029 0.00090076 0.000265304 0.0237214 0.0340599 0.043808 -0.0319855 0.000643118 -0.022545 0.0216107 0.0108398 -0.037618 0.00113265 -0.0191465 0.000999596 -0.0136745 -0.0239508 -0.030349 -0.00781016 0.023107 -0.00314038 0.00166952 -0.00366924 -0.0352178 0.00434944
internal_weight=4635.23 4621.86 415.171 351.44 344.677 4206.69 4185.86 4072.46 113.4 99.6837 90.2174 136.77 4045.8 83.6462 63.7305 54.8681 125.236 3962.15 63.6004 3955.43 172.695 144.7 134.662 61.2207 35.4591 26.9442 3782.74 1264.23 102.101 2518.51
internal_count=44956 43793 3364 2928 2870 40429 39936 37277 2659 1174 861 967 36530 944 436 395 851 35586 427 35462 1781 1243 1135 373 201 151 33681 14877 1363 18804
is_linear=0
shrinkage=0.05


Tree=127
num_leaves=31
num_cat=0
split_feature=4 3 19 14 20 0 20 3 18 1 19 2 17 17 0 17 18 18 14 17 5 5 4 17 17 20 18 6 18 4
split_gain=11.8883 11.3379 18.4764 16.5238 16.3432 15.2296 22.9775 21.9374 25.8771 21.732 16.792 14.3119 14.5921 78.2691 46.8425 63.8867 76.4947 74.5803 58.8597 58.5137 56.6346 53.5612 52.4883 48.4166 81.6484 59.1629 41.8553 60.8171 56.8554 41.5632
threshold=0.33500000000000013 0.16500000000000004 0.00024350000000000004 0.00057450000000000003 -9.6711146409412686e-05 97.500000000000014 -0.00023729462110782176 0.095000000000000015 -0.00011198759406407661 144.52500000000003 -8.5499999999999991e-05 0.80009857174331034 0.00019550000000000001 0.00021850000000000003 161.50000000000003 0.00017250000000000005 2.9459491327427128e-05 0.00012483190099240078 -3.0499999999999999e-05 0.00018750000000000003 0.35500000000000015 0.27500000000000008 0.15999999999999998 0.0001485 0.00018850000000000003 -0.00018812203513026237 -0.00012493015994775964 -0.0096319882780495341 -0.00018806041702538047 -0.19499999999999995
decision_type=2 2 2 2 2 2 2 2 2 2 2 2 2 2 2 2 2 2 2 2 2 2 2 2 2 2 2 2 2 2
left_child=1 5 3 4 11 6 7 -1 -9 -7 -8 12 14 26 15 21 20 18 -18 -19 22 -3 -17 25 29 -16 27 -14 -29 -25
right_child=-2 2 -4 -5 -6 9 10 8 -10 -11 -12 -13 13 -15 23 16 17 19 -20 -21 -22 -23 -24 24 -26 -27 -28 28 -30 -31
leaf_value=-0.070040021358369078 -0.052150850197831604 -0.011485210474508742 0.038956906737096904 -0.054580483497910427 0.020243013453115754 -0.019378616356849149 0.026286452138915801 0.060579903292370341 -0.051833784505727398 0.057881505991594653 -0.052505743011846032 -0.018605808760604067 -0.054780084786953634 0.00082546987189795239 0.02576045601421913 0.061271549899979787 0.029117315393902707 0.08170825388863312 -0.053133293181793211 -0.044006270908417272 -0.075300634412549083 0.048067176968732084 -0.031443550759018168 0.056184648586862333 0.023221274220548233 -0.049883235552699752 -0.040154613584273462 -0.054585075734096468 0.073873376284559603 -0.044724539759290242
leaf_weight=6.9534382014535359 11.011973398388362 265.59355898480862 30.683320615440607 13.811768395593388 99.364210347644985 22.087922124192119 7.7082834765315047 18.820963013917211 7.0321496203541747 15.48127565672621 55.082620014203712 103.82911565538961 26.821626782417297 2865.6457878872752 147.5884519238025 179.80924052372575 33.025462018325925 37.17328092455864 63.713993400335312 12.324971765279768 8.9366349279880506 44.013469472527504 16.681355508044362 10.832842599600552 73.896555369719863 31.337552577257156 188.75117941899225 11.644151059910653 33.096209809184074 175.89787509292364
leaf_count=304 989 3421 307 479 958 458 50 114 69 213 572 1046 210 26022 1407 1120 236 173 705 93 47 402 108 127 562 239 2392 174 163 1796
internal_value=-0.000261359 -0.000137347 0.000290535 2.35525e-05 0.000193797 -0.0145144 -0.0251145 0.00879855 0.0300029 0.0124582 -0.0428331 -0.000266225 0.000184279 -0.0015591 0.00513487 0.0135439 0.0281262 0.000487332 -0.0250541 0.0504056 0.0478015 -0.00301929 0.0534004 -0.00751584 -0.0212654 0.012512 -0.0278095 0.0047517 0.0404407 -0.0388705
internal_weight=4618.65 4607.64 4474.47 4443.79 4429.98 133.167 95.5975 32.8066 25.8531 37.5692 62.7909 4330.61 4226.78 3125.96 1100.83 661.272 351.665 146.238 96.7395 49.4983 205.427 309.607 196.491 439.553 260.627 178.926 260.313 71.562 44.7404 186.731
internal_count=44956 43967 42187 41880 41401 1780 1109 487 183 671 622 40443 39397 28961 10436 6305 2482 1207 941 266 1275 3823 1228 4131 2485 1646 2939 547 337 1923
is_linear=0
shrinkage=0.05


Tree=128
num_leaves=31
num_cat=0
split_feature=4 16 16 16 15 6 5 19 15 19 18 19 15 5 15 15 3 1 17 18 17 20 1 17 18 17 15 15 18 15
split_gain=11.2885 10.8445 22.2335 24.7243 23.6714 23.3397 34.5014 18.1053 17.4247 15.6779 57.3236 41.7891 50.7563 47.0427 39.5734 34.9998 34.2727 58.5185 44.837 42.3935 28.7034 67.6446 57.4636 54.8638 62.3087 47.2037 33.9842 64.3091 32.4636 34.9543
threshold=0.33500000000000013 0.00076550000000000001 0.00043250000000000005 0.00014050000000000003 -8.9499999999999994e-05 0.0015937109480967722 0.4850000000000001 -4.2499999999999996e-05 0.00047350000000000002 -0.00024349999999999998 9.3236801645807109e-05 -0.00012849999999999995 2.4500000000000003e-05 0.0099999999999999829 0.00029350000000000009 -0.00019849999999999997 0.81500000000000006 114.48500000000001 0.00029150000000000004 -0.00027199517966018969 0.00024650000000000003 -0.00018812203513026237 24.835000000000004 0.00023650000000000003 6.4997101495048071e-05 0.00014150000000000005 -0.00030149999999999996 -2.4499999999999996e-05 0.00015747270702540895 -1.4999999999999998e-06
decision_type=2 2 2 2 2 2 2 2 2 2 2 2 2 2 2 2 2 2 2 2 2 2 2 2 2 2 2 2 2 2
left_child=1 2 3 9 -5 6 -4 -3 -6 14 16 12 -12 15 20 -13 -11 18 -18 -20 21 23 26 25 -25 -1 -22 -28 29 -24
right_child=-2 7 5 4 8 -7 -8 -9 -10 10 11 13 -14 -15 -16 -17 17 -19 19 -21 22 -23 28 24 -26 -27 27 -29 -30 -31
leaf_value=0.032946038085065882 -0.052047972197220217 -0.052076784672615353 0.063731284016185649 0.024743782727889144 -0.057410346349270169 -0.052784696913570496 -0.018252897884495339 0.010967829095164826 0.021444719798653526 -0.00052072151270883993 -0.042966116757801376 -0.050190150545038281 0.07032893725982528 -0.021381919394634005 -0.043563643469649534 0.064242529323375833 0.058910424638156871 -0.044503526502400415 0.076366278818167821 -0.037981193380461117 -0.0015514405612128161 0.055504772434146213 -0.013041796008885168 -0.057652165978776627 0.069857566135768795 -0.044096863859320434 0.066906124095533467 -0.011128096197641886 -0.035755854164683763 0.019069289884106375
leaf_weight=28.261362433899194 10.495095618884077 25.791134604252875 42.294011732563376 15.449333301163277 46.013397692702711 7.8457920867949715 18.422239821404219 20.392302998574451 8.2637717416509968 3008.1784581365064 177.83919662144035 8.2424471117556077 10.467584641650317 84.634668227285147 38.675000419956632 35.294620826840401 84.204264499247074 25.819771150127053 11.32551408652216 28.510353550314903 73.651526593137532 95.59581255086232 225.28142073564231 12.336268864572046 42.893609229824506 67.052100068074651 81.307305698283017 39.098534997552633 82.321037914720364 135.85571377025917
leaf_count=372 989 1181 291 161 397 567 153 318 80 23013 2124 69 75 769 1009 198 480 510 75 271 763 1138 2242 85 229 1519 497 330 3773 1278
internal_value=-0.000251773 -0.000133116 0.00011237 -0.000321374 -0.0298618 0.0283693 0.038856 -0.0242394 -0.0454046 0.000147086 -0.00139121 -0.0216786 -0.0366683 0.00034387 0.005942 0.0425781 0.000641868 0.0239789 0.0382339 -0.0054717 0.00810871 0.0226115 0.00250933 0.00172404 0.0413767 -0.0212529 0.0252018 0.0415666 -0.00742091 -0.000961968
internal_weight=4591.81 4581.32 4535.14 4466.57 69.7265 68.562 60.7163 46.1834 54.2772 4396.85 3474.52 316.479 188.307 128.172 922.33 43.5371 3158.04 149.86 124.04 39.8359 883.655 246.139 637.516 150.543 55.2299 95.3135 194.057 120.406 443.458 361.137
internal_count=44956 43967 42468 41457 638 1011 444 1499 477 40819 27584 3235 2199 1036 13235 267 24349 1336 826 346 12226 3343 8883 2205 314 1891 1590 827 7293 3520
is_linear=0
shrinkage=0.05


Tree=129
num_leaves=31
num_cat=0
split_feature=6 3 7 20 0 4 19 6 18 19 3 3 14 15 19 1 14 19 15 18 17 17 0 19 15 1 20 0 4 17
split_gain=10.9904 10.75 10.2068 16.5963 18.9374 22.8692 18.321 14.4167 13.2061 12.5088 11.2009 11.7142 10.5828 35.5762 31.941 24.9919 23.4893 33.2368 31.6863 48.688 23.5432 28.2225 34.6098 22.2357 22.0571 22.7799 21.354 20.9867 49.6553 41.1219
threshold=0.03558307161925426 0.075000000000000025 -0.099999999999999992 -0.00011739953942622068 137.50000000000003 -0.5249999999999998 -0.00037349999999999997 0.0021349740073445781 -9.2866554143804565e-06 -1.5499999999999997e-05 0.40500000000000008 0.31500000000000006 0.00017550000000000001 6.8500000000000012e-05 -0.00015649999999999998 56.865000000000002 2.7500000000000001e-05 1.6500000000000005e-05 1.7500000000000002e-05 -6.5662726973590249e-05 0.00033750000000000007 0.00023350000000000001 217.50000000000003 -0.00025149999999999993 5.3500000000000006e-05 11.255000000000001 -0.00031493384571893037 111.50000000000001 -0.074999999999999997 0.00024750000000000005
decision_type=2 2 2 2 2 2 2 2 2 2 2 2 2 2 2 2 2 2 2 2 2 2 2 2 2 2 2 2 2 2
left_child=1 -1 7 12 5 -5 -7 8 10 -10 11 -3 16 15 -15 -14 26 18 19 20 21 22 -18 -21 -20 -26 -4 29 -29 -27
right_child=-2 2 3 4 -6 6 -8 -9 9 -11 -12 -13 13 14 -16 -17 17 -19 24 23 -22 -23 -24 -25 25 27 -28 28 -30 -31
leaf_value=-0.051890919165928029 -0.04740086403803348 -0.0032893570568495569 -0.016912417332075935 -0.040029819286909414 -0.012666511367420835 -0.015246471464117709 0.052399463908683011 0.03107448696873126 -0.021898866669766572 -0.077646764407609301 -0.01859971601263111 0.044519113120179532 0.059623038595336825 -0.03134588299377053 0.01107840685667115 -0.045208536549154195 0.046724815652806326 -0.022533784312220809 0.026363340287885735 0.0040909887531146395 -0.026309256295894923 0.05463946803528983 -0.063526573892626434 -0.038974126557247309 -0.042741720609713131 0.037072334478060028 0.0027118340092934412 0.012704661975453363 -0.048428496024989519 -0.0041221712980829498
leaf_weight=10.003298268886281 12.321582077653146 41.562151230871677 146.14216755179223 9.7618831954896432 33.425381996319629 11.949398642173035 61.650952070951462 19.151627433020622 68.808918528724462 11.785796195268629 64.096029564738274 18.522973760962486 45.711085656424984 57.888707987149246 189.94118482619524 6.4928709272062397 13.865439962595703 260.32852381654084 100.67323759431019 37.489355540485121 27.14812343660742 41.848890442866832 14.627795569598673 149.51225736178458 28.635961353778839 99.351323487237096 2694.0042397911893 81.234679788351059 56.193562935688533 155.24071384989657
leaf_count=817 1163 223 2285 59 467 402 506 141 430 63 348 108 348 1233 1602 190 84 1875 795 742 268 224 92 1288 220 670 25743 558 657 1355
internal_value=-0.000242774 -0.000115266 -1.36184e-06 0.000537783 0.01913 0.0318792 0.0414168 -0.01041 -0.0142899 -0.0300512 -0.00406063 0.011449 2.1577e-05 0.00907089 0.00116884 0.0465846 -0.00067348 -0.00700173 -0.00198394 -0.0154056 0.0132419 0.0285065 -0.0098758 -0.0303406 0.00534034 0.000309031 0.00170205 0.00345377 -0.0122923 0.0119535
internal_weight=4569.37 4557.05 4547.05 4323.12 116.788 83.3622 73.6004 223.927 204.776 80.5947 124.181 60.0851 4206.33 300.034 247.83 52.204 3906.3 1066.15 805.821 284.492 97.4902 70.3421 28.4932 187.002 521.329 420.656 2840.15 392.02 137.428 254.592
internal_count=44956 43793 42976 41663 1434 967 908 1313 1172 493 679 331 40229 3373 2835 538 36856 8828 6953 2698 668 400 176 2030 4255 3460 28028 3240 1215 2025
is_linear=0
shrinkage=0.05


Tree=130
num_leaves=31
num_cat=0
split_feature=7 18 20 17 17 4 4 17 19 4 11 11 17 17 20 19 18 19 14 0 15 11 18 17 17 17 19 17 0 19
split_gain=10.9991 13.3514 12.6608 17.2437 18.5663 17.0606 21.4999 11.5135 17.7277 9.91156 9.7738 25.5323 22.1408 29.8639 16.6369 16.2724 23.9252 15.5244 18.2639 16.3314 14.5615 14.4234 14.1284 12.4668 12.35 42.3756 42.1365 34.909 26.8529 38.1362
threshold=-0.14999999999999991 -0.00010989351447633167 -0.00011739953942622068 0.00025950000000000002 0.00027350000000000003 -0.5249999999999998 -0.024999999999999963 0.00025550000000000003 -3.4999999999999995e-06 -0.20999999999999999 9.323100145339497 9.1537424718864333 0.00023450000000000004 0.00016350000000000004 -0.00026788118835572244 -0.00021649999999999998 8.8907509825076125e-05 -0.00021349999999999996 1.0500000000000003e-05 202.50000000000003 -1.8499999999999999e-05 9.1585527439904215 4.1838169704308055e-05 0.00025750000000000008 0.00034050000000000004 0.00033150000000000003 -0.00025649999999999995 0.00035550000000000008 78.500000000000014 -3.8499999999999994e-05
decision_type=2 2 2 2 2 2 2 2 2 2 2 2 2 2 2 2 2 2 2 2 2 2 2 2 2 2 2 2 2 2
left_child=1 9 10 -4 -5 -6 -7 8 -3 -1 11 24 13 20 -12 16 -14 -16 19 -19 -13 -18 23 -17 25 28 -27 -26 29 -2
right_child=2 7 3 4 5 6 -8 -9 -10 -11 14 12 15 -15 17 22 21 18 -20 -21 -22 -23 -24 -25 27 26 -28 -29 -30 -31
leaf_value=0.028148562610280911 0.0036115549845522192 0.011664297836739942 0.044491078629562392 -0.063220086792623809 -0.048967340765251909 0.039295322406744118 -0.016954139356180353 -0.040427404856718301 -0.067998286203372449 -0.033232293116508486 0.036061214414573405 0.036979432830035346 -0.04355957019522004 -0.046615257530647616 -0.043374093382081855 0.044361005704625138 -0.057375918354865357 0.056044680635968874 -0.021282832193795384 -0.018664739747337851 -0.018174151868784287 0.035570914694470761 -0.058881682040302578 0.0029154964807316538 -0.036076239074216546 -0.042996633546161428 0.044399802950576182 -0.0011995826268636801 0.0035111663045803753 -0.017864554187295441
leaf_weight=25.311330152675509 419.15141177299665 33.296363892033696 37.269184428267181 9.1834282299969328 10.232341414783148 49.147015071008354 25.961668001837097 50.603466894477606 8.8371850326657277 8.8856475204229337 50.048182069323957 18.245131265372038 40.717193579301238 88.826745027210563 16.849025484756567 30.521776385605335 5.1859403557609793 24.976394079625607 25.627602349966764 10.344706526026128 34.781074667349458 21.386849119677208 6.1864818502217522 44.74190839054063 82.835378229850903 16.08412229840178 96.755114372819662 536.01837198453723 2324.1529091580305 407.85152717959136
leaf_count=158 4570 193 336 64 65 426 723 283 47 46 402 205 398 1035 263 211 69 155 222 100 427 219 62 397 1364 308 553 7916 20668 3026
internal_value=7.57443e-06 -0.0145045 0.000423104 0.0156882 0.00433181 0.011601 0.0198524 -0.0243517 -0.00504431 0.0121995 -4.46272e-05 -0.000461783 -0.0147573 -0.0288898 0.0135732 -0.00127922 -0.0194742 -0.000893681 0.0108499 0.0341641 0.000802963 0.0174314 0.0137526 0.0197229 0.000608097 0.00183595 0.0319423 -0.00586792 0.000757877 -0.00697978
internal_weight=4560.02 126.934 4433.08 131.794 94.5245 85.341 75.1087 92.737 42.1335 34.197 4301.29 4173.44 290.593 141.853 127.846 148.74 67.29 77.7977 60.9487 35.3211 53.0262 26.5728 81.4502 75.2637 3882.85 3264 112.839 618.854 3151.16 827.003
internal_count=44911 727 44184 1614 1278 1214 1149 523 240 204 42570 41428 3023 1667 1142 1356 686 740 477 255 632 288 670 608 38405 29125 861 9280 28264 7596
is_linear=0
shrinkage=0.05


Tree=131
num_leaves=31
num_cat=0
split_feature=15 0 19 0 4 18 15 6 0 17 17 18 17 19 18 18 18 14 0 17 15 17 3 19 6 19 6 4 15 17
split_gain=10.2972 45.1296 19.5658 14.3371 23.1951 18.2043 25.0343 17.6988 13.6518 39.6979 55.9067 40.1645 42.7255 27.4643 27.1535 20.5551 27.2689 19.512 30.5144 40.9739 36.5529 30.1497 19.2273 20.2564 32.9934 27.1842 28.5055 30.0357 20.8989 18.7104
threshold=-0.00034249999999999998 250.50000000000003 -6.8499999999999985e-05 106.50000000000001 -0.019999999999999931 9.6572085816590944e-05 -0.00040149999999999995 -0.0054627977964267355 233.50000000000003 0.00022450000000000001 0.0001485 -6.9649024238855874e-05 0.00024350000000000004 -0.00020049999999999997 4.4157529961547829e-05 -1.6244050761611348e-07 0.0001374987600802034 -0.00011549999999999999 191.50000000000003 0.00029150000000000004 -0.0001905 0.00019350000000000001 0.51500000000000012 -0.00011149999999999999 0.00080738080131151195 -0.00016849999999999995 0.0079660788920168386 0.21000000000000002 -0.0001325 0.00019450000000000004
decision_type=2 2 2 2 2 2 2 2 2 2 2 2 2 2 2 2 2 2 2 2 2 2 2 2 2 2 2 2 2 2
left_child=1 2 3 -1 7 -6 -7 -5 17 10 15 -11 -13 14 -14 -10 -17 18 20 21 -2 -20 -22 25 -25 26 -24 -28 -29 -19
right_child=8 -3 -4 4 5 6 -8 -9 9 11 -12 12 13 -15 -16 16 -18 29 19 -21 22 -23 23 24 -26 -27 27 28 -30 -31
leaf_value=-0.06288515899941266 -0.021116432064177935 0.050423906287759938 0.057529430559520284 -0.040804333482295278 -0.054361093976890755 -0.055607438642350959 0.042167747972581174 0.043484616314875796 -0.05783223563456711 0.062368959163060782 -0.059604922696080066 0.088040900909697142 0.033542863035296133 -0.065635183462910598 -0.063650150887567189 0.036765815533727077 -0.062054001971465544 0.0059172275885813787 -0.017569440595377347 -0.033721850532263779 -0.030031436036487683 0.076458483936123922 0.037641625759452228 0.0050456229362020322 0.061364347750594919 -0.034022659689392602 -0.048574744737313963 -0.036772070779489449 0.089040249887478412 -0.0021639672633986824
leaf_weight=24.422398453869391 96.858598070917651 24.072192401159555 6.9770730691961935 9.013985035009684 46.03314002091065 12.00350567069836 14.400609497097321 20.149626687169075 10.337430031970142 28.699888896197081 70.614073514007032 9.8606758341193181 23.844994902610779 23.902598451822996 10.28605566365877 40.557503722608089 8.4324869867414218 967.49841798399575 10.386393887922166 14.752345846616661 22.008998366072774 47.577895510941744 69.165127677610144 48.236900247633457 56.424644695129246 32.151361678726971 25.083881543832831 5.2382991854101411 8.9240033940877748 2758.3142534827348
leaf_count=1111 1733 171 44 75 485 972 245 133 118 183 765 50 124 171 218 382 104 9354 148 238 237 284 634 278 339 305 631 148 109 25122
internal_value=5.96097e-06 -0.012573 -0.023975 -0.0284874 -0.020219 -0.0353776 -0.00228157 0.0174323 0.000456117 -0.0114972 -0.0295435 0.0127792 -0.00818313 -0.0245329 0.00425186 0.00623697 0.0197563 0.00110663 0.0111044 0.0406753 0.00519847 0.05961 0.0147363 0.0187542 0.0354079 0.00635405 0.0183285 -0.0157078 0.0425053 -6.54873e-05
internal_weight=4546.23 157.073 133 126.023 101.601 72.4373 26.4041 29.1636 4389.16 226.536 129.941 96.5942 67.8943 58.0336 34.1311 59.3274 48.99 4162.62 436.808 72.7166 364.092 57.9643 267.233 245.224 104.662 140.563 108.411 39.2462 14.1623 3725.81
internal_count=44911 3236 3065 3021 1910 1702 1217 208 41675 2115 1369 746 563 513 342 604 486 39560 5084 670 4414 432 2681 2444 617 1827 1522 888 257 34476
is_linear=0
shrinkage=0.05


Tree=132
num_leaves=31
num_cat=0
split_feature=3 7 6 18 20 17 17 4 19 3 3 20 19 15 6 17 18 17 3 18 21 17 17 18 3 4 17 3 18 2
split_gain=10.0335 10.0581 13.8886 16.913 13.5638 16.71 14.7352 16.6786 19.8247 11.8325 11.0022 10.4987 50.9023 57.4209 48.4861 54.5341 38.9137 56.3035 34.3788 29.0003 26.7816 37.3032 22.674 20.1644 19.2324 32.5385 28.6651 29.1452 26.0025 23.7392
threshold=0.075000000000000025 -0.10000000000000005 0.0021349740073445781 -9.2866554143804565e-06 -0.00011739953942622068 0.00025750000000000008 0.00027450000000000006 -0.5249999999999998 -0.00033449999999999994 0.37500000000000006 0.31500000000000006 -0.00017670894625406057 -7.149999999999999e-05 5.1500000000000005e-05 0.0017533259781095641 0.0001975 -7.9241281319523174e-05 0.00029350000000000009 0.70500000000000007 -0.00028838749604644722 1.0000000180025095e-35 0.00031450000000000006 0.00034050000000000004 0.00013073756142704509 0.38500000000000006 -0.3249999999999999 0.00030450000000000003 0.72500000000000009 -1.0000000180025095e-35 0.67964078501583491
decision_type=2 2 2 2 2 2 2 2 2 2 2 2 2 2 2 2 2 2 2 2 2 2 2 2 2 2 2 2 2 2
left_child=-1 2 3 9 11 -6 -7 -8 -9 10 -2 -3 14 -14 19 18 17 -15 -16 -13 -17 -22 -19 -20 25 -21 29 28 -28 -26
right_child=1 4 -4 -5 5 6 7 8 -10 -11 -12 12 13 16 15 20 -18 22 23 24 21 -23 -24 -25 26 -27 27 -29 -30 -31
leaf_value=-0.051867233128785876 0.00067458905938493627 0.0013189776225503384 0.029431722692345674 -0.032935746518341184 0.048266503262003269 -0.04608423643651708 -0.048014681453519135 -0.013874363074737868 0.045685594306501966 -0.016449292123133348 0.052130029198189987 -0.063479577679638369 -0.04812817924553766 -0.052771350407309237 -0.025644458776458875 -0.029623523714769964 0.061159418090523249 0.052481538475867555 -0.016635352510802972 0.063405801092891317 0.06479700082964765 -0.053673703538997468 -0.024960950131965132 0.075820604699427807 0.049088736095985838 -0.050044612447929265 0.048003971380412805 -0.047127617855185037 -0.057013202441833333 -0.031065502626180203
leaf_weight=9.3035297661554051 35.717212505638599 3467.7943925744039 19.761365661630407 76.071029943646863 32.063617000938393 11.772885487764141 9.2773853540420514 21.973403525247704 38.364691771566868 66.858615029603243 14.649415485560892 9.801635090261696 122.52210239134729 44.405332919210196 17.417433027178049 180.85223397682421 21.987363114953041 29.201456930488348 7.230576380621641 9.3200057633221167 18.496480482164774 10.369610283640212 13.974992021918295 31.983331650495529 122.30292524769902 19.635206617414951 29.746054127812386 20.469339442090131 7.3509638309478751 9.9921799749135953
leaf_count=797 196 34209 148 472 294 77 53 722 327 367 83 79 967 402 141 2591 107 247 121 83 139 578 172 153 699 157 172 182 84 92
internal_value=3.83914e-06 0.000110573 -0.0104941 -0.0145759 0.000635005 0.0176943 0.00565009 0.014399 0.0239956 -0.00266161 0.0156407 0.000173628 -0.00528925 -0.0246095 0.00377005 -0.0107283 0.00168947 -0.0132404 0.0328096 0.0206613 -0.0224851 0.0222386 0.0274156 0.0587728 0.0244302 -0.0135276 0.0302191 0.000767037 0.0271943 0.0430347
internal_weight=4530.67 4521.36 213.058 193.296 4308.31 113.452 81.3884 69.6155 60.3381 117.225 50.3666 4194.85 727.059 232.091 494.968 266.35 109.569 87.5818 56.6313 228.618 209.718 28.8661 43.1764 39.2139 218.817 28.9552 189.861 57.5664 37.097 132.295
internal_count=44911 44114 1266 1118 42848 1473 1179 1102 1049 646 279 41375 7166 1895 5271 3723 928 821 415 1548 3308 717 419 274 1469 240 1229 438 256 791
is_linear=0
shrinkage=0.05


Tree=133
num_leaves=31
num_cat=0
split_feature=15 4 17 20 19 17 20 20 7 6 1 17 4 17 17 17 20 3 6 19 17 5 8 3 2 17 17 19 20 6
split_gain=9.67474 25.39 22.2827 17.0028 11.5663 16.6413 12.792 11.162 11.6549 11.9618 13.0196 12.9599 12.6639 26.3276 26.2426 37.163 26.1525 21.1884 20.8905 18.9406 35.9236 18.9173 18.1708 17.3934 17.2642 16.9933 67.6904 61.5113 71.262 61.9975
threshold=-0.00034249999999999998 -0.019999999999999931 0.00030950000000000004 -0.00026543411761213671 -0.00039949999999999995 0.00029450000000000006 -0.00013633585466827239 -0.00035270728418638852 0.039999999999999959 -0.045340224111544439 28.465000000000003 0.00016350000000000004 -0.3249999999999999 0.00036650000000000002 0.00028950000000000004 0.00025850000000000005 -0.00024221287113372744 0.17500000000000002 -0.025465211265235339 0.00015750000000000001 0.00026250000000000009 0.47500000000000014 -0.15999999999999992 0.25500000000000006 0.32953269694590537 0.00019550000000000001 0.00021850000000000003 -9.549999999999999e-05 -0.00018102655292775034 -0.0034728277666948941
decision_type=2 2 2 2 2 2 2 2 2 2 2 2 2 2 2 2 2 2 2 2 2 2 2 2 2 2 2 2 2 2
left_child=1 2 -1 -4 5 6 -3 -2 9 10 -9 -12 13 14 15 21 -17 18 -16 23 -21 -11 -18 -14 -20 27 -27 28 -25 -29
right_child=7 4 3 -5 -6 -7 -8 8 -10 12 11 -13 19 -15 17 16 22 -19 24 20 -22 -23 -24 25 -26 26 -28 29 -30 -31
leaf_value=0.050984706881879428 -0.025357957850800819 0.041906095384254452 0.053061791642960481 -0.037940210177455677 -0.042389582179849901 -0.038284981571352898 -0.049416021120777871 0.032013612068860921 0.0077840837322637087 0.047374885633080607 0.026868217902196703 -0.032659514625787485 -0.029381643109406521 -0.029738131530480202 0.036611210964582031 0.027017809016555452 0.01608987889978877 0.053935043793146842 0.037682800570090158 -0.053601859409435564 0.063130148066710273 -0.011619376494298433 -0.05597357180774435 -0.023304153050330047 -0.065301666261477334 -0.028421273703480861 0.00065065323005004288 0.038929252880243209 0.029582109858369999 0.0043647562244826391
leaf_weight=24.288665682077408 41.545299107441679 17.70171919325367 6.8703848682343986 20.295572376810014 55.144082036102191 23.009818863589317 4.89503204752691 11.419209342449902 509.67314018768957 44.605152331292629 10.494859166443346 70.99774848180823 50.403556635603309 35.649768538540229 27.776514502242208 19.274234343320131 11.045671343803404 61.49168861284852 6.0235787145793465 37.073589777573943 8.0158660057932121 19.542186046019197 42.042946632951498 266.1372369939927 12.544753270223735 220.39093507640064 2188.2813750820933 194.38567500188947 83.737348360009491 390.0658644172363
leaf_count=156 624 352 56 154 566 1832 120 59 4288 353 74 870 372 689 216 174 53 506 55 619 78 138 280 3613 99 2622 20331 1751 625 3186
internal_value=2.68751e-06 -0.0123889 0.0161868 -0.0149254 -0.0269829 -0.00835436 0.0221234 0.000435013 0.000683001 -0.000266579 -0.017987 -0.0249934 0.000176191 0.0104015 0.0162579 0.00169418 -0.0228684 0.034694 0.00916442 -0.00065646 -0.0328496 0.0294026 -0.04098 -0.000228697 -0.0318934 0.000210852 -0.0020094 0.0059346 -0.0106466 0.0158607
internal_weight=4514.82 152.205 51.4546 27.166 100.751 45.6066 22.5968 4362.62 4321.07 3811.4 92.9118 81.4926 3718.49 279.996 244.347 136.51 72.3629 107.837 46.3448 3438.49 45.0895 64.1473 53.0886 3393.4 18.5683 3343 2408.67 934.326 349.875 584.452
internal_count=44911 3236 366 210 2870 2304 472 41675 41051 36763 1003 944 35760 2563 1874 998 507 876 370 33197 697 491 333 32500 154 32128 22953 9175 4238 4937
is_linear=0
shrinkage=0.05


Tree=134
num_leaves=31
num_cat=0
split_feature=3 7 10 6 4 1 17 4 0 6 19 19 5 0 17 6 0 17 17 17 17 17 1 0 15 19 3 6 4 15
split_gain=9.3535 9.31008 10.22 11.355 19.3666 11.0091 21.331 21.3297 33.2919 32.4584 29.1797 21.2846 33.5659 48.0691 47.4599 46.4643 35.4314 59.8007 60.102 41.8909 85.7211 35.9896 34.5699 48.3056 34.4997 33.8524 67.0657 48.3971 47.8916 47.7801
threshold=0.075000000000000025 -0.215 3.7117411157938691 0.014111639718916234 0.19500000000000003 83.395000000000024 0.00036850000000000007 -0.215 99.500000000000014 -0.04817297608130832 5.1500000000000005e-05 0.00012050000000000002 0.28500000000000009 167.50000000000003 0.00029650000000000005 -0.043271302985670612 175.50000000000003 0.00022750000000000003 0.00024950000000000005 0.00023450000000000004 0.00025250000000000007 0.00014650000000000001 26.875000000000004 245.50000000000003 -2.0499999999999997e-05 -7.0499999999999992e-05 0.54500000000000015 0.00080738080131151195 0.25500000000000006 1.8500000000000006e-05
decision_type=2 2 2 2 2 2 2 2 2 2 2 2 2 2 2 2 2 2 2 2 2 2 2 2 2 2 2 2 2 2
left_child=-1 -2 3 4 -3 11 7 8 10 -10 -7 12 16 14 -14 -15 17 25 -19 21 -21 -18 23 24 -23 26 -4 -28 29 -29
right_child=1 2 5 -5 -6 6 -8 -9 9 -11 -12 -13 13 15 -16 -17 19 18 -20 20 -22 22 -24 -25 -26 -27 27 28 -30 -31
leaf_value=-0.051772260170211387 -0.021041372075630803 0.0059549184620969475 -0.054492352454948684 0.027448135651258528 -0.050739712108917569 0.019554652114681478 -0.038174771345454675 -0.0070718465106685436 -0.051781400297082947 0.044663530440480811 -0.023166745685429899 0.021687965965125799 -0.053094425326279206 -0.065743738850761804 0.0066262867843193633 0.055707381692033799 0.0052522369528346189 -0.029899058613486563 0.0042173822017816968 0.0500504641009792 -0.0076700921156847741 0.024957672698059829 -0.046839068939510883 -0.059663532516141128 -0.043453347287009239 0.034665358574144364 0.066019412817746134 -0.016318130215063925 0.07558111778381979 0.071831363199987661
leaf_weight=8.706555762793867 51.465829560998827 491.02045825170353 36.567393928766251 58.687785831396468 15.539661296410484 72.471501549705863 45.641512234404217 849.91824311576784 9.8018150478601438 79.325911439955235 89.122985899448395 120.68620317801833 100.07470861822367 10.356603253632782 49.8328498005867 32.867109477519989 109.06780602782965 147.60270226793364 1029.4136878183344 81.439946196740493 306.04162813269068 72.53773838840425 133.46270454267506 36.824758933857083 24.705853320658207 231.42574663087726 43.186525497585535 117.48913930542767 21.484170335577801 17.686778355389833
leaf_count=797 287 3889 272 765 226 575 2192 11245 132 834 619 1067 637 86 387 214 1046 1059 9158 482 3059 592 1617 398 162 1531 268 1011 201 103
internal_value=1.86127e-06 0.000102352 0.000347753 0.00662785 0.00421571 -0.00056974 -0.00468031 -0.00329136 0.00952404 0.034057 -0.00400716 0.00116081 0.000208747 -0.0198473 -0.0332418 0.0266071 0.0018167 0.00594962 -6.096e-05 -0.00708035 0.00446148 -0.0189557 -0.0288249 -0.010892 0.00757707 0.0210714 0.0077642 0.0191557 0.00623681 -0.00478441
internal_weight=4494.46 4485.75 4434.28 565.248 506.56 3869.04 1146.28 1100.64 250.722 89.1277 161.594 2722.75 2602.07 193.131 149.908 43.2237 2408.94 1644.86 1177.02 764.08 387.482 376.599 267.531 134.068 97.2436 467.84 236.414 199.847 156.66 135.176
internal_count=44911 44114 43827 4880 4115 38947 15597 13405 2160 966 1194 23350 22283 1324 1024 300 20959 13603 10217 7356 3541 3815 2769 1152 754 3386 1855 1583 1315 1114
is_linear=0
shrinkage=0.05


Tree=135
num_leaves=31
num_cat=0
split_feature=20 20 19 19 17 17 17 18 18 17 18 17 19 6 5 17 4 15 5 19 17 14 2 2 19 3 20 19 20 0
split_gain=11.2367 27.7981 27.6901 55.9994 33.8279 56.1142 55.4345 43.6043 43.8115 43.3721 49.7172 40.4531 42.7783 37.4734 32.2736 31.4873 70.548 37.176 45.4017 34.9049 33.2711 29.4039 24.6226 41.1206 23.4857 42.6478 42.1464 42.0183 58.8375 34.8773
threshold=-0.00024888625845880815 -0.00026464734331376377 -2.8499999999999998e-05 2.0500000000000004e-05 0.00031650000000000005 0.00025850000000000005 0.00025450000000000006 -6.5662726973590249e-05 -1.0000000180025095e-35 0.00041050000000000006 5.0391335429845581e-05 0.00015550000000000001 -0.00039949999999999995 -0.0064607078373861461 0.17500000000000007 0.00027350000000000003 0.019999999999999938 -4.4999999999999993e-06 0.15500000000000003 0.00010150000000000001 0.00031650000000000005 -4.8499999999999993e-05 0.54852692027622574 0.18208792618861877 -3.8499999999999994e-05 0.51500000000000012 -0.00019241559782224695 -5.6499999999999998e-05 -0.00015955781798437991 81.500000000000014
decision_type=2 2 2 2 2 2 2 2 2 2 2 2 2 2 2 2 2 2 2 2 2 2 2 2 2 2 2 2 2 2
left_child=1 2 4 14 5 6 7 -1 21 10 13 -10 -13 -6 -4 16 17 18 -5 -18 -17 -9 23 -16 27 -26 29 -2 -29 -27
right_child=24 -3 3 15 9 -7 -8 8 11 -11 -12 12 -14 -15 22 20 19 -19 -20 -21 -22 -23 -24 -25 25 26 -28 28 -30 -31
leaf_value=0.040441495856553177 0.0022345956325771623 -0.015227221202740239 0.050844634829014336 0.044205851503497692 -0.026146837822734866 -0.045550678952519935 0.061443879708428933 0.063995676911663926 0.046160594681100758 -0.018389913224882166 -0.040846553792398183 0.062615785430016807 -0.030383206417433219 0.05685341213526638 0.061042793932596796 0.058896587513807934 0.057612876843672473 -0.050550880202238149 -0.073578875234580066 -0.058911144378526438 -0.00112684794130925 -0.053877854884399792 0.039010140742764772 -0.059491747377343945 0.0015598674229150723 -0.0322863068208986 -0.050324755371338681 0.038914437312801892 -0.041242096099618514 0.016315129703003806
leaf_weight=35.671845575794578 2008.4081459181034 386.75008305144729 100.20148994401097 26.346528090536594 16.205677878111601 109.33339519030415 29.51060364767909 5.650685009546577 33.875254351645708 80.649333753623068 21.13447860640008 14.440313479397444 86.054862640681677 84.542138827033341 10.057304471731184 34.069023702293634 37.744492230005562 97.543152887374163 11.86648643016815 7.7456672675907603 71.620545433601364 83.04785826895386 28.960460688918829 23.868432231247425 605.89253903809004 70.884730248712003 90.314060208387673 156.88843790069222 26.805212838575244 77.024089381098747
leaf_count=248 20866 4119 649 155 139 1816 163 60 358 1689 648 156 1472 521 63 306 365 767 79 95 681 935 177 159 5209 534 753 1111 183 501
internal_value=-0.000124664 -0.00376749 0.000452948 0.00982876 -0.00657791 -0.0150506 -0.00348197 -0.0108871 -0.0190952 0.0100546 0.0288763 -0.00109198 -0.01702 0.0435025 0.0332239 -0.0034685 -0.0161166 -0.0341741 0.00762955 0.0377722 0.0182217 -0.0463685 0.00514744 -0.0237592 0.0015993 -0.00548725 -0.0234108 0.00432813 0.0272177 -0.00697692
internal_weight=4473.11 1436.89 1050.14 450.024 600.116 397.585 288.251 258.741 223.069 202.532 121.882 134.37 100.495 100.748 163.088 286.936 181.246 135.756 38.213 45.4902 105.69 88.6985 62.8862 33.9257 3036.22 844.115 238.223 2192.1 183.694 147.909
internal_count=44977 15820 11701 3496 8205 5208 3392 3229 2981 2997 1308 1986 1628 660 1048 2448 1461 1001 234 460 987 995 399 222 29157 6997 1788 22160 1294 1035
is_linear=0
shrinkage=0.05


Tree=136
num_leaves=31
num_cat=0
split_feature=8 5 17 17 17 6 19 15 20 4 19 6 19 14 1 1 1 0 0 18 0 17 0 1 0 17 1 17 8 17
split_gain=10.5604 16.7211 17.601 16.7617 16.0032 17.7159 16.5044 21.9861 16.6408 37.5816 37.3723 25.5947 15.6489 13.7927 17.2386 14.154 13.7431 13.5375 22.8533 19.6885 25.0117 20.033 23.0227 22.3314 19.5107 18.3543 21.7646 27.3559 20.084 18.8822
threshold=0.069999999999999993 0.10500000000000005 0.00020250000000000002 0.00017250000000000005 0.00014150000000000005 0.021140612426438169 6.7500000000000014e-05 3.9500000000000005e-05 -0.00024374294388299536 0.019999999999999938 -1.5499999999999997e-05 -0.0049730661881593214 -5.449999999999999e-05 -8.9499999999999994e-05 28.465000000000003 144.52500000000003 22.805000000000003 23.500000000000004 40.500000000000007 -0.00010989351447633167 140.50000000000003 0.00019550000000000001 228.50000000000003 15.295000000000002 170.50000000000003 0.00021750000000000003 40.345000000000006 0.00042050000000000003 0.11500000000000003 0.00029050000000000007
decision_type=2 2 2 2 2 2 2 2 2 2 2 2 2 2 2 2 2 2 2 2 2 2 2 2 2 2 2 2 2 2
left_child=4 3 -3 13 6 -6 7 8 9 -1 -10 -12 -11 14 -2 -15 -7 -5 -19 20 -20 22 23 -21 -25 -23 27 29 -28 -27
right_child=1 2 -4 17 5 16 -8 -9 10 12 11 -13 -14 15 -16 -17 -18 18 19 21 -22 25 -24 24 -26 26 28 -29 -30 -31
leaf_value=-0.052848262606153287 -0.062939113698976465 0.065995938824945907 0.013993750066645085 0.035309330528720421 -0.0015495889971225733 0.1075195034790165 -0.041099642447279795 0.056943422312101089 0.041121721762393808 -0.034264939735452235 0.055380140931599146 -0.062379890745708502 0.05702754345488769 -0.049280483261043923 0.057351549653077954 0.012775253473824936 -0.039537799410306676 -0.032010190413639249 0.059592189536718104 0.095602827095173315 -0.033617379203163704 -0.046900034956689901 -0.05682600502736445 0.043376537096264101 -0.040448176772087896 0.0004833210531075413 0.0028882858000329418 0.048410208017102378 0.05587763760775908 -0.028984349234056489
leaf_weight=27.904086802154779 4.2520896047353736 18.91954492777586 116.27001795731485 33.87277154950425 3498.386448590667 1.6523692263290275 13.03792195394635 29.003555495291948 67.338931457139552 6.4131691805087057 6.2444202415645149 17.673971988260746 17.512140735983849 38.47742329351604 9.9427288989536446 12.07153878174722 41.254192510037683 43.392698649782687 32.250315632671118 13.981646746397017 9.264778458978979 21.257207391783595 6.6772510651499024 25.991058195009828 9.4713541436940414 139.2865871990798 42.92303169274237 21.15812500519678 30.651210099225864 89.162169002112933
leaf_count=226 43 119 853 261 33958 12 190 339 950 69 127 129 269 331 129 200 2152 438 261 69 137 333 94 193 75 923 610 285 305 897
internal_value=-0.000121432 0.00542532 0.0212714 0.00175766 -0.00119207 -0.00194124 0.0131388 0.017248 0.00920179 -0.0134239 0.022052 -0.0316361 0.0325566 -0.0222316 0.0213182 -0.034461 -0.0338745 0.0047483 0.00261595 0.00601474 0.0387909 0.00261773 0.0303191 0.0420877 0.0209885 -0.00189581 0.00106434 -0.00598028 0.0249638 -0.0110177
internal_weight=4445.69 719.274 135.19 584.084 3726.42 3541.29 185.128 172.09 143.087 51.8294 91.2573 23.9184 23.9253 64.7438 14.1948 50.549 42.9066 519.34 485.467 442.075 41.5151 400.56 56.1213 49.4441 35.4624 344.438 323.181 249.607 73.5742 228.449
internal_count=44977 6556 972 5584 38421 36122 2299 2109 1770 564 1206 256 338 703 172 531 2164 4881 4620 4182 398 3784 431 337 268 3353 3020 2105 915 1820
is_linear=0
shrinkage=0.05


Tree=137
num_leaves=31
num_cat=0
split_feature=20 20 19 19 17 17 18 18 17 18 17 6 17 19 5 17 4 15 5 19 17 14 1 19 5 5 15 4 18 19
split_gain=10.0914 31.8574 25.1782 51.1076 30.8829 52.7164 50.7923 63.8211 40.8663 45.3714 38.913 34.4162 30.4054 41.3101 29.5793 28.8628 65.8723 34.2809 40.9806 32.0125 28.6439 28.6312 27.2982 24.4142 40.8622 50.8008 37.2242 33.4325 33.1574 31.5424
threshold=-0.00025170453059341626 -0.00026464734331376377 -2.8499999999999998e-05 2.0500000000000004e-05 0.00031650000000000005 0.00025850000000000005 4.4157529961547829e-05 -6.5662726973590249e-05 0.00041050000000000006 5.0391335429845581e-05 0.00025450000000000006 -0.0064607078373861461 0.00015550000000000001 -0.00039949999999999995 0.17500000000000007 0.00027150000000000004 0.019999999999999938 -4.4999999999999993e-06 0.15500000000000003 0.00010150000000000001 0.00031650000000000005 -8.7499999999999986e-05 12.255000000000001 -3.0499999999999999e-05 0.19500000000000003 0.26500000000000012 0.00022750000000000003 -0.40499999999999986 -0.00012742041198005269 0.00012050000000000002
decision_type=2 2 2 2 2 2 2 2 2 2 2 2 2 2 2 2 2 2 2 2 2 2 2 2 2 2 2 2 2 2
left_child=1 2 4 14 5 6 7 -1 9 11 12 -6 -8 -14 -4 16 17 18 -5 -18 -17 -9 -22 -2 -25 -26 28 29 -27 -28
right_child=23 -3 3 15 8 -7 10 21 -10 -11 -12 -13 13 -15 -16 20 19 -19 -20 -21 22 -23 -24 24 25 26 27 -29 -30 -31
leaf_value=0.038785948682259222 0.0040286588859297584 -0.017820385332693114 0.049059038987048283 0.041743999588922748 -0.025096015429622864 -0.044634411852341349 0.048411081741209741 0.026915142072063081 -0.018026121029706479 -0.039985932326611823 0.077050948758200483 0.054885246583028728 0.061343457380593186 -0.036760346515499753 0.0049158483924227996 0.053821125136355154 0.056507231502634647 -0.050176891403052405 -0.071875285143792614 -0.058123848517473042 -0.072818005233970515 -0.045413513210016535 0.012163419221374325 -0.020028523129777098 0.036009022386640409 -0.034229975273359844 -0.038094237000213943 0.057409979655455329 0.0045289651683241543 0.019531512212402114
leaf_weight=35.376370688900352 2316.4307832421036 309.13022805034416 98.476701872423291 25.712468467652798 16.029691606760025 105.73143622465432 29.474634786136448 15.513999197632073 79.930594185949303 20.308392279781401 25.375587154645473 83.580095606856048 14.033943086396901 45.587976452545263 61.741956107318401 35.435869947075844 36.217533145099878 92.369759906083345 11.479376271367071 7.3217916805297127 11.20593139156699 115.88542319927365 60.303144314559177 317.07070536958054 94.337845910340548 129.90425635455176 34.856709549203515 34.835369519889355 95.925747215747833 74.502249391516671
leaf_count=248 23234 3404 649 154 139 1816 294 135 1689 648 119 521 156 941 399 320 365 754 79 95 68 1499 613 2695 781 1117 252 306 648 839
internal_value=-0.000116005 -0.00374793 0.000487547 0.00952563 -0.00629322 -0.0145361 -0.00322109 -0.0208249 0.00966803 0.0281274 0.0224262 0.0420143 0.0068685 -0.0136684 0.032048 -0.00335977 -0.0159767 -0.033857 0.00667506 0.0372303 0.017062 -0.0368739 -0.00115372 0.00145058 -0.00619173 0.00325616 -0.00509419 0.0147523 -0.0177664 0.00116407
internal_weight=4434.09 1336.22 1027.09 440.265 586.828 386.979 281.248 166.776 199.849 119.918 114.472 99.6098 89.0966 59.6219 160.219 280.046 173.101 129.562 37.1918 43.5393 106.945 131.399 71.5091 3097.86 781.433 464.362 370.024 144.194 225.83 109.359
internal_count=44977 15105 11701 3496 8205 5208 3392 1882 2997 1308 1510 660 1391 1097 1048 2448 1447 987 233 460 1001 1634 681 29872 6638 3943 3162 1397 1765 1091
is_linear=0
shrinkage=0.05


Tree=138
num_leaves=31
num_cat=0
split_feature=17 17 6 5 0 18 17 5 17 0 17 16 18 19 17 4 1 0 1 6 19 15 5 19 19 17 17 20 16 8
split_gain=10.1785 26.5197 27.543 31.8123 35.2549 24.9615 24.455 35.0467 33.4606 52.84 35.2871 41.8895 31.9677 27.2754 23.3717 21.2309 58.3554 20.8358 20.5061 20.0899 51.4185 30.1586 18.0819 17.6826 38.6656 30.0488 30.3209 56.4667 29.0861 24.0848
threshold=0.00038150000000000006 0.00055850000000000008 0.0047063439851740135 0.3650000000000001 143.50000000000003 -9.8404200727274756e-05 0.00035950000000000006 0.58500000000000019 0.00034050000000000004 253.50000000000003 0.00033150000000000003 -1.0000000180025095e-35 5.7465957210911486e-05 -0.00025649999999999995 0.00057950000000000005 0.0099999999999999829 65.865000000000023 79.500000000000014 12.255000000000001 -0.023381552098277761 -1.3499999999999998e-05 8.5500000000000018e-05 0.0099999999999999829 -0.00032449999999999997 -0.00029849999999999994 0.00041950000000000006 0.00044250000000000002 -0.00024888625845880815 0.00058950000000000007 0.079999999999999988
decision_type=2 2 2 2 2 2 2 2 2 2 2 2 2 2 2 2 2 2 2 2 2 2 2 2 2 2 2 2 2 2
left_child=6 19 3 4 -3 -6 8 12 10 -10 -1 -12 17 22 -7 16 -15 18 -8 -2 21 23 -13 -21 -25 28 27 -27 -26 -28
right_child=1 2 -4 -5 5 14 7 -9 9 -11 11 13 -14 15 -16 -17 -18 -19 -20 20 -22 -23 -24 24 25 26 29 -29 -30 -31
leaf_value=2.852539963691849e-05 -0.062521854507746166 0.03583464025729742 -0.051589204065675368 -0.041852006446154055 -0.060252499339527137 0.088122084539446449 -0.031871264093408284 -0.060977056796163234 -0.03481286896861252 0.072083990281264818 -0.063533984019748455 0.06266275928849728 -0.058564556970477168 0.057154653057406406 -0.038029087083089469 0.068516534374086599 -0.0722406938221479 0.062515281190042182 0.040600916947003449 -0.054849006742868002 0.058227464919624022 -0.054483764786902089 -0.069790111713201028 0.060528417899997335 -0.059892371834662006 -0.050787321362891824 -0.047202432218499957 0.065915580824023087 0.061893849744978538 0.044150790664074173
leaf_weight=3581.3903096772847 22.266443009022623 111.56933074793778 17.841619746468496 22.296856433153152 19.053303653839976 7.5136116147041303 14.975637584924696 11.089318943675606 120.64718798291869 12.785501755774019 11.3515711389482 3.6172817532205945 8.8039520746096951 31.103854786604643 7.1801108642248437 51.118279993534088 12.104131394997237 51.47209158539772 28.029696643352509 20.044683531974442 23.041505303233862 49.967776178498752 8.9570224796188977 19.71778442338109 43.070955994538963 15.019023939967154 34.059540180489421 33.448890656232834 5.5323616713285437 9.1541411057114583
leaf_count=33308 322 1083 1830 168 249 35 86 562 2093 75 176 81 266 190 343 269 100 355 159 996 129 597 146 126 516 129 301 166 32 89
internal_value=-0.000112406 -0.00714461 0.0074708 0.0137575 0.02229 -0.0224893 0.00070845 0.0234915 2.8653e-05 -0.02457 0.000915838 0.027789 0.0325609 0.0374865 0.0264781 0.0467077 0.0209063 0.0410525 0.0153641 -0.0169894 -0.012983 -0.0201164 -0.0316871 -0.0105786 -0.00503254 -0.0142475 0.00260136 0.0297522 -0.0460298 -0.0278507
internal_weight=4408.22 460.778 185.455 167.613 145.316 33.747 3947.45 114.371 3833.08 133.433 3699.64 118.252 103.281 106.901 14.6937 94.3263 43.208 94.4774 43.0053 275.323 253.057 230.015 12.5743 180.047 160.003 140.285 91.6816 48.4679 48.6033 43.2137
internal_count=44977 7111 3708 1878 1710 627 37866 1428 36438 2168 34270 962 866 786 378 559 290 600 245 3403 3081 2952 227 2355 1359 1233 685 295 548 390
is_linear=0
shrinkage=0.05


Tree=139
num_leaves=31
num_cat=0
split_feature=8 5 18 17 17 6 19 14 17 20 8 8 17 4 18 3 4 19 15 20 3 19 2 19 20 19 20 17 15 19
split_gain=9.69841 15.3476 16.0648 15.264 15.2439 16.4436 15.6236 22.5398 13.8482 13.7779 13.1375 18.4795 19.5836 30.9715 32.0636 27.0009 23.3661 28.7033 39.8201 30.5463 46.984 36.8614 22 22.8739 38.4557 36.7823 34.0538 27.8561 33.7668 33.4139
threshold=0.069999999999999993 0.10500000000000005 -5.9489915641130021e-05 0.00017250000000000005 0.00014050000000000003 0.021140612426438169 6.7500000000000014e-05 4.500000000000001e-06 0.00030350000000000006 -0.00026618781712603494 0.01499999999999996 -0.040000000000000008 0.00018850000000000003 -0.060000000000000032 -0.00012206771390142442 0.16500000000000004 0.23000000000000004 -0.00010349999999999998 1.5000000000000002e-06 -0.00017414641810937253 0.47500000000000003 7.9500000000000021e-05 0.24524831427658231 -0.00012849999999999995 -0.00017353174289899884 -0.00024949999999999994 -0.00017197815891411652 0.00027050000000000007 3.750000000000001e-05 2.8500000000000005e-05
decision_type=2 2 2 2 2 2 2 2 2 2 2 2 2 2 2 2 2 2 2 2 2 2 2 2 2 2 2 2 2 2
left_child=4 3 -3 -2 6 10 7 -1 -7 -9 11 -6 13 14 -13 -16 17 -15 19 20 21 -19 23 24 25 -14 27 29 -29 -25
right_child=1 2 -4 -5 5 8 -8 9 -10 -11 -12 12 22 16 15 -17 -18 18 -20 -21 -22 -23 -24 26 -26 -27 -28 28 -30 -31
leaf_value=0.0034820468906665899 -0.021436471409491856 0.007756104813512528 0.044032092051401385 0.0045620741874755257 -0.0044083109482202006 -0.04783958168056298 -0.04045061982165838 -0.022259279134898009 0.023919990021890252 0.05217545500333029 -0.0064434525228172146 -0.054941728405722083 0.021192918353890124 -0.05224252776712876 -0.064250804799093217 0.055252696498674508 0.053441989291490223 -0.067626222710753317 -0.04672630338850977 -0.056513385540432948 0.045277280249907313 0.064981838060020003 0.0013822187004358321 0.05050105031837341 0.034553487644916503 -0.027805015976910614 -0.045675864047142127 -0.044074509887947345 0.040686001919342248 -0.021036231519204068
leaf_weight=99.961473054951057 63.453824548050761 86.986340053379536 47.014789903536439 511.92321818915661 1104.1033635634813 32.920667324739043 12.429036578163503 7.1026793941855422 8.4485634296433982 49.847874198108912 961.39389949804172 10.408343181014059 62.300056880747434 52.692648826166987 5.3202278614044181 42.368279624730349 11.27966847270727 20.561252694576982 48.295181568711996 15.375746317207811 58.70125250145793 7.0330193489789954 673.33265313331503 141.91970639675856 74.153837413294241 99.434999954886734 14.994341213256119 23.392062310129404 23.609544549137354 18.444500230252743
leaf_count=1324 703 599 373 4881 8299 1768 190 79 426 583 10599 122 835 885 46 424 60 182 457 134 410 43 8723 889 573 826 82 149 177 136
internal_value=-0.000108972 0.00524409 0.0204837 0.0016949 -0.00114091 -0.00184772 0.0135114 0.0177858 -0.0331846 0.0428922 -0.00147403 0.000431122 0.00423788 -0.00780754 0.0245673 0.0419206 -0.0165992 -0.0204976 -0.00934355 0.00841375 0.0199822 -0.0338281 0.00713364 0.0155845 0.00473868 -0.0089311 0.0270903 0.0323519 -0.00149816 0.0422731
internal_weight=4389.2 709.378 134.001 575.377 3679.82 3510.48 169.341 156.912 41.3692 56.9506 3469.11 2507.72 1403.62 272.036 58.0969 47.6885 213.939 202.659 149.966 101.671 86.2955 27.5943 1131.58 458.249 235.889 161.735 222.36 207.366 47.0016 160.364
internal_count=44977 6556 972 5584 38421 36245 2176 1986 2194 662 34051 23452 15153 2763 592 470 2171 2111 1226 769 635 225 12390 3667 2234 1661 1433 1351 326 1025
is_linear=0
shrinkage=0.05


Tree=140
num_leaves=31
num_cat=0
split_feature=4 10 1 15 20 6 4 3 15 17 1 17 17 16 6 19 19 14 15 1 14 16 2 8 2 4 20 17 19 2
split_gain=10.3353 10.3113 10.1893 19.2215 9.87956 9.68519 17.0571 9.23388 8.90714 9.56543 22.2027 19.2605 23.7932 28.9633 26.1798 14.9461 18.193 11.8314 24.2936 21.8649 18.8628 20.7806 19.9291 22.6744 33.8904 32.7356 20.4603 30.486 16.594 23.8899
threshold=0.33500000000000013 3.7117411157938691 204.60500000000005 0.00022050000000000002 -0.00030384566244841412 0.014111639718916234 0.19500000000000003 0.84500000000000008 0.00071250000000000013 0.00069750000000000009 56.345000000000006 0.00062850000000000004 0.00056450000000000011 -0.0016644999999999997 0.0015937109480967722 -0.00063249999999999992 -0.00059549999999999989 0.00017950000000000003 -0.00015049999999999997 142.04500000000004 2.7500000000000001e-05 -0.0005244999999999999 0.56841883569608864 -0.049999999999999996 0.60213720282222305 0.15000000000000002 -0.00032715410788257897 0.00028550000000000005 -0.00039549999999999996 0.20218935964592036
decision_type=2 2 2 2 2 2 2 2 2 2 2 2 2 2 2 2 2 2 2 2 2 2 2 2 2 2 2 2 2 2
left_child=1 4 8 -4 -1 6 -6 -7 9 11 -11 12 13 -3 -14 -15 -17 20 -19 28 -18 -22 26 24 -24 -25 27 -23 -20 -30
right_child=-2 2 3 -5 5 7 -8 -9 -10 10 -12 -13 14 15 -16 16 17 18 19 -21 21 22 23 25 -26 -27 -28 -29 29 -31
leaf_value=-0.023414447995333057 -0.051887093232209663 -0.057348116061582771 -0.043681130783100881 0.041125278642419563 0.007064616846946409 0.035658088645805545 -0.052002863454452479 -0.026544517135193176 -0.044158105362672603 0.053947686695319921 -0.055190893324162653 -0.040462525179534553 0.04354370305133877 -0.048749953713251234 -0.043278143016870337 0.046086395612286703 0.00087135700281393996 0.083087305464758218 -0.053481425602707994 0.050305518486327527 0.049054023025743652 0.060233342324489486 0.05436009971735474 0.027040824676620868 -0.03812961631000053 -0.043078945126233184 -0.014503885795512579 -0.059308086216277991 0.032719974187461996 -0.0074020786353229387
leaf_weight=26.641614990425296 9.613600161042994 22.618338566855527 31.897722606139723 8.4517878103069943 472.69405350286979 47.369272095849738 12.546606847085057 6.8260983851505435 11.73049165541306 20.649453297723088 6.0181614959728895 30.259855046053417 54.299534192308784 16.038814598228782 10.335168051067738 20.946352049475536 2451.4546890652273 10.957218009978531 13.074574209749697 25.371544070541859 15.884700375609098 20.607321549206976 12.376540638506411 115.07462600339204 49.586149306036532 19.459552448242903 651.05112593085505 7.1957192979753009 53.548814851790667 120.79134470038116
leaf_count=357 982 664 750 69 3766 450 144 184 645 280 803 859 442 1589 306 240 23188 75 197 197 146 141 80 887 376 378 5244 79 411 1072
internal_value=-0.000101158 1.28769e-05 -0.000925033 -0.0259172 0.0063084 0.00777635 0.00553734 0.0278235 -0.000656788 -0.000520623 0.0293181 -0.000734474 -0.000408744 -0.000944738 0.0296608 -0.000590699 -0.000375384 -0.000648263 0.010483 0.00674428 -0.00139333 -0.00762265 -0.00865114 0.00537161 -0.0196556 0.0168984 -0.0127101 0.0292948 0.000847116 0.00492146
internal_weight=4375.37 4365.76 3799.68 40.3495 566.078 539.436 485.241 54.1954 3759.33 3747.6 26.6676 3720.93 3690.67 3626.04 64.6347 3603.42 3587.38 3566.43 223.743 212.786 3342.69 891.236 875.351 196.497 61.9627 134.534 678.854 27.803 187.415 174.34
internal_count=45001 44019 39118 819 4901 4544 3910 634 38299 37654 1083 36571 35712 34964 748 34300 32711 32471 1952 1877 30519 7331 7185 1721 456 1265 5464 220 1680 1483
is_linear=0
shrinkage=0.05


Tree=141
num_leaves=31
num_cat=0
split_feature=0 15 4 0 20 19 16 16 16 1 6 0 3 5 6 1 8 4 17 17 6 6 3 19 5 16 19 3 6 17
split_gain=12.6292 11.4631 27.6039 27.2131 14.3409 13.9948 10.7999 11.7415 14.6289 32.109 12.6166 12.4486 23.9072 24.6307 24.6963 21.5213 19.7449 18.0124 19.3163 22.3605 20.4604 15.3591 15.1707 22.3793 35.0392 25.2779 20.9959 20.4435 17.5038 28.5369
threshold=288.50000000000006 -0.00035149999999999998 -0.019999999999999931 236.50000000000003 -0.0002232474225568824 -6.8499999999999985e-05 -0.0040759999999999989 -0.0035259999999999996 -0.0019584999999999997 78.895000000000024 0.0017533259781095641 45.500000000000007 0.34500000000000003 0.075000000000000025 0.0047063439851740135 64.895000000000024 -0.215 0.27500000000000008 0.00034150000000000006 0.00027450000000000006 0.024541343945991261 0.032335227973539341 0.16500000000000004 0.00018950000000000003 0.57500000000000018 -1.0000000180025095e-35 0.00027650000000000005 0.095000000000000015 -0.043271302985670612 0.00016350000000000004
decision_type=2 2 2 2 2 2 2 2 2 2 2 2 2 2 2 2 2 2 2 2 2 2 2 2 2 2 2 2 2 2
left_child=1 2 3 4 -1 -4 -3 -8 9 10 -9 12 16 14 15 -14 -10 18 19 -16 -20 22 23 -13 27 -26 28 -25 29 -24
right_child=-2 6 5 -5 -6 -7 7 8 11 -11 -12 21 13 -15 17 -17 -18 -19 20 -21 -22 -23 26 24 25 -27 -28 -29 -30 -31
leaf_value=0.024574911954666101 0.060476934233559626 0.068730972809122368 -0.036340641983758325 0.063313648707096784 -0.050849619273543145 0.065573049280762727 -0.042440330019456768 0.065607769861667192 -0.019769594468249826 -0.07548892856015349 -0.019707272863635602 -0.063379433773571456 -0.048192422649830556 -0.027210475729560021 0.0090797276588934009 0.024750205669664894 0.041177262272954214 -0.049285338887538957 -0.024871674335087995 0.067881782506298838 0.085318895671407088 -0.05175973616762785 0.064870380644585876 -0.03710091140894211 0.049095572963597497 -0.049129242674617886 0.0496957614216628 0.057561656229173169 0.0017855117398140252 -0.036398534332121688
leaf_weight=11.57337756175548 8.5877492688596231 5.7456141600850961 79.334871285129339 18.425414562225342 13.836928767152129 3.5179089307785025 16.132932489737868 26.266732692485679 20.026570074260235 5.9099330645985892 5.1895834790775544 21.44579366594553 37.55229056533426 167.47392208827659 35.282417689450085 13.8387732245028 39.499647531891242 10.39920778875239 30.739962485618889 29.841371963731945 4.8817673902958623 13.798910297278779 7.9062054287642232 7.4783035856671658 7.8458702983334652 39.656039493624121 22.564087390899658 24.03168748691678 3577.0164781063795 57.915893405675888
leaf_count=102 58 166 2700 132 99 16 221 226 136 222 131 162 284 1319 350 110 291 294 393 161 32 1174 72 234 142 869 255 179 34015 456
internal_value=-9.77319e-05 -0.000217177 -0.0150369 0.0170498 -0.0164968 -0.0320134 0.000226838 0.000133628 0.000296907 0.0314427 0.0515327 1.77644e-05 -0.00849276 -0.0137535 0.000112228 -0.0285502 0.0206727 0.0133651 0.0198321 0.0360243 -0.00977065 0.000894868 0.00108781 -0.0180817 -0.00578675 -0.0329055 0.00161318 0.0350953 0.00131536 -0.0242346
internal_weight=4363.72 4355.13 126.689 43.8357 25.4103 82.8528 4228.44 4222.69 4206.56 37.3662 31.4563 4169.2 389.536 330.01 162.536 51.3911 59.5262 111.145 100.746 65.1238 35.6217 3779.66 3765.86 100.458 79.0119 47.5019 3665.4 31.51 3642.84 65.8221
internal_count=45001 44943 3049 333 201 2716 41894 41728 41507 579 357 40928 3370 2943 1624 394 427 1230 936 511 425 37558 36384 1586 1424 1011 34798 413 34543 528
is_linear=0
shrinkage=0.05


Tree=142
num_leaves=31
num_cat=0
split_feature=0 14 15 19 2 15 14 3 4 19 19 8 19 15 17 17 17 17 17 19 20 17 5 2 3 14 14 18 6 18
split_gain=11.3967 11.5803 12.564 16.5181 10.0861 14.863 13.5861 11.6214 18.9974 26.473 28.9311 38.8874 25.7841 24.5263 23.4524 20.7622 23.0386 18.5515 66.6058 53.2177 60.0655 44.109 46.9879 51.0888 43.4421 51.2839 35.7635 34.5298 56.0645 42.6994
threshold=288.50000000000006 -0.00035449999999999994 -0.00053649999999999998 -6.3499999999999985e-05 0.84582969157246979 8.2500000000000013e-05 0.00012550000000000004 0.16500000000000004 -0.3249999999999999 0.00018950000000000003 5.1500000000000005e-05 -0.20499999999999999 0.00015750000000000001 -9.449999999999998e-05 0.00026550000000000006 0.00029350000000000009 0.00038350000000000005 0.00019550000000000001 0.00021850000000000003 -9.3499999999999982e-05 -0.0001982504464039482 0.00019050000000000005 0.11500000000000006 0.12196484804480719 0.54500000000000015 -3.7499999999999997e-05 0.00010750000000000001 -0.00012493015994775964 -0.0096319882780495341 -0.00018806041702538047
decision_type=2 2 2 2 2 2 2 2 2 2 2 2 2 2 2 2 2 2 2 2 2 2 2 2 2 2 2 2 2 2
left_child=1 2 -1 -4 7 -6 -7 -3 9 10 13 -12 17 -9 -14 -13 -17 19 27 20 26 22 -21 -24 -22 -26 -10 28 -19 -30
right_child=-2 4 3 -5 5 6 -8 8 12 -11 11 15 14 -15 -16 16 -18 18 -20 21 24 -23 23 -25 25 -27 -28 -29 29 -31
leaf_value=0.025157837854578174 0.057444576674123574 -0.015873922302552489 -0.057459737945493909 0.075819667334964633 -0.04594061055987339 0.025671451165700437 -0.041873206249743715 -0.058508363218577955 -0.028855449794599045 0.046519475270774498 0.047668893550198141 -0.041882312047922893 -0.052970115920729914 0.032932413336035089 0.068200971537651187 0.060419119530767243 -0.039221257772805634 -0.057583905045011798 0.00053716816022350187 0.00030569863888967779 -0.061192232758142034 0.05081107392377765 -0.088184298566349059 0.038517892489699397 -0.0063093330082154425 0.055632090978931216 0.063703201342999199 -0.038585737983867781 -0.054123459431037246 0.069712343020824616
leaf_weight=8.3373357270029356 8.588962843641637 107.96126859367359 24.780709635524545 2.5654037334024933 29.213305737357587 22.097905602538958 11.2273060423322 7.9765414223074904 220.65487939189188 50.096726022660732 21.880382567644119 62.96731024980545 36.339433728717268 90.919440716505051 4.4862574674189082 12.289105068892242 10.988757889717816 22.735031574964523 2605.1216425103485 371.85540367849171 16.199425429105759 76.379010561853647 8.3743503689765912 159.28230915777385 65.063127424102277 68.701086648739874 10.954401623457668 174.29080678324681 9.0512875802814943 30.141649916768074
leaf_count=586 58 1659 770 12 438 165 107 49 3208 451 129 499 653 727 47 110 95 198 25405 3277 178 497 53 1578 677 536 66 2475 141 157
internal_value=-9.41996e-05 -0.000207993 -0.0285745 -0.0449565 2.70091e-05 -0.0199064 0.00291557 0.000320693 0.000743342 0.0139052 0.00601292 -0.0118631 -0.000128945 0.0255572 -0.0396549 -0.0269663 0.013382 0.000291413 -0.00176803 0.00615786 -0.00851492 0.0152483 0.0102137 0.0321892 0.0161386 0.0255037 -0.0244777 -0.0271907 0.00487964 0.0411135
internal_weight=4351.52 4342.93 35.6834 27.3461 4307.25 62.5385 33.3252 4244.71 4136.75 257.118 207.022 108.126 3879.63 98.896 40.8257 86.2452 23.2779 3838.8 2841.34 997.464 381.573 615.891 539.512 167.657 149.964 133.764 231.609 236.219 61.928 39.1929
internal_count=45001 44943 1368 782 43575 710 272 42865 41206 2060 1609 833 39146 776 700 704 205 38446 28376 10070 4665 5405 4908 1631 1391 1213 3274 2971 496 298
is_linear=0
shrinkage=0.05


Tree=143
num_leaves=31
num_cat=0
split_feature=0 14 19 16 0 14 18 1 21 17 17 18 1 18 20 18 17 17 0 6 17 20 0 14 2 19 3 14 17 0
split_gain=10.2919 10.7552 11.1544 12.177 14.2842 9.42772 15.8201 15.7369 13.6957 13.2534 17.9875 17.7336 30.9569 30.6328 27.3146 26.2807 25.2855 28.2326 28.0759 28.4871 23.7714 29.6676 29.2021 17.6314 15.3888 14.8974 22.4676 14.4169 14.2555 14.615
threshold=288.50000000000006 -0.00035449999999999994 -6.3499999999999985e-05 0.00025350000000000009 277.50000000000006 -0.00010849999999999999 0.00023854698223609529 134.01500000000001 1.0000000180025095e-35 0.00021550000000000001 0.00013850000000000003 9.1791705110310786e-05 38.815000000000005 0.00017345894751728418 -0.00012969986945113665 -2.8187650271330065e-05 0.00028850000000000007 0.00057650000000000008 237.50000000000003 0.011234870003008287 0.00028650000000000003 -0.00017481139706397773 75.500000000000014 -0.00014849999999999995 0.21939701898947636 -0.00017749999999999995 0.7350000000000001 -0.00019149999999999997 0.00054450000000000017 34.500000000000007
decision_type=2 2 2 2 2 2 2 2 2 2 2 2 2 2 2 2 2 2 2 2 2 2 2 2 2 2 2 2 2 2
left_child=1 2 3 4 -1 7 -7 8 9 10 -3 12 15 14 28 27 18 -18 19 -15 21 -17 -22 25 -21 26 -24 -11 29 -13
right_child=-2 5 -4 -5 -6 6 -8 -9 -10 11 -12 13 -14 16 -16 20 17 -19 -20 24 22 -23 23 -25 -26 -27 -28 -29 -30 -31
leaf_value=-0.061338014837153038 0.05460165458687493 0.055306979948213347 0.073547161107927014 0.030807428463894643 0.068218282362863841 -0.00062811815337806783 -0.041640116590021405 -0.049780780343504687 -0.041170147609707733 -0.050781052372842361 -0.015569618948084871 0.045827473688804826 0.053934864094611838 0.08074132216082576 0.062203113727416118 0.060888509326620904 -0.053386540972854085 0.0671872191216661 -0.064252870055046082 0.054895435835731123 0.046246905302471199 -0.02742527865215455 0.038429595481568213 0.022770478596882214 -0.052019887182891716 -0.073031098610280051 -0.045714288102000483 0.015697008573110245 0.054759357731971228 -0.033703660923116205
leaf_weight=24.260906177049041 8.5844473019242269 9.9861275590956193 2.5137479193508616 5.6570852478034785 2.3320509921759358 3697.5213109022006 23.664599811076187 12.348566881380973 14.204475897829978 23.037457061931491 86.416469270130619 6.1762882694602004 55.280022546648979 34.008504112716764 10.092165112495421 50.809046857059002 16.664835792500529 6.8507926402380681 5.3790180757641783 6.0305306501686555 30.247353484854102 11.699377238750456 13.315207213163374 23.653285061940551 7.6161720569944009 14.158377811312674 19.627198649570346 12.625055484473704 5.4262327007018021 89.23876538593322
leaf_count=1052 58 122 12 286 18 33821 2728 804 282 180 1160 27 513 173 56 293 948 115 34 56 180 63 75 175 407 90 190 105 85 893
internal_value=-9.127e-05 -0.000199931 -0.0278988 -0.0358061 -0.0499767 2.47304e-05 -0.000888931 0.00604342 0.00729101 0.0085697 -0.00822767 0.0122338 0.0208312 0.000565437 -0.0162235 0.0116434 0.0248954 -0.0182599 0.0440306 0.056253 0.0201255 0.0443593 0.00512761 -0.0124509 -0.00477359 -0.0301385 -0.0117036 -0.0272468 -0.0240724 -0.0285556
internal_weight=4329.43 4320.84 34.7638 32.25 26.593 4286.08 3721.19 564.891 552.543 538.338 96.4026 441.936 254.452 187.483 110.933 199.172 76.5499 23.5156 53.0342 47.6552 163.51 62.5084 101.001 70.7541 13.6467 47.1008 32.9424 35.6625 100.841 95.4151
internal_count=45001 44943 1368 1356 1070 43575 36549 7026 6222 5940 1282 4658 1864 2794 1061 1351 1733 1063 670 636 1066 356 710 530 463 355 265 285 1005 920
is_linear=0
shrinkage=0.05


Tree=144
num_leaves=31
num_cat=0
split_feature=0 14 15 19 2 15 14 3 4 19 19 8 19 15 17 17 17 17 17 19 20 17 6 3 19 14 18 6 18 19
split_gain=9.29941 10.065 11.4285 14.4674 9.10368 13.7374 12.4132 10.4733 17.5126 24.363 26.3318 35.5323 24.2444 22.4312 22.0885 19.1594 21.411 17.3235 61.3285 48.3496 56.9857 41.1951 44.8146 43.7017 41.0205 38.5049 31.8263 52.4695 39.5647 31.5026
threshold=288.50000000000006 -0.00035449999999999994 -0.00053649999999999998 -6.3499999999999985e-05 0.84582969157246979 8.2500000000000013e-05 0.00012550000000000004 0.16500000000000004 -0.3249999999999999 0.00018950000000000003 5.1500000000000005e-05 -0.20499999999999999 0.00015750000000000001 -9.449999999999998e-05 0.00026550000000000006 0.00029350000000000009 0.00038350000000000005 0.00019550000000000001 0.00021850000000000003 -9.3499999999999982e-05 -0.00021517236774098024 0.00019050000000000005 -0.0034728277666948941 0.47500000000000003 -6.8499999999999985e-05 0.00010750000000000001 -0.00012493015994775964 -0.0096319882780495341 -0.00018806041702538047 -0.0002195
decision_type=2 2 2 2 2 2 2 2 2 2 2 2 2 2 2 2 2 2 2 2 2 2 2 2 2 2 2 2 2 2
left_child=1 2 -1 -4 7 -6 -7 -3 9 10 13 -12 17 -9 -14 -13 -17 19 26 20 25 22 24 -24 -21 -10 27 -19 -29 -22
right_child=-2 4 3 -5 5 6 -8 8 12 -11 11 15 14 -15 -16 16 -18 18 -20 21 29 -23 23 -25 -26 -27 -28 28 -30 -31
leaf_value=0.02438834458732566 0.051929751174930316 -0.015092354079680624 -0.056109238489583851 0.071459085722725676 -0.044540991925287959 0.024306592110802678 -0.040703795691342061 -0.056046638437562558 -0.036670428606035567 0.044992816681225983 0.045396049734791215 -0.04056565552153929 -0.052426952112447481 0.031624349558959118 0.067732337104909932 0.059877336356030722 -0.037699661394686716 -0.057021357846921965 0.00046775254261654538 -0.032838179734024475 0.036727223274228969 0.049411472498590119 -0.031938306502840318 0.0092764651012708903 0.03952787007851169 0.059827760907596554 -0.037580649713310765 -0.053906750212267755 0.067766620331329547 -0.0044111827223071573
leaf_weight=8.0812943035271001 8.5750548075884563 107.6576622921275 23.089917258417699 2.4592263400554684 28.458143622381613 22.204925360390916 10.970431613735853 7.9395779818296424 153.67309625307098 49.27797632291913 21.843149460852146 61.74387015402317 34.895480711013079 89.996739763766527 4.2954505272209635 11.777272935956718 10.756495825946329 21.822222195565701 2596.5112099843682 22.417518567293882 69.156891928752884 74.792924266308546 83.899415161460638 275.58052100706846 154.85339443013072 11.083104163408278 169.44564120459836 8.6385637372732145 29.487238340079784 142.27293493226171
leaf_count=586 58 1659 770 12 438 165 107 49 2402 451 129 499 653 727 47 110 95 198 25405 191 670 497 733 2369 1615 66 2475 141 157 1527
internal_value=-8.75288e-05 -0.000191043 -0.0274375 -0.0438302 2.32758e-05 -0.019054 0.00280895 0.00030231 0.000705936 0.0134401 0.00582038 -0.0114343 -0.000131373 0.024517 -0.0392571 -0.0261636 0.013299 0.000270704 -0.00172161 0.00597074 -0.00813383 0.014647 0.00980284 -0.000342695 0.0303765 -0.030179 -0.0265031 0.00480818 0.0401978 0.00904484
internal_weight=4317.66 4309.08 33.6304 25.5491 4275.45 61.6335 33.1754 4213.82 4106.16 253.335 204.057 106.121 3852.83 97.9363 39.1909 84.2776 22.5338 3813.63 2825.9 987.73 376.186 611.544 536.751 359.48 177.271 164.756 229.394 59.948 38.1258 211.43
internal_count=45001 44943 1368 782 43575 710 272 42865 41206 2060 1609 833 39146 776 700 704 205 38446 28376 10070 4665 5405 4908 3102 1806 2468 2971 496 298 2197
is_linear=0
shrinkage=0.05


Tree=145
num_leaves=31
num_cat=0
split_feature=20 5 8 3 20 17 17 14 14 4 17 20 2 4 18 18 16 18 17 17 0 18 3 5 17 3 18 0 4 1
split_gain=9.32337 24.7492 24.3066 23.5232 22.7199 21.6225 54.0096 54.3359 49.2236 20.401 20.8456 18.4794 25.9857 28.9354 27.892 29.2966 26.7324 24.8765 23.2104 31.474 27.9649 23.0298 36.976 31.7587 34.0419 22.3923 21.0916 32.034 23.2365 20.2319
threshold=-0.00024738923236650563 0.39500000000000007 -0.19499999999999992 0.095000000000000015 -0.00026464734331376377 0.00027150000000000004 0.00025350000000000009 3.8500000000000007e-05 9.2500000000000012e-05 0.18500000000000003 0.00031550000000000008 -0.00028170681781141825 0.25401742013554224 0.16999999999999998 4.1838169704308055e-05 9.4888852655505422e-05 1.0000000180025095e-35 -6.9649024238855874e-05 0.00036850000000000007 0.00028350000000000006 283.50000000000006 -0.00012742041198005269 0.48500000000000004 1.0000000180025095e-35 0.0001685 0.67500000000000016 -9.2866554143804565e-06 235.50000000000003 -0.12000000000000001 89.925000000000026
decision_type=2 2 2 2 2 2 2 2 2 2 2 2 2 2 2 2 2 2 2 2 2 2 2 2 2 2 2 2 2 2
left_child=1 2 -1 -3 11 6 8 -8 -6 10 -7 12 16 14 21 -16 17 -4 19 26 -21 22 -14 24 -23 -20 28 -28 -19 -15
right_child=-2 3 4 -5 5 9 7 -9 -10 -11 -12 -13 13 29 15 -17 -18 18 25 20 -22 23 -24 -25 -26 -27 27 -29 -30 -31
leaf_value=-0.048727032193143088 0.0016928017514696845 -0.059944009359473138 0.037423646940258154 0.029633604023415496 -0.029496234111014825 -0.060041416613619253 0.075818620190648445 -0.048964399625623212 0.040074017580907499 0.049468403592550961 -0.0196532122717358 0.010677495237058273 -0.046714759260611721 0.059382770320174111 0.052418412163205121 -0.03795212301300635 -0.044499588665926612 0.055229683976076444 -0.05379599473697666 -0.054459682756774652 0.06440301090507447 0.057312352415965842 0.025956891850064608 -0.050373737801868483 -0.058069096197963944 0.053598872785765451 0.036086090469193963 -0.033923356721667193 -0.043290003682792066 -0.013204100934098854
leaf_weight=31.127225396689028 2898.0708021713654 8.0318324187537637 63.676178561057895 83.736707646399736 143.04447072534822 48.300935510545969 34.092423866968602 11.724119961261747 30.921373093035072 7.8494545022258526 94.364729804568924 290.55471345764818 30.443511698395014 20.361107464064844 23.663615211844444 14.441109960374886 24.509337570983917 7.4247497022151938 5.7159615606069556 42.048869956401177 5.6083631888031951 15.630480038002135 41.180860772263259 120.71401066239923 10.816440480761228 32.175193524104543 70.949547606287524 21.228310246020555 30.864867404103279 18.163380258425605
leaf_count=233 28742 456 576 737 1688 497 171 101 219 233 1031 3029 246 499 274 456 315 52 48 536 29 87 396 1312 195 328 571 204 318 1271
internal_value=8.07629e-05 -0.00329637 -0.00507902 0.0217935 -0.00400113 -0.0144092 -0.00441051 0.0438876 -0.0171305 -0.0290092 -0.0333271 0.000328453 -0.00468636 -0.0152488 -0.0213087 0.0181694 0.00557101 0.00995868 0.00186268 -0.00569651 -0.0404718 -0.0281844 -0.00493176 -0.0395016 0.0101229 0.0373981 0.00700621 0.0199631 -0.024186 0.0251598
internal_weight=4281.43 1383.36 1291.6 91.7685 1260.47 370.298 219.782 45.8165 173.966 150.515 142.666 890.171 599.616 295.415 256.89 38.1047 304.201 279.692 216.016 178.125 47.6572 218.785 71.6244 147.161 26.4469 37.8912 130.467 92.1779 38.2896 38.5245
internal_count=44850 16108 14915 1193 14682 3940 2179 272 1907 1761 1528 10742 7713 4736 2966 730 2977 2662 2086 1710 565 2236 642 1594 282 376 1145 775 370 1770
is_linear=0
shrinkage=0.05


Tree=146
num_leaves=31
num_cat=0
split_feature=12 8 19 0 5 20 5 6 18 17 2 20 18 18 19 19 5 2 18 18 6 19 19 17 2 14 17 19 19 17
split_gain=9.21389 12.0786 16.0566 10.7332 9.86454 9.47211 19.5848 45.04 31.9996 53.3041 33.2504 26.7073 28.594 25.1869 27.2569 36.3011 33.8683 31.9553 31.5373 56.5923 29.2343 35.0117 32.2442 27.0953 24.6837 34.8336 23.2983 30.7757 22.1584 21.2845
threshold=0.0099999999999999273 0.039999999999999959 0.00010850000000000002 82.500000000000014 0.11500000000000006 -0.00024738923236650563 0.39500000000000007 -0.023807386515108681 -0.00018268285039207418 0.0005725000000000002 0.77598697824071394 -0.00026464734331376377 -0.00010530821551696136 -0.00016714975906195742 -2.7499999999999994e-05 2.0500000000000004e-05 0.19000000000000003 0.59536467753320776 -2.1379183632689217e-05 -6.3750138529448781e-05 0.0017533259781095641 7.9500000000000021e-05 7.9500000000000021e-05 0.00021550000000000001 0.23945413646736111 -8.4999999999999982e-06 0.00027350000000000003 -0.00014449999999999996 3.750000000000001e-05 0.00035950000000000006
decision_type=2 2 2 2 2 2 2 2 2 2 2 2 2 2 2 2 2 2 2 2 2 2 2 2 2 2 2 2 2 2
left_child=1 2 4 -3 -1 6 7 -2 9 10 -9 13 -13 -10 17 16 -16 18 19 26 21 -17 -22 -18 -14 28 -15 -28 -26 -20
right_child=5 3 -4 -5 -6 -7 -8 8 11 -11 -12 12 24 14 15 20 23 -19 29 -21 22 -23 -24 -25 25 -27 27 -29 -30 -31
leaf_value=-0.06676223852093803 -0.049588653599777252 -0.019174749155922988 0.0186928927599131 0.058303703604590099 -0.022724844803014971 0.0020614491432524398 0.019811602209268392 0.051949916032893118 0.058144016133403267 -0.050169326362626256 -0.056078850069173729 -0.044260344303493356 -0.023526194204255217 0.050778643469515744 0.048344591537869373 -0.050507547319523921 0.038775659663965727 -0.050636589128237854 -0.0023170370199827256 -0.048309757878368893 0.046699268270654064 0.012574924614679534 -0.051186648678695705 -0.067455760296785933 0.025357658591518631 -0.015494277023656142 0.032582602542190191 -0.056021657722072099 0.11886432548989918 0.02918874246591064
leaf_weight=18.052530482411385 53.379215285181999 8.4507176242768782 17.408686181763187 9.4893675800412876 43.023782895877957 2835.605265205144 87.541131275822408 74.795276245102286 18.194074548780918 19.536735448054969 7.8726585302501908 74.50265660462901 137.6149703602423 25.052098907530308 85.56941744685173 48.847662590444088 11.097864255309107 40.733962784637697 226.44206813827623 90.039686920586973 39.23259793408215 40.013063168153167 10.709541396237908 13.073366247117518 42.984926142380573 69.247091105673462 19.94727798178792 19.265695918351412 7.4309634864330283 70.234002433193382
leaf_count=150 420 58 259 73 312 28228 1115 559 110 493 97 711 1208 184 580 354 76 1482 3325 891 378 339 116 84 747 918 234 184 33 1132
internal_value=7.37351e-05 -0.0152065 -0.0236672 0.0218073 -0.0357411 0.000427157 -0.00304843 -0.00465476 -0.00264331 0.0241082 0.0416621 -0.00515115 -0.0169833 2.4754e-05 -0.0014037 0.0120913 0.0335816 -0.0082249 -0.00439415 -0.022728 -0.00489951 -0.0221022 0.0257087 -0.0186812 -0.0090844 0.00752396 0.0131136 -0.0109495 0.0391399 0.00514153
internal_weight=4265.39 96.4251 78.485 17.9401 61.0763 4168.96 1333.36 1245.82 1192.44 102.205 82.6679 1090.23 331.781 758.452 740.258 248.544 109.741 491.715 450.981 154.305 138.803 88.8607 49.9421 24.1712 257.278 119.663 64.2651 39.213 50.4159 296.676
internal_count=44850 852 721 131 462 43998 15770 14655 14235 1149 656 13086 3617 9469 9359 1927 740 7432 5950 1493 1187 693 494 160 2906 1698 602 418 780 4457
is_linear=0
shrinkage=0.05


Tree=147
num_leaves=31
num_cat=0
split_feature=3 20 19 4 19 19 18 20 15 15 16 19 5 19 5 19 3 17 1 5 15 18 4 18 15 18 18 19 17 1
split_gain=8.44063 7.92939 23.476 41.9388 41.7484 35.5698 37.1338 42.4968 35.1454 34.0829 36.4935 25.5601 21.6151 20.1952 41.0466 34.975 57.3666 43.376 76.2023 34.0227 35.3079 34.2571 32.7884 29.6669 28.9631 28.5174 26.3977 51.8708 64.0012 60.0317
threshold=0.075000000000000025 -0.00025170453059341626 -2.8499999999999998e-05 0.0099999999999999829 7.9500000000000021e-05 -1.4999999999999998e-06 -0.00026216395191431169 -0.00032715410788257897 -8.6499999999999988e-05 -4.4999999999999993e-06 0.00066450000000000005 7.6500000000000016e-05 0.57500000000000018 -3.8499999999999994e-05 0.18500000000000003 4.5500000000000008e-05 0.53500000000000014 0.00021750000000000003 47.365000000000002 0.26500000000000012 0.00022750000000000003 -0.00012742041198005269 -0.40499999999999986 -0.00011418325907390031 0.00030150000000000006 5.4732803702833905e-06 4.8447703830211214e-05 -0.00024349999999999998 0.00024650000000000003 30.305000000000003
decision_type=2 2 2 2 2 2 2 2 2 2 2 2 2 2 2 2 2 2 2 2 2 2 2 2 2 2 2 2 2 2
left_child=-1 2 -2 5 8 -4 12 -8 -5 11 -11 -9 -7 24 15 16 -15 18 -18 -16 21 -21 -22 -19 26 -17 -3 28 -28 -30
right_child=1 13 3 4 -6 6 7 9 -10 10 -12 -13 -14 14 19 25 17 23 -20 20 22 -23 -24 -25 -26 -27 27 -29 29 -31
leaf_value=-0.051788305806619597 -0.0089068569264409651 0.0094209638704510247 0.025251964796987054 -0.058361980978189842 -0.038407137462568686 0.029926898870393799 0.041403879783349889 -0.017699377686263715 0.056786834897674401 -0.045014389576820309 0.054945317563442925 0.053184321138882301 -0.069729922535450906 0.020629764143566345 0.029177923337061252 -0.05361254938332375 0.065759876478906673 0.047408486002424387 -0.036846184826516727 -0.033013309396308831 0.0022587430167795596 0.0064159934689724035 0.057069053755307145 -0.057919945642286003 -0.031581759735596446 0.078818093342137921 0.034298651075439383 -0.015433533326604472 0.035060058520496727 -0.019261432300561532
leaf_weight=7.8327397227985776 734.64619669661624 1305.0954608730972 90.972438411787152 7.2237392407841972 16.982492777518928 64.766470516100526 25.463283270597458 37.542420655488968 80.159985929727554 148.21233430877328 9.7301636636257154 19.233049981296062 5.9400992840528479 100.59999337419868 108.20270178839564 77.406319034751505 28.513182293623686 7.244029574096202 49.524781361222267 121.51897272840142 101.40908101014793 100.7678793631494 37.329967897385359 86.677312698215246 55.486903101787902 4.2904303967952719 165.13043035526061 383.34193935338408 68.427853269502521 198.10453799611423
leaf_count=822 10606 9726 667 74 225 633 161 230 642 1213 47 136 48 690 935 994 163 42 545 868 934 698 320 560 1261 20 2611 3937 708 4334
internal_value=6.77853e-05 0.000163583 -0.00319797 0.00508689 0.0333268 -0.00224723 -0.0102941 -0.01967 0.0472678 -0.0269127 -0.0388563 0.00631292 0.0215547 0.00155443 -0.00511457 -0.0179619 -0.00936067 -0.0269057 0.000643585 0.00458488 -0.00278588 -0.0151391 0.0170063 -0.0497961 0.00407872 -0.0466578 0.00501202 -0.00204816 0.00983883 -0.00531527
internal_weight=4247.78 4239.94 1240.87 506.226 104.366 401.86 310.888 240.181 87.3837 214.718 157.942 56.7755 70.7066 2999.07 823.485 354.256 272.559 171.959 78.038 469.229 361.026 222.287 138.739 93.9213 2175.59 81.6967 2120.1 815.005 431.663 266.532
internal_count=44850 44028 14682 4076 941 3135 2468 1787 716 1626 1260 366 681 29346 6769 3014 2000 1310 708 3755 2820 1566 1254 602 22577 1014 21316 11590 7653 5042
is_linear=0
shrinkage=0.05


Tree=148
num_leaves=31
num_cat=0
split_feature=16 0 16 19 3 16 15 15 19 19 18 19 20 15 15 15 3 1 17 18 3 4 18 17 0 17 14 18 1 17
split_gain=8.22221 27.4411 16.4093 19.2864 28.2587 19.1021 21.8102 15.3218 13.0883 13.0052 52.0383 37.925 39.5814 35.0578 33.9506 30.8675 28.8942 48.7552 33.9051 38.3342 28.5801 28.5135 35.5382 61.428 40.2515 37.7954 47.0774 29.4946 29.2201 29.1715
threshold=0.00076550000000000001 103.50000000000001 0.00043250000000000005 -0.00041949999999999995 0.25500000000000006 0.00014050000000000003 -8.9499999999999994e-05 0.00047350000000000002 -6.649999999999999e-05 -0.00024349999999999998 9.3236801645807109e-05 -0.00012849999999999995 -0.00022494695899320048 2.4500000000000003e-05 -0.00020949999999999997 0.00029350000000000009 0.81500000000000006 114.48500000000001 0.00029150000000000004 -0.00027199517966018969 0.62500000000000011 -0.034999999999999969 6.8061007458282552e-05 0.00031250000000000006 66.500000000000014 0.00040550000000000004 -2.5499999999999996e-05 -0.00015593257398669572 109.95500000000001 0.00024650000000000003
decision_type=2 2 2 2 2 2 2 2 2 2 2 2 2 2 2 2 2 2 2 2 2 2 2 2 2 2 2 2 2 2
left_child=2 -2 5 -4 -5 9 8 -8 -7 15 16 13 -13 -12 -14 21 -11 18 -18 -20 -16 27 23 24 28 26 -25 -1 -23 -24
right_child=1 -3 3 4 -6 6 7 -9 -10 10 11 12 14 -15 20 -17 17 -19 19 -21 -22 22 29 25 -26 -27 -28 -29 -30 -31
leaf_value=-0.081195720899592247 0.030843153942926145 -0.053627936688677207 -0.052160365911313733 -0.012915246968350278 0.063160899939764939 0.0547539758891918 -0.056342286681136777 0.019155696321913586 -0.045421937489374876 -0.00024604166179043328 -0.041037041754585869 -0.045375251305833933 -0.059196445991248771 0.059262678899147617 -0.021146856706902358 -0.040189634893863152 0.05376030129229168 -0.041685034257406696 0.072786434410967285 -0.036035586918756982 0.05013124175731231 0.072676212206543772 0.029260061800083781 -0.0093336323680788865 -0.047036813225706277 -0.029453170067082864 0.05820712890268126 0.032959486923599179 -0.054275562903948082 0.0018892207708443129
leaf_weight=5.9049394950270644 15.316662544908466 25.825453761324752 6.9576278637396163 18.854957405477762 34.618344186339527 10.784364464401731 40.313345065806061 8.0645020962692779 4.6736496686935416 2761.6894074154552 167.44732738286257 33.413098814897239 11.975960807874797 9.1903100963681919 18.997137311846018 34.984356685774401 82.388238050043583 24.495364482980222 11.598651565611361 26.772747599519789 54.150966406799853 13.379160985350611 163.2680111900554 46.73227955494076 110.53974597807974 39.535323156742379 57.599811386317015 135.50765003310516 6.8548230938613406 241.10145325463964
leaf_count=30 438 1070 623 190 225 192 382 81 31 23027 2243 436 107 79 199 1047 524 581 84 295 330 99 2883 418 1195 699 371 1214 132 5625
internal_value=6.26137e-05 -0.0221805 0.00028145 0.0261472 0.0363361 -9.78151e-05 -0.0272365 -0.0437569 0.0244663 0.000329149 -0.00113392 -0.0211368 0.000741231 -0.0358185 0.018843 0.00580598 0.000897192 0.0226332 0.0356797 -0.00314159 0.0316198 0.00776732 0.00351347 -0.0103664 -0.0351687 0.0121786 0.0279544 0.0281927 0.0296678 0.0129405
internal_weight=4222.94 41.1421 4181.79 60.4309 53.4733 4121.36 63.8359 48.3778 15.458 4057.53 3202.12 295.175 118.537 176.638 85.1241 855.408 2906.94 145.255 120.76 38.3714 73.1481 820.423 679.011 274.641 130.774 143.867 104.332 141.413 20.234 404.369
internal_count=44850 1508 43342 1038 415 42304 686 463 223 41618 27905 3394 1072 2322 636 13713 24511 1484 903 379 529 12666 11422 2914 1426 1488 789 1244 231 8508
is_linear=0
shrinkage=0.05


Tree=149
num_leaves=31
num_cat=0
split_feature=12 8 19 5 20 19 15 18 20 3 6 17 14 19 3 16 16 16 17 17 19 17 6 3 17 20 17 18 6 16
split_gain=8.06883 11.0299 14.6923 9.25743 8.25307 23.4752 16.8545 17.3392 19.3386 12.0821 19.6431 18.4223 16.6871 14.8541 10.724 13.3964 19.1217 10.702 9.86888 31.0686 40.8918 30.826 25.0931 23.9294 47.8056 30.9859 42.4489 30.1713 27.1088 26.8764
threshold=0.0099999999999999273 0.039999999999999959 0.00010850000000000002 0.11500000000000006 -0.00031140162313512482 -5.449999999999999e-05 -0.0001325 2.1291847478220013e-05 -0.00034140241128084243 0.60500000000000009 -0.023807386515108681 0.00036650000000000002 4.7500000000000009e-05 -9.4999999999999988e-06 0.84500000000000008 -1.0000000180025095e-35 -0.00059449999999999987 -0.0040199999999999984 0.00034050000000000004 0.00032950000000000004 -0.00025649999999999995 0.00035550000000000008 -0.022687420445484812 0.65500000000000014 0.00038550000000000005 -0.00027529697485950152 0.00041950000000000006 1.4498641853646595e-05 0.01452403247696959 0.00025350000000000009
decision_type=2 2 2 2 2 2 2 2 2 2 2 2 2 2 2 2 2 2 2 2 2 2 2 2 2 2 2 2 2 2
left_child=1 2 3 -1 5 6 7 8 -2 10 12 -12 -7 -11 -8 16 -16 -6 19 -19 -21 -20 -23 24 -24 -25 -27 28 -28 -26
right_child=4 -3 -4 -5 17 9 14 -9 -10 13 11 -13 -14 -15 15 -17 -18 18 21 20 -22 22 23 25 29 26 27 -29 -30 -31
leaf_value=-0.065252109523444457 -0.027327548374901613 0.021375412874164751 0.018192517976583909 -0.021767641696957482 0.062932383388819221 -0.061435258090049086 -0.045701667674881846 -0.033247414434114692 0.063402509008218963 0.049941564988436271 0.048828623104806762 -0.032501777654623164 0.026011783012619291 -0.040653868637399837 -0.011631295934824403 -0.032652495807969403 0.34056723753041185 0.0009182447622382413 -0.03521952669107583 -0.040685939122850706 0.03921560653609385 -0.035415871519952853 0.047200257706160154 0.029260856556112276 -0.010962526642492931 -0.047498743769662954 -0.029353618390592025 0.033068056541915761 0.06286573273219094 0.046112771323261498
leaf_weight=17.166102319955826 9.7306646984070557 17.560728607699275 17.197125034872442 42.64641535282135 6.9438137818360692 11.713139414554464 63.35731578618288 22.622699326835573 14.814480177592484 5.8129403013736036 43.381165430881083 8.29385874327272 10.21148594538681 20.41343114618212 0.82028700970113277 2.550492057518567 0.72687820345163323 3181.110135305149 74.520046133548021 18.985308815608732 102.27113162726164 47.491076963255182 74.455726038664579 44.54964943457162 127.23429975006729 71.728828881983645 66.767849407158792 45.752448636863846 9.0491012944839877 24.616580354981124
leaf_count=150 111 131 259 312 143 107 1175 952 117 38 437 75 97 213 121 217 6 30151 1403 406 624 935 595 615 966 1279 1075 1821 126 193
internal_value=5.66472e-05 -0.014383 -0.0225371 -0.0342476 0.000388908 -0.00916056 -0.0245989 -0.00167034 0.0274335 0.00856609 0.0189498 0.0357751 -0.0207064 -0.0205739 -0.0406316 0.0377606 0.153836 0.000914613 0.000803867 0.00186509 0.0267053 -0.00517493 -0.000798995 0.00274291 0.0143816 -0.00833105 -0.0169949 0.00100309 -0.0183468 -0.00171004
internal_weight=4204.5 94.5704 77.0096 59.8125 4109.92 214.449 114.623 47.1678 24.5451 99.826 73.5996 51.675 21.9246 26.2264 67.455 4.09766 1.54717 3895.48 3888.53 3302.37 121.256 586.166 511.646 464.154 226.307 237.848 193.298 121.569 75.817 151.851
internal_count=44850 852 721 462 43998 3666 2699 1180 228 967 716 512 204 251 1519 344 127 40332 40189 31181 1030 9008 7605 6670 1754 4916 4301 3022 1201 1159
is_linear=0
shrinkage=0.05


Tree=150
num_leaves=31
num_cat=0
split_feature=11 18 11 17 17 17 16 19 17 3 19 17 17 18 4 20 2 0 1 19 18 21 6 4 16 19 18 0 1 3
split_gain=10.4969 15.1978 12.4828 14.3479 25.9938 24.2411 39.3881 27.264 21.1595 37.5027 30.1456 26.5215 23.4243 25.0717 23.8558 22.8512 21.5028 20.9144 34.9722 32.0815 35.3452 33.7083 31.695 36.4391 30.006 35.4585 27.5563 30.8965 27.027 28.8033
threshold=9.5180519970378636 1.5768411394646911e-05 9.1537424718864333 0.00034050000000000004 0.00035550000000000008 0.00033150000000000003 -1.0000000180025095e-35 -0.00025349999999999998 0.00038150000000000006 0.71500000000000008 -3.7499999999999997e-05 0.00042050000000000003 0.00042750000000000009 2.5994758053949144e-05 0.10000000000000007 -0.00026788118835572244 0.73699782909510603 78.500000000000014 35.82500000000001 4.5500000000000008e-05 2.1291847478220013e-05 1.0000000180025095e-35 0.0061267706336436993 0.13999999999999996 -0.00023349999999999996 -0.00017449999999999999 -6.9649024238855874e-05 46.500000000000007 60.355000000000011 0.79500000000000015
decision_type=2 2 2 2 2 2 2 2 2 2 2 2 2 2 2 2 2 2 2 2 2 2 2 2 2 2 2 2 2 2
left_child=2 -2 3 5 -5 17 -7 -8 9 10 -6 15 -13 -14 -15 -10 -17 18 22 20 26 28 24 -24 -1 -26 -20 -28 29 -22
right_child=1 -3 -4 4 8 6 7 -9 11 -11 -12 12 13 14 -16 16 -18 -19 19 -21 21 -23 23 -25 25 -27 27 -29 -30 -31
leaf_value=0.03651257138819234 0.044662228956319446 -0.047429127415485703 -0.0094585350703263009 -0.034327029579833856 0.047690524276164686 -0.064663501030194429 -0.022390149849280234 0.046808606174498127 0.0030555949698044642 -0.045912413945810762 -0.0059879414477041161 0.06309636771482155 -0.01092835912599043 0.042124369128980134 -0.050972935723887371 -0.053779954049677996 0.07297832605162434 0.0034339397787028557 -0.0042876214140540091 -0.031678505638580982 0.036886234798444828 0.039146598627263579 0.059882104818277687 -0.033696111613100564 0.032525472160664676 -0.046672379008842108 -0.0032430601508152235 0.036408786573461471 -0.033666987542124507 -0.05676793518658018
leaf_weight=14.397082611918448 25.790094017982486 5.4218826351570888 351.2662543541519 74.416052888496779 66.289551079273224 11.071348380763082 17.230654385173693 81.851721337996423 33.869060515717138 21.362552403763402 43.20116727205459 13.609091399936004 236.70712161669508 43.683559270750266 8.1677307129721139 64.51685769361211 3.5286576320650047 2243.3808326710714 139.20015051495284 70.289490982890129 31.600877529941499 26.427312371786684 22.138175651431084 19.624999821418896 15.678235854953526 143.39223781041801 71.646507770754397 156.301747944206 121.99742947996128 11.091119036078451
leaf_count=86 209 113 3942 1391 525 182 239 517 544 524 753 97 2785 734 1709 992 34 21470 1066 799 216 377 129 188 91 902 614 1205 2335 159
internal_value=-0.000223049 0.0286649 -0.0004399 0.000392308 -0.00663923 0.00173239 0.0247804 0.0347748 -0.00278752 0.0146874 0.0265109 -0.00844639 -0.00100715 -0.00403042 0.0274595 -0.0305031 -0.0472066 0.000910012 -0.00580038 0.000156184 0.00416439 -0.0132732 -0.0231958 0.0159086 -0.0326104 -0.0388665 0.0132414 0.0239458 -0.0216849 0.0125555
internal_weight=4189.15 31.212 4157.94 3806.67 609.351 3197.32 110.154 99.0824 534.935 130.853 109.491 404.082 302.168 288.558 51.8513 101.915 68.0455 3087.17 843.785 628.555 558.265 191.117 215.231 41.7632 173.468 159.07 367.148 227.948 164.689 42.692
internal_count=44927 322 44605 40663 10088 30575 938 756 8697 1802 1278 6895 5325 5228 2443 1570 1026 29637 8167 6771 5972 3087 1396 317 1079 993 2885 1819 2710 375
is_linear=0
shrinkage=0.05


Tree=151
num_leaves=31
num_cat=0
split_feature=11 18 11 20 4 18 17 19 1 19 6 6 17 17 17 19 17 8 6 3 17 0 17 17 17 19 19 6 0 1
split_gain=9.69043 14.052 11.2871 13.8067 18.5087 17.2234 15.9405 14.6309 19.3179 14.2673 16.8195 14.1649 13.0928 24.0757 22.354 28.583 21.0854 21.276 20.1713 24.4964 35.6958 29.8914 27.6448 29.6713 25.7266 25.3927 22.0559 22.5035 18.9911 32.1618
threshold=9.5180519970378636 1.5768411394646911e-05 9.1537424718864333 -0.00026543411761213671 0.029999999999999947 8.8907509825076125e-05 0.00035750000000000002 -0.00024749999999999994 33.785000000000004 -7.0499999999999992e-05 0.0011143428680933868 -0.0039557469462434625 0.00034050000000000004 0.00035550000000000008 0.00033150000000000003 -0.00025649999999999995 0.00033550000000000002 -0.14999999999999999 -0.022687420445484812 0.70500000000000007 0.00038150000000000006 152.50000000000003 0.00052200000000000011 0.00057950000000000005 0.00087250000000000012 2.8500000000000005e-05 -1.8499999999999999e-05 0.011601475131954928 78.500000000000014 35.82500000000001
decision_type=2 2 2 2 2 2 2 2 2 2 2 2 2 2 2 2 2 2 2 2 2 2 2 2 2 2 2 2 2 2
left_child=2 -2 12 6 -5 -6 9 8 -7 -4 11 -11 14 -14 28 -16 -17 -18 -15 20 25 22 26 -24 -25 -20 27 -22 29 -1
right_child=1 -3 3 4 5 7 -8 -9 -10 10 -12 -13 13 18 15 16 17 -19 19 -21 21 -23 23 24 -26 -27 -28 -29 -30 -31
leaf_value=-0.02240045105865264 0.043274639935275971 -0.046763497985434915 -0.02647525867933977 -0.0056331497235583561 -0.050884852439690854 0.091405721162575559 0.053554621059747322 -0.04533912316341495 -0.01719347289471785 0.022576213456175512 0.061900814901546863 -0.042930343979994207 -0.033347562708035336 -0.032651699442520825 -0.040021418622540647 0.060197827257470797 -0.065353039872827909 0.025995041667919428 0.050956873134965233 -0.014600519773349968 -0.030087484145866008 -0.056420524415056975 0.04647503616542728 -0.040361861910471059 0.085944922625799225 -0.013396427118845375 0.048707028140750917 0.034884643642964099 0.0032611754301688813 0.00014467739039797882
leaf_weight=211.85515384515747 25.298892430961136 5.2290228024939998 34.335835544625297 168.12677987420466 54.829969878308475 6.8600724460557165 15.423854601336641 12.098680375143884 10.159172244952059 21.086550973355767 13.986871192231773 13.558910833671691 72.81305545772193 50.757910617860034 15.014214887283741 42.654541753232479 7.4851324483752242 42.950710286386311 66.692748695611954 172.02248250815319 83.834371217526495 22.438830689527094 57.365328556858003 21.95850303396583 4.9381436854600897 19.90340569242835 13.336761102080343 15.846196427941321 2244.0962322523701 624.46425342059229
leaf_count=1396 209 113 463 1727 686 55 137 195 211 172 144 152 1391 985 346 248 37 307 560 5171 612 263 529 259 21 139 75 83 21470 6771
internal_value=-0.00021482 0.0278523 -0.000421739 -0.00900665 -0.0152069 -0.0343806 0.00687793 -0.00330261 0.0265804 -0.00179931 0.0156226 -0.00306055 0.00037203 -0.00639148 0.0016488 0.0239967 0.0343219 0.0124382 -0.00268184 0.000498366 0.00897772 -0.00173775 0.00448195 0.0261586 -0.0171723 0.0361658 -0.0116795 -0.0197589 0.000864522 -0.00556642
internal_weight=4171.42 30.5279 4140.89 350.467 252.075 83.9479 98.392 29.1179 17.0192 82.9682 48.6323 34.6455 3790.43 601.908 3188.52 108.105 93.0904 50.4358 529.095 478.337 306.314 219.718 197.279 84.262 26.8966 86.5962 113.017 99.6806 3080.42 836.319
internal_count=44927 322 44605 3942 2874 1147 1068 461 266 931 468 324 40663 10088 30575 938 592 344 8697 7712 2541 1842 1579 809 280 699 770 695 29637 8167
is_linear=0
shrinkage=0.05


Tree=152
num_leaves=31
num_cat=0
split_feature=16 16 5 6 19 16 15 15 19 17 1 17 17 17 20 19 17 18 18 18 17 16 17 17 19 18 4 17 3 6
split_gain=9.0856 15.8162 21.5552 26.181 15.5809 14.0917 23.1715 17.5377 11.8343 11.4294 26.4144 32.2913 25.0653 35.5487 24.8328 36.2762 47.8945 38.3062 22.1364 20.0377 16.9634 16.6619 27.5606 16.1551 24.9394 35.3209 18.773 18.0851 37.6348 41.19
threshold=0.00076550000000000001 0.00043250000000000005 0.4850000000000001 0.0013328958177339382 -4.2499999999999996e-05 0.00014050000000000003 -8.9499999999999994e-05 0.00047350000000000002 -6.649999999999999e-05 0.00038150000000000006 78.895000000000024 0.0005685000000000001 0.00057950000000000005 0.00068650000000000015 -0.0001982504464039482 -8.3499999999999983e-05 0.00044250000000000002 3.2796355310829216e-05 4.0130563875190427e-05 -7.9241281319523174e-05 0.00042050000000000003 5.0500000000000008e-05 0.00026350000000000006 0.00035950000000000006 -1.9499999999999996e-05 5.7465957210911486e-05 0.17500000000000002 0.00034050000000000004 0.56500000000000006 -0.018299095358635633
decision_type=2 2 2 2 2 2 2 2 2 2 2 2 2 2 2 2 2 2 2 2 2 2 2 2 2 2 2 2 2 2
left_child=1 5 3 -3 -2 9 8 -8 -7 21 11 14 -13 -14 15 16 18 -18 19 -11 -17 23 -23 27 25 -25 -26 -1 29 -29
right_child=4 2 -4 -5 -6 6 7 -9 -10 10 -12 12 13 -15 -16 20 17 -19 -20 -21 -22 22 -24 24 26 -27 -28 28 -30 -31
leaf_value=0.00064635673674049191 -0.052571295024347257 0.059361291825439082 -0.025144363214183476 -0.052276085893462401 0.010331578923488703 0.056073762818614759 -0.055331391977983702 0.023203459346641735 -0.040648521857914489 -0.0061326846960304592 -0.044921850151478017 0.056970608091413161 -0.049047562943938562 0.033564185168053817 -0.04499184228749592 -0.062881971919194951 -0.048985384581781415 0.054048241574193849 -0.035178910221904412 0.080061751132910128 -0.013072027190017066 0.060546953553919126 -0.051314835428795627 0.053525767718581453 -0.04142191751009066 -0.057938262552754576 0.074206968437095011 -0.045533813860610756 -0.041612247066520801 0.061603494271434592
leaf_weight=3414.9594686673954 21.678639143996406 37.45160599052906 15.38189624249935 6.1083443773677564 18.033682509209029 11.295854188967494 39.07429183460772 8.689498511143027 4.3921456933021537 8.3868986666202527 43.805189662962221 32.618848437443376 21.226074268575758 33.691751035046764 49.104711556457914 26.42292819917202 33.261319696437567 12.378034081775693 6.6059029435273251 34.392140708863735 48.409566540271044 25.560335554182529 7.0182962778490028 53.678443342447281 19.957914477679882 8.191895177762488 4.2594500035047522 14.62774227093905 70.732440184918232 23.199316807091236
leaf_count=33126 1185 290 148 604 315 198 392 83 30 59 1731 315 586 539 699 223 417 181 165 185 329 180 66 370 486 266 20 221 1293 225
internal_value=-0.00020541 2.42933e-05 0.0257387 0.0437066 -0.0240066 -0.000349395 -0.0237273 -0.0410438 0.0289946 2.21462e-05 -0.00860405 -0.00341346 0.0222543 0.00163424 -0.0136749 -0.00462138 0.015884 -0.0210412 0.0500086 0.0631632 -0.0306596 0.000851809 0.036449 0.000530526 0.0219304 0.0387675 -0.0210846 7.67652e-06 -0.0200833 0.0201734
internal_weight=4154.59 4114.88 58.9418 43.56 39.7123 4055.94 63.4518 47.7638 15.688 3992.49 350.303 306.498 87.5367 54.9178 218.962 169.857 95.0243 45.6394 49.3849 42.779 74.8325 3642.19 32.5786 3609.61 86.0877 61.8703 24.2174 3523.52 108.559 37.8271
internal_count=44927 43427 1042 894 1500 42385 703 475 228 41682 5429 3698 1440 1125 2258 1559 1007 598 409 244 552 36253 246 36007 1142 636 506 34865 1739 446
is_linear=0
shrinkage=0.05


Tree=153
num_leaves=31
num_cat=0
split_feature=8 0 3 0 19 0 2 1 20 19 3 17 0 3 8 15 6 6 6 17 17 15 17 16 18 0 18 17 18 1
split_gain=9.2919 13.3872 30.7674 20.8325 14.6493 12.695 15.4823 19.7525 20.2472 16.9767 15.4838 14.528 14.1771 18.0603 13.2637 25.8381 12.6349 12.4736 12.4557 13.108 47.4897 40.6044 39.7019 37.2499 43.9761 33.4745 47.6137 32.4015 26.203 28.3228
threshold=0.11500000000000003 186.50000000000003 0.67500000000000016 167.50000000000003 -0.00024049999999999996 21.500000000000004 0.54537661251557801 32.885000000000012 -0.00027335187906124477 -6.3499999999999985e-05 0.8650000000000001 0.00042050000000000003 79.500000000000014 0.65500000000000014 0.19500000000000006 -3.4499999999999992e-05 0.010979884072184502 -0.00072246356585726069 0.02853490688653346 0.00026850000000000002 0.00026550000000000006 -0.00010049999999999999 0.00027150000000000004 -0.00012149999999999999 2.9459491327427128e-05 225.50000000000003 0.00020817179329082674 0.00022750000000000003 0.00016837059935963838 26.875000000000004
decision_type=2 2 2 2 2 2 2 2 2 2 2 2 2 2 2 2 2 2 2 2 2 2 2 2 2 2 2 2 2 2
left_child=18 3 -3 5 -4 -2 7 8 17 11 14 -10 13 -8 15 -9 -12 -7 19 20 23 -22 -21 24 -1 26 -25 -28 -24 -30
right_child=1 2 4 -5 -6 6 12 10 9 -11 16 -13 -14 -15 -16 -17 -18 -19 -20 22 21 -23 28 25 -26 -27 27 -29 29 -31
leaf_value=0.047794494146225733 0.041862063368464104 -0.026444605255581156 0.0094416536790705233 -0.04692839087168961 0.081906422992279404 0.024575775785644231 0.026448369340867472 0.047817728781010739 -0.015833303501700129 0.036220726453208778 0.15233220047454304 0.050550676150327989 -0.077866050186631869 -0.036320176100552437 0.055562685105239124 -0.038525175140099573 0.044877136405911726 -0.056304024353186516 -0.040244555775837867 -0.053803652584731534 -0.031343764752804142 0.065442388774653124 -0.0014944162365222839 -0.00032877784632297192 -0.056850903045468151 -0.021188462711665305 -0.011884986583931128 0.066007899725615701 0.028745712979585919 -0.049510276658998702
leaf_weight=72.018960826098919 24.102135816821828 15.252834870014338 10.085440094582731 19.003503465675749 22.608935477212075 6.1064132489264038 20.576092091389 16.800392585806549 55.394214021624066 37.667878400534391 4.3748175725340825 9.6822833251208049 8.7577916269656253 25.866061013424769 18.661392547190189 17.892310274532065 7.3010719212470576 21.734219182748348 20.018279446347151 39.394740021554753 13.857644974952562 49.704342703334987 1427.2578273392282 1843.414180024527 11.665848441189153 183.85455904621631 18.838104501832277 45.83476514974609 14.661913303600157 54.690228059072979
leaf_count=532 184 128 169 236 135 43 191 150 467 249 41 84 97 407 128 164 113 262 1520 248 182 318 13742 17147 222 1901 539 446 424 4458
internal_value=-0.000197104 0.00769812 0.0321955 0.00370186 0.0595528 0.00720165 0.00387095 0.01047 -0.000742227 0.00950641 0.0329849 -0.00595649 -0.0195143 -0.00851071 0.0215715 0.0032875 0.0851393 -0.0385643 -0.000908295 -0.000699712 0.00174046 0.0443413 -0.00425699 0.000495854 0.0332067 -0.000812692 0.00115062 0.043319 -0.00295279 -0.032966
internal_weight=4137.08 341.868 47.9472 293.921 32.6944 274.917 250.815 195.615 130.585 102.744 65.03 65.0765 55.1999 46.4422 53.3541 34.6927 11.6759 27.8406 3795.21 3775.19 2239.19 63.562 1536 2175.63 83.6848 2091.94 1908.09 64.6729 1496.61 69.3521
internal_count=44927 3248 432 2816 304 2580 2396 1701 1105 800 596 551 695 598 442 314 154 305 41679 40159 21287 500 18872 20787 754 20033 18132 985 18624 4882
is_linear=0
shrinkage=0.05


Tree=154
num_leaves=31
num_cat=0
split_feature=11 18 11 1 3 16 17 3 18 11 0 18 17 5 17 17 19 1 3 17 19 6 20 14 18 6 16 0 1 19
split_gain=9.16707 12.5573 10.4238 12.7862 21.1996 20.1897 20.7276 17.4323 15.411 14.2171 13.0021 18.8594 12.26 12.0593 10.9329 31.8792 37.8556 23.6885 19.6942 37.0233 28.0263 26.3773 25.0685 26.7862 19.0897 22.6919 20.1179 17.4047 29.3581 29.219
threshold=9.5180519970378636 1.5768411394646911e-05 9.1537424718864333 30.305000000000003 0.68500000000000016 -1.0000000180025095e-35 0.00014950000000000003 0.42500000000000004 0.00021234164130413093 9.323100145339497 163.50000000000003 -1.2659616347735244e-06 0.00035750000000000002 0.0099999999999999273 0.00033750000000000007 0.00033150000000000003 -0.00025349999999999998 86.925000000000026 0.70500000000000007 0.00041950000000000006 -0.00020649999999999995 -0.022687420445484812 -0.00027529697485950152 -1.4499999999999998e-05 1.2409492113886856e-05 0.0047063439851740135 -0.0019584999999999997 78.500000000000014 35.82500000000001 4.5500000000000008e-05
decision_type=2 2 2 2 2 2 2 2 2 2 2 2 2 2 2 2 2 2 2 2 2 2 2 2 2 2 2 2 2 2
left_child=2 -2 14 10 5 -5 -7 -8 -6 -9 11 -4 -12 -13 15 27 -17 18 21 22 24 -16 23 -20 26 -26 -21 28 -1 -30
right_child=1 -3 3 4 8 6 7 9 -10 -11 12 13 -14 -15 17 16 -18 -19 19 20 -22 -23 -24 -25 25 -27 -28 -29 29 -31
leaf_value=-0.021560441525024048 0.042056308780406004 -0.04564210165809595 -0.013308322958094022 0.05417859200943969 -0.053303742240610533 0.026418131891602459 0.010034295470561998 -0.048224492473415287 0.03866862556820036 0.0087227683471158991 -0.013705466514675186 -0.0016935443945185716 0.048781422480753636 0.067051278921995638 -0.033804002333345622 -0.036210029501654035 0.051325152626396787 -0.034503518146588134 -0.046103307828121054 0.050022909917193992 0.061413249168882182 0.0090678269098142354 -0.052018186039989714 0.073031482074498305 0.049475731369652803 -0.05171343143198523 -0.044821978790463742 0.0030653851265920419 0.0038750063203890628 -0.030616044481078408
leaf_weight=210.17625102656893 24.678439907729629 4.8907562166568814 22.130804840475321 12.246666096150873 47.463955180719495 26.093922223895788 27.354732082225382 55.978146692737937 5.0381153909256673 13.628076180815695 94.412342683412135 8.9838408771902341 8.5615235537989047 22.00595835223794 40.35573383665178 15.507396153057924 60.682735937647521 64.145319539646152 9.5478696921491082 6.6742938980460158 18.674109207466245 323.3385633402504 71.460627747874241 9.3273868039250356 21.597683177446019 7.4521183634060426 34.449519624002278 2235.9112893171841 553.79877033695811 69.060577210970223
leaf_count=1396 209 113 167 136 770 357 396 612 157 140 935 69 64 139 406 251 357 3279 344 58 127 2744 1448 80 407 817 708 21470 5972 799
internal_value=-0.000188864 0.027551 -0.000389116 -0.00872067 -0.0175102 -0.00704573 -0.0131389 -0.0237844 -0.044478 -0.0370749 0.00185444 0.0219461 -0.00851014 0.0471224 0.000374498 0.00156021 0.0335086 -0.00576897 -0.00237375 -0.0159415 0.00697594 0.00431074 -0.0384814 0.0127683 -0.00751054 0.0235178 -0.0294289 0.000767054 -0.00540179 5.07531e-05
internal_weight=4125.63 29.5692 4096.06 343.898 187.804 135.302 123.055 96.961 52.5021 69.6062 156.094 53.1206 102.974 30.9898 3752.16 3145.14 76.1901 607.023 542.878 179.184 88.8477 363.694 90.3359 18.8753 70.1736 29.0498 41.1238 3068.95 833.036 622.859
internal_count=44927 322 44605 3942 2568 1641 1505 1148 927 752 1374 375 999 208 40663 30245 608 10418 7139 3989 2117 3150 1872 424 1990 1224 766 29637 8167 6771
is_linear=0
shrinkage=0.05


Tree=155
num_leaves=31
num_cat=0
split_feature=14 3 19 17 5 19 18 18 0 19 17 14 4 17 14 16 20 4 5 16 20 17 17 17 5 6 14 3 19 20
split_gain=8.45566 17.9137 24.7531 29.162 24.7531 19.6494 19.2782 24.3392 36.6645 41.7573 35.9604 45.7918 32.5429 33.6986 26.8871 25.8281 19.0226 18.0385 17.0009 16.8744 19.0622 37.2795 36.2733 27.1738 31.5229 25.7497 20.9035 18.2968 32.7995 17.7924
threshold=2.6500000000000004e-05 0.39500000000000007 1.6500000000000005e-05 0.00026850000000000002 0.40500000000000008 -9.549999999999999e-05 -0.00041611624779768375 -3.561900818675373e-05 111.50000000000001 -3.1499999999999993e-05 0.00024650000000000003 8.5500000000000018e-05 -0.19499999999999995 0.00018450000000000001 0.00010550000000000002 -0.00022549999999999998 -0.00023429600088832774 0.080000000000000002 0.14999999999999999 -0.00045599999999999997 -0.00023334685083020582 0.00041550000000000002 0.0002265 0.00020750000000000003 0.10500000000000005 -0.013635134505150708 6.3500000000000012e-05 0.78500000000000014 -0.00019449999999999998 -0.00022093403810048836
decision_type=2 2 2 2 2 2 2 2 2 2 2 2 2 2 2 2 2 2 2 2 2 2 2 2 2 2 2 2 2 2
left_child=-1 5 4 -4 6 -2 -3 19 9 10 11 17 -10 18 15 -12 -17 -9 -14 -8 21 22 23 24 -21 -22 -24 28 -28 -27
right_child=1 2 3 -5 -6 -7 7 8 12 -11 14 -13 13 -15 -16 16 -18 -19 -20 20 25 -23 26 -25 -26 29 27 -29 -30 -31
leaf_value=0.0015952495618690721 0.043766566869044093 -0.056949994239685046 -0.049981870893629869 -4.6472007077328684e-05 -0.082495307273763877 0.0025759477933720303 0.031969252179341122 0.031533531182303641 0.068860090611694444 -0.050405829820322656 -0.048242077690597608 0.072874512890473267 0.039802062485084555 -0.044392601826178477 -0.042864167575046887 -0.020374566305242182 0.052011258097414963 -0.035538925054043206 -0.046255611109894991 -0.043503498784237454 -0.041950298019790326 -0.037995510251595914 -0.0035455119352334804 -0.060171870403203015 0.041279877782124427 -0.026715910810182486 -0.055281689409670515 0.090128855140348921 0.046345892064982151 0.011073711954229125
leaf_weight=2725.4192747449852 31.492092333734035 16.228382661473006 66.875364985316992 51.949404584243894 9.8930743820965272 359.08218807948288 53.409050993621349 20.114818596281111 8.1168384701013547 31.500004079192877 13.509930496918967 41.857280403375626 20.435205407440666 131.97511631413363 36.12837233452592 12.831037180847483 31.014901340706277 19.982534105889499 7.9800337236374608 17.244213089346886 45.899758815765381 32.044780975207686 27.279755077790469 19.161308981478214 30.100329924374819 43.004660092294216 8.8650156538933498 18.901482179760933 76.032030213624239 112.97565962001681
leaf_count=30749 274 412 539 405 75 3366 498 166 50 228 131 266 175 2411 717 297 354 378 119 178 348 389 250 122 238 277 102 108 540 816
internal_value=-2.55694e-05 -0.00319017 -0.00672069 -0.0281504 -0.00384824 0.00589716 -0.00296064 -0.00194228 -0.0114997 0.00259988 0.012117 0.036294 -0.0288151 -0.0337581 -0.00907813 0.0122036 0.0308283 -0.00189206 0.0156339 0.00545755 0.00217612 0.0120297 0.020143 -0.00993322 0.0103994 -0.00903188 0.0354029 0.0456391 0.0357339 0.000654898
internal_weight=4121.3 1395.88 1005.31 118.825 886.486 390.574 876.593 860.364 375.446 206.939 175.439 81.9546 168.507 160.39 93.4842 57.3559 43.8459 40.0974 28.4152 484.918 431.509 229.629 197.584 66.5059 47.3445 201.88 131.078 103.799 84.897 155.98
internal_count=44978 14229 10589 944 9645 3640 9570 9158 5292 2537 2309 810 2755 2705 1499 782 651 544 294 3866 3368 1927 1538 538 416 1441 1000 750 642 1093
is_linear=0
shrinkage=0.05


Tree=156
num_leaves=31
num_cat=0
split_feature=0 14 15 19 14 17 3 17 15 16 17 3 18 17 5 20 17 20 17 19 19 18 14 17 15 17 0 4 0 17
split_gain=8.38204 11.5214 10.6992 13.8579 9.33424 26.6026 33.0757 34.1724 33.3933 31.1857 37.5196 31.1884 28.0058 26.8595 24.9219 24.5567 24.5539 21.3528 40.093 34.9191 28.4562 25.9738 33.5742 29.2432 26.9011 22.7892 25.5709 39.874 32.4069 31.9047
threshold=288.50000000000006 -0.00035449999999999994 -0.00053649999999999998 -6.3499999999999985e-05 -1.7499999999999995e-05 0.00029150000000000004 0.72500000000000009 0.00043850000000000003 1.0500000000000003e-05 -0.00045599999999999997 0.00025550000000000003 0.65500000000000014 6.6156669746659805e-05 0.00026250000000000009 0.0099999999999999829 -0.00012446684917154636 0.00028050000000000004 -0.00018038181657206186 0.00023050000000000005 -0.00014249999999999997 -0.00024349999999999998 2.4591816784763914e-05 -9.7499999999999985e-05 0.00013550000000000001 -0.00031549999999999997 0.00012750000000000004 72.500000000000014 0.085000000000000034 174.50000000000003 0.00017050000000000005
decision_type=2 2 2 2 2 2 2 2 2 2 2 2 2 2 2 2 2 2 2 2 2 2 2 2 2 2 2 2 2 2
left_child=1 2 -1 -4 5 9 12 8 -8 -3 15 13 -7 -12 -13 17 -15 19 20 21 -19 22 -11 -23 -25 -21 27 -27 -28 -30
right_child=-2 4 3 -5 -6 6 7 -9 -10 10 11 14 -14 16 -16 -17 -18 18 -20 25 -22 23 -24 24 -26 26 28 -29 29 -31
leaf_value=0.019609259050217136 0.049193287847185102 -0.062079013952162379 -0.058152598981744352 0.069250833218801239 -0.0016660778340028043 0.011631694097219114 -0.043605947323231274 0.022045025648428376 0.013171422729417744 0.060579689086792246 0.046761312976491408 0.016822599293959312 -0.040955677767506311 -0.03496262541818513 0.054438591775524674 0.045382898223780617 0.029499180981670238 0.056968749382548381 -0.054525301342234156 -0.042635922207977489 -0.0092074283260399434 0.054496560841655176 -0.059809155727382705 0.044406938581724023 -0.035503943272747904 -0.047602267962331822 0.039884149276818257 0.036652755947540881 0.04118517143064121 -0.017518824626859827
leaf_weight=8.2947595017612894 8.631728131324051 15.69809010834433 22.388965505757369 2.3593147955834892 2624.0785611573374 213.89596371445805 127.58033612871077 35.656844410288613 32.492467263131402 22.610989695414904 24.056349666323513 81.573220449965447 28.716857578139752 46.895221050828695 95.680658195633441 32.570394894806668 21.566181486472487 18.758063464192674 45.149303087033331 15.866882562637327 121.24210065416992 11.662453192751853 7.7852595122531048 11.58680418669246 115.65652487339685 32.685900922864676 155.15651252679527 24.618873216211796 36.023137014359236 64.742938904091716
leaf_count=595 58 228 780 12 27151 1676 2931 1033 405 155 189 723 381 322 663 290 210 199 425 136 1089 134 97 245 2426 245 1120 298 259 503
internal_value=-2.64003e-05 -0.000130097 -0.0295354 -0.0460069 0.000108987 0.00334381 -0.00692924 -0.0222206 -0.032081 0.00783979 0.00895309 0.0248451 0.00540719 0.00131338 0.0371275 0.00296633 -0.0146564 0.000945219 -0.0135538 0.00633148 -0.000340746 -0.0121205 0.029745 -0.0212818 -0.0282272 0.0158241 0.0187854 -0.0114052 0.0255456 0.00346743
internal_weight=4105.68 4097.05 33.043 24.7483 4064.01 1439.93 438.342 195.73 160.073 1001.59 985.888 269.772 242.613 92.5178 177.254 716.116 68.4614 683.546 185.149 498.396 140 169.302 30.3962 138.906 127.243 329.094 313.227 57.3048 255.923 100.766
internal_count=44978 44920 1387 792 43533 16382 6426 4369 3336 9956 9728 2107 2057 721 1386 7621 532 7331 1713 5618 1288 3057 252 2805 2671 2561 2425 543 1882 762
is_linear=0
shrinkage=0.05


Tree=157
num_leaves=31
num_cat=0
split_feature=3 4 3 19 14 17 14 4 16 18 17 17 19 18 6 15 0 20 17 19 18 16 20 18 19 17 4 17 0 0
split_gain=7.79559 7.92408 16.7439 18.0449 16.2388 20.8307 33.006 33.296 38.2752 34.6118 35.8466 31.4142 24.9899 24.7933 29.3336 23.6636 21.6704 21.5496 32.8152 21.0605 29.0246 27.8147 27.0985 23.7737 21.0127 20.86 33.7947 22.117 29.6674 29.3784
threshold=0.075000000000000025 -0.3249999999999999 0.25500000000000006 0.00015750000000000001 2.6500000000000004e-05 0.00018050000000000002 6.5500000000000006e-05 0.039999999999999959 -0.00055699999999999988 0.00015540606457268476 0.00033750000000000007 0.00016050000000000003 -6.8499999999999985e-05 -3.3847850778516738e-05 -0.023807386515108681 0.00047350000000000002 138.50000000000003 -0.00024149239259433998 0.00025250000000000007 -3.5499999999999989e-05 -1.0646332863986301e-05 0.00046850000000000006 -0.00024575664011676539 -5.3744186619574522e-05 -0.00025349999999999998 0.00025650000000000005 -0.22999999999999993 0.00022350000000000004 124.50000000000001 109.50000000000001
decision_type=2 2 2 2 2 2 2 2 2 2 2 2 2 2 2 2 2 2 2 2 2 2 2 2 2 2 2 2 2 2
left_child=-1 -2 -3 4 -4 11 19 8 15 10 16 12 24 25 -15 -8 17 -9 -19 20 22 -21 -7 -24 -6 26 -10 28 -28 -29
right_child=1 2 3 -5 5 6 7 9 13 -11 -12 -13 -14 14 -16 -17 -18 18 -20 21 -22 -23 23 -25 -26 -27 27 29 -30 -31
leaf_value=-0.051784370769421731 0.0073909477863039023 -0.025836196386940714 0.0022949274199207861 -0.040967481561762067 0.055643175585047389 -0.028766171481747427 0.044915231190143998 0.071988605654696614 -0.037980680965018686 -0.052787758708430069 -0.020079081117235453 0.050703547410969156 0.019580804026270271 0.032934677272876293 -0.049147211948260994 -0.033855996526260181 -0.038153403296204869 0.063011257307670945 -0.00081714738103299308 -0.047337073832396812 -0.035045216436656333 0.054662646333535292 -0.011906787509846308 0.04585900452022551 -0.05948070148359761 -0.016581504132193656 0.055571641752725269 -0.011600098797127511 -0.039892654729358351 0.067389996666600435
leaf_weight=7.2622864162549368 338.51077465713024 64.580275824293494 2580.4130231583258 26.88490240322426 4.7454876378178623 39.910358814988285 47.997941792942584 39.281986573711038 28.70416883379221 16.245043994218577 36.576316033024341 40.286866791546345 43.32099436968565 12.744220763444899 74.592187953996472 11.897557357209733 9.1756146578118187 35.636164164170623 46.297749457880855 92.959526726976037 78.865581313963048 7.201470509171485 30.014790069311857 43.807239059358835 24.056665376760066 215.73325421009213 12.508432500064371 16.798048570752144 23.294536005705595 39.336115695536137
leaf_count=811 2930 581 28920 563 53 438 468 314 220 1315 679 281 508 89 706 245 141 219 354 667 1288 46 264 256 328 1679 89 89 194 243
internal_value=-2.7038e-05 6.5035e-05 -0.000597355 -0.000154353 0.000146068 -0.00502651 -0.00741207 -0.00126769 -0.00814461 0.0168845 0.0236633 0.0153375 -0.00441735 -0.0134333 -0.0371697 0.0292682 0.0359335 0.0415416 0.0269442 -0.0214071 -0.0117361 -0.0400034 0.00442713 0.0223724 -0.0405127 -0.00727032 0.00938013 0.0241669 -0.00654043 0.0437524
internal_weight=4089.64 4082.38 3743.87 3679.29 3652.4 1071.99 959.578 666.819 483.606 183.213 166.968 112.41 72.1231 423.711 87.3364 59.8955 130.392 121.216 81.9339 292.759 192.598 100.161 113.732 73.822 28.8022 336.375 120.641 91.9371 35.803 56.1342
internal_count=44978 44167 41237 40656 40093 11173 10003 7044 4022 3022 1707 1170 889 3309 795 713 1028 887 573 2959 2246 713 958 520 381 2514 835 615 283 332
is_linear=0
shrinkage=0.05


Tree=158
num_leaves=31
num_cat=0
split_feature=7 20 6 6 17 1 14 1 8 17 2 3 17 7 17 15 14 15 19 17 16 6 3 6 15 14 2 4 5 17
split_gain=7.43928 8.259 33.2882 29.9148 44.8605 16.1012 15.0161 15.9897 14.921 11.3565 30.7291 10.2131 9.7587 9.3098 9.30913 9.30398 8.94909 19.7524 32.5806 19.4668 18.7358 14.0255 13.756 23.159 16.1801 13.2523 17.5424 21.4533 25.4215 31.6177
threshold=-0.215 -0.00013494934578218526 0.0051740338029770709 -0.01253944628204713 0.00030850000000000002 22.305000000000003 0.00012250000000000002 114.48500000000001 0.010000000000000007 0.00029250000000000006 0.47505022490751908 0.58500000000000008 0.00022450000000000001 -0.10999999999999995 0.00055850000000000008 0.00015250000000000005 0.00020250000000000002 7.3500000000000011e-05 -0.00016249999999999997 0.00045550000000000007 -0.0019384999999999999 -0.032526951874394243 0.42500000000000004 -0.013115208914524798 0.00050750000000000003 2.7500000000000001e-05 0.56841883569608864 0.15000000000000002 0.080000000000000002 0.00024750000000000005
decision_type=2 2 2 2 2 2 2 2 2 2 2 2 2 2 2 2 2 2 2 2 2 2 2 2 2 2 2 2 2 2
left_child=-1 16 3 6 12 8 -3 9 -4 -8 -11 -6 -5 -14 -13 -16 25 19 20 -18 -19 -20 -23 -24 -25 -2 -27 28 -28 -30
right_child=1 2 5 4 11 -7 7 -9 -10 10 -12 14 13 -15 15 -17 17 18 21 -21 -22 22 23 24 -26 26 27 -29 29 -31
leaf_value=-0.019230160191655517 0.00095191639846639521 0.020153832512899275 0.097873872682190249 0.0036614580112429664 0.04926128580650449 -0.046047324871215212 -0.058264431377903748 0.038202173272186002 -0.017890948597207836 0.051171173386798441 -0.070925028919401362 -0.049628063926588466 0.014590076907955175 0.066557750406801938 0.058362324497103324 -0.044384092262883625 0.073256351649517659 0.033911542020095976 -0.013927158468611374 -0.016507077129530489 -0.056321011021658124 0.039939997778046792 -0.045131981354148282 0.047280692064566282 -0.041507775891510591 -0.0096201751140788314 0.041887159368542648 -0.040792297796003338 0.026940777567809094 -0.015954501424715616
leaf_weight=49.817626267671585 2560.678208723024 38.065976562909782 4.1178621968720099 8.6875559352338296 5.01674756407738 35.158543655241374 22.698638156056404 9.3620614078827185 8.5895207024295797 10.811060689389707 9.8471270091831666 17.604586704750549 9.9396189916878921 64.822586196474731 4.9939114192966354 3.9429210493108258 21.12468037521467 7.1574400725075966 32.905762558919378 8.4583980015013349 29.315912713645957 57.403489311225712 16.11800042912364 24.567422367632393 6.4856249541044226 755.88846054364694 49.677547955652699 22.623054796480574 72.261709041893482 105.93692824488971
leaf_count=293 28980 360 26 79 59 1079 117 87 151 102 65 214 53 413 76 94 188 119 432 192 921 633 109 195 111 7248 446 648 550 938
internal_value=-2.70182e-05 0.000210704 0.00894386 0.0176794 0.0346165 -0.0286133 -0.00377695 -0.0210563 0.019623 -0.033852 -0.00702836 -0.0161637 0.0538201 0.0596487 -0.0285301 0.0130307 -0.000376799 0.00982057 0.00339719 0.0475912 -0.038614 0.0145427 0.0235011 0.00349629 0.0287367 -0.000958661 -0.00581998 0.00564721 0.0102576 0.00144005
internal_weight=4074.08 4024.26 253.659 205.793 115.008 47.8659 90.7849 52.7189 12.7074 43.3568 20.6582 31.5582 83.4498 74.7622 26.5414 8.93683 3770.6 203.537 173.954 29.5831 36.4734 137.48 104.575 47.171 31.053 3567.07 1006.39 250.499 227.876 178.199
internal_count=44978 44685 2975 1719 988 1256 731 371 177 284 167 443 545 466 384 170 41710 2900 2520 380 1040 1480 1048 415 306 38810 9830 2582 1934 1488
is_linear=0
shrinkage=0.05


Tree=159
num_leaves=31
num_cat=0
split_feature=3 0 14 15 19 3 14 18 18 17 16 17 15 17 2 20 4 0 19 17 17 20 17 18 20 0 3 19 18 17
split_gain=7.54268 7.5057 10.8588 9.90831 12.9296 8.43979 7.64066 14.7025 12.1253 40.7088 12.7043 51.2463 32.077 32.4154 28.9986 23.5931 22.7864 22.0505 53.7581 51.5073 48.8587 41.0863 35.415 30.8839 35.3891 28.0202 27.0739 36.7408 25.838 28.1784
threshold=0.075000000000000025 288.50000000000006 -0.00035449999999999994 -0.00053649999999999998 -6.3499999999999985e-05 0.76500000000000012 -0.00011249999999999998 0.00023854698223609529 0.00020817179329082674 0.00026450000000000003 -0.00012149999999999999 0.00026250000000000009 -4.6499999999999992e-05 0.00054450000000000017 0.52289997086613071 -0.00014251638316282965 0.14500000000000002 178.50000000000003 -0.00010949999999999999 0.00023550000000000001 0.00016350000000000004 -0.00018641518851016827 0.00028550000000000005 2.8637480985201309e-07 -0.00023626694026989263 257.50000000000006 0.49500000000000005 -0.00026249999999999998 9.6572085816590944e-05 0.00038750000000000004
decision_type=2 2 2 2 2 2 2 2 2 2 2 2 2 2 2 2 2 2 2 2 2 2 2 2 2 2 2 2 2 2
left_child=-1 2 3 5 -5 -2 -4 8 10 -10 11 -8 13 15 16 -13 -14 -12 25 20 21 23 -21 24 -20 26 -19 28 29 -28
right_child=1 -3 6 4 -6 -7 7 -9 9 -11 17 12 14 -15 -16 -17 -18 18 19 22 -22 -23 -24 -25 -26 -27 27 -29 -30 -31
leaf_value=-0.051758550412892582 0.054515331120211952 0.046683001443397237 0.0059370592808300413 -0.057294818460925462 0.06751414078529254 -0.052092752902243168 0.047676784511671705 -0.041892606426449215 0.052650915768477372 -0.052061492794693534 0.00025474395859649421 -0.053371256612511853 0.015048594187793772 0.029349069486055458 -0.016430625464171948 0.034705867904560345 0.071940369699989057 0.045868920002777591 -0.051000631629675809 0.053185570184698619 -0.037142135545777187 -0.053255604376274114 -0.0055489150837389417 0.050155071314922278 0.033451017013605228 0.047298736968554536 -0.049878302070218213 -0.051013960617681764 0.03847473063930263 0.046950222733089422
leaf_weight=7.0336592947132877 5.4511215668171626 8.6155142653733474 506.52261756436201 21.594169653893914 2.2956695929169681 2.8152856244123541 66.871405698359013 21.458560915634735 34.800145987421274 12.657844562549142 2530.5545358234085 60.067803504876792 102.24614148912951 20.546382925938815 64.936806040816009 8.7050976380705816 21.259762065950781 10.341703929007052 22.770858220756054 66.516655396670103 101.46997056901455 21.386364610865712 41.789030887186527 51.54727584682405 27.249723367393017 11.394282283727078 33.566090874373913 144.95722239091992 21.879031397635117 9.6805900698527676
leaf_count=811 43 58 6809 780 12 552 513 2769 288 512 23429 563 1163 315 660 66 155 78 269 442 920 177 389 515 305 89 421 1569 240 66
internal_value=-2.57422e-05 6.39707e-05 -3.52667e-05 -0.0289751 -0.0453014 0.0182079 0.000196503 -0.000632226 -0.000378329 0.0247224 -0.000724642 0.00838165 -0.00107868 -0.0257588 0.0106194 -0.0422227 0.0248417 -0.00173861 -0.0106737 0.00220493 -0.0114613 0.00973221 0.0305233 0.0229951 -0.00499389 -0.0291584 -0.0331107 -0.0369986 -0.00580299 -0.0282036
internal_weight=4062.98 4055.95 4047.33 32.1562 23.8898 8.26641 4015.18 3508.65 3487.19 47.458 3439.74 344.633 277.762 89.3193 188.443 68.7729 123.506 3095.1 564.549 332.73 224.424 122.954 108.306 101.568 50.0206 231.819 220.425 210.083 65.1257 43.2467
internal_count=44978 44167 44109 1387 792 595 42722 35913 33144 800 32344 3435 2922 944 1978 629 1318 28909 5480 3017 2186 1266 831 1089 574 2463 2374 2296 727 487
is_linear=0
shrinkage=0.05


Tree=160
num_leaves=31
num_cat=0
split_feature=6 17 17 16 4 6 5 0 17 5 18 17 0 3 19 17 16 0 6 1 19 19 5 4 3 15 0 1 18 3
split_gain=7.92514 7.87888 19.2396 22.7636 22.7241 20.9412 25.8294 37.5239 18.2726 25.7721 23.6308 19.0353 36.9405 37.5339 30.1799 23.5737 28.1483 19.8039 19.0161 56.8075 28.336 17.8398 24.4303 19.2272 56.2198 24.6462 17.6872 17.3162 16.9827 16.2176
threshold=0.03558307161925426 0.00038150000000000006 0.00052200000000000011 -1.0000000180025095e-35 0.050000000000000024 0.0047063439851740135 0.32500000000000012 144.50000000000003 0.00035950000000000006 0.58500000000000019 5.7465957210911486e-05 0.00034050000000000004 254.50000000000003 0.53500000000000014 -0.00014249999999999997 0.00033150000000000003 -1.0000000180025095e-35 211.50000000000003 0.00080738080131151195 65.865000000000023 -0.00031149999999999998 -1.3499999999999998e-05 0.28500000000000009 -0.10000000000000005 0.58500000000000008 -0.00018349999999999999 81.500000000000014 12.255000000000001 4.0130563875190427e-05 0.63500000000000012
decision_type=2 2 2 2 2 2 2 2 2 2 2 2 2 2 2 2 2 2 2 2 2 2 2 2 2 2 2 2 2 2
left_child=1 8 3 -3 21 6 7 -4 11 10 26 15 13 14 -13 -1 -17 -16 19 -18 -20 23 -23 -5 -25 -26 27 -10 -9 -6
right_child=-2 2 5 4 29 -7 -8 28 9 -11 -12 12 -14 -15 17 16 18 -19 20 -21 -22 22 -24 24 25 -27 -28 -29 -30 -31
leaf_value=-0.00017753571500916669 -0.045933306019149724 -0.055690015506341228 0.035397999235037836 -0.057287062691739499 -0.053479744480726045 -0.0512350553159929 -0.028357585667537478 -0.049321211131557373 -0.029501742099129386 -0.059201790215990396 -0.05692784915311408 0.073441015673905083 0.068190147847404112 -0.050463851468130108 -0.061324583264713531 -0.062282824587874874 0.048148646305277883 0.057226465853561892 -0.053488776065554661 -0.07538116407610701 0.065657373751245682 0.064148017250493836 -0.062758217949829748 0.078024770929099055 0.062039474088470117 -0.043793401698411352 0.059865429590662857 0.038955225168800518 0.036154294819158266 0.028800620821345137
leaf_weight=3336.605295293266 9.515246687922625 32.261037728691008 99.607174293603748 38.250829879194498 6.906508393585681 15.06978058486129 34.160247746855021 23.026470208540562 14.741648897528647 8.9347168600652349 7.2084794631809919 13.111397359520199 10.585140287876127 68.923456391843501 12.259359522722663 8.6079816604033095 28.132123436778784 4.9431433118879786 5.6020775013021185 13.907953971996902 45.688224822282791 12.415630683302881 5.4600527606671667 13.67737954109907 6.0813561193644992 57.652331518940628 42.536644022911787 24.741064993664622 7.7727941116318098 45.066126530990005
leaf_count=32204 1171 739 1145 327 46 1937 297 349 95 557 265 153 72 1699 170 170 196 58 192 107 280 68 196 76 38 576 341 163 317 1028
internal_value=-0.000355518 -0.000248275 -0.00693359 -0.0169255 -0.0101841 0.00517945 0.0103455 0.0204838 0.000480307 0.0217603 0.0298674 -0.000108387 -0.0206 -0.0300708 0.0162959 0.000546089 0.0242315 -0.0272589 0.0322108 0.00728176 0.0526439 -0.0211014 0.025385 -0.028286 -0.0139558 -0.033695 0.0374956 0.0133955 -0.0277498 0.0178666
internal_weight=4053.45 4043.94 397.408 217.771 185.51 179.636 164.567 130.406 3646.53 98.1626 89.2278 3548.37 109.822 99.2374 30.3139 3438.54 101.938 17.2025 93.3304 42.0401 51.2903 133.538 17.8757 115.662 77.4111 63.7337 82.0194 39.4827 30.7993 51.9726
internal_count=45032 43861 7139 3094 2355 4045 2108 1811 36722 1421 864 35301 2152 2080 381 33149 945 228 775 303 472 1281 264 1017 690 614 599 258 666 1074
is_linear=0
shrinkage=0.05


Tree=161
num_leaves=31
num_cat=0
split_feature=20 5 6 18 17 2 17 17 4 18 18 1 17 17 18 1 19 18 4 19 15 4 15 0 2 19 20 19 15 16
split_gain=7.88769 19.4503 31.1606 28.2932 43.038 31.9372 26.1985 51.1347 36.4712 28.9381 50.2323 41.2922 63.6149 54.5904 35.4938 32.8936 31.1471 29.0991 34.3723 27.4579 27.3889 26.9617 25.5055 24.3974 23.5726 19.0577 21.495 20.7517 17.706 17.3888
threshold=-0.00024888625845880815 0.39500000000000007 -0.023807386515108681 -0.00018268285039207418 0.0005725000000000002 0.77598697824071394 0.00027750000000000002 0.00031650000000000005 0.18500000000000003 2.2381736998103259e-06 1.8831673456850064e-05 49.855000000000011 0.00023750000000000003 0.00015050000000000003 -5.1393262954865226e-05 132.99500000000003 0.00011650000000000001 -1.8443885753211672e-05 0.019999999999999938 -0.00015149999999999997 -2.2499999999999995e-05 -0.20999999999999999 -7.0499999999999992e-05 57.500000000000007 0.59536467753320776 -9.549999999999999e-05 -0.00026788118835572244 -0.00012849999999999995 0.00013050000000000003 -0.00023349999999999996
decision_type=2 2 2 2 2 2 2 2 2 2 2 2 2 2 2 2 2 2 2 2 2 2 2 2 2 2 2 2 2 2
left_child=1 2 23 4 5 -4 9 8 -8 14 -11 -12 13 -13 15 16 19 -16 22 -5 -20 -21 -19 -1 -14 26 -9 -28 -15 -27
right_child=-2 -3 3 6 -6 -7 7 25 -10 10 11 12 24 28 17 -17 -18 18 20 21 -22 -23 -24 -25 -26 29 27 -29 -30 -31
leaf_value=0.049757836013054987 0.0011252669590582109 0.020308816945639921 0.050967938994817691 -0.055736701684307034 -0.04906788035105164 -0.055290852626346344 -0.054259444375866821 0.021923421643549233 0.04097609676261893 0.051606125492726911 -0.024015940395108532 0.040071781269124022 0.073296812755963198 -0.053212639243000751 -0.041781222108261934 -0.043945894232484052 -0.057183158863553046 0.022637906851976131 -0.055158929776151333 -0.034971785184608972 0.052749136620408713 0.044524887077263375 -0.039424251814435061 -0.056185888809102635 -0.037504757464909819 0.024684522906997568 -0.028831416439846602 0.081804333320065814 0.051558508873514264 -0.032244187794909139
leaf_weight=6.1787047442048779 2802.9774051035056 79.123423430835828 66.070844871923327 9.0007138662040216 16.793421178590506 7.9189927466213694 101.30470037041232 92.431440007989295 11.160412310855461 61.97434885147959 96.534067554981448 33.429599387571216 46.876833970483858 42.931813925562892 100.95770390378311 24.017478096764535 11.845145199447868 22.326121039688587 7.197222077753394 12.066488314419983 32.139611489139497 91.875414311885834 64.039524558931589 45.096128944307566 5.3477696462068698 16.420824266970158 45.916252187860664 4.6694186702370635 4.4505565706640473 73.245535559952259
leaf_count=60 29183 1120 554 118 494 109 1439 1977 574 537 1083 411 296 1357 1147 250 198 188 80 98 281 726 488 396 186 106 835 24 35 682
internal_value=-0.000340902 -0.00367302 -0.00531701 -0.00354566 0.023194 0.0395953 -0.00594402 -0.0171267 -0.0448088 -0.000157453 0.0116613 0.000877864 0.0189413 -0.00885348 -0.00933458 0.00963859 0.0199518 -0.0217907 -0.00573535 0.0280415 0.0330059 0.0352962 -0.0233808 -0.0434195 0.0619508 -0.0037469 0.00758344 -0.0186189 -0.0433716 -0.0218187
internal_weight=4036.32 1233.34 1154.22 1102.94 90.7833 73.9898 1012.16 345.149 112.465 667.01 291.545 229.571 133.037 80.812 375.465 148.805 124.788 226.66 125.702 112.943 39.3368 103.942 86.3656 51.2748 52.2246 232.683 143.017 50.5857 47.3824 89.6664
internal_count=45032 15849 14729 14273 1157 663 13116 5637 2013 7479 3905 3368 2285 1803 3574 1390 1140 2184 1037 942 361 824 676 456 482 3624 2836 859 1392 788
is_linear=0
shrinkage=0.05


Tree=162
num_leaves=31
num_cat=0
split_feature=6 17 6 14 19 6 18 18 17 19 20 18 6 5 20 20 17 17 20 18 4 0 19 5 0 17 0 15 19 1
split_gain=7.49513 7.41356 19.0367 20.6511 19.0985 12.2971 15.6799 21.2623 10.4038 53.1062 54.8786 45.4724 21.9763 27.8605 23.8511 15.4935 41.2922 34.0777 41.8365 33.0215 49.4028 40.1781 64.5165 38.4878 32.2414 27.6099 54.0975 54.4535 48.4503 54.4006
threshold=0.03558307161925426 0.00014250000000000002 0.010286192607228411 4.500000000000001e-06 4.5500000000000008e-05 -0.016409951039707649 8.588256984020447e-07 3.4328236746484471e-05 0.00016050000000000003 -9.549999999999999e-05 -0.00018641518851016827 2.8637480985201309e-07 -0.034962533062563979 1.0000000180025095e-35 -0.00023729462110782176 -0.00021815096996831047 0.00019450000000000004 0.00021150000000000002 -0.00020369313545633047 2.5994758053949144e-05 0.030000000000000002 131.50000000000003 -0.0002285 0.37500000000000011 225.50000000000003 0.00023150000000000002 108.50000000000001 0.00012250000000000002 -5.8499999999999992e-05 68.395000000000024
decision_type=2 2 2 2 2 2 2 2 2 2 2 2 2 2 2 2 2 2 2 2 2 2 2 2 2 2 2 2 2 2
left_child=1 2 3 5 -5 -1 -7 -8 9 -3 11 12 -11 -14 -15 25 19 -18 -19 23 -21 -22 -23 24 -17 26 27 -10 -28 -30
right_child=-2 8 -4 4 -6 6 7 -9 15 10 -12 -13 13 14 -16 16 17 18 -20 20 21 22 -24 -25 -26 -27 28 -29 29 -31
leaf_value=0.053734795740809894 -0.045645379549555519 -0.050111363911977028 0.034669614053891899 0.045848225522217824 -0.0265877058598693 -0.041322502890659481 0.044622396500382161 -0.020190329313513757 -0.003734278077769583 0.046801753990798819 -0.057093337619996493 0.056958574602124827 0.039277754602073695 -0.067465427412646273 0.0019813823462037214 0.052590986691254643 -0.03601548403574014 0.018108093955655307 -0.0027483315754602894 -0.055415004491634369 0.053427579758670067 0.045955100384389706 -0.060615741538375491 -0.04884486432396079 -0.059864464935735245 0.00072104576561325304 -0.043925025821143382 0.069189206773258766 0.012384173599927183 -0.064143686079545084
leaf_weight=6.6128452289849511 9.1037050082231854 62.963559241965413 53.508657907135785 35.56833260320127 12.228284591808913 39.112665224820375 18.117990033701062 41.959562708623707 198.0509654948255 16.781911700032651 29.856343269348145 47.67570948600769 16.399953866843134 27.157856490463018 22.695807345211506 118.5036630583927 62.901441407389939 303.20372722687898 1161.6518212177907 28.077553858980536 47.191390575841069 27.548959217965603 29.311661353334785 11.550287842750548 6.7360123842954627 1240.9844001478341 173.80676657077856 29.399569315835834 107.38977130502462 29.62939066439867
leaf_count=156 1171 1124 549 506 163 398 369 419 2183 229 297 428 145 409 209 869 844 2743 12026 331 332 180 277 61 57 14730 2571 172 825 259
internal_value=-0.000328746 -0.000225778 0.00898633 3.91948e-05 0.0273162 -0.0122832 -0.0166845 -0.000644321 -0.000727928 -0.0111927 0.00406851 0.0180388 -0.00430745 -0.0172533 -0.0358499 -7.37771e-05 0.0032014 2.1215e-05 0.00156864 0.0212684 0.0034411 0.0193229 -0.00898219 0.0384882 0.0465426 -0.00338102 -0.0128382 0.00569159 -0.0263976 -0.00416442
internal_weight=4015.68 4006.58 207.108 153.6 47.7966 105.803 99.1902 60.0776 3799.47 223.531 160.568 130.711 83.0355 66.2536 49.8537 3575.94 1796.68 1527.76 1464.86 268.92 132.13 104.052 56.8606 136.79 125.24 1779.26 538.276 227.451 310.826 137.019
internal_count=45032 43861 2560 2011 669 1342 1186 788 41301 2841 1717 1420 992 763 618 38460 17720 15613 14769 2107 1120 789 457 987 926 20740 6010 2355 3655 1084
is_linear=0
shrinkage=0.05


Tree=163
num_leaves=31
num_cat=0
split_feature=17 17 16 4 6 5 0 17 5 18 17 0 3 19 17 16 0 6 1 19 0 15 19 5 4 3 15 16 16 14
split_gain=7.25226 17.6873 21.8767 20.7071 19.631 23.0667 34.3537 16.6608 24.2112 22.2502 17.8344 34.2918 35.0436 28.1038 21.6655 25.8422 18.3871 18.2506 52.6817 27.6287 16.8986 21.4385 16.6264 22.0273 18.2861 50.604 22.3139 15.8067 17.4779 15.5523
threshold=0.00038150000000000006 0.00052200000000000011 -1.0000000180025095e-35 0.050000000000000024 0.0047063439851740135 0.32500000000000012 144.50000000000003 0.00035950000000000006 0.58500000000000019 5.7465957210911486e-05 0.00034050000000000004 254.50000000000003 0.53500000000000014 -0.00014249999999999997 0.00033150000000000003 -1.0000000180025095e-35 211.50000000000003 0.00098129430108797309 65.865000000000023 -0.00031149999999999998 97.500000000000014 4.250000000000001e-05 -1.3499999999999998e-05 0.28500000000000009 -0.10000000000000005 0.58500000000000008 -0.00018349999999999999 -0.0018154999999999996 -0.0022074999999999998 -0.00017749999999999995
decision_type=2 2 2 2 2 2 2 2 2 2 2 2 2 2 2 2 2 2 2 2 2 2 2 2 2 2 2 2 2 2
left_child=7 2 -2 22 5 6 -3 10 9 20 14 12 13 -12 -1 -16 -15 18 -17 -19 21 -9 24 -24 -4 -26 -27 28 -8 -28
right_child=1 4 3 -5 -6 -7 27 8 -10 -11 11 -13 -14 16 15 17 -18 19 -20 -21 -22 -23 23 -25 25 26 29 -29 -30 -31
leaf_value=-0.00023888982152057644 -0.055426874133916663 0.034069632514890633 -0.056277085130765819 0.016860526560777602 -0.051167168710928551 -0.026848588853855035 -0.054857809229254352 0.041423273545305762 -0.058938229505354989 -0.056693382274301499 0.071882885737385827 0.066973071881923016 -0.049944838301538862 -0.060684244499652845 -0.061729191745953808 0.044518228358096809 0.056733128269437473 -0.053313093928966063 -0.072926236599289276 0.06773691293638022 0.062094521077096003 -0.031852696388936973 0.060973481945251665 -0.061965794896056373 0.072488796349528428 0.059230073624026582 0.04162321433834866 -0.059878264464789922 0.060668612460309079 -0.050800391039225623
leaf_weight=3302.64000193635 30.835800079046749 97.461689611664042 37.129791120067239 51.799500905908644 14.311706428095929 33.706775629892945 5.5713443354470673 28.468507494777441 8.605485354899427 6.9637845748220562 12.670555684715511 10.13359100371599 65.938408944115508 11.721356137655677 8.1520486786030215 31.252209715545177 4.6596121024340382 5.3402353044366455 13.749338523484765 40.183344729244709 35.622362673282623 15.371547549962996 12.381982170045378 5.1626634681597343 13.975233785808085 5.9528431519865981 4.9962075091898432 16.529359653359279 7.9393715616315603 51.154260751791298
leaf_count=33374 739 1145 327 1074 1937 297 262 207 557 265 153 72 1700 170 170 215 58 192 107 261 299 93 68 196 76 38 41 322 82 535
internal_value=-0.000316603 -0.00680318 -0.0164738 -0.00989408 0.00495387 0.00993616 0.0196607 0.000383856 0.0210413 0.0290049 -0.000176004 -0.0204593 -0.0297867 0.0159664 0.000450887 0.0235371 -0.0272845 0.0312156 0.00863538 0.0535369 0.0365152 0.0157307 -0.0204933 0.0247975 -0.0275123 -0.0134737 -0.0328181 -0.0270875 0.0130296 -0.0425766
internal_weight=3990.38 388.909 213.388 182.552 175.52 161.209 127.502 3601.47 95.0317 86.4262 3506.44 105.124 94.9899 29.0515 3401.32 98.6772 16.381 90.5251 45.0015 45.5236 79.4624 43.8401 130.753 17.5446 113.208 76.0785 62.1033 30.0401 13.5107 56.1505
internal_count=45032 7139 3094 2355 4045 2108 1811 37893 1421 864 36472 2153 2081 381 34319 945 228 775 322 453 599 300 1281 264 1017 690 614 666 344 576
is_linear=0
shrinkage=0.05


Tree=164
num_leaves=31
num_cat=0
split_feature=20 5 6 18 17 2 17 17 16 14 2 15 5 5 19 17 19 17 20 0 0 17 19 19 18 18 20 0 20 0
split_gain=7.17281 17.1762 29.0732 25.3319 39.8556 29.567 25.4283 53.8494 34.8445 28.5692 41.4154 29.4443 26.0183 25.1282 22.7147 23.1945 22.5178 22.4377 33.6421 28.5339 22.3478 21.2993 26.665 20.8534 19.0016 22.3406 18.7683 20.0237 23.0697 19.5473
threshold=-0.00024888625845880815 0.39500000000000007 -0.023807386515108681 -0.00018268285039207418 0.0005725000000000002 0.77598697824071394 0.00028250000000000004 0.00030950000000000004 -0.00022049999999999997 -9.4999999999999988e-06 0.12493152421228174 3.5000000000000004e-06 0.095000000000000043 0.21500000000000005 -2.8499999999999998e-05 0.00013550000000000001 -5.449999999999999e-05 0.00020450000000000001 -0.0003292785836896749 68.500000000000014 58.500000000000007 0.00020450000000000001 -8.9499999999999994e-05 0.00011650000000000001 4.0130563875190427e-05 8.7384239079979625e-05 -0.00026464734331376377 95.500000000000014 -0.00027658890812933348 21.500000000000004
decision_type=2 2 2 2 2 2 2 2 2 2 2 2 2 2 2 2 2 2 2 2 2 2 2 2 2 2 2 2 2 2
left_child=1 2 20 4 5 -4 8 -8 -5 10 16 14 -13 21 24 -16 -10 19 -19 -14 -1 22 -12 -21 -11 -26 27 28 29 -9
right_child=-2 -3 3 6 -6 -7 7 26 9 11 13 12 17 -15 15 -17 -18 18 -20 23 -22 -23 -24 -25 25 -27 -28 -29 -30 -31
leaf_value=0.046844814167356981 0.0010929294946401085 0.019142166001518676 0.04948804053872273 0.075349347687129531 -0.048644705646794489 -0.055017262749077672 -0.053893019648168353 0.057880467479681147 -0.030007675015703051 -0.025955608578335111 -0.045361036436804392 -0.041359910993844312 -0.051612466898115487 -0.057956585329370924 -0.034202414947046941 0.037477952352118017 0.023559889687726595 0.043012421892904856 -0.045327431806427766 0.041837909475701367 -0.055278505623809732 0.050023892590983512 0.036791601316258152 -0.056368254236213014 0.051500400892103088 -0.022330094704227185 -0.026694313291902323 0.020175498449565767 0.02312196358688344 -0.041315298197859618
leaf_weight=6.1143032405525437 2774.3202283550054 78.063389782560989 63.858446880243719 14.978565214900298 16.112647385103628 7.5705373883247367 76.237034766818397 5.4857718199491492 63.245071701705456 68.183432453777641 15.609991738107054 96.413575488550123 13.355419669300316 7.6274079708382478 13.595858126878737 66.414992231875658 28.440358277410269 13.492018011631442 53.562246100511402 46.007989089936018 43.253245238214731 84.381664284213912 26.895594419445843 6.1252039335668078 21.966554904356599 19.203757467679679 75.268684881972149 86.763587869267212 28.346286031359341 52.455850660218857
leaf_count=63 29183 1120 554 108 494 109 1360 25 641 754 505 1549 154 52 139 533 185 131 529 417 393 830 312 119 261 405 1048 1809 338 912
internal_value=-0.000303673 -0.00353514 -0.00511437 -0.00338605 0.0223885 0.0384118 -0.00567895 -0.0171362 -4.05325e-05 -0.00179258 0.012523 -0.00953349 -0.0215974 0.0301862 0.00505273 0.0252977 -0.0133913 -0.00722189 -0.0275525 0.0135948 -0.0426303 0.0354846 0.0066214 0.0302995 -0.00975987 0.0170624 -0.00585146 0.00321413 -0.0138407 -0.0319237
internal_weight=3973.35 1199.03 1120.97 1071.6 87.5416 71.429 984.057 324.557 659.5 644.521 226.2 418.321 228.956 134.515 189.365 80.0109 91.6854 132.543 67.0543 65.4886 49.3675 126.887 42.5056 52.1332 109.354 41.1703 248.32 173.051 86.2879 57.9416
internal_count=45032 15849 14729 14273 1157 663 13116 5492 7624 7516 2525 4991 2899 1699 2092 672 826 1350 660 690 456 1647 817 536 1420 666 4132 3084 1275 937
is_linear=0
shrinkage=0.05


Tree=165
num_leaves=31
num_cat=0
split_feature=8 0 2 1 14 3 6 17 3 17 16 6 17 0 3 0 14 6 6 14 17 19 14 19 18 18 19 15 6 3
split_gain=9.89297 12.7272 16.8365 20.2139 17.015 17.4561 16.0468 14.9663 23.616 16.0795 21.8526 14.5616 13.535 11.8644 13.3529 11.785 11.3597 10.3708 9.55589 10.755 9.22747 13.6459 20.401 10.583 18.6322 12.2383 16.9645 13.5141 9.04082 8.88855
threshold=0.11500000000000003 21.500000000000004 0.53875183800787718 28.465000000000003 -4.6499999999999992e-05 0.8650000000000001 0.011809891078678858 0.00029050000000000007 0.69500000000000006 0.00042050000000000003 -0.00027349999999999993 0.0068996499048642112 0.00056050000000000013 79.500000000000014 0.65500000000000014 136.50000000000003 -0.00018749999999999998 0.02853490688653346 0.015693824671356518 9.2500000000000012e-05 0.00014050000000000003 6.7500000000000014e-05 9.5000000000000022e-06 -0.00025949999999999991 0.00013073756142704509 8.4165375363346096e-05 -7.149999999999999e-05 -6.2499999999999988e-05 0.013190741012731251 0.45500000000000007
decision_type=2 2 2 2 2 2 2 2 2 2 2 2 2 2 2 2 2 2 2 2 2 2 2 2 2 2 2 2 2 2
left_child=17 28 3 6 -5 18 7 8 16 10 -9 15 -11 14 -4 -10 -3 20 19 -6 21 22 23 -1 25 26 -25 -28 -2 -29
right_child=1 2 13 4 5 -7 -8 9 11 12 -12 -13 -14 -15 -16 -17 -18 -19 -20 -21 -22 -23 -24 24 -26 -27 27 29 -30 -31
leaf_value=0.055786175282233501 0.0045195171199837215 -0.063476259379040417 0.022708649725768432 0.054849228948561236 -0.032244803422441286 0.089822148231332638 -0.03982751912848928 0.048229496964330001 -0.017153536727227751 0.061701867836002101 -0.04868400616690538 0.076210477699372434 -0.042766855051538731 -0.070183250339505676 -0.033066685579932253 0.048670495299498844 0.0039634297328116656 -0.038490540969644355 0.05841877674986945 0.021920897575268324 -0.0013636532564959148 -0.041221213627850098 0.0426036777112309 -0.055469812577552714 -0.068308742393623167 0.051490078461104427 -0.036032675761472052 -0.0037018715352158888 0.069582749843978317 0.041233231703815522
leaf_weight=8.523196663707493 8.7240325417369622 7.5646268241107455 18.845510107465088 38.78240075847134 22.014854066539556 6.1117192011442958 21.532306647743098 7.1029521226882926 12.079813592135908 10.270082749426363 32.120139269449282 19.638547737151384 4.4412246276624492 9.694537921342997 24.920777849387378 15.557207288220523 35.771830584853888 18.36444069922436 5.9630704651353872 15.699968393892048 3446.127850756282 11.606605712324379 46.205280726775527 12.554917074739924 9.6183992717415077 12.183988664299248 13.096218887716523 19.461157433688655 13.761239219224079 25.328376730903983
leaf_count=101 74 58 191 425 199 56 280 53 72 66 397 108 160 114 416 104 241 1508 54 112 38093 204 584 114 74 148 123 298 105 466
internal_value=-0.000256408 0.00802344 0.00537322 0.0107286 0.0300185 0.0106772 0.000440971 0.00643955 0.0188522 -0.0144142 -0.0311338 0.0432915 0.0301636 -0.020136 -0.00905015 0.0198996 -0.00780855 -0.00101193 -0.000397271 -0.00969664 -0.000820988 0.0109719 0.0150937 0.00247928 -0.00244624 0.00522086 -0.00278224 0.00864524 0.0443389 0.0217088
internal_weight=3953.67 330.597 308.112 254.651 88.572 49.7896 166.079 144.546 90.612 53.9344 39.2231 47.2756 14.7113 53.4608 43.7663 27.637 43.3365 3623.07 43.6779 37.7148 3604.71 158.578 146.972 100.766 92.2431 82.6247 70.4407 57.8858 22.4853 44.7895
internal_count=44998 3285 3106 2385 846 421 1539 1259 583 676 450 284 226 721 607 176 299 41713 365 311 40205 2112 1908 1324 1223 1149 1001 887 179 764
is_linear=0
shrinkage=0.05


Tree=166
num_leaves=31
num_cat=0
split_feature=8 0 2 17 14 3 0 8 17 16 17 17 2 18 15 17 0 3 4 19 4 6 17 17 19 14 20 19 18 15
split_gain=8.9865 11.4595 15.3728 13.0716 16.4628 17.7237 19.9873 15.4869 15.2535 16.8253 14.9422 18.1732 18.0322 15.1017 12.4485 12.1775 11.0752 12.2164 10.6208 10.6065 10.4997 9.63541 9.40772 8.51563 12.6626 18.9532 11.2692 10.0089 17.4207 11.7338
threshold=0.11500000000000003 21.500000000000004 0.53875183800787718 0.00031350000000000003 -0.00026349999999999995 0.66500000000000015 191.50000000000003 0.18500000000000008 0.00042050000000000003 -0.00027349999999999993 0.00026850000000000002 0.00022750000000000003 0.13061769400546097 2.7721591750116292e-05 -7.0499999999999992e-05 0.00057450000000000003 79.500000000000014 0.65500000000000014 -0.0099999999999999239 -0.00022349999999999998 0.23999999999999999 0.02853490688653346 0.00023550000000000001 0.00014050000000000003 6.7500000000000014e-05 9.5000000000000022e-06 -0.00026618781712603494 -0.00025949999999999991 0.00013073756142704509 -0.00014749999999999998
decision_type=2 2 2 2 2 2 2 2 2 2 2 2 2 2 2 2 2 2 2 2 2 2 2 2 2 2 2 2 2 2
left_child=21 -2 3 4 -3 7 10 22 9 -5 11 14 -13 -12 20 18 17 -4 -10 -11 -7 23 -6 24 25 27 -27 -1 29 -29
right_child=1 2 16 8 5 6 -8 -9 15 19 13 12 -14 -15 -16 -17 -18 -19 -20 -21 -22 -23 -24 -25 -26 26 -28 28 -30 -31
leaf_value=0.05547980562275262 0.042142970978657289 -0.045251204099295256 0.021615899857214953 0.051331972294665587 -0.036955368151662241 -0.036131695952213737 0.073229114083414204 0.030418692743733617 0.073019188817186123 0.010497294909710266 -0.0067339494774016628 -0.065667789848583888 0.038105128869735237 0.072863892557082172 0.056619994486917617 -0.049281564188456112 -0.068431264320369362 -0.031954719525365563 0.0015640028104717254 -0.052966259139030164 0.044192913321462232 -0.037570061871805782 0.014685003103657279 -0.0012957385652030071 -0.040285617289376602 -0.029189954147944265 0.050439876581764409 0.055471585245041179 -0.067196315302247497 -0.0021191450128979182
leaf_weight=8.1511533260345441 22.474902871530503 9.9504922903142852 18.809258640743792 6.0322724897414437 26.007285000756383 9.9266509134322387 24.305163697339594 25.771252024918795 10.903613906353714 8.5069374626618792 8.3019267879426497 13.196839969605209 6.1310597147676154 21.113444404443726 17.993586031720046 4.8151225756155318 9.45180153287947 24.50925699993968 9.9420455470681208 29.11945457290858 6.8936614939011625 17.885990409587976 13.345099668949841 3445.4334567684855 11.290486376732586 4.9983297921717158 39.993915636092424 10.10625749081373 9.2969241347163898 70.844167770817876
leaf_count=101 179 108 191 51 222 84 178 171 84 174 56 96 63 150 109 215 114 416 104 340 89 1508 91 38093 204 53 531 123 74 1026
internal_value=-0.000244426 0.00768683 0.00514804 0.010282 0.0172883 0.0208857 0.0333216 0.000288556 -0.00820801 -0.0261895 0.0217133 0.00612832 -0.0327497 0.0503989 0.0277125 0.0223854 -0.0193936 -0.00869391 0.0389396 -0.0386178 -0.00321134 -0.000962363 -0.0194432 -0.000780489 0.0106964 0.0147107 0.0415935 0.0024186 -0.0023739 0.00507077
internal_weight=3945.5 327.501 305.026 252.256 182.936 172.986 107.862 65.1236 69.3194 43.6587 83.5572 54.1418 19.3279 29.4154 34.8139 25.6608 52.7703 43.3185 20.8457 37.6264 16.8203 3618 39.3524 3600.11 154.681 143.391 44.9922 98.3985 90.2473 80.9504
internal_count=44998 3285 3106 2385 1417 1309 825 484 968 565 647 441 159 206 282 403 721 607 188 514 173 41713 313 40205 2112 1908 584 1324 1223 1149
is_linear=0
shrinkage=0.05


Tree=167
num_leaves=31
num_cat=0
split_feature=8 6 17 1 3 4 4 3 17 6 0 3 17 0 17 18 6 17 6 3 17 19 18 19 14 15 19 17 20 6
split_gain=8.16882 10.5775 13.2707 11.846 10.8649 12.4575 9.87083 9.86201 16.0353 14.7002 11.6168 24.1802 18.456 14.6843 14.4257 11.5974 9.23598 9.00568 9.9725 8.95603 8.51763 14.7898 21.9733 11.9602 16.3478 12.7801 13.3138 13.918 20.4096 9.95279
threshold=0.11500000000000003 0.015693824671356518 0.00017650000000000003 152.02500000000003 0.72500000000000009 0.20500000000000004 0.23500000000000004 0.83500000000000008 0.00032750000000000005 0.010979884072184502 191.50000000000003 0.68500000000000016 0.00025250000000000007 167.50000000000003 0.00019150000000000002 9.3236801645807109e-05 0.032335227973539341 0.00022950000000000002 0.024541343945991261 0.67500000000000016 0.00014050000000000003 -0.00025949999999999991 0.00017656504807776239 6.7500000000000014e-05 4.500000000000001e-06 -0.00014749999999999998 -7.149999999999999e-05 0.00012950000000000003 -0.000217134754355412 0.020141478552353802
decision_type=2 2 2 2 2 2 2 2 2 2 2 2 2 2 2 2 2 2 2 2 2 2 2 2 2 2 2 2 2 2
left_child=16 2 -2 6 19 -6 7 10 9 -9 13 -12 -13 14 -4 -16 20 18 -7 -3 21 -1 23 24 25 -23 -27 28 -28 -22
right_child=1 4 3 -5 5 17 -8 8 -10 -11 11 12 -14 -15 15 -17 -18 -19 -20 -21 29 22 -24 -25 -26 26 27 -29 -30 -31
leaf_value=0.056445986294046319 -0.036045914901142076 0.020009589493823133 0.072270770905664888 -0.045314213244026236 -0.056526790474410331 0.072085846714810595 -0.052014563222316547 0.077375741178572668 -0.04742864234118721 -0.0040339816645097422 -0.018432370499131719 0.11117933213007905 0.01603246450741205 -0.045581719314952147 0.0076972678451843511 -0.033997714908515789 -0.051032344862905858 -0.041266438838157699 -0.027656504948121052 0.077413515849798525 -0.00098584264000982358 0.055221336863175055 -0.071603694277401361 -0.039335770832915312 0.04062597041274018 -0.046897077456417927 0.019150325910856948 0.040736942796424688 -0.058863487871023926 -0.024047511899744002
leaf_weight=15.843394078314303 19.689534335397184 13.073965128511192 7.7593246772885314 10.546944293659179 6.3326621579472002 9.51143517624587 6.4920285182888611 18.013446709723219 4.7676297342986791 8.011240497347897 13.638663940131662 11.092696333304049 9.4289839456905593 15.255858113523571 129.87414203025401 19.134680698625743 9.1693853234755789 3.8563240003422825 3.4024917371571055 14.147297797724603 3402.1589058086975 9.7853376157581788 8.6730655338615161 10.992635875940321 41.291501076892018 15.34531455487012 20.472510986030091 18.684462418779731 14.197580102831141 47.436963784857653
leaf_count=190 191 92 41 160 113 61 143 125 264 78 119 65 98 164 959 215 1245 165 142 90 36664 124 65 204 596 149 323 375 115 1663
internal_value=-0.00023292 0.00737231 0.00349869 0.00656392 0.0284403 0.00322197 0.00881125 0.0104776 0.0368717 0.0523152 0.0065358 0.0331687 0.0674627 0.00124706 0.0058042 0.00234309 -0.000914791 0.0257839 0.0458063 0.0498433 -0.000787312 0.0106679 0.00546658 0.0105781 0.015159 0.00176075 -0.00585396 0.00595046 -0.0127967 -0.00130297
internal_weight=3938.08 324.029 273.705 254.016 50.3242 23.1029 243.469 236.977 30.7923 26.0247 206.184 34.1603 20.5217 172.024 156.768 149.009 3614.05 16.7703 12.9139 27.2213 3604.88 155.286 139.442 130.769 119.777 78.4852 68.6999 53.3546 34.6701 3449.6
internal_count=44998 3285 2622 2431 663 481 2271 2128 467 203 1661 282 163 1379 1215 1174 41713 368 203 182 40468 2141 1951 1886 1682 1086 962 813 438 38327
is_linear=0
shrinkage=0.05


Tree=168
num_leaves=31
num_cat=0
split_feature=12 20 8 1 17 1 18 6 5 17 17 17 18 21 10 18 0 0 20 4 5 17 17 17 17 17 6 3 16 0
split_gain=7.76971 8.97318 8.78769 14.3346 9.14308 7.92627 20.1187 41.4861 26.3447 22.8471 25.648 21.7669 25.1522 23.9765 18.1074 18.6123 42.8094 32.6829 33.8401 45.5988 31.2802 28.8059 24.6667 23.3245 49.4429 49.1085 38.1266 34.063 22.869 18.6264
threshold=0.0099999999999999273 -0.00032297859821044279 0.039999999999999959 34.805000000000007 0.00029450000000000006 85.425000000000026 -8.751140808611542e-05 -0.01073752416352575 0.51500000000000012 0.00029350000000000009 0.00029950000000000002 0.00030750000000000005 -7.6193703198632862e-05 1.0000000180025095e-35 2.5668687456151198 3.1222520943969305e-05 92.500000000000014 135.50000000000003 -0.00030384566244841412 0.17999999999999999 0.34500000000000014 0.0001685 0.00028350000000000006 0.00026850000000000002 0.00023650000000000003 0.00018550000000000004 0.0077640690362047815 0.83500000000000008 -1.0000000180025095e-35 46.500000000000007
decision_type=2 2 2 2 2 2 2 2 2 2 2 2 2 2 2 2 2 2 2 2 2 2 2 2 2 2 2 2 2 2
left_child=1 -1 3 -3 -5 -2 9 8 -8 -7 -11 13 -13 14 -9 17 -17 18 -16 20 21 -20 -23 24 25 -18 -26 -28 -19 -21
right_child=5 2 -4 4 -6 6 7 11 -10 10 -12 12 -14 -15 15 16 23 28 19 29 -22 22 -24 -25 26 -27 27 -29 -30 -31
leaf_value=0.049987683871599221 0.0015786914322201537 -0.055421602278058139 0.015153792713581285 -0.022867644610872536 0.029906864610466235 -0.023220654616179559 0.043446778318688276 0.038766600257690256 -0.022241487208545206 0.046968996523140231 -0.0069727870547246695 0.026224591104067514 -0.05405168430857156 0.071534337234817669 -0.040721534057127244 -0.0376616024673328 0.014270717123281346 0.069146630895113748 -0.0053190755280229695 0.027064206755265208 -0.043160442389667847 0.060169556648594746 -0.027668164193752218 -0.041401560314259706 0.091577597684323692 -0.05528960410714389 0.048452231505483001 -0.056569941445016973 -0.043229887733087259 -0.065485424689047889
leaf_weight=5.0154224405996493 2713.0272264360392 26.386241981759667 15.414138004183767 29.370490178931504 11.389589476399122 220.16172569617629 82.248882167041302 26.109404819668271 18.741635428741574 25.83029755204916 150.03797296097036 12.975615916308014 39.343975004827371 11.335890123154966 23.469564223894849 106.34433784260182 69.224707860965282 5.0792355500161639 26.526696199551225 7.7619435940869179 11.959474340081213 97.190474292263389 8.7088000215589982 26.968398418743163 25.54139082878828 40.054315957648214 21.333108279854059 12.099946512083987 41.659621515311301 18.146055841818452
leaf_count=41 26528 192 125 311 182 2252 1089 261 131 310 2292 107 2712 94 533 2527 1036 33 361 146 72 628 64 696 128 1127 178 229 458 155
internal_value=-0.000221944 -0.014948 -0.0188927 -0.0267085 -0.00812086 0.000113736 -0.00340706 0.00149994 0.0312565 -0.0124871 0.000949804 -0.00325627 -0.0341426 -0.000467791 -0.00190433 -0.0038633 -0.0121372 0.00651139 0.015564 0.0233212 0.034281 0.0412748 0.0529461 0.00176685 0.00868607 -0.0112254 0.0455818 0.0104431 -0.0310176 -0.0377579
internal_weight=3929.46 87.5759 82.5605 67.1463 40.7601 3841.88 1128.85 732.823 100.991 396.03 175.868 631.833 52.3196 579.513 568.177 542.068 301.566 240.502 193.763 170.293 144.385 132.426 105.899 195.222 168.253 109.279 58.9744 33.4331 46.7389 25.908
internal_count=44998 851 810 685 493 44147 17619 12765 1220 4854 2602 11545 2819 8726 8632 8371 5921 2450 1959 1426 1125 1053 692 3394 2698 2163 535 407 491 301
is_linear=0
shrinkage=0.05


Tree=169
num_leaves=31
num_cat=0
split_feature=7 6 16 0 3 14 4 4 17 17 17 3 6 0 3 14 3 6 1 17 3 19 0 3 18 14 19 20 15 19
split_gain=7.35348 9.69683 11.6029 13.0233 12.8378 9.43896 14.6925 9.00418 20.6776 19.1306 46.4511 28.5416 28.3686 20.3904 18.6963 14.6165 21.9657 22.8343 31.8634 30.901 28.3901 23.5381 42.9713 40.3615 38.9945 23.0877 20.4084 32.952 27.1783 23.3163
threshold=0.039999999999999959 -0.045340224111544439 0.00068150000000000014 54.500000000000007 0.12500000000000003 7.5000000000000002e-06 -0.37499999999999989 -0.3249999999999999 0.00036650000000000002 0.00027650000000000005 0.00025850000000000005 0.17500000000000002 -0.025465211265235339 75.500000000000014 0.29500000000000004 2.6500000000000004e-05 0.25500000000000006 -0.0031398209992630961 143.50500000000002 0.00014350000000000005 0.68500000000000016 -1.0000000180025095e-35 191.50000000000003 0.45500000000000007 -9.2866554143804565e-06 7.5000000000000002e-06 -3.8499999999999994e-05 -0.00025798944110741326 -2.1499999999999997e-05 -0.00011149999999999999
decision_type=2 2 2 2 2 2 2 2 2 2 2 2 2 2 2 2 2 2 2 2 2 2 2 2 2 2 2 2 2 2
left_child=1 2 3 -1 -4 6 -5 8 9 10 13 12 -11 14 -3 16 -9 20 21 -20 -18 23 24 -19 -23 -26 29 -28 -29 -25
right_child=-2 7 4 5 -6 -7 -8 15 -10 11 -12 -13 -14 -15 -16 -17 17 18 19 -21 -22 22 -24 26 25 -27 27 28 -30 -31
leaf_value=0.013217217808698762 0.0055364846263695634 -0.022282025416671482 -0.066616704064663898 -0.055342382637087344 0.066300010424734185 -0.049096803731398429 0.058287316919070131 -0.043418701141937514 -0.028756793922012493 0.034380752270245521 -0.042528324124429112 0.049630051866463867 -0.040798918787355386 0.058135168718995267 0.074678103388201175 -0.0067621537461212133 0.012206265048430811 -0.051986389423945817 0.0093732091918203621 -0.050191168760452369 -0.043443234515361508 -0.016668995587897768 -0.062862943493395926 -0.0028606047055825933 0.054938793817860446 -0.035991550678195414 0.057096689484431057 0.0010943508539517754 -0.053338019702099441 0.012505004652973989
leaf_weight=16.395972495898604 486.83060363147524 23.345979958307002 2.4265755865490046 5.5986783658154309 7.2274618707597256 40.80789934610948 5.7835550308227521 27.702877279371023 32.258072286145762 27.153818469494581 41.191659841686487 65.726703280583024 23.328370873816311 27.498452935367823 6.3170368522405616 890.93300029830425 554.2340083559975 39.022314012050629 33.294323010719381 62.928198856738163 23.906965132802725 33.061923258006573 14.015210004523395 884.52258106565569 80.261054055765271 7.6457513868808737 11.896770529448984 38.683830211870372 56.318809155374765 342.4808923038654
leaf_count=122 4813 178 190 131 50 476 50 256 728 237 267 666 230 234 70 10107 4932 358 453 3032 282 479 153 12371 617 56 99 243 425 2693
internal_value=-0.000213616 -0.00103071 -0.0184309 -0.0256548 0.0328909 -0.0378668 0.00239529 -0.000624045 0.00856713 0.0141786 -0.00205013 0.0279137 -0.000360595 0.0271192 -0.00163339 -0.00135563 0.00082397 0.00138561 -0.00168487 -0.0295811 0.00990508 9.52373e-05 0.0200181 -0.00186354 0.0296205 0.0470301 -0.000397239 -0.0213503 -0.0311739 0.00142824
internal_weight=3912.8 3425.97 78.2401 68.5861 9.65404 52.1901 11.3822 3347.73 246.82 214.562 98.3531 116.209 50.4822 57.1615 29.663 3100.91 2209.98 2182.27 1604.13 96.2225 578.141 1507.91 134.984 1372.93 120.969 87.9068 1333.9 106.899 95.0026 1227
internal_count=44998 40185 1019 779 240 657 181 39166 2610 1882 749 1133 467 482 248 36556 26449 26193 20979 3485 5214 17494 1305 16189 1152 673 15831 767 668 15064
is_linear=0
shrinkage=0.05


Tree=170
num_leaves=31
num_cat=0
split_feature=3 18 20 19 5 15 4 21 20 3 17 0 20 2 20 6 0 15 19 4 17 0 6 6 2 2 19 17 17 17
split_gain=7.80227 11.4563 7.20027 32.4275 44.6587 35.5143 28.8979 25.4902 24.4029 29.7105 25.4075 22.8091 22.3553 20.2058 29.892 18.9629 21.2044 18.4713 34.3795 29.3344 26.6002 22.971 23.4017 22.5833 19.5141 29.4994 16.8017 70.8175 61.7279 56.1478
threshold=0.93500000000000016 1.6825281506129387e-05 -0.00021815096996831047 -3.8499999999999994e-05 0.11500000000000006 -0.00010849999999999999 0.040000000000000015 1.0000000180025095e-35 -0.00020280192278780828 0.6150000000000001 0.00032750000000000005 65.500000000000014 -0.00015688732180875621 0.099158574641781544 -0.00020567770917694292 -0.00033201498395428144 165.50000000000003 3.0500000000000006e-05 -0.00013149999999999997 0.15500000000000003 0.00026350000000000006 75.500000000000014 0.0048989474929784704 0.0029825870302462899 0.47505022490751908 0.087831306066944906 -5.8499999999999992e-05 0.00022150000000000004 0.00026650000000000008 0.00031550000000000008
decision_type=2 2 2 2 2 2 2 2 2 2 2 2 2 2 2 2 2 2 2 2 2 2 2 2 2 2 2 2 2 2
left_child=2 -2 7 8 5 -5 11 26 9 -4 -10 12 -6 14 -7 16 -12 18 20 21 -11 22 -20 -19 25 -22 27 -1 -29 -30
right_child=1 -3 3 4 6 13 -8 -9 10 17 15 -13 -14 -15 -16 -17 -18 23 19 -21 24 -23 -24 -25 -26 -27 -28 28 29 -31
leaf_value=-0.027011573960013247 0.051602671265265271 -0.052937207810766634 0.037611035621215823 0.039296741201420939 -0.044840345717295296 0.04985082786980885 0.089136301898050399 -0.051593210529879752 0.0056251768648704738 -0.040534481367521441 0.0094263414399001991 0.0060510691085515394 0.024937215720159417 -0.050434957443722207 -0.050407567865377562 -0.033562411190241788 -0.063152364740477737 -0.031219013018765614 -0.045280283625751511 -0.036858719104774694 0.061870708665883969 0.063413952901416923 0.056424146725723073 0.049414359830586785 0.052718436955670023 -0.040814639046211493 0.0036772432542678014 0.022198245528203878 -0.033241544606931517 0.0033060287249133749
leaf_weight=281.36223095457535 3.2212318498641279 14.057670418464111 120.45547085441649 15.792170264059676 47.271719287964515 13.900985583662989 9.164596710354088 25.46138522864203 909.95365415560082 59.922303255589213 78.421808761078864 238.49494914663956 15.159743069903923 103.67061647865921 15.982097566127775 78.092143731511896 11.544966964458579 10.884336343617177 12.553220853209497 15.217182533815501 9.6190598104149085 39.903753075748682 10.294049017131327 42.94609516102355 16.777333262143657 25.630536527489312 919.02612226083875 258.26360596052837 152.07058153813705 340.14836365228985
leaf_count=4444 50 2688 1143 107 392 66 52 838 8089 913 669 2226 129 1169 111 2179 167 131 72 94 71 267 53 392 154 307 8766 2299 2199 4813
internal_value=7.58057e-05 -0.0334483 0.000225177 0.00242155 -0.00914658 -0.0316091 0.0016718 -0.0018882 0.00610673 0.0172964 0.00232634 -0.0009919 -0.0278968 -0.0399934 -0.00376946 -0.0155352 0.000112695 0.00725724 -7.06589e-05 0.0254205 -0.0178242 0.0405232 0.000543589 0.0331106 0.00833245 -0.0127934 -0.00123949 -0.00561863 0.00240176 -0.00798531
internal_weight=3895.26 17.2789 3877.99 1901.65 459.437 149.346 310.091 1976.33 1442.22 364.203 1078.01 300.926 62.4315 133.554 29.8831 168.059 89.9668 243.748 189.917 77.9682 111.949 62.751 22.8473 53.8304 52.0269 35.2496 1950.87 1031.84 750.483 492.219
internal_count=45050 2738 42312 18953 4252 1453 2799 23359 14701 3597 11104 2747 521 1346 177 3015 836 2454 1931 486 1445 392 125 523 532 378 22521 13755 9311 7012
is_linear=0
shrinkage=0.05


Tree=171
num_leaves=31
num_cat=0
split_feature=11 18 11 16 1 17 3 6 6 18 17 11 1 20 3 18 0 20 20 15 15 14 20 3 17 14 3 15 1 18
split_gain=7.58062 12.1183 8.64028 14.6776 17.2869 22.3055 18.5915 15.9198 12.2672 10.8871 10.9961 9.66709 20.0082 22.5232 14.7542 11.2251 14.7038 9.4582 8.35801 10.7527 8.34287 7.97102 7.34712 13.7073 24.6741 15.6292 26.2105 14.7914 10.3536 10.1651
threshold=9.5180519970378636 1.5768411394646911e-05 9.1380497464977406 -1.0000000180025095e-35 30.305000000000003 0.00014450000000000002 0.41500000000000004 0.00092973779608327442 -0.043271302985670612 0.00021234164130413093 0.00035850000000000004 9.0410201301531909 63.855000000000011 -0.00025512081713473543 0.58500000000000008 3.2796355310829216e-05 159.50000000000003 -0.00014451062056078219 -0.00021121081249526476 -2.9499999999999995e-05 -0.00010049999999999999 9.4500000000000007e-05 -0.00029862327048351664 0.55500000000000016 0.00036650000000000002 4.7500000000000009e-05 0.47500000000000003 -2.4999999999999994e-06 53.835000000000008 -9.1955889610532398e-05
decision_type=2 2 2 2 2 2 2 2 2 2 2 2 2 2 2 2 2 2 2 2 2 2 2 2 2 2 2 2 2 2
left_child=2 -2 11 7 17 -6 8 -4 -7 10 -8 22 13 21 -14 -15 20 -5 -16 -20 -17 -13 23 24 25 26 28 -25 -1 -29
right_child=1 -3 3 4 5 6 9 -9 -10 -11 -12 12 14 15 18 16 -18 -19 19 -21 -22 -23 -24 27 -26 -27 -28 29 -30 -31
leaf_value=0.0095653498185155686 0.041561155003848209 -0.044684742718848244 0.044299425700405459 -0.0010616224971335346 0.025405489669162895 -0.06068096902617344 -0.04520554956240206 -0.053597313428747573 0.028933545832699154 0.036622338385733338 0.026821531640431308 -0.030657352156066117 0.019067129713189402 0.055936349885157201 -0.048393066825311928 -0.052642218821240518 0.045094415016605729 0.063246014755486316 -0.043378360868870418 0.048338498699212092 0.033403984868929634 0.034226041153028096 0.00072042431772028151 -0.004953117322269422 -0.047106167242012949 0.044942728930260065 0.040683128046738092 0.0064082622916862356 -0.050492075449673039 -0.04463897145619352
leaf_weight=11.177732944488527 22.75585764832795 4.9608295284560873 22.990630227141086 131.49568201648071 21.039393521845341 4.800796793773773 102.99977818224579 5.0682867243885985 18.670051325578243 4.6506657645804799 5.5863075442612162 19.134825360029939 25.587149042403325 44.484937194734812 23.300950882665347 8.5890512293553893 18.79086112161167 5.977649279520846 6.470675763906911 6.3138269158662279 4.1918909650994491 6.2894106819294384 3086.2094050699088 104.79417886966257 17.895591848762706 32.308590055443347 23.775153280235827 11.939382481388746 20.046156863798387 53.238860852608923
leaf_count=117 210 122 247 1231 345 62 1481 100 327 169 60 253 264 286 344 113 166 41 157 66 34 47 34134 2365 281 290 164 257 217 1100
internal_value=6.94321e-05 0.0261246 -0.000118249 -0.00794153 -0.011226 -0.022521 -0.0298969 0.0266163 0.0106035 -0.0382915 -0.0415001 0.000599321 0.0124851 0.026135 -0.00997554 0.0397541 0.0169532 0.00173462 -0.0305689 0.00191745 -0.0244208 -0.0146066 2.24143e-05 -0.00780606 0.00637849 0.0173413 0.00112719 -0.0165855 -0.0289923 -0.0352881
internal_weight=3875.53 27.7167 3847.82 323.279 295.22 157.747 136.708 28.0589 23.4708 113.237 108.586 3524.54 163.154 101.481 61.6726 76.0567 31.5718 137.473 36.0855 12.7845 12.7809 25.4242 3361.39 275.176 105.203 87.3076 54.999 169.972 31.2239 65.1782
internal_count=45050 332 44718 4063 3716 2444 2099 347 389 1710 1541 40655 1730 899 831 599 313 1272 567 223 147 300 38925 4791 1069 788 498 3722 334 1357
is_linear=0
shrinkage=0.05


Tree=172
num_leaves=31
num_cat=0
split_feature=3 19 7 1 0 15 1 20 17 17 17 17 0 17 20 17 1 4 19 14 15 17 1 5 5 17 17 19 0 6
split_gain=7.33276 10.1339 7.08966 10.347 11.3229 12.3828 11.2 9.24669 15.5939 16.8871 11.0702 35.4871 36.9066 48.9115 44.2594 35.3187 50.9444 47.8652 32.9641 32.0471 26.7056 25.4249 24.4365 38.2359 31.7473 36.2503 28.9765 40.3273 50.4951 63.9741
threshold=0.93500000000000016 -0.00022349999999999998 -0.10000000000000005 49.345000000000006 129.50000000000003 0.00010750000000000001 58.865000000000002 -0.00012088854594261841 0.00025750000000000008 0.00027350000000000003 0.00023550000000000001 0.00023350000000000001 160.50000000000003 0.00016350000000000004 -0.00018812203513026237 0.00018750000000000003 14.805000000000001 0.16999999999999998 -9.7499999999999985e-05 -8.9499999999999994e-05 0.00022750000000000003 0.00019350000000000001 95.435000000000016 0.28500000000000009 0.17000000000000001 0.00019450000000000004 0.00016050000000000003 -8.5499999999999991e-05 73.500000000000014 0.0048989474929784704
decision_type=2 2 2 2 2 2 2 2 2 2 2 2 2 2 2 2 2 2 2 2 2 2 2 2 2 2 2 2 2 2
left_child=2 -2 3 4 5 -1 -5 10 -9 -10 11 12 20 14 18 -15 19 21 -14 -17 22 -18 23 26 25 -24 -4 -28 29 -29
right_child=1 -3 7 6 -6 -7 -8 8 9 -11 -12 -13 13 15 -16 16 17 -19 -20 -21 -22 -23 24 -25 -26 -27 27 28 -30 -31
leaf_value=-0.042971288396405051 -0.0526586977163917 0.04472473022051783 -0.023456468420232739 0.049582625487932575 0.0030449453026928862 0.0086389551065861759 -0.0033756219110176195 0.042616776401518015 -0.052694023652421797 0.01229221505973406 0.0026160806145510327 -0.044814650138734584 -0.015560808781452086 -0.053171112829041682 -0.051933065457363217 -0.0096178699593220032 -0.003391860714189419 0.043723007101445131 0.03219375213882477 0.071244396002693791 0.050354457890192432 -0.055612601188623413 -0.0072799270195552509 -0.035367571394117024 0.015401798198275078 -0.053075409500171283 -4.5108976813113905e-05 -0.042183481298263832 0.043755452993092296 0.056911557409320294
leaf_weight=53.58340339269489 13.280945752980189 3.3441066602244964 48.541308690328151 11.326479359529911 35.433698206674308 14.841149824671446 84.214468747843057 34.850367118953727 11.816365526989101 64.911176200927002 2070.935297248303 49.184230436920188 54.216080100275576 86.311397844925523 27.864176312461495 25.493445804342628 31.733860976994038 18.981791481026448 108.36791638471186 23.591589603573084 30.117636346258223 87.789793388685212 215.06268624961376 44.010388948023319 109.98132021725178 54.078036973020062 193.42933563841507 44.568506330251694 186.93355593457818 25.666431491263211
leaf_count=322 2709 29 713 79 221 91 581 354 80 950 22813 426 808 1118 299 284 328 253 1245 139 210 1270 3454 318 1189 1349 1695 355 1180 188
internal_value=6.47719e-05 -0.0330702 0.000207935 -0.00897256 -0.0198968 -0.0317771 0.00290263 0.00070968 0.0148816 0.00228406 0.000262595 -0.00306221 -0.00161272 -0.0131702 0.0062907 -0.0267016 -0.0145228 -0.0300343 0.0162693 0.0292467 0.00402227 -0.0417479 0.00250925 0.00930895 -0.00723235 -0.0164815 0.0132482 0.0172023 0.0301749 -0.00597051
internal_weight=3864.46 16.6251 3847.84 199.399 103.858 68.4246 95.5409 3648.44 111.578 76.7275 3536.86 1465.92 1416.74 464.35 190.448 273.902 187.59 138.505 162.584 49.085 952.389 119.524 922.272 543.15 379.122 269.141 499.139 450.598 257.168 70.2349
internal_count=45050 2738 42312 1294 634 413 660 41018 1384 1030 39634 16821 16395 5744 2352 3392 2274 1851 2053 423 10651 1598 10441 4449 5992 4803 4131 3418 1723 543
is_linear=0
shrinkage=0.05


Tree=173
num_leaves=31
num_cat=0
split_feature=3 19 11 17 11 16 1 17 3 6 6 17 19 20 19 15 3 3 20 19 14 0 17 17 15 11 1 17 3 17
split_gain=6.89063 9.55363 6.73329 8.1555 7.90469 13.3636 15.5719 20.3853 16.957 14.829 11.4 9.1956 11.5189 8.60285 13.8178 16.3346 14.5171 22.3742 18.1998 12.0138 10.9398 10.7971 13.5525 22.1708 11.2008 10.3675 27.1277 10.1377 9.66603 14.4205
threshold=0.93500000000000016 -0.00022349999999999998 9.5180519970378636 0.00035150000000000009 9.1380497464977406 -1.0000000180025095e-35 30.305000000000003 0.00014450000000000002 0.41500000000000004 0.00092973779608327442 -0.043271302985670612 0.00035850000000000004 -0.00039949999999999995 -0.00029862327048351664 -2.8499999999999998e-05 -0.00016449999999999996 0.60500000000000009 0.47500000000000003 -0.00032297859821044279 -3.4999999999999995e-06 9.4500000000000007e-05 157.50000000000003 0.00025850000000000005 0.00024350000000000004 0.00017350000000000002 9.1014664486696351 53.835000000000008 0.00035450000000000005 0.84500000000000008 0.00028050000000000004
decision_type=2 2 2 2 2 2 2 2 2 2 2 2 2 2 2 2 2 2 2 2 2 2 2 2 2 2 2 2 2 2
left_child=2 -2 4 -4 13 9 -7 -8 10 -6 -9 12 -10 14 15 -1 17 18 19 -16 -20 24 23 -23 28 -15 -27 -21 -17 -30
right_child=1 -3 3 -5 5 6 7 8 11 -11 -12 -13 -14 25 16 21 -18 -19 20 27 -22 22 -24 -25 -26 26 -28 -29 29 -31
leaf_value=0.0068464184340840135 -0.05253686578728789 0.042436601216695208 0.038802108800191935 -0.029814591121003615 0.043044435428343429 0.0015394123175111029 0.024536914466719881 -0.060167636371832527 0.042670618455902379 -0.053424973162370382 0.027756403494691009 0.025660599728403767 -0.043925375460265419 0.0010378537126264609 -0.051921939962772293 -0.053328643070180252 -0.029851727984832838 0.045942315651591979 -0.05330313497641026 0.044933361932735116 0.024794078687208849 -0.047305386914325759 -0.037972366844415267 0.049509800711774139 0.02634680099682922 0.049303048179514912 -0.016685970088999778 -0.032183080169884866 -0.053167442897183906 0.1116621740520195
leaf_weight=49.709111786913127 12.661784020601774 3.3480875459499648 21.621611719019715 5.4149462554487391 22.424603917635981 136.68713895743713 20.601362966001034 4.6137310005724457 3.9950095004169262 4.8441067449748507 18.346670117229223 5.521484835073351 99.113518637605011 3138.9721012062801 5.0508922114968291 54.709755893331021 23.545182071160525 34.802220407873392 20.224133089068349 24.472647232934836 5.7616065930342293 9.1653580237180012 22.41969486468588 16.666001014411449 5.6964329845504826 36.825961199705489 26.988118887762539 5.1603392589604473 3.1359692427795371 2.3002542875474319
leaf_count=969 2709 29 248 82 247 1272 345 62 54 100 327 60 1520 32911 52 1174 243 404 274 209 71 168 345 87 193 264 320 84 125 102
internal_value=5.86273e-05 -0.0326754 0.000195503 0.0250594 1.86807e-05 -0.00755164 -0.01071 -0.0217115 -0.028952 0.0259073 0.0100887 -0.0372038 -0.0405702 0.000705316 -0.00765382 -0.0170744 0.00531172 0.0139837 -0.00434889 0.0193551 -0.0359873 -0.0274964 -0.00952869 0.0151583 -0.0406637 0.00144346 0.0213951 0.0315042 -0.0470102 0.0165777
internal_weight=3844.8 16.0099 3828.79 27.0366 3801.75 316.148 288.879 152.192 131.59 27.2687 22.9604 108.63 103.109 3485.61 282.82 163.803 119.017 95.4718 60.6696 34.6839 25.9857 114.093 48.2511 25.8314 65.8424 3202.79 63.8141 29.633 60.146 5.43622
internal_count=45050 2738 42312 330 41982 3987 3640 2368 2023 347 389 1634 1574 37995 4500 3163 1337 1094 690 345 345 2194 600 255 1594 33495 584 293 1401 227
is_linear=0
shrinkage=0.05


Tree=174
num_leaves=31
num_cat=0
split_feature=3 3 18 8 6 6 19 17 20 18 3 4 18 3 20 16 6 6 19 19 16 19 6 17 17 14 15 19 19 20
split_gain=6.64204 6.50759 9.95092 6.65407 17.8325 24.9959 24.8914 35.8012 28.0662 21.4481 22.4581 34.4376 33.4443 18.9196 25.9298 17.4036 17.5285 23.9083 19.1724 16.6415 25.0008 15.9118 30.0297 55.1578 31.1786 22.1334 16.1333 37.6675 44.9422 38.7523
threshold=0.075000000000000025 0.93500000000000016 1.6825281506129387e-05 -0.049999999999999996 -0.0087046586995654946 -0.011743838515980711 -9.549999999999999e-05 0.00029450000000000006 -0.00018949916127585238 1.1206589334395001e-05 0.40500000000000008 -0.16499999999999992 -7.2109013180563747e-05 0.39500000000000007 -0.00020885955106068912 1.0000000180025095e-35 -0.018998537524023289 -0.031188098427732146 0.00012450000000000002 8.5500000000000018e-05 -1.0000000180025095e-35 -1.0000000180025095e-35 0.00098129430108797309 0.00021850000000000003 0.00025850000000000005 -4.4499999999999991e-05 -3.6499999999999993e-05 -0.00011549999999999999 -0.00017449999999999999 -0.00017282915237401279
decision_type=2 2 2 2 2 2 2 2 2 2 2 2 2 2 2 2 2 2 2 2 2 2 2 2 2 2 2 2 2 2
left_child=-1 3 -3 -2 5 6 -5 8 9 10 15 -12 -13 14 -6 16 17 18 -8 21 -21 26 23 -23 -25 -24 27 28 -15 -29
right_child=1 2 -4 4 13 -7 7 -9 -10 -11 11 12 -14 19 -16 -17 -18 -19 -20 20 -22 22 25 24 -26 -27 -28 29 -30 -31
leaf_value=-0.051713173882494648 -0.0035100456184829747 0.047056029560912087 -0.05261083666369374 0.03480653232909571 0.0095203322155569363 0.032142155337705459 0.026174039747601616 0.028545410982238086 -0.038348659733663935 0.049577808459584177 -0.048041031337583688 0.05177142493845014 -0.044371075933610268 0.0040990500409280933 -0.04479948224378532 -0.036052843297310178 -0.028240389669427404 0.058377361622007864 -0.036889370905921065 0.056580676384857011 -0.056384083743490791 -0.043918115407394494 -0.027662414457443191 0.048154542410511154 -0.01978252663187384 0.049884222928653493 -0.0050245047673034924 0.02349404675596516 -0.025522475371567811 -0.026420994623898287
leaf_weight=6.1862937833648166 892.2698782280786 3.1462952047586432 12.275237211928468 58.775968248955905 36.940428230911493 100.2106947703287 36.083298366516829 84.904316144064069 61.495985094457865 19.644732156768441 56.604106301441789 22.782546430826187 15.00162562355399 560.96291579178069 54.210117653943598 18.337797820568085 18.046110916882753 34.466401904821396 18.096453256905079 6.0253426469862452 26.17515009501949 46.296328950673342 10.697997828479854 50.326965518295765 25.417477243579924 65.782041206490248 972.54269889523857 309.5979308958631 165.92555651534349 44.469486590474844
leaf_count=794 7374 50 2688 777 372 943 385 915 485 240 525 207 131 8721 755 170 207 444 150 64 478 553 134 273 148 617 11871 2377 1871 331
internal_value=5.40247e-05 0.000137695 -0.0322768 0.000268825 0.00142361 0.00958538 0.00449707 -0.000124558 -0.00822348 -0.000474154 -0.00495535 -0.023366 0.0135995 -0.000447117 -0.0227854 0.00894327 0.016677 0.025821 0.00511038 0.000444279 -0.0352462 0.000954599 0.0144718 -0.000922622 0.025357 0.039037 -0.00035217 0.00385156 -0.0026626 0.0172249
internal_weight=3833.7 3827.51 15.4215 3812.09 2919.82 544.45 444.239 385.463 300.559 239.063 219.418 94.3883 37.7842 2375.37 91.1505 125.03 106.692 88.6462 54.1798 2284.22 32.2005 2252.02 198.521 122.041 75.7444 76.48 2053.5 1080.96 726.888 354.067
internal_count=45050 44256 2738 41518 34144 5579 4636 3859 2944 2459 2219 863 338 28565 1127 1356 1186 979 535 27438 542 26896 1725 974 421 751 25171 13300 10592 2708
is_linear=0
shrinkage=0.05


Tree=175
num_leaves=31
num_cat=0
split_feature=8 0 18 2 19 17 18 14 14 16 16 6 3 0 16 15 16 15 17 3 18 4 19 18 19 20 15 15 3 15
split_gain=6.81544 30.6564 31.3189 18.2684 17.7014 15.2439 17.0927 13.9487 13.4084 10.7843 14.6156 14.8301 18.8863 12.4398 11.5332 17.1517 11.0722 10.2908 10.2841 9.64592 9.56563 8.8715 8.75664 47.1942 36.4596 30.1028 28.459 28.3045 37.652 25.6763
threshold=-0.19499999999999992 188.50000000000003 -0.00016302860713416823 0.74683355436314158 -0.00020049999999999997 0.00025450000000000006 -3.1984932335939806e-05 -3.7499999999999997e-05 0.00013850000000000003 0.00076550000000000001 0.00043250000000000005 0.0015937109480967722 0.25500000000000006 103.50000000000001 0.00016500000000000003 -9.2499999999999985e-05 0.00066450000000000005 0.00047350000000000002 0.00030550000000000005 0.25500000000000006 -0.00017161102815542768 -0.014999999999999956 -0.00024349999999999998 9.3236801645807109e-05 -0.00013149999999999997 -0.00022925827476085264 2.4500000000000003e-05 -0.00020349999999999999 0.62500000000000011 0.00029350000000000009
decision_type=2 2 2 2 2 2 2 2 2 2 2 2 2 2 2 2 2 2 2 2 2 2 2 2 2 2 2 2 2 2
left_child=1 2 3 8 7 6 19 -4 -1 10 14 12 16 20 22 21 -12 -17 -9 -6 -11 -16 29 -24 26 -26 -25 -27 -29 -2
right_child=9 -3 4 -5 5 -7 -8 18 -10 13 11 -13 -14 -15 15 17 -18 -19 -20 -21 -22 -23 23 24 25 27 -28 28 -30 -31
leaf_value=0.067953952116639668 0.0073538750460820966 0.058974457041076456 -0.046609586994542221 -0.060113593387235709 -0.030432842718375083 -0.057775753489310272 -0.048017941337754111 0.060221292373743456 0.010551593347178069 0.053224667144058026 -0.055000008296698683 -0.052113338801635635 0.062930933195830097 -0.056132780590478305 0.068843364163356527 -0.053546880741458941 0.032668755328029507 0.015414969620069538 -0.017892561953292526 0.030962180296310704 -0.05376813359538072 -0.021338657563941845 0.0015714759182948821 -0.041497478126500405 -0.05022594594082274 -0.058224753582827207 0.054111683302990488 -0.032002516447557743 0.048203008950146647 -0.041530511738604434
leaf_weight=13.213493347167967 722.47460604878142 15.489640137180684 8.0603191996924597 7.3197874370962372 10.136792546138169 49.235862201079726 26.403112236410379 11.789147955365481 44.213938164524734 5.9764999327016994 6.6790051572024804 5.0795704437186933 27.21088983817026 17.341213803883875 6.3519922783598304 29.441126367077231 7.8161705657839775 6.6274623423814765 6.5572013091295949 17.343625567853451 3.2116180023876968 4.7786915940232557 2477.7780107090948 145.572867608862 22.254204536788166 11.409514436498283 8.2228931598365289 20.099019505083561 53.800532465800643 27.898863821756095
leaf_count=93 12554 107 72 48 54 313 160 94 337 159 90 608 225 1032 42 343 73 73 54 93 239 157 23620 2228 329 113 73 268 359 1037
internal_value=4.18405e-05 -0.00871985 -0.0141172 0.0142773 -0.028311 -0.0376647 -0.0192882 0.00821552 0.0237593 0.000550945 0.000786082 0.0285492 0.0383735 -0.0312106 0.000418815 -0.0241317 -0.00772676 -0.0408754 0.0323025 0.0083152 0.0158264 0.0301259 0.000750886 -0.000560071 -0.0207679 0.00156256 -0.0363856 0.0150724 0.0263889 0.00553635
internal_weight=3819.79 209.763 194.273 64.7472 129.526 103.119 53.8835 26.4067 57.4274 3610.02 3583.5 46.7856 41.7061 26.5293 3536.71 47.1993 14.4952 36.0686 18.3463 27.4804 9.18812 11.1307 3489.51 2739.14 261.359 107.563 153.796 85.3091 73.8996 750.373
internal_count=45047 1425 1318 478 840 620 307 220 430 43622 42192 996 388 1430 41196 615 163 416 148 147 398 199 40581 26990 3370 1069 2301 740 627 13591
is_linear=0
shrinkage=0.05


Tree=176
num_leaves=31
num_cat=0
split_feature=8 0 2 2 16 3 19 8 0 15 4 20 17 2 2 0 1 2 19 19 19 8 1 5 4 16 4 0 1 20
split_gain=6.4549 18.9165 22.7384 15.4045 15.205 13.3375 19.2554 20.5038 12.4272 14.9315 21.061 10.733 11.998 18.3635 16.7168 10.918 10.6578 16.5873 20.1252 10.0697 18.0191 15.7716 11.7157 11.2765 14.9832 12.7635 17.8563 14.3639 10.9366 9.55371
threshold=-0.049999999999999996 85.500000000000014 0.53875183800787718 0.60542540044357473 -0.0035259999999999996 0.64500000000000013 -1.0000000180025095e-35 -0.19499999999999992 62.500000000000007 9.950000000000002e-05 -0.56499999999999984 -0.00022494695899320048 0.00018650000000000001 0.11072684904081966 0.32081052453320552 94.500000000000014 50.385000000000012 0.20218935964592036 -4.949999999999999e-05 0.00010850000000000002 -9.4999999999999988e-06 -0.30499999999999988 115.47500000000001 0.17000000000000001 -0.16499999999999992 -0.00020049999999999997 -0.069999999999999965 253.50000000000003 81.895000000000024 -0.00023219528654634059
decision_type=2 2 2 2 2 2 2 2 2 2 2 2 2 2 2 2 2 2 2 2 2 2 2 2 2 2 2 2 2 2
left_child=1 4 11 -4 -1 6 7 -6 -8 -10 -11 12 13 -3 16 -16 17 18 -14 20 22 -22 23 25 -25 26 -13 28 -27 -15
right_child=-2 2 3 -5 5 -7 8 -9 9 10 -12 19 14 29 15 -17 -18 -19 -20 -21 21 -23 -24 24 -26 27 -28 -29 -30 -31
leaf_value=0.063895998447230526 0.0011796989769268431 -0.035033810016134585 0.059788638922585749 -0.012855253023371208 -0.020736281395088388 -0.033227863153320623 -0.059706850238864767 0.010557667548832556 -0.038603302049340621 -0.05444592157891729 0.041322972676812189 0.044955755807612255 -0.021420961988681195 0.054712603076138913 0.028717366550423635 -0.056780629518275498 0.027280098002057031 -0.055025768776657484 0.029069808392271843 0.040193967096169528 0.044662645395453442 -0.034057141596612182 -0.049168991373821469 0.014556412989681675 -0.027608123573074989 0.043136984193607682 -0.067929779532387893 -0.038357247139500353 -0.017399112341519998 -0.016243143967033882
leaf_weight=6.4784378912299863 2912.1082014955755 12.324224174953995 27.184925700654276 9.9757286217063648 83.785977557767183 69.025432064081542 23.879570055752993 139.47369219828397 35.161637708544731 8.392289327457549 18.170079154893756 6.1063542324118307 56.276223389315419 20.900725323706865 4.2630168927134937 30.088895707856864 19.391444794164272 19.247771760215983 30.39534280449152 20.038515555672348 7.4191809296607962 44.687196854501963 8.0083826631307584 60.716776954010129 32.265899040037766 72.989073284901679 8.2171452445909363 6.8669848553836337 8.3104712786735018 6.1368052009493139
leaf_count=48 37559 96 252 132 599 682 175 1010 238 66 135 71 589 197 69 310 195 177 208 191 36 331 84 497 255 479 138 53 108 67
internal_value=3.77583e-05 -0.00367295 0.00262228 0.0402875 -0.0120555 -0.0133576 -0.00891691 -0.00118648 -0.0290784 -0.0172289 0.0110651 -0.000326553 -0.00917467 0.0155503 -0.0152701 -0.0461705 -0.00679931 -0.0130385 -0.00371407 0.00606251 0.00338654 -0.0228486 0.0101047 0.0125331 -7.50941e-05 0.0239717 -0.0198047 0.0310836 0.036949 0.0386075
internal_weight=3808.29 896.178 511.811 37.1607 384.367 377.889 308.863 223.26 85.6036 61.724 26.5624 474.65 199.024 39.3618 159.663 34.3519 125.311 105.919 86.6716 275.626 255.587 52.1064 203.481 195.473 92.9827 102.49 14.3235 88.1665 81.2995 27.0375
internal_count=45047 7488 4535 384 2953 2905 2223 1609 614 439 201 4151 1908 360 1548 379 1169 974 797 2243 2052 367 1685 1601 752 849 209 640 587 264
is_linear=0
shrinkage=0.05


Tree=177
num_leaves=31
num_cat=0
split_feature=3 0 14 0 14 21 15 19 2 19 3 6 18 19 18 15 4 18 2 18 0 1 15 14 6 18 3 19 15 20
split_gain=6.3327 6.11619 7.71798 11.3845 8.57702 12.8235 12.8209 14.8013 14.7225 13.2518 14.3451 13.0117 11.7569 10.1596 49.57 24.542 21.6638 36.7953 28.1948 25.3006 30.2989 24.2993 49.1414 23.0455 32.5429 21.7659 21.4198 20.3475 26.6181 24.3243
threshold=0.075000000000000025 290.50000000000006 -0.00035449999999999994 277.50000000000006 -0.00010849999999999999 1.0000000180025095e-35 -0.00012249999999999997 -3.4999999999999995e-06 0.028253999452742082 -0.00022549999999999998 0.84500000000000008 0.011427291248963864 0.00026780634562150916 -0.00024349999999999998 9.3236801645807109e-05 0.00029350000000000009 -0.034999999999999969 6.8061007458282552e-05 0.64894222580610772 -1.2659616347735244e-06 66.500000000000014 14.805000000000001 0.00015250000000000005 -7.4999999999999985e-06 0.0070707469968244721 -0.00015593257398669572 0.81500000000000006 -9.9499999999999993e-05 2.4500000000000003e-05 -0.00022925827476085264
decision_type=2 2 2 2 2 2 2 2 2 2 2 2 2 2 2 2 2 2 2 2 2 2 2 2 2 2 2 2 2 2
left_child=-1 2 3 -2 5 6 7 -4 -8 10 -10 -12 13 15 -15 16 25 19 23 21 -21 22 -18 24 -19 -6 -26 28 -16 -29
right_child=1 -3 4 -5 12 -7 8 -9 9 -11 11 -13 -14 14 27 -17 17 18 -20 20 -22 -23 -24 -25 26 -27 -28 29 -30 -31
leaf_value=-0.051642524701916097 -0.035394009796040661 0.053533918200322952 0.0052559724211983117 0.072273230411392081 -0.067825573394681218 -0.041383369677194581 -0.027999128435714494 -0.046935264666224517 -0.037365057458056135 0.041109674443797428 0.05982776760740021 -0.053891388528972906 -0.050781960067540433 -0.00012709540220808189 -0.048337017677716962 -0.039955050068059189 0.094565580483156331 0.039711079286570979 -0.036873792060150998 0.03992723477808597 -0.037509723512110099 -0.0075383856241835441 -0.056339532500536998 0.037482932914917361 0.018356565686626417 0.034140444496642559 -0.043874809696924123 -0.047403868033185338 0.025571646938159144 0.033938520920894805
leaf_weight=5.9189652091008602 26.678997912415074 5.3509444966912261 363.64996352116577 2.7040405329316846 5.5342528484761706 13.696444190660257 12.645348459482191 14.111691970610989 13.268973343772815 69.008311704732478 11.307169609528499 3.23507261177292 11.674813810270278 2507.8512441273779 103.12689288519323 28.312680404400453 17.73081675730646 39.059499963186681 22.129692743998021 14.444196803960947 100.68008261686191 78.535911793587729 7.7541667968034735 115.80888739437796 22.822183295618743 96.360960222315043 35.082866514800116 15.058345289900897 13.814029917120932 23.586248978972435
leaf_count=797 1355 39 5184 24 42 357 123 205 225 608 146 146 2458 23011 1567 804 104 442 675 177 1423 957 86 1537 323 1000 720 204 160 148
internal_value=3.51694e-05 0.000115769 4.03439e-05 -0.0254857 0.000239805 0.00633109 0.00767239 0.00330631 0.0227397 0.0293665 0.000228117 0.0345298 -0.000696347 -0.000516299 -0.00182609 0.00545462 0.00776721 0.0030915 0.0168394 -0.011645 -0.027794 0.00622783 0.0486506 0.0224259 0.00444263 0.0286023 -0.0193475 -0.0292118 -0.0396063 0.00224245
internal_weight=3800.94 3795.02 3789.67 29.383 3760.29 500.923 487.227 377.762 109.465 96.8195 27.8112 14.5422 3259.37 3247.69 2663.44 584.256 555.944 454.048 234.903 219.145 115.124 104.021 25.485 212.773 96.9645 101.895 57.905 155.586 116.941 38.6446
internal_count=45047 44250 44211 1379 42832 6994 6637 5389 1248 1125 517 292 35838 33380 25090 8290 7486 6444 3697 2747 1600 1147 190 3022 1485 1042 1043 2079 1727 352
is_linear=0
shrinkage=0.05


Tree=178
num_leaves=31
num_cat=0
split_feature=8 0 2 0 16 1 19 18 2 17 15 1 8 3 19 1 19 18 1 19 17 0 3 5 20 0 19 19 0 17
split_gain=6.21243 17.1299 23.9843 19.431 13.8825 12.9344 19.1233 11.9143 11.8104 13.4673 12.2199 11.6084 19.6812 18.9045 22.4489 12.1626 15.5109 15.7534 13.5069 15.6533 12.0379 11.3991 12.4366 11.2724 16.4354 11.0077 16.7608 16.8687 16.05 14.6349
threshold=-0.049999999999999996 86.500000000000014 0.50000856135063876 97.500000000000014 -0.0035259999999999996 10.255000000000001 -0.00022349999999999998 -0.00023767406604287324 0.84582969157246979 0.00017250000000000005 1.0000000180025095e-35 91.435000000000016 -0.29499999999999987 0.43500000000000005 -2.1499999999999997e-05 26.875000000000004 -1.8499999999999999e-05 -4.9207031316961392e-05 73.385000000000005 -8.3499999999999983e-05 0.00035750000000000002 116.50000000000001 0.47500000000000003 0.21500000000000005 -0.00026883563687102302 142.50000000000003 -2.4999999999999994e-06 8.5500000000000018e-05 130.50000000000003 0.00037250000000000006
decision_type=2 2 2 2 2 2 2 2 2 2 2 2 2 2 2 2 2 2 2 2 2 2 2 2 2 2 2 2 2 2
left_child=1 4 25 7 -1 6 -6 -4 9 10 -7 12 -11 14 -13 23 18 20 -17 -20 -18 -5 -23 24 -14 26 -3 -28 -29 -27
right_child=-2 2 3 21 5 8 -8 -9 -10 11 -12 13 15 -15 -16 16 17 -19 19 -21 -22 22 -24 -25 -26 29 27 28 -30 -31
leaf_value=0.061335568233395803 0.0011498153176024727 0.00017250122451437739 -0.064548127968292915 0.072939358819074956 0.01660605867679129 -0.038551839309149981 -0.050148042931009641 0.019520890868192989 -0.047908154288142921 -0.054148323457099683 0.048575215403708537 0.039417621069213767 0.056162607096432442 -0.050936199061054968 -0.031799997156903743 0.036267667509094569 0.037246654769971778 -0.049690203757784157 -0.029185666689589634 0.058695119815807606 -0.028371355911091752 0.055732861796837077 -0.058098596380169981 -0.05543015737006083 -0.024209573974720497 0.008507944508370776 -0.052520112401984988 0.027621848856685755 -0.058547174667378077 -0.038717475272712
leaf_weight=6.4330800492316476 2901.697793108091 120.99437978834612 6.0827844245359328 25.849611236713827 14.086304442025719 5.1361584207043078 45.010688830167055 13.720691501162944 18.210137048969045 17.065748043823987 18.592238858342171 18.383698765188456 8.6211589388549275 38.372418262530118 27.795254150405526 57.858819856308401 16.739943154156212 18.111103262752295 19.848261288367215 6.8041140846908084 11.999816933646796 5.9778863154351694 4.008445305749774 15.009448021650313 24.259741872549061 240.18587752431631 38.15415908396244 17.06653820164502 7.9079731134697786 17.607697901199572
leaf_count=48 37559 1065 49 204 118 63 299 177 156 128 167 151 57 387 193 443 109 147 136 48 103 75 48 101 158 2143 243 138 63 271
internal_value=3.09341e-05 -0.0036339 0.00250853 0.0334465 -0.0115039 -0.0127308 -0.0342366 -0.00630153 -0.00879372 -0.00645529 0.029716 -0.00951111 -0.00284023 -0.0250001 -0.00344848 0.00204456 0.00990849 -0.0131671 0.022701 -0.00675048 0.00984893 0.0554118 0.0100417 -0.019526 -0.00313651 -0.0013867 -0.0107242 -0.0316091 0.000337138 0.00528238
internal_weight=3787.59 885.894 497.556 55.6394 388.338 381.905 59.097 19.8035 322.808 304.598 23.7284 280.87 196.318 84.5514 46.179 179.252 131.362 46.8509 84.5112 26.6524 28.7398 35.8359 9.98633 47.8903 32.8809 441.917 184.123 63.1287 24.9745 257.794
internal_count=45047 7488 4476 553 3012 2964 417 226 2547 2391 230 2161 1430 731 344 1302 986 359 627 184 212 327 123 316 215 3923 1509 444 201 2414
is_linear=0
shrinkage=0.05


Tree=179
num_leaves=31
num_cat=0
split_feature=3 4 17 6 3 3 4 19 15 3 18 1 0 15 8 3 6 17 18 15 17 3 8 14 17 0 18 0 6 3
split_gain=5.97699 5.76837 6.55126 16.4059 17.5627 16.5597 28.0215 14.6184 16.7319 12.8197 11.9371 15.9769 9.77071 9.70298 8.74793 11.3856 8.7517 24.3643 12.2069 8.45042 8.18903 10.8767 7.87647 8.67973 23.1855 22.1616 27.7803 25.6059 24.0636 40.9713
threshold=0.075000000000000025 0.33500000000000013 0.00014250000000000002 0.0062695975813283275 0.58500000000000008 0.68500000000000016 0.18500000000000003 4.5500000000000008e-05 1.3500000000000001e-05 0.82500000000000007 2.8637480985201309e-07 164.03500000000003 81.500000000000014 -4.4499999999999991e-05 0.23000000000000004 0.57500000000000007 0.020642853435743399 0.00030350000000000006 6.2815136741468992e-05 9.950000000000002e-05 0.00031350000000000003 0.74500000000000011 0.19500000000000006 -1.8499999999999999e-05 0.00029150000000000004 74.500000000000014 -6.3750138529448781e-05 225.50000000000003 0.0079660788920168386 0.83500000000000008
decision_type=2 2 2 2 2 2 2 2 2 2 2 2 2 2 2 2 2 2 2 2 2 2 2 2 2 2 2 2 2 2
left_child=-1 2 3 4 7 -5 -7 8 10 -8 11 -2 13 -12 16 -16 22 19 -19 -18 -17 -22 23 24 25 -4 -27 28 29 -28
right_child=1 -3 14 5 -6 6 9 -9 -10 -11 12 -13 -14 -15 15 20 17 18 -20 -21 21 -23 -24 -25 -26 26 27 -29 -30 -31
leaf_value=-0.051526466188851497 -0.046632838683231564 -0.044645008810331011 -0.012669031746912677 0.054230474943637932 -0.052441035107139183 -0.065980007980152688 0.055270610271109646 -0.034395321376826958 0.047075780837524978 -0.04289982472797909 -0.045967161247889771 0.041112031080173979 0.049804340621890375 0.033715882803081208 -0.042483863013680345 0.039765244534494815 -0.049317657581041452 0.056062785547860684 -0.050912576232530461 0.040860751376016247 0.027170032905390214 -0.050210951149784834 -0.023876243396643394 -0.00188678186616282 -0.0065061933192521199 0.045760291723730723 0.014876347557795525 -0.014052876297712194 -0.0041727092980009322 0.074776925115908638
leaf_weight=5.6135495086200526 20.565394148230556 7.1875019537110338 108.39031503663864 33.311349283903837 14.865475106984375 9.8930566515773553 16.953196093440059 18.642171695828438 26.90945765376091 4.1370160845108321 7.8251144364476204 6.938057839870452 14.926856897771357 7.4651210047304648 6.8885020688176146 36.263359307777137 34.655638570955489 11.946674980688838 3.4330592578626229 2.8083636939991257 12.854584406130018 7.021774581517092 35.075657116249204 2249.2234861219476 394.27975394221721 54.945170568302274 348.76419029198587 103.42776340199634 144.84768404997885 31.091756995767355
leaf_count=797 223 981 1012 450 129 105 206 316 455 183 58 109 269 151 51 264 1660 124 444 66 112 135 398 23406 6546 432 2836 1107 1864 158
internal_value=2.8418e-05 0.000105071 0.000190424 0.00943328 -0.00162817 0.0297581 0.00344677 0.00568607 0.0145151 0.0360137 -0.000664719 -0.0244982 0.0210284 -0.00706367 -0.000279802 0.0181833 -0.000610127 -0.0208048 0.0321838 -0.0425577 0.0256273 -0.000166555 -0.000302591 -6.18722e-05 0.00339977 0.00833456 0.0116674 0.00868515 0.0131672 0.0197793
internal_weight=3781.15 3775.54 3768.35 182.432 118.138 64.2946 30.9833 103.272 84.63 21.0902 57.7205 27.5035 30.2171 15.2902 3585.92 63.0282 3522.89 52.8437 15.3797 37.464 56.1397 19.8764 3470.05 3434.97 1185.75 791.467 683.077 628.131 524.704 379.856
internal_count=45047 44250 43269 2654 1710 944 494 1581 1265 389 810 332 478 209 40615 562 40053 2294 568 1726 511 247 37759 37361 13955 7409 6397 5965 4858 2994
is_linear=0
shrinkage=0.05


Tree=180
num_leaves=31
num_cat=0
split_feature=2 8 6 5 1 17 17 1 1 0 15 6 17 3 17 1 20 0 17 19 20 18 3 2 4 20 17 3 0 18
split_gain=6.70375 8.74483 8.90488 9.51163 15.769 6.84799 6.45041 16.4113 12.4376 15.2795 16.8697 13.1248 20.7675 13.222 12.3365 12.2199 10.8665 9.35568 8.21039 44.5174 48.8934 40.2773 32.5932 16.3408 14.4793 13.4608 36.0135 59.4397 45.6492 29.9968
threshold=0.84582969157246979 -0.030000000000000016 -0.027118095360699413 0.16 121.47500000000001 0.00033150000000000003 0.00014250000000000002 179.23500000000004 14.805000000000001 178.50000000000003 5.1500000000000005e-05 0.0057339029540005313 0.00013350000000000002 0.80500000000000016 0.00013750000000000001 164.03500000000003 -0.00023682899362566562 54.500000000000007 0.00016050000000000003 -9.549999999999999e-05 -0.00018641518851016827 -0.00011918943322671026 0.16500000000000004 0.073689692778503305 -0.11000000000000001 -0.00021815096996831047 0.00019450000000000004 0.51500000000000012 160.50000000000003 -1.8031091612768438e-05
decision_type=2 2 2 2 2 2 2 2 2 2 2 2 2 2 2 2 2 2 2 2 2 2 2 2 2 2 2 2 2 2
left_child=6 -2 -3 4 -4 -6 7 8 14 10 11 12 15 17 16 -10 -1 -13 19 24 21 -21 -23 -24 -8 -20 27 29 -29 -27
right_child=1 2 3 -5 5 -7 18 -9 9 -11 -12 13 -14 -15 -16 -17 -18 -19 25 20 -22 22 23 -25 -26 26 -28 28 -30 -31
leaf_value=-0.033006158886540848 -0.042408490749181293 0.069626213342721441 0.094185627732879557 -0.059944356825552617 -0.042094375861010454 0.025214597718712702 0.065767866036859329 0.063422946614551792 -0.047465420109360473 0.037922035397874074 0.052293056230654555 -0.033738173834611251 0.042394676437400428 -0.055023306360999197 -0.063817482301749912 0.045463597583723175 0.067964661212658775 0.04290839167383656 -0.0028011372963720714 -0.051551021430169833 -0.057136190526621215 -0.07292612369094674 -0.010836286483301346 0.046330470621355938 -0.053792559142133246 0.013629188596797241 0.00052833184175226169 0.048734257480054846 -0.0017957413031387183 -0.069366122222862633
leaf_weight=6.3086403906345367 21.288697787793353 3.9201550781726864 4.1060715969652 7.2692404254339626 9.6551168124424276 6.2088535837829104 2.6595746725797644 13.143070692080071 37.901857485994697 38.073687640950084 13.643599301576613 4.7802850920707014 9.7057563029229623 5.4277425691252565 11.98926222976297 3.9017390087246886 4.6130941938608903 23.821530980989337 1640.266378635919 17.809044691035524 26.458439862821251 7.1755477488040915 14.770858503878115 81.326983829960227 52.909832789213397 19.95454019587487 1443.6874272005516 138.74958174768835 65.937657050788403 23.958448752760887
leaf_count=76 198 28 33 111 272 48 18 197 485 555 222 76 205 167 118 66 61 430 20731 348 330 44 98 976 1149 284 15766 987 655 206
internal_value=4.24028e-05 -0.0177083 -0.000832615 -0.0109727 0.00685329 -0.0157509 0.000293413 0.00971145 0.00530396 0.0109965 0.000660505 -0.00757497 -0.0234941 0.0165213 -0.0287993 -0.0387919 0.00964164 0.0300983 -0.000168238 -0.009928 0.00443784 0.0178927 0.029868 0.0375436 -0.0480703 0.000426593 0.0035551 0.0211324 0.0324566 -0.0316521
internal_weight=3761.42 52.4481 31.1594 27.2393 19.97 15.864 3708.97 173.31 160.167 137.256 99.1825 85.5389 51.5094 34.0296 22.911 41.8036 10.9217 28.6018 3535.66 203.11 147.541 121.082 103.273 96.0978 55.5694 3332.55 1692.29 248.6 204.687 43.913
internal_count=44940 690 492 464 353 320 44250 2658 2461 2206 1651 1429 756 673 255 551 137 506 41592 2963 1796 1466 1118 1074 1167 38629 17898 2132 1642 490
is_linear=0
shrinkage=0.05


Tree=181
num_leaves=31
num_cat=0
split_feature=2 4 5 1 5 20 3 0 20 19 1 3 18 19 14 14 19 18 15 1 16 2 14 19 3 18 20 18 1 0
split_gain=6.17599 7.52786 11.7727 15.2484 6.40877 7.76535 6.07065 13.0183 14.4992 13.5645 12.4719 11.9167 16.8143 11.6394 10.1733 9.71313 21.5985 18.4537 14.6859 13.298 19.7264 15.47 13.0123 21.1767 24.562 16.2763 28.2358 39.5274 20.4093 26.9777
threshold=0.84582969157246979 -0.42499999999999988 0.16 121.47500000000001 0.080000000000000057 -0.00021460320805949658 0.16500000000000004 102.50000000000001 -0.00023729462110782176 -8.5499999999999991e-05 139.98500000000004 0.095000000000000015 -0.00011198759406407661 0.00024350000000000004 0.00052950000000000013 0.00017950000000000003 -0.00046949999999999992 -0.0001075740044901612 -0.00015549999999999996 102.93500000000002 -0.0019584999999999997 0.56841883569608864 2.7500000000000001e-05 1.6500000000000005e-05 0.33500000000000008 -1.8031091612768438e-05 -0.00021548054792834741 6.8061007458282552e-05 114.48500000000001 81.500000000000014
decision_type=2 2 2 2 2 2 2 2 2 2 2 2 2 2 2 2 2 2 2 2 2 2 2 2 2 2 2 2 2 2
left_child=6 -2 3 -3 5 -5 7 8 11 -10 -9 -1 -13 14 15 22 -17 19 -19 20 -18 -22 -8 24 -24 -26 28 -28 -27 -30
right_child=1 2 -4 4 -6 -7 13 10 9 -11 -12 12 -14 -15 -16 16 17 18 -20 -21 21 -23 23 -25 25 26 27 -29 29 -31
leaf_value=-0.067660381702917147 0.028756506386203685 0.0863926126035649 -0.05011464839191291 0.043354655831776896 -0.052299502550834966 -0.053994739051915069 0.0017255492799563062 -0.011497506435971331 0.040424838685139207 -0.049341282536240857 0.059501835033323819 0.050625614208089302 -0.048898694888175165 0.035952553994560668 -0.050684637970780169 -0.043647740097487051 0.055069010122934151 0.11693711310849381 0.032666317683384231 0.048709328346439568 0.0015482279612281517 -0.05954800630169324 0.039930921691264464 -0.019862856689003994 0.0026053804467800288 -0.040118337506648241 -0.029997311473885836 0.033718242663198381 -0.048518419131198837 0.034241723458316477
leaf_weight=4.4084995265584466 7.6105566900223485 4.2487220093607929 22.717435372062027 5.8593821551185128 7.9372046757489434 3.1496307286433867 2456.4407864059031 14.563832198793536 4.6938525065779677 40.691846295492724 10.751666553318499 15.150009326636793 5.8952550198882809 23.146974138915539 9.7262279340939113 16.904285645461641 15.982793513685463 6.0634258091449729 35.085836691781878 17.567593285813928 118.27855433523655 11.355709319934247 34.436472374945879 195.62387989182025 416.36996680661105 100.92828535148874 42.261469879187644 57.405709154030774 16.250974484602921 24.987945604400011
leaf_count=292 101 33 212 136 120 88 29830 404 27 543 185 115 73 301 510 861 146 45 317 195 1056 123 285 1713 3699 1439 366 846 466 413
internal_value=3.98288e-05 -0.0171518 -0.0251082 0.00169448 -0.0195409 0.00932044 0.000279549 -0.0121191 -0.0231172 -0.0400575 0.0186564 0.00708844 0.0227466 0.000610824 0.00038204 0.000521327 0.0106677 0.0151612 0.0450838 0.00761576 0.00265813 -0.00380368 -0.000149814 -0.00533602 -0.00123317 -0.00338683 -0.0137037 0.00670119 -0.0280087 0.00162853
internal_weight=3746.49 51.5229 43.9124 21.1949 16.9462 9.00901 3694.97 96.155 70.8395 45.3857 25.3155 25.4538 21.0453 3598.82 3575.67 3565.94 221.238 204.334 41.1493 163.185 145.617 129.634 3344.71 888.265 692.641 658.204 241.834 99.6672 142.167 41.2389
internal_count=44940 690 589 377 344 224 44250 1639 1050 570 589 480 188 42611 42310 41800 2743 1882 362 1520 1325 1179 39057 9227 7514 7229 3530 1212 2318 879
is_linear=0
shrinkage=0.05


Tree=182
num_leaves=31
num_cat=0
split_feature=0 2 5 18 19 19 19 20 17 17 1 3 17 15 17 17 21 19 17 3 15 18 0 6 16 17 17 1 6 19
split_gain=5.90665 29.005 22.7613 31.5138 31.0445 34.6663 30.6697 35.3632 28.5293 26.5425 32.8238 30.2329 29.8523 27.3206 25.8417 27.1865 25.7385 38.6695 25.4977 24.1769 23.0744 22.6664 21.6211 21.2567 19.4304 19.6466 44.7822 35.0411 53.1404 38.0604
threshold=86.500000000000014 0.14485573924433698 0.17000000000000001 5.918530094464658e-05 -4.4499999999999991e-05 -1.3499999999999998e-05 4.5500000000000008e-05 -0.00022976921052893947 0.00038350000000000005 0.00027650000000000005 114.48500000000001 0.60500000000000009 0.00033150000000000003 -0.00018749999999999998 0.00022950000000000002 0.00022150000000000004 1.0000000180025095e-35 -9.6499999999999987e-05 0.00029750000000000008 0.51500000000000012 -0.00012649999999999996 -0.00011198759406407661 29.500000000000004 0.0053214617478535339 0.00078600000000000013 0.00022350000000000004 0.00019550000000000001 62.885000000000012 0.010781252566498126 -5.6499999999999998e-05
decision_type=2 2 2 2 2 2 2 2 2 2 2 2 2 2 2 2 2 2 2 2 2 2 2 2 2 2 2 2 2 2
left_child=1 22 3 4 8 19 7 -7 9 11 13 -3 -12 -11 15 23 17 -5 -19 -6 -4 -21 -1 -13 25 26 -2 28 29 -28
right_child=24 2 20 16 5 6 -8 -9 -10 10 12 14 -14 -15 -16 -17 -18 18 -20 21 -22 -23 -24 -25 -26 -27 27 -29 -30 -31
leaf_value=0.026767936295875618 0.0027027494722172167 0.044899583254400549 -0.049839347976164489 -0.043316954493857383 0.042241371102643831 0.058007481279731703 -0.022860684769049545 -0.018610686904137346 -0.0065631289204680383 -0.031139445825660746 -0.057959442904582208 0.039433833759064882 0.037512992845750784 0.060913479143962848 -0.052182556878615893 0.073577050470618979 0.032237835680041231 0.044945689927681665 -0.054280226267687554 0.05461765538873619 -0.0055186532723767445 -0.044744784129335219 -0.031841857773563971 -0.042160499360382638 -0.048532472203827504 0.0054157230033019593 -0.04275931208565522 -0.049420229756815509 0.064910774807423965 0.0096143810422363585
leaf_weight=18.080578122287989 682.9759617166128 39.099603237584233 31.426661104662344 82.843429048865801 10.985692539252339 48.300113937817514 35.595277587184682 21.883375545497984 75.398313832934946 8.6964176655746979 13.876492235809563 12.738202709704636 19.972015789244324 110.20409567281604 23.909642247017473 12.874432384967802 23.757726619252935 25.589827008079737 8.6670659370720369 6.2303575202822676 448.03718904044945 72.859469180926681 121.31317927595228 21.378100841771811 19.265675557835493 1499.3363076495007 79.997566608712077 79.91799283499131 21.162742916727439 61.24624864384532
leaf_count=113 8374 252 300 3262 82 407 503 211 1074 81 199 132 172 673 273 70 464 235 201 40 4193 606 890 552 1168 17349 987 1538 152 387
internal_value=3.63808e-05 -0.00269552 -9.38954e-05 0.00582412 0.0113733 -0.00446746 0.0149441 0.0341178 0.0205483 0.0283282 0.041814 0.00960143 -0.00162677 0.0541807 -0.00986453 0.0116676 -0.0152134 -0.0248404 0.0198413 -0.0272632 -0.00842367 -0.0369174 -0.0242397 -0.0116951 0.00148256 0.00187996 -0.0038493 -0.0223158 -0.00897812 -0.020049
internal_weight=3737.62 1293.72 1154.32 674.86 534.002 195.854 105.779 70.1835 338.147 262.749 152.749 110 33.8485 118.901 70.9004 46.9907 140.858 117.1 34.2569 90.0755 479.464 79.0898 139.394 34.1163 2443.9 2424.64 925.301 242.325 162.407 141.244
internal_count=44940 14985 13982 9489 5327 1849 1121 618 3478 2404 1125 1279 371 754 1027 754 4162 3698 436 728 4493 646 1003 684 29955 28787 11438 3064 1526 1374
is_linear=0
shrinkage=0.05


Tree=183
num_leaves=31
num_cat=0
split_feature=19 17 17 19 17 14 15 19 6 1 18 5 0 14 19 3 5 18 15 17 17 0 0 1 18 1 0 6 0 17
split_gain=5.76213 13.0183 12.1686 11.1447 12.1696 6.61814 15.1236 17.1733 22.5376 17.4882 17.6365 23.874 12.9642 12.1537 16.4357 23.4893 23.4466 19.0573 32.7113 63.2788 21.7633 19.1109 18.1616 25.3156 18.3082 17.2885 15.8884 15.8191 24.3159 21.4708
threshold=-0.00063249999999999992 0.00068650000000000015 0.00075250000000000002 -0.00060849999999999988 0.00031250000000000006 0.00017950000000000003 -0.00015049999999999997 -0.00014449999999999996 -0.01253944628204713 142.04500000000004 -0.00022308374037895945 0.58500000000000019 155.50000000000003 2.7500000000000001e-05 1.6500000000000005e-05 0.42500000000000004 0.35500000000000015 -1.8031091612768438e-05 0.00011050000000000002 0.00024750000000000005 0.00018450000000000001 45.500000000000007 78.500000000000014 129.63000000000002 -9.5003319797099729e-05 54.865000000000002 141.50000000000003 -0.043271302985670612 47.500000000000007 0.00042750000000000009
decision_type=2 2 2 2 2 2 2 2 2 2 2 2 2 2 2 2 2 2 2 2 2 2 2 2 2 2 2 2 2 2
left_child=1 -1 -3 4 -2 13 -7 -8 9 10 11 -9 -12 -5 15 27 17 21 20 -20 -19 25 -23 24 26 -17 -24 28 -15 -29
right_child=3 2 -4 5 -6 6 7 8 -10 -11 12 -13 -14 14 -16 16 -18 18 19 -21 -22 22 23 -25 -26 -27 -28 29 -30 -31
leaf_value=-0.045012010013214435 0.065690891796684442 0.058848058932660041 -0.050714807954367905 0.0012617815616698296 -0.028697720392167586 0.064329579100965553 -0.018513521188561671 0.01882398089975118 0.037146260868178509 0.039490227274515732 -0.051676307653235914 -0.047535365180611459 0.026605416318414211 0.046893555557616998 -0.017109838630532965 -0.055994821329230317 -0.092596010465129261 0.015219305211556353 0.063405469526154834 -0.036890374790194989 -0.038475712086111731 0.026635792778813935 0.042495341389544354 -0.050195160239847117 -0.0097762992187484209 -0.0034335003475140301 0.0038449766919946473 0.042211615580425632 -0.050075355836774742 -0.04783400464929774
leaf_weight=20.429758375510577 12.653028141881807 7.4986210860079137 3.8280226715432946 2461.5466710014734 4.6772017172770566 11.218674042727796 59.821444107685238 67.288400090532377 61.895523818209767 24.522306441445835 28.091035440564156 16.972591253987048 6.5156329385936251 10.686687262728812 227.98715538543183 23.988536836579442 7.6066377162933341 22.423259858042002 31.519608272239566 31.386707511730492 119.1229303664295 88.14137609442696 44.764374086633325 22.672842692583799 103.05069273151457 44.977867749053985 65.490795385092497 65.02725259680301 16.365090733394027 7.3704343102872363
leaf_count=3204 93 286 1099 27640 267 92 798 707 655 223 208 325 57 66 2238 196 35 366 201 406 1793 678 460 172 878 380 670 567 102 78
internal_value=3.22054e-05 -0.021175 0.0218195 0.000214826 0.0402166 2.59554e-05 0.00746696 0.00506068 0.0119303 0.00104567 -0.00688541 0.0054573 -0.0369377 -0.000579838 -0.00544078 -0.00166501 -0.0053659 -0.00425547 -0.0166367 0.0133635 -0.0299695 0.00218429 0.00726978 3.63023e-05 0.00537554 -0.0217159 0.0195373 0.0208548 -0.0117682 0.0330445
internal_weight=3719.54 31.7564 11.3266 3687.78 17.3302 3670.45 276.326 265.107 205.285 143.39 118.868 84.261 34.6067 3394.13 932.582 704.595 605.146 597.539 204.453 62.9063 141.546 393.086 324.12 235.979 213.306 68.9664 110.255 99.4495 27.0518 72.3977
internal_count=44940 4589 1385 40351 360 39991 3065 2973 2175 1520 1297 1032 265 36926 9286 7048 6235 6200 2766 607 2159 3434 2858 2180 2008 576 1130 813 168 645
is_linear=0
shrinkage=0.05


Tree=184
num_leaves=31
num_cat=0
split_feature=3 20 3 4 8 0 3 0 19 1 1 15 15 19 20 5 3 15 0 19 19 19 3 0 19 18 20 3 3 20
split_gain=5.82241 5.72587 8.93067 8.60367 7.31491 8.51324 19.1186 14.8537 9.30806 8.34815 11.3194 9.65854 10.8602 8.46181 8.62089 7.84303 20.3887 24.7533 24.4856 18.235 17.2572 33.3689 22.807 25.279 20.8784 18.8974 19.6302 25.813 17.3047 16.2705
threshold=0.075000000000000025 -0.00035270728418638852 0.66500000000000015 -0.0099999999999999239 0.11500000000000003 188.50000000000003 0.67500000000000016 167.50000000000003 -0.00026549999999999995 95.435000000000016 35.315000000000005 0.00014250000000000002 -0.00016649999999999995 -4.2499999999999996e-05 -0.00023429600088832774 0.029999999999999947 0.8650000000000001 -0.00014449999999999996 111.50000000000001 -0.00048649999999999995 -1.0000000180025095e-35 4.5500000000000008e-05 0.47500000000000003 109.50000000000001 -3.8499999999999994e-05 -4.3271477390764777e-05 -0.0002232474225568824 0.50500000000000012 0.45500000000000007 -0.0003327684902946991
decision_type=2 2 2 2 2 2 2 2 2 2 2 2 2 2 2 2 2 2 2 2 2 2 2 2 2 2 2 2 2 2
left_child=-1 2 -2 -4 15 7 -7 9 -8 10 -6 12 -11 -12 -15 20 19 -18 -19 -17 24 22 23 -22 28 -26 27 -27 -3 -23
right_child=1 4 3 -5 5 6 8 -9 -10 11 13 -13 -14 14 -16 16 17 18 -20 -21 21 29 -24 -25 25 26 -28 -29 -30 -31
leaf_value=-0.051625549074072158 -0.042194439263492652 -0.048403689404335939 0.06355651031312641 -0.016254379947134689 0.0029309924500685318 -0.01947476816519431 0.0012171550091315134 -0.043023915122380185 0.072823094324597562 0.049094810650724546 0.038950332445344016 0.033997108681630465 -0.036033150452309155 0.032693082425549448 -0.031616662398403599 -0.032308450072286526 -0.048622497455270121 0.066376319624223828 -0.055716996791541684 0.0012729149935232541 0.048364557344531114 0.051467555133663426 0.05950907304522346 -0.052631627060240493 0.047983338584370434 -0.058189256969570662 -0.057370973295873477 0.044889608538440873 -0.0027880948470521212 -0.026850507086330105
leaf_weight=5.4472994081443167 19.835990744177252 21.291517162695527 4.8570968792773774 11.079327699990243 125.0091190423118 12.846040088683365 5.97164487739792 15.377426525577901 18.909048328176144 4.3069390424061558 50.514763415674679 8.7927446342073363 28.795484880218282 10.604693992063405 10.246298885904251 41.187608685635496 7.4511645169113754 32.895382897404488 4.6922020743368185 2183.261116423877 12.735781133174898 7.7562969466671339 42.731640349607915 12.065138373523949 6.9425578378140917 11.168790787458422 46.900648478418589 13.313072852790354 884.60415329789976 45.733464200282469
leaf_count=794 186 218 48 638 1144 129 123 210 131 95 485 89 453 73 88 1579 355 516 207 21710 75 177 306 141 43 53 395 106 13879 494
internal_value=2.93581e-05 0.000105368 -0.0198017 0.00807035 0.000299614 0.00790053 0.0300612 0.00460443 0.0556369 0.00767826 0.0120011 -0.0125842 -0.0249572 0.0278889 0.0010909 -0.000356649 0.00132547 0.0346312 0.0511349 0.000651127 -0.00381069 0.0140065 0.0373727 -0.000768014 -0.00600154 -0.0307678 -0.0384271 -0.00213566 -0.00386021 -0.015494
internal_weight=3707.32 3701.88 35.7724 15.9364 3666.1 291.374 37.7267 253.647 24.8807 238.27 196.375 41.8952 33.1024 71.3658 20.851 3374.73 2269.49 45.0387 37.5876 2224.45 1105.24 121.022 67.5326 24.8009 984.221 78.3251 71.3825 24.4819 905.896 53.4898
internal_count=44940 44146 872 686 43274 3020 383 2637 254 2427 1790 637 548 646 161 40254 24367 1078 723 23289 15887 1193 522 216 14694 597 554 159 14097 671
is_linear=0
shrinkage=0.05


Tree=185
num_leaves=31
num_cat=0
split_feature=14 14 0 16 19 7 19 18 19 18 17 17 15 5 6 20 19 3 5 17 3 15 18 20 12 17 3 5 3 19
split_gain=6.35406 7.65764 11.0985 9.45018 10.7791 6.00576 13.7528 12.4147 13.5826 12.323 9.23966 17.5303 10.7583 10.8128 8.46744 7.89857 17.8442 19.7715 18.4451 24.0572 14.2977 12.4364 10.7858 10.8475 7.64474 7.52217 9.1715 7.38376 30.9002 26.2632
threshold=-0.00060099999999999986 -0.00035449999999999994 277.50000000000006 0.00025350000000000009 -6.3499999999999985e-05 0.065000000000000016 -0.00010749999999999998 7.944786528200772e-05 -0.00034049999999999993 -0.00012493015994775964 0.00028450000000000008 0.00026350000000000006 4.9500000000000004e-05 0.090000000000000066 0.0089861458231211642 -0.00030948967745476636 -4.2499999999999996e-05 0.59500000000000008 0.17000000000000001 0.00032950000000000004 0.40500000000000008 -0.0001325 1.8831673456850064e-05 -0.00034140241128084243 0.010000000000000007 0.00033750000000000007 0.70500000000000007 0.019999999999999938 0.47500000000000003 -1.0000000180025095e-35
decision_type=2 2 2 2 2 2 2 2 2 2 2 2 2 2 2 2 2 2 2 2 2 2 2 2 2 2 2 2 2 2
left_child=-1 2 3 4 -2 15 7 8 14 -8 11 12 13 24 -7 16 21 18 19 -18 -20 22 23 -3 -11 -10 -27 28 -17 -30
right_child=1 5 -4 -5 -6 6 9 -9 25 10 -12 -13 -14 -15 -16 27 17 -19 20 -21 -22 -23 -24 -25 -26 26 -28 -29 29 -31
leaf_value=0.059171748289587746 -0.060390632861642791 -0.032705192423805297 0.084640748920389738 0.037520570182725019 0.064318276214084355 -0.029682866345606691 0.021673754471113235 -0.010144146484610733 0.060638489713029153 0.029229365116857919 -0.031076132418878251 0.060716111014339762 -0.049498436457877035 0.055030377793734535 0.049461285528826303 -0.037592492063328986 0.056249768375016752 -0.055940783726009927 0.019856879220186779 -0.060480193666187079 -0.057476436430939581 -0.041475730510716721 -0.033937414732007801 0.054976619118009301 -0.021424155706999751 0.052400029530776632 -0.032453988597285058 0.0014822908535453269 -0.0034182568360776968 0.035777077268703938
leaf_weight=4.5178498226450747 19.106667051528355 5.2223896936047849 2.062093846499919 3.705660312291001 1.9055181108415151 10.904589494457467 42.16492739925161 20.085528354888083 34.354042680934072 9.7988319601863605 35.550792752765119 10.225895471870897 13.458514399826525 7.7819914966821662 4.8972590193152419 63.052196954376996 31.757649749517441 10.677010998129843 12.789214886783158 5.126385059207677 11.22068524174392 54.011353624809999 13.625360971083863 10.86776048410684 31.058147280011326 7.4199700318276864 5.5786800910718739 2381.8920063036494 785.60358217556495 45.197312823031098
leaf_count=304 834 72 14 220 11 144 359 389 242 59 312 56 98 51 61 555 417 150 177 45 102 1470 604 101 232 67 90 26052 11301 366
internal_value=-8.86037e-05 -0.000161137 -0.026801 -0.036098 -0.0490812 3.35543e-05 0.0077966 0.0240957 0.0349853 -0.00124596 -0.0102046 5.48394e-05 -0.00993455 0.00101287 -0.00515476 -0.000494261 -0.0115123 0.00681931 0.0178235 0.0400259 -0.0162837 -0.0271824 -0.00120261 0.0265177 -0.00927579 0.0483802 0.0159829 2.80854e-05 -0.003847 -0.00128595
internal_weight=3695.62 3691.1 26.7799 24.7178 21.0122 3664.32 233.279 83.2401 63.1545 150.039 107.874 72.3234 62.0975 48.639 15.8018 3431.04 155.298 71.5709 60.8939 36.884 24.0099 83.7269 29.7155 16.0902 40.857 47.3527 12.9987 3275.75 893.853 830.801
internal_count=44955 44651 1079 1065 845 43572 2160 993 604 1167 808 496 440 342 205 41412 3138 891 741 462 279 2247 777 173 291 399 157 38274 12222 11667
is_linear=0
shrinkage=0.05


Tree=186
num_leaves=31
num_cat=0
split_feature=10 1 19 3 17 0 4 0 18 6 1 6 4 8 16 17 0 1 14 0 4 0 16 1 1 3 19 18 6 3
split_gain=6.17227 9.02285 13.4019 17.7945 16.288 14.0059 13.0149 33.1147 22.5231 23.325 28.4657 19.7654 18.6191 15.1358 17.1889 15.4399 18.4185 16.5371 27.3164 13.5667 12.8848 12.1889 14.5242 13.2824 11.6374 17.0378 12.9908 13.7709 11.551 30.7722
threshold=3.7117411157938691 83.925000000000026 0.00012050000000000002 0.33500000000000008 0.00015250000000000005 42.500000000000007 -0.215 99.500000000000014 -0.00024931263126285315 -0.028895959482161861 130.97500000000002 -0.04817297608130832 -0.3849999999999999 0.060000000000000046 -0.00022049999999999997 0.00014450000000000002 140.50000000000003 153.06500000000003 0.00012250000000000002 49.500000000000007 0.15999999999999998 63.500000000000007 0.00018700000000000002 27.925000000000004 50.385000000000012 0.30500000000000005 6.7500000000000014e-05 -6.3750138529448781e-05 0.0074402129704415352 0.85500000000000009
decision_type=2 2 2 2 2 2 2 2 2 2 2 2 2 2 2 2 2 2 2 2 2 2 2 2 2 2 2 2 2 2
left_child=-1 2 3 5 -4 -2 7 8 -3 10 -10 -9 19 15 -15 -8 17 28 -19 -12 -16 -6 -23 -24 -7 26 27 -26 29 -17
right_child=1 6 4 -5 21 24 13 11 9 -11 12 -13 -14 14 20 16 -18 18 -20 -21 -22 22 23 -25 25 -27 -28 -29 -30 -31
leaf_value=0.0051997982238731087 0.026194663197642017 -0.027285937209504701 -0.053054777503153787 0.0010396015158483868 -0.051731987269806802 -0.043280385219186653 0.011958918015019315 -0.04733123669845346 -0.052982489159169303 0.046739498092608231 0.042674519735470332 0.042852839850489148 0.061173284684390199 0.066953039081191476 0.011970808540348691 -0.0031245013407031571 -0.03369523365408994 -0.039240709164187398 0.0328341720532975 -0.048196453574562322 -0.026264331157367666 0.042026018534638603 0.043381985097021541 -0.036429809485930741 0.059785393385754927 0.040371602613330983 -0.054607964731756109 -0.043333378474916528 -0.017425347186576144 0.067323586403737049
leaf_weight=480.45794322821894 14.420904344413428 74.576692441478372 7.2200734447687855 2080.2756525661971 4.881960690021514 49.926902445033193 60.78301777841989 6.7274704295559777 21.826260792091489 29.01068177074194 6.5442046746611622 62.697425155551173 15.22835988178849 11.059446135303004 81.230454293312505 185.03014324995456 102.10279521127813 82.887846450408688 15.624047462770248 11.030596211552618 30.235241672140546 61.419064236804843 8.5331685971468705 13.397559206583535 6.780773414298892 12.875132871791719 18.635352555662394 6.1960831787437218 108.90846874023555 16.918337543669622
leaf_count=5008 100 1031 176 21645 51 389 1137 161 134 285 57 1049 181 245 884 2053 1962 2764 284 85 746 699 68 193 75 122 230 39 2786 316
internal_value=-8.52692e-05 -0.000877058 0.000808163 8.49566e-06 0.0191479 -0.0197001 -0.00505085 0.00532498 -0.00730742 0.0105062 -0.00873532 0.0341137 0.0207054 -0.00845044 0.00749846 -0.0118653 -0.0146965 -0.00995793 -0.0278096 -0.0143595 0.00159947 0.0250563 0.0295539 -0.00537532 -0.0267101 -0.00811365 -0.0278609 0.0105491 -0.00430067 0.00277732
internal_weight=3687.44 3206.98 2284.56 2189.11 95.4518 108.835 922.421 227.642 158.217 83.6401 54.6294 69.4249 32.8032 694.78 122.525 572.255 511.472 409.369 98.5119 17.5748 111.466 88.2318 83.3498 21.9307 94.4142 44.4873 31.6122 12.9769 310.857 201.948
internal_count=44955 39947 23787 22600 1187 955 16160 2983 1773 742 457 1210 323 13177 1875 11302 10165 8203 3048 142 1630 1011 960 261 855 466 344 114 5155 2369
is_linear=0
shrinkage=0.05


Tree=187
num_leaves=31
num_cat=0
split_feature=4 0 1 19 3 3 5 2 14 19 5 17 16 17 17 1 15 4 19 19 17 20 17 17 4 5 1 14 3 8
split_gain=5.81915 23.1861 14.5684 12.0512 15.2892 18.0482 11.35 10.1756 9.9703 9.91831 11.6328 8.88124 21.7197 17.3794 21.8491 25.0278 15.0202 13.5559 11.9928 12.1328 17.8349 9.4493 38.0615 39.6961 21.0796 35.713 21.0236 38.3135 18.8738 15.5443
threshold=-0.56499999999999984 99.500000000000014 137.50500000000002 0.00022850000000000005 0.27500000000000008 0.085000000000000006 0.57500000000000018 0.66792839841461971 0.00052950000000000013 -7.0499999999999992e-05 0.57500000000000018 0.00056450000000000011 -0.0016644999999999997 0.00057850000000000013 0.00068650000000000015 73.385000000000005 -0.00014449999999999996 0.050000000000000024 -0.00063249999999999992 -0.00059549999999999989 0.00031450000000000006 -0.00014451062056078219 0.00022050000000000002 0.00030450000000000003 0.10999999999999997 0.17500000000000007 64.375000000000014 0.00012850000000000001 0.62500000000000011 0.17000000000000001
decision_type=2 2 2 2 2 2 2 2 2 2 2 2 2 2 2 2 2 2 2 2 2 2 2 2 2 2 2 2 2 2
left_child=1 9 -3 8 5 -5 -7 -8 11 -1 -11 12 -2 17 -15 16 -16 -13 -14 20 -20 -21 -23 24 25 -24 27 -27 -25 -30
right_child=3 2 -4 4 -6 6 7 -9 -10 10 -12 13 18 14 15 -17 -18 -19 19 21 -22 22 23 28 -26 26 -28 -29 29 -31
leaf_value=0.026534093644020297 -0.055665845348846603 -0.051280420385169147 0.057194797623430084 -0.052707352350151088 -0.056928031335201079 0.065279017475573992 -0.04956310829339311 0.069965014602993203 -0.052599485233725922 0.03687451959798118 -0.059028199154111505 0.046100478604343222 -0.045433610888388425 -0.039419618914063065 -0.060242467635162937 -0.059824613201243215 0.061065306144072157 -0.052940373513241615 0.063759570408084429 -0.00098666859784705811 -0.053900324948428092 -0.043127946572070662 0.057377913859575441 0.011713589340066629 -0.025017096848120975 0.035088455110814286 0.044046121300129637 -0.060646493186017961 -0.044244461513239727 0.069873580616415187
leaf_weight=5.0937710292637339 17.719183111417806 4.0442408265662406 13.190202297642825 4.9208751036203457 4.9038334460929027 26.319529673084617 4.6937073878943911 2.8688788833096623 9.0401431562058843 3.5511273592710486 28.855758736084681 41.127715314738452 14.569866988138527 24.49911037061247 2.8874187176115838 7.0425438147794912 21.95045155406115 3.77178473281674 15.490368177881466 3133.0497435362777 4.0661492389626792 31.574143949896097 81.957167868502438 40.390088059008121 16.090925120515749 20.553615216165781 25.452932953834534 21.261708654463291 40.195737495319918 3.2233096291311076
leaf_count=38 726 137 126 533 78 355 97 32 507 21 459 432 2203 977 187 840 358 181 135 33607 208 355 523 398 221 144 218 122 698 39
internal_value=-8.2297e-05 -0.0162634 0.03174 0.00016239 0.0262583 0.0367712 0.0497667 -0.00421993 -0.000156569 -0.0383246 -0.0485192 -2.3654e-05 -0.000450168 0.0145709 -0.00391272 0.0233732 0.0469632 0.0377805 -0.000166406 2.56935e-05 0.039296 -0.000199276 0.00858926 0.0151439 0.0293548 0.0352177 0.00821858 -0.0135896 -0.0128876 -0.0357727
internal_weight=3674.36 54.7351 17.2344 3619.62 43.7068 38.803 33.8821 7.56259 3575.91 37.5007 32.4069 3566.87 3465.59 101.279 56.3795 31.8804 24.8379 44.8995 3447.88 3433.31 19.5565 3413.75 280.7 249.125 165.316 149.225 67.2683 41.8153 83.8091 43.419
internal_count=44955 781 263 44174 1095 1017 484 129 43079 518 480 42572 39597 2975 2362 1385 545 613 38871 36668 343 36325 2718 2363 1228 1007 484 266 1135 737
is_linear=0
shrinkage=0.05


Tree=188
num_leaves=31
num_cat=0
split_feature=14 14 0 16 19 7 5 19 18 1 2 5 15 0 0 18 17 15 14 17 19 17 17 17 19 14 15 4 2 6
split_gain=5.75873 6.99417 10.2703 8.90497 10.1057 5.59623 8.79203 8.21418 13.4653 10.8417 12.4718 8.5721 17.7427 10.9479 18.7606 13.8889 16.3404 13.4814 9.6436 7.88524 7.63905 7.32723 7.19017 8.30751 6.62401 10.3586 14.6288 13.4132 8.36804 6.30582
threshold=-0.00060099999999999986 -0.00035449999999999994 277.50000000000006 0.00025350000000000009 -6.3499999999999985e-05 0.040000000000000029 0.53500000000000014 -0.00010749999999999998 8.4165375363346096e-05 121.47500000000001 0.44388361011980199 0.090000000000000066 4.500000000000001e-06 27.500000000000004 68.500000000000014 -8.751140808611542e-05 0.00021150000000000002 -0.00010849999999999999 8.5000000000000016e-06 0.00025950000000000002 -0.00024349999999999998 0.00054450000000000017 0.00027450000000000006 0.00033150000000000003 -0.00027049999999999996 -5.1499999999999991e-05 1.8500000000000006e-05 0.060000000000000032 0.2481347956566308 0.0055337367544378612
decision_type=2 2 2 2 2 2 2 2 2 2 2 2 2 2 2 2 2 2 2 2 2 2 2 2 2 2 2 2 2 2
left_child=-1 2 3 4 -2 -3 7 8 9 10 24 13 -13 17 -15 16 -16 -9 29 20 -10 -21 -12 -24 -7 27 28 -26 -27 -17
right_child=1 5 -4 -5 -6 6 -8 11 19 -11 22 12 -14 14 15 18 -18 -19 -20 21 -22 -23 23 -25 25 26 -28 -29 -30 -31
leaf_value=0.057311826902183921 -0.059845455983560662 -0.00069057882103458121 0.082238502577156647 0.036142819018648763 0.06292313568730884 -0.0024508099201808347 0.072329123336919085 0.084780013367247276 0.032736089624869437 -0.039463539087139093 0.0038382623950698972 0.044740582848443705 -0.0038555126690759571 -0.043660975132633957 -0.019716289833149686 -0.015306361607630499 0.082126332169046412 -0.00019177542842556189 -0.057782309442821755 -0.042893988385333051 -0.015906506490710338 0.045966419340476232 0.09759700561187995 0.029458652537435726 0.017556524704796218 -0.037870253012685463 0.044548096029547506 0.090954966308467666 0.020496664702728814 0.014944464046944828
leaf_weight=4.3657987402693825 18.155151628816391 3192.8283929534082 2.0144554991275063 3.6778101044474161 1.8467210642993475 30.596068918239325 4.8433653879910699 6.4887666930444565 15.335064592480192 6.9560866362880907 4.9991503232158747 27.244781933259219 60.47248072270304 37.574312476208434 6.7082222867757109 47.637707216665149 9.5396349765360338 16.635012347251177 9.5287867765873653 18.824858369538564 17.040095987729728 2.6459385059133629 11.581658484414222 7.2883415119722477 13.604117712005975 14.914546214044096 18.597488842904568 11.474421997554598 10.438997429795561 26.985459403134882
leaf_count=304 834 39086 14 220 11 392 36 42 258 168 46 196 492 426 85 317 48 169 80 457 210 92 64 120 111 122 144 89 103 219
internal_value=-7.89975e-05 -0.000147522 -0.0261425 -0.0353626 -0.0485106 3.64385e-05 0.00533662 0.00458746 0.0125882 0.0212713 0.0246923 -0.00133869 0.0112383 -0.00818683 -0.0135229 -0.00224381 0.0400788 0.0236522 -0.0104154 -0.00844794 0.00713392 -0.0319433 0.0571544 0.0712793 0.0169147 0.0254982 0.0108673 0.0511392 -0.0138384 -0.00436696
internal_weight=3660.84 3656.48 25.6941 23.6797 20.0019 3630.78 437.955 433.112 184.297 130.451 123.495 248.815 87.7173 161.098 137.974 100.4 16.2479 23.1238 84.152 53.846 32.3752 21.4708 23.8692 18.87 99.6256 69.0296 43.951 25.0785 25.3535 74.6232
internal_count=44955 44651 1079 1065 845 43572 4486 4450 2376 1359 1191 2074 688 1386 1175 749 133 211 616 1017 468 549 230 184 961 569 369 200 225 536
is_linear=0
shrinkage=0.05


Tree=189
num_leaves=31
num_cat=0
split_feature=8 6 6 17 19 19 17 0 17 14 4 3 20 3 15 0 17 17 17 17 17 6 16 17 18 8 0 20 5 14
split_gain=5.66286 16.2693 25.1368 22.1869 29.0029 25.1541 21.2503 19.0535 17.7132 16.7744 30.7719 16.013 22.8103 17.8107 22.7372 13.9081 18.6522 17.1553 17.9731 14.7032 12.9254 15.1229 12.5181 18.1589 12.513 12.4728 14.6914 16.0019 12.3088 12.2754
threshold=-0.040000000000000008 -0.0087046586995654946 -0.011392316236320603 0.00029450000000000006 -3.5499999999999989e-05 0.00011250000000000001 0.00018550000000000004 76.500000000000014 0.00012950000000000003 -3.5499999999999989e-05 -0.26499999999999985 0.39500000000000007 -0.00020885955106068912 0.30500000000000005 4.9500000000000004e-05 97.500000000000014 0.00037250000000000006 0.00035350000000000003 0.00032750000000000005 0.00031850000000000004 0.00015250000000000005 -0.0562976213079679 -0.00045599999999999997 0.00062850000000000004 4.6218260675701142e-05 1.0000000180025095e-35 39.500000000000007 -0.00030384566244841412 0.15500000000000003 2.5500000000000003e-05
decision_type=2 2 2 2 2 2 2 2 2 2 2 2 2 2 2 2 2 2 2 2 2 2 2 2 2 2 2 2 2 2
left_child=15 2 3 4 8 6 -6 -7 -2 10 -8 12 13 -3 -15 -1 17 18 19 29 -9 -22 23 -18 -5 26 -13 -28 -4 -17
right_child=1 11 28 24 5 7 9 20 -10 -11 -12 25 -14 14 -16 16 22 -19 -20 -21 21 -23 -24 -25 -26 -27 27 -29 -30 -31
leaf_value=-0.00933373957318041 -0.056709378924138881 0.04701657059991745 0.0078972389988929397 0.031797135287745762 0.045272495223412791 -0.032268699683746689 -0.067621868265640317 -0.053060539503493542 0.030587761419754868 -0.037672158177444078 0.046339656473329417 -0.039156988269867188 -0.045604835655316756 -0.067382787823116852 0.039380476200871206 0.01243593099192658 0.056948961343756738 0.044183560135863748 -0.046112756513230324 0.058113545161144933 -0.038155682186560298 0.042291199302654042 -0.050132014872433989 -0.055506280081986763 -0.051867504848261595 -0.0024255204731865893 -0.016368838382408629 0.0096679639349027194 0.049491484110483708 -0.0052158212238743035
leaf_weight=485.8405521067325 6.3041738756000987 15.90863270126283 27.010337356477976 79.3178370501264 10.38909920118749 18.78400753159076 9.0535789430141467 4.8083649091422549 74.251710692420602 107.85431888140738 17.133319318294525 17.675737822428346 46.195014019496739 12.111208273097875 8.4777373000979406 194.78213854349451 8.1730320750502852 26.981141070020385 17.798915433464572 12.726876210421322 6.6553066754713646 47.800475653260946 26.507406001299387 6.4015214451355851 4.7359058745205393 1460.9792916910519 65.630522514620679 585.1087280510983 52.084317874163389 199.23400694027077
leaf_count=4077 71 135 291 1607 253 212 59 107 923 963 116 198 698 124 108 1834 109 319 238 88 92 555 305 223 59 20095 1339 7615 502 1640
internal_value=-7.5784e-05 0.00111349 0.00960238 0.00435412 -0.00195032 -0.0112582 -0.0236171 0.0116125 0.023756 -0.0289566 0.00693981 -0.000675482 -0.0222629 0.00728102 -0.0234218 -0.00333116 0.00258899 0.00552374 0.00306678 0.00521885 0.0255208 0.0324594 -0.0296663 0.00755571 0.0270832 0.00016284 0.00582032 0.00704201 0.0352873 0.00351033
internal_weight=3656.72 2678.27 466.183 387.088 303.034 222.478 144.43 78.0482 80.5559 134.041 26.1869 2212.09 82.6926 36.4976 20.5889 978.446 492.605 451.523 424.542 406.743 59.2641 54.4558 41.082 14.5746 84.0537 2129.39 668.415 650.739 79.0947 394.016
internal_count=44955 36122 5810 5017 3351 2357 1391 966 994 1138 175 30312 1065 367 232 8833 4756 4119 3800 3562 754 647 637 332 1666 29247 9152 8954 793 3474
is_linear=0
shrinkage=0.05


Tree=190
num_leaves=31
num_cat=0
split_feature=10 3 15 21 19 20 17 6 17 3 15 17 3 1 6 5 5 19 17 17 17 1 0 6 15 20 19 1 19 15
split_gain=6.42795 11.071 19.337 15.38 7.86194 12.1206 28.727 29.8161 32.9082 16.2967 13.7974 19.4899 16.851 17.2839 14.2764 13.7803 18.8242 16.6545 15.3913 39.467 33.5958 31.2191 41.0543 32.1024 32.2991 30.5125 35.6845 30.3045 30.016 29.9385
threshold=9.0741906973698061 0.8650000000000001 -1.1499999999999998e-05 1.0000000180025095e-35 -0.00046149999999999994 -0.00013633585466827239 0.00022250000000000001 -0.01253944628204713 0.00030650000000000008 0.65500000000000014 0.00022750000000000003 0.00023650000000000003 0.48500000000000004 56.345000000000006 -0.0562976213079679 0.52500000000000013 0.43500000000000011 0.00015750000000000001 0.00019550000000000001 0.00020950000000000002 0.00019050000000000005 56.865000000000002 218.50000000000003 0.0083437015662395069 3.9500000000000005e-05 -0.00017282915237401279 -7.149999999999999e-05 12.255000000000001 -0.00013449999999999999 1.7500000000000002e-05
decision_type=2 2 2 2 2 2 2 2 2 2 2 2 2 2 2 2 2 2 2 2 2 2 2 2 2 2 2 2 2 2
left_child=4 3 -3 -2 -1 10 -7 -8 -9 -10 15 -12 13 -13 -15 16 17 18 20 -20 -6 22 -22 24 28 29 27 -27 -23 -21
right_child=1 2 -4 -5 5 6 7 8 9 -11 11 12 -14 14 -16 -17 -18 -19 19 25 21 23 -24 -25 -26 26 -28 -29 -30 -31
leaf_value=-0.01244739808291713 0.012281226571403688 -0.045614238568033046 0.075262191721031574 -0.054712593911238706 0.00013374483473627252 -0.037414045683456645 -0.003200182659142012 0.048562564384051259 0.025713940369893364 -0.058630741724342961 0.050474036148352913 0.048951537800483752 -0.018482025710018803 -0.053269611731953548 0.011671736828208271 -0.031638993076420388 0.035545872854608522 -0.041204126498255514 -0.034371749593068338 0.0051272771792067089 0.066595004189529669 -0.054885213827343807 -0.059414051550634145 -0.062154580924137372 -0.058189166006874897 0.028421837148274551 -0.050184696818459211 -0.018231653558866853 0.056951778935118824 -0.0088566375934152029
leaf_weight=127.65688035500352 76.12200540053891 4.3047313199494992 14.298170935478991 9.6533935494953749 681.98607040278148 26.925486912019551 94.641785173444077 89.599759340286255 10.918493160977961 12.044551030616274 28.305383259430528 29.700746293412521 50.887877732515335 9.391362563648725 85.597319707158022 37.379624897032045 34.653443558723666 26.206151605118066 98.30506184627302 1152.0074133935268 57.561044994741678 7.1040380112826815 7.2816153392195693 14.422995351254938 10.367287088185547 45.570013675838709 64.451320949010551 147.38941221602727 38.590679358690977 573.18633966334164
leaf_count=6704 795 273 179 264 8966 267 802 622 103 246 227 373 704 336 1051 652 382 635 1696 11074 445 139 73 180 111 269 466 1644 265 5144
internal_value=9.49185e-05 0.012325 0.0472913 0.00474156 -0.00026345 0.000189418 0.0111712 0.0174846 0.0348763 -0.0185264 -0.000613983 0.0119719 0.00576488 0.0156604 0.0052511 -0.00147034 -0.00108925 -0.00152336 -0.00116456 -0.00344811 0.00464943 0.0274063 0.0524446 0.00437231 0.0214876 -0.0019148 -0.017973 -0.00721379 0.0395648 0.000481197
internal_weight=3666.51 104.378 18.6029 85.7754 3562.13 3434.48 234.13 207.205 112.563 22.963 3200.35 203.883 175.577 124.689 94.9887 2996.46 2959.08 2924.43 2898.22 2080.91 817.314 135.328 64.8427 70.485 56.062 1982.6 257.411 192.959 45.6947 1725.19
internal_count=45087 1511 452 1059 43576 36872 2040 1773 971 349 34832 2691 2464 1760 1387 32141 31489 31107 30472 20293 10179 1213 518 695 515 18597 2379 1913 404 16218
is_linear=0
shrinkage=0.05


Tree=191
num_leaves=31
num_cat=0
split_feature=10 3 15 21 3 19 6 0 6 3 15 17 19 20 17 17 6 17 17 7 17 6 0 3 15 17 2 3 2 17
split_gain=5.84414 10.2874 17.7651 14.3969 7.63742 7.14041 10.9686 15.2811 19.3782 16.9432 17.2646 15.5452 12.0719 10.8148 26.113 27.7345 16.4088 23.4639 17.1537 15.7979 13.2954 20.6181 12.5665 12.5071 12.4282 18.3951 16.2956 13.5638 13.2941 15.2065
threshold=9.0741906973698061 0.8650000000000001 -1.1499999999999998e-05 1.0000000180025095e-35 0.43500000000000005 -0.00046949999999999992 0.01379005855954752 116.50000000000001 0.0021349740073445781 0.85500000000000009 -0.00014449999999999996 0.00030650000000000008 -0.0005064999999999999 -0.00013633585466827239 0.00022250000000000001 0.00024150000000000004 -0.01253944628204713 0.00030850000000000002 0.00026850000000000002 -0.10000000000000005 0.00028550000000000005 -0.019866857753037058 33.500000000000007 0.65500000000000014 0.00022750000000000003 0.00023650000000000003 0.72274990941958506 0.48500000000000004 0.29160257015060692 0.00028950000000000004
decision_type=2 2 2 2 2 2 2 2 2 2 2 2 2 2 2 2 2 2 2 2 2 2 2 2 2 2 2 2 2 2
left_child=5 3 -3 4 -2 6 7 9 11 -1 -11 -9 -12 24 -15 -16 20 18 -18 -20 -17 22 -22 -19 -7 -26 27 28 -27 -30
right_child=1 2 -4 -5 -6 13 -8 8 -10 10 12 -13 -14 14 15 16 17 23 19 -21 21 -23 -24 -25 25 26 -28 -29 29 -31
leaf_value=-0.018724927769907897 -0.033813986797712137 -0.045041885803141307 0.072737958265224237 -0.054494492517304975 0.01717989093593118 -0.0014015340366125124 -0.047963056615264031 0.055854979937053656 -0.052325680900916063 -0.051452384787491805 0.073265203526988329 -0.022222522636181966 -0.051460808697217086 -0.036134815715044961 0.058436808229302264 -0.035686196851704044 -0.025776833358085782 0.023725149006520539 -0.0036485673497258387 0.06209804378324927 0.037131100157306009 0.039431808285375271 -0.036156328990037012 -0.056764972287786021 0.048952502373683981 0.047638205759450089 -0.05068265562457195 -0.013613489033885921 -0.026074785751297111 0.021246579525815386
leaf_weight=20.061702322447672 8.2329152366728504 4.1455147645319839 14.060706948686855 9.2184151064138842 67.899876715557184 2992.0762155475677 18.234858863928821 10.113573062233629 28.394691274064826 4.087753211468228 19.240956524328798 17.246191355981864 2.157538851723074 26.495911652222276 33.220450192689896 27.226474269293249 8.9388939146883768 8.2386280577629822 11.461218424141405 45.051310810260475 7.5532551258802405 26.463195776566863 25.926791312522255 11.65228855027817 28.083607365377247 29.387038210406899 12.077092882711439 45.585519189015031 23.058680215151981 64.365582270023879
leaf_count=527 150 273 179 264 645 32284 2258 87 1920 648 446 534 102 267 307 159 93 87 54 277 46 313 193 274 229 402 204 585 242 1038
internal_value=9.00744e-05 0.0117983 0.0459198 0.00451982 0.0116655 -0.000251813 -0.0122643 -0.00583843 -0.0233906 0.0156469 0.042703 0.00663893 0.0606895 0.000167213 0.0105852 0.0166022 0.00854613 0.0241309 0.0385838 0.0487641 -0.0067119 0.00644835 -0.0196223 -0.0234267 -0.000590104 0.0113959 0.00535075 0.00951783 0.0185448 0.00876528
internal_weight=3649.96 103.557 18.2062 85.3512 76.1328 3546.4 119.537 101.302 55.7545 45.548 25.4862 27.3598 21.3985 3426.86 232.228 205.733 172.512 85.3423 65.4514 56.5125 87.1697 59.9432 33.48 19.8909 3194.63 202.558 174.474 162.397 116.811 87.4243
internal_count=45087 1511 452 1059 795 43576 6522 4264 2541 1723 1196 621 548 37054 2070 1803 1496 785 424 331 711 552 239 361 34984 2700 2471 2267 1682 1280
is_linear=0
shrinkage=0.05


Tree=192
num_leaves=31
num_cat=0
split_feature=17 17 17 18 1 0 0 17 20 19 18 17 5 18 6 18 20 18 15 1 6 19 6 18 6 17 2 3 14 0
split_gain=5.79634 47.4849 28.8022 39.554 44.5637 33.8631 29.2008 72.0704 37.1608 29.6762 28.3756 27.6446 35.9242 26.6728 35.5763 29.8264 25.6418 40.6896 36.0783 45.5439 35.6014 25.2994 24.6213 34.4179 23.2918 21.6246 20.9252 23.9294 20.8043 25.7724
threshold=0.00019550000000000001 0.00021850000000000003 0.00019050000000000005 4.7226374095109497e-06 56.865000000000002 218.50000000000003 160.50000000000003 0.00016350000000000004 -0.00018641518851016827 -9.7499999999999985e-05 2.8637480985201309e-07 0.00016050000000000003 0.34500000000000014 -0.00012493015994775964 -0.0096319882780495341 -0.00018806041702538047 -0.000185145028129912 -5.1393262954865226e-05 0.00010250000000000001 58.345000000000006 0.015693824671356518 -1.0000000180025095e-35 -0.018998537524023289 -1.8443885753211672e-05 0.01452403247696959 0.00014250000000000002 0.40108088599111169 0.16500000000000004 -3.9499999999999991e-05 127.50000000000001
decision_type=2 2 2 2 2 2 2 2 2 2 2 2 2 2 2 2 2 2 2 2 2 2 2 2 2 2 2 2 2 2
left_child=2 13 6 21 5 -5 11 8 9 25 -11 22 16 14 -2 -16 17 -13 19 -19 -21 -4 26 -24 -15 -8 -1 -28 29 -18
right_child=1 -3 3 4 -6 -7 7 -9 -10 10 -12 12 -14 24 15 -17 28 18 -20 20 -22 -23 23 -25 -26 -27 27 -29 -30 -31
leaf_value=-0.092079711688394739 -0.04856297331321676 0.00076884467573783448 0.059673865073686862 0.065847363957303146 -0.03995514754751512 -0.059234076713055951 0.012025185819260471 -0.046807859385076062 -0.046893084864136542 0.0060416137133907054 0.058468531129400231 0.060142136683734859 -0.03711710375952651 -0.0435252163455776 -0.052717894227350792 0.061678332084991586 0.063046755438499122 0.032484304855917745 0.069120791581471872 -0.054265566049916558 0.035401133323589129 -0.050272603134875138 -0.052106758517393964 -0.00052934598989784346 0.018817984077755506 -0.05348108978037474 -0.042449206935124453 0.058263004641511074 0.067984347924628541 -0.059552523643626537
leaf_weight=3.32417207956314 19.259095959365368 2567.85287779996 64.830168335698545 26.168777920305729 36.973788736388087 6.821573954075574 29.934282405301929 100.95700968056917 28.310684148222208 54.556129137054086 48.981127349659801 36.999726533889771 25.921788934618235 125.324943409767 7.2855305466800919 26.148034159094095 8.8956550965085643 39.062354559078813 16.48083171620965 52.825931682251394 14.004694005707277 5.6915833204984656 45.236490836832672 113.49797958391719 17.015956541756168 21.754614659585059 7.3136122152209273 30.472300077788532 48.666194343939424 8.2735062576830369
leaf_count=14 216 30812 487 196 499 71 342 1325 312 765 522 310 162 1996 182 161 68 278 95 888 229 205 826 2080 526 457 60 598 314 91
internal_value=8.5987e-05 -0.00103765 0.00363009 0.0243748 -0.00226141 0.0399837 -0.000332476 -0.0128762 0.00578844 0.0153967 0.0308436 0.0075806 0.0186238 -0.0248223 0.00556833 0.0367502 0.0250396 0.0141961 0.000304269 -0.0104061 -0.0354755 0.0508004 -0.00629662 -0.015228 -0.0360725 -0.0155448 0.0281892 0.0387698 0.0512897 0.0039684
internal_weight=3638.84 2762.89 875.955 140.486 69.9641 32.9904 735.469 284.494 183.537 155.226 103.537 450.975 251.131 195.034 52.6927 33.4336 225.209 159.374 122.374 105.893 66.8306 70.5218 199.845 158.734 142.341 51.6889 41.1101 37.7859 65.8354 17.1692
internal_count=45087 33893 11194 1458 766 267 9736 3723 2398 2086 1287 6013 2435 3081 559 343 2273 1800 1490 1395 1117 692 3578 2906 2522 799 672 658 473 159
is_linear=0
shrinkage=0.05


Tree=193
num_leaves=31
num_cat=0
split_feature=17 17 15 16 18 18 0 17 17 3 4 17 3 0 8 4 18 20 17 6 3 17 3 3 17 3 17 5 20 1
split_gain=5.89004 32.4124 42.155 26.2503 37.2399 21.9866 24.1661 30.1182 18.9786 62.3893 36.1245 24.1651 36.7759 25.5932 32.709 29.9432 24.8867 24.4194 89.4481 50.0208 23.1756 20.6258 22.111 48.793 36.0446 30.4882 20.2525 19.8106 19.1756 19.1379
threshold=0.00026850000000000002 0.00026550000000000006 -0.00010049999999999999 -0.00012149999999999999 2.9459491327427128e-05 0.00020405073676266436 225.50000000000003 0.00022750000000000003 0.00027650000000000005 0.66500000000000015 0.065000000000000016 0.00028250000000000004 0.80500000000000016 66.500000000000014 0.010000000000000007 0.02499999999999997 -0.00018268285039207418 -0.00021815096996831047 0.00031650000000000005 0.013190741012731251 0.69500000000000006 0.0005725000000000002 0.76500000000000012 0.58500000000000008 0.00056450000000000011 0.17500000000000002 0.00087250000000000012 0.57500000000000018 -0.00031493384571893037 108.95500000000001
decision_type=2 2 2 2 2 2 2 2 2 2 2 2 2 2 2 2 2 2 2 2 2 2 2 2 2 2 2 2 2 2
left_child=1 3 -3 4 -1 -5 7 -7 9 28 -11 12 13 15 -15 -10 21 18 19 -18 -21 22 23 25 -25 27 -23 -13 -2 -19
right_child=8 2 -4 5 -6 6 -8 -9 11 10 -12 16 -14 14 -16 -17 17 29 -20 20 -22 26 -24 24 -26 -27 -28 -29 -30 -31
leaf_value=0.043304689439897404 0.032122583939230342 -0.035561860423936442 0.060328827807514029 -0.001486563315019744 -0.056013720047672737 -0.0067688949162108495 -0.060237343893525877 0.061278694317857291 -0.066244931843619181 0.077943228458362615 -0.0261727794123662 0.038260328630257662 0.076722773575312611 0.056667895565080811 -0.037936093727678873 0.059251941978454729 -0.0547191036056403 0.0047116840193657814 0.00061844913409547482 0.070683103544929571 -0.045309971013059697 -0.031925603906541526 0.058715627347155477 -0.062796974531629857 0.057114663085553033 0.034929523432632621 0.079234316306862798 -0.026992425195973658 -0.052645544592433792 -0.028780562497140227
leaf_weight=66.595006227493286 7.3187866732478133 15.101224398589691 47.551597148180008 1885.5387907866389 10.996714815264566 26.40110665478278 7.3511888594366601 42.336860081384657 18.950994763057682 20.193726807832718 14.182273202401118 16.139801506069489 24.354292997042648 30.621451860293746 13.022177142091094 6.3442229186184695 143.05173470929731 455.14216769632185 337.8355949089746 12.666495427489282 6.52452161500696 40.915475614368916 26.81151469796896 32.181072290986776 7.782556138932704 129.14615299366415 4.553558910265564 41.642321996332612 75.436444985680282 47.063095980731305
leaf_count=558 64 200 319 20637 238 1098 142 918 159 104 210 320 176 240 128 33 2039 5353 5346 72 570 927 212 264 71 1439 33 1054 534 1629
internal_value=8.13782e-05 0.00179338 0.0372163 0.000705055 0.0292288 -0.000423193 0.0259278 0.0351428 -0.00229872 -0.0216298 0.0349888 -0.000675294 0.0239061 0.0052473 0.0284404 -0.0347694 -0.00243738 -0.00621487 -0.0140359 -0.0445504 0.031248 0.0102179 0.0157758 0.0107017 -0.0394453 0.0214227 -0.0207933 -0.00876591 -0.0451487 0.00157303
internal_weight=3613.75 2101.87 62.6528 2039.22 77.5917 1961.63 76.0892 68.738 1511.88 117.131 34.376 1394.75 93.2931 68.9388 43.6436 25.2952 1301.46 1002.28 500.078 162.243 19.191 299.172 253.703 226.892 39.9636 186.928 45.469 57.7821 82.7552 502.205
internal_count=45087 24110 519 23591 796 22795 2158 2016 20977 912 314 20065 736 560 368 192 19329 15009 8027 2681 642 4320 3360 3148 335 2813 960 1374 598 6982
is_linear=0
shrinkage=0.05


Tree=194
num_leaves=31
num_cat=0
split_feature=3 11 3 20 11 16 15 19 11 20 14 18 15 0 19 1 6 17 17 15 19 17 19 16 0 17 15 14 19 18
split_gain=5.78412 5.45225 12.0414 12.0314 10.9952 14.2119 14.1674 10.821 13.5788 16.1488 12.1741 11.7773 9.91399 10.6082 8.95453 8.52894 8.43106 6.50696 29.7415 39.2929 16.7909 25.3474 18.3993 34.3597 25.5928 22.6044 21.0889 19.5265 18.9275 22.7094
threshold=0.075000000000000025 9.323100145339497 0.77500000000000013 -0.00026788118835572244 9.1380497464977406 -1.0000000180025095e-35 -0.00023749999999999997 -5.2499999999999995e-05 9.1748235299989265 -0.00021121081249526476 -8.3499999999999983e-05 -9.2866554143804565e-06 -5.499999999999999e-06 197.50000000000003 -0.00013749999999999995 6.2550000000000008 -0.012855820583523473 0.00026850000000000002 0.00026550000000000006 -0.00010049999999999999 -0.00044649999999999996 0.0002265 4.5500000000000008e-05 5.0500000000000008e-05 77.500000000000014 0.00026150000000000007 0.00022750000000000003 -2.6499999999999997e-05 6.3500000000000012e-05 -0.00011918943322671026
decision_type=2 2 2 2 2 2 2 2 2 2 2 2 2 2 2 2 2 2 2 2 2 2 2 2 2 2 2 2 2 2
left_child=-1 4 3 -3 17 6 -6 10 -9 11 -7 -10 13 -5 -4 -15 -12 18 20 -20 21 -2 23 26 -24 27 -22 -26 -29 -30
right_child=1 2 14 12 5 7 -8 8 9 -11 16 -13 -14 15 -16 -17 -18 -19 19 -21 22 -23 24 -25 25 -27 -28 28 29 -31
leaf_value=-0.051752367154027257 0.034040071097906938 0.044782881884348362 -0.051927715665523566 0.047127225728688001 -0.047355809602578694 0.001555086073552584 0.04650429400712678 -0.049812965016190876 0.0079796042088288565 -0.040484880699418045 0.023220050431966097 0.063742793195371128 -0.024746339294847108 0.054239668621429385 0.04928590905192836 -0.029873078100142138 -0.036025126553326313 -0.0020362357916286697 -0.034306921203059698 0.059806444628224799 0.0021029150370883765 -0.055825068866672489 -0.045170029250950601 0.054256994184560092 0.044210055775660048 -0.066878144412938531 0.044417175400323416 -0.044905170745337078 -0.01595426211911127 0.025317738744219664
leaf_weight=5.3750961315236045 10.840427436341995 29.409182585775852 10.880130567471495 18.023419368080795 5.1450322503224042 36.455433314142283 18.392739465460181 10.906355695798991 31.253556380048391 11.974930888041852 6.4182380661368361 13.584289350546898 18.395999074913561 4.0228285938501385 2.7344892956316462 12.015185004100202 93.277023638773244 1380.4331949355837 14.63763326499611 45.766249260865152 1482.2630365954828 28.414118486165535 44.251752249430865 33.342415921390057 23.302819337695837 12.959603592753409 30.042358364909887 24.826767515391111 74.115699076093733 60.566917154937983
leaf_count=804 238 344 248 151 87 543 211 105 427 202 66 142 220 29 19 167 1360 18772 196 313 16320 968 634 231 161 78 199 244 874 734
internal_value=7.6381e-05 0.00015401 0.0119421 0.0191831 -0.000168202 -0.0107986 0.0259878 -0.0150458 0.00128782 0.0110976 -0.0231699 0.0248739 0.00483109 0.0208054 -0.031599 -0.00877501 -0.032211 0.000572036 0.0024818 0.037 0.00133927 -0.0310082 0.00205037 0.00405042 -0.0108291 -0.00306678 0.0029435 0.00145682 -0.00478902 0.0026058
internal_weight=3594.03 3588.65 95.4812 81.8666 3493.17 227.408 23.5378 203.87 67.7191 56.8128 136.151 44.8378 52.4574 34.0614 13.6146 16.038 99.6953 3265.76 1885.33 60.4039 1824.93 39.2545 1785.67 1545.65 240.024 195.772 1512.31 182.812 159.509 134.683
internal_count=45087 44283 1178 911 43105 3143 298 2845 876 771 1969 569 567 347 267 196 1426 39962 21190 509 20681 1206 19475 16750 2725 2091 16519 2013 1852 1608
is_linear=0
shrinkage=0.05


Tree=195
num_leaves=31
num_cat=0
split_feature=8 17 6 6 0 18 17 4 19 1 17 19 1 17 19 5 0 6 17 2 1 17 18 15 18 19 17 20 6 0
split_gain=6.5194 13.3729 12.7027 17.3448 19.3907 21.2769 31.9063 34.5026 51.462 20.0521 16.8419 20.5643 15.8542 13.7277 14.0372 15.14 22.5021 13.6959 25.1623 12.8872 12.0072 18.9518 21.6546 16.2681 21.9235 21.9206 19.0328 21.1537 18.1781 16.8202
threshold=-0.049999999999999996 0.00018050000000000002 -0.0562976213079679 -0.0087046586995654946 69.500000000000014 -0.00016302860713416823 0.00029450000000000006 -0.16499999999999992 0.00015750000000000001 154.53500000000003 0.00032750000000000005 -6.2499999999999988e-05 103.74500000000002 0.00015450000000000004 -0.00015949999999999997 0.28500000000000009 163.50000000000003 -0.014284117266766573 0.00025250000000000007 0.82089287372521069 130.97500000000002 0.00033150000000000003 -6.9649024238855874e-05 5.1500000000000005e-05 0.00014010462588272802 1.0000000180025095e-35 0.00024950000000000005 -0.00024888625845880815 0.0085406639199700016 99.500000000000014
decision_type=2 2 2 2 2 2 2 2 2 2 2 2 2 2 2 2 2 2 2 2 2 2 2 2 2 2 2 2 2 2
left_child=1 -1 -2 4 10 6 7 8 -6 -10 11 -4 13 -7 -15 17 -17 18 -16 -13 -5 22 -22 24 25 -24 27 -25 -26 -29
right_child=2 -3 3 20 5 12 -8 -9 9 -11 -12 19 -14 14 15 16 -18 -19 -20 -21 21 -23 23 26 28 -27 -28 29 -30 -31
leaf_value=0.01410790293921039 -0.038830352585769279 -0.0059159188735405047 0.03599710791623003 0.0010870093861728763 -0.056392752203556828 -0.019588548212652972 0.031595135390375138 0.044228824310734133 0.040206675406595255 -0.059107723174324917 0.024882218723987836 -0.043928938534482515 0.053048016199570072 -0.010582477930668729 0.051392810394857019 -0.041285798775806334 0.045493754583583873 0.053218522290719453 -0.039026860750200253 0.041648731187073268 -0.046172000937457859 0.032703689863199686 -0.045830310251134425 -0.052233923461563386 0.11408720556681723 0.024751524110265877 -0.053808952577418072 0.060936232725923238 0.0016219068636122626 -0.026057774296432835
leaf_weight=94.143087569391355 19.42964432091685 729.43265949972556 11.959922206588088 1998.7814140410774 56.362992849200964 20.328041072934866 59.621009107213467 20.824996899813414 27.37830562889576 6.2410669885575762 24.782758231798653 49.873300763312727 42.650770490057766 24.414409691467881 18.211725506931547 15.815992064774038 14.156443499028681 66.307311903685331 13.323061373084782 4.8248289991170159 46.296223888639361 21.916839891244308 58.894346644869074 6.717858607415109 4.4514588527381447 13.526962696108965 8.2261117237503623 29.226804538397118 18.630054580047727 6.8607032148283897
leaf_count=955 498 6461 181 24867 516 295 1111 189 326 56 402 523 734 331 220 110 113 545 97 46 847 1225 1654 182 31 190 247 234 1404 107
internal_value=0.000268839 -0.00362699 0.00145278 0.00174367 0.0103909 0.0152995 0.00210194 -0.0137672 -0.0271894 0.02177 -0.0103101 -0.0233942 0.0257509 0.0190039 0.0241574 0.0307933 -0.000298478 0.0403177 0.0131916 -0.0363803 -0.000120052 -0.0113549 -0.0163625 -0.00694448 -0.0191226 -0.0326469 0.0158463 0.0292322 0.0233118 0.0443975
internal_weight=3533.61 823.576 2710.04 2690.61 477.077 385.636 170.428 110.807 89.9824 33.6194 91.4408 66.6581 215.208 172.557 152.229 127.815 29.9724 97.8421 31.5348 54.6981 2213.53 214.747 192.831 146.534 95.5028 72.4213 51.0315 42.8054 23.0815 36.0875
internal_count=44697 7416 37281 36783 5795 4643 2198 1087 898 382 1152 750 2445 1711 1416 1085 223 862 317 569 30988 6121 4896 4049 3279 1844 770 523 1435 341
is_linear=0
shrinkage=0.05


Tree=196
num_leaves=31
num_cat=0
split_feature=8 0 2 0 3 15 18 19 14 0 15 6 6 0 18 17 4 19 2 3 20 3 15 17 19 5 3 6 4 0
split_gain=5.89583 12.2414 18.6265 17.7163 12.6421 12.4578 19.9357 17.9052 22.6952 14.8271 13.7258 11.7473 16.0533 17.9305 19.7077 29.2967 31.963 48.2125 18.754 16.5574 20.1612 16.2271 22.857 15.4364 18.9817 14.7071 14.3009 13.6227 13.0003 12.1378
threshold=-0.049999999999999996 85.500000000000014 0.50000856135063876 97.500000000000014 0.71500000000000008 0.00017350000000000002 -0.00046630065978995385 -0.00017449999999999999 -8.3499999999999983e-05 23.500000000000004 -0.00016949999999999997 -0.0562976213079679 -0.0087046586995654946 69.500000000000014 -0.00016302860713416823 0.00029450000000000006 -0.16499999999999992 0.00015750000000000001 0.53255075823759823 0.39500000000000007 -0.00020715936138984402 0.30500000000000005 4.9500000000000004e-05 0.00032750000000000005 -6.2499999999999988e-05 0.12999999999999998 0.29500000000000004 -0.018998537524023289 -0.31499999999999989 95.500000000000014
decision_type=2 2 2 2 2 2 2 2 2 2 2 2 2 2 2 2 2 2 2 2 2 2 2 2 2 2 2 2 2 2
left_child=1 4 -3 -4 5 7 -7 10 -9 -8 -1 -2 13 23 15 16 17 -15 -19 20 21 -14 -23 24 -13 29 27 28 -27 -16
right_child=11 2 3 -5 -6 6 9 8 -10 -11 -12 12 19 14 25 -17 -18 18 -20 -21 -22 22 -24 -25 -26 26 -28 -29 -30 -31
leaf_value=-0.043239980113284233 -0.037835715682678316 -0.0017157461526959247 -0.0076032540675719604 0.052246156416495861 -0.037700922851005611 -0.058728098225984654 -0.045256476240992771 0.029413217101093667 -0.023916901874035158 0.030976101589001999 0.035206565377553706 0.034639297999001888 0.044665134075542422 -0.055535815475494847 0.055352545160812644 0.030378065542307819 0.042757139559077284 0.049376594736642979 -0.029392929720230599 0.00074142331695437394 -0.043648175835031805 -0.066517610592888368 0.039545378390173358 0.023611921906637079 -0.035401980068676432 -0.02824825409172195 0.038421429232839317 -0.055096974414012546 0.062277096098486417 -0.011099202457678885
leaf_weight=6.9063817416317752 18.9556185771944 419.66837287004455 19.78257996076718 32.977016471559182 38.145998278399929 8.8085150648839754 7.2509844540618351 22.359283955767751 185.0877033052966 53.005393124185503 28.948812912218273 11.811184319667516 15.519106565043328 54.420534569770098 8.3345448747277242 58.927312280633487 20.473811611533165 21.093191981315613 11.774564422667025 2125.3498108643544 46.916787317954004 12.318932838737966 8.6438840739428979 24.809557819971815 53.437216385733336 6.9165594764053848 138.38124713674188 8.302348140627144 9.2968545490875858 39.153620347380638
leaf_count=66 498 3920 243 328 463 100 80 163 1390 387 276 181 139 516 70 1111 189 293 89 29860 745 133 111 402 569 55 1661 96 148 415
internal_value=0.000255868 -0.0034483 0.00180444 0.0298052 -0.010528 -0.00720969 0.0115318 -0.0125297 -0.0181688 0.0218026 0.0200963 0.00138703 0.00166488 0.010086 0.0148734 0.00203151 -0.0134692 -0.0266573 0.0211582 -0.000116123 -0.02197 0.00590875 -0.0227832 -0.0099586 -0.0227232 0.025048 0.0321858 -0.00301169 0.0236594 0.0005636
internal_weight=3517.78 822.941 472.428 52.7596 350.513 312.367 69.0649 243.302 207.447 60.2564 35.8552 2694.84 2675.88 467.133 377.075 166.689 107.762 87.2883 32.8678 2208.75 83.3987 36.4819 20.9628 90.058 65.2484 210.385 162.897 24.5158 16.2134 47.4882
internal_count=44697 7416 4491 571 2925 2462 567 1895 1553 467 342 37281 36783 5795 4643 2198 1087 898 382 30988 1128 383 244 1152 750 2445 1960 299 203 485
is_linear=0
shrinkage=0.05


Tree=197
num_leaves=31
num_cat=0
split_feature=15 17 15 16 19 17 0 16 6 14 14 17 18 4 6 17 20 17 4 16 19 18 16 20 19 15 0 15 16 18
split_gain=5.69656 6.63666 12.5413 12.2995 11.4101 12.3997 20.4672 19.186 11.817 9.77283 9.42536 8.77776 25.6841 15.4259 24.8392 15.0641 35.7984 20.018 11.8056 9.93827 10.7646 37.9836 37.9126 22.3797 30.5373 31.3223 32.3176 22.3463 20.0884 20.1798
threshold=0.00071250000000000013 0.00072650000000000004 -0.00014449999999999996 -0.0035259999999999996 -0.00065849999999999991 0.00056450000000000011 43.500000000000007 -0.0016644999999999997 0.0032659714436745657 0.00047650000000000009 -0.00054949999999999986 0.00044250000000000002 3.2796355310829216e-05 -0.20499999999999999 -0.022687420445484812 0.00042050000000000003 -0.00024888625845880815 0.00040550000000000004 0.19500000000000003 -0.00073949999999999981 -0.00024349999999999998 9.3236801645807109e-05 1.0000000180025095e-35 -0.00022494695899320048 -0.00012849999999999995 1.7500000000000002e-05 195.50000000000003 -0.00020949999999999997 -0.00023049999999999999 2.2381736998103259e-06
decision_type=2 2 2 2 2 2 2 2 2 2 2 2 2 2 2 2 2 2 2 2 2 2 2 2 2 2 2 2 2 2
left_child=1 3 -3 -1 -5 7 -7 -6 -8 -4 -9 15 13 14 -13 17 -17 19 -19 -12 22 28 -21 -23 25 26 -25 -26 29 -22
right_child=-2 2 9 4 5 6 8 10 -10 -11 11 12 -14 -15 -16 16 -18 18 -20 20 21 23 -24 24 27 -27 -28 -29 -30 -31
leaf_value=-0.047901527434544761 -0.040051503774119195 -0.057573707933124746 0.061792813246605884 -0.049165389486510766 -0.055446289711155033 -0.039197029779497294 0.040468808023878006 0.07008032654962891 -0.051949435516134734 -0.052941485253271851 -0.055983864271861972 -0.049995489510589367 0.05060650192712151 -0.04063264028881982 0.047275900976284792 -0.039013915195699689 0.05996202378290616 -0.049617064614060187 0.04153251331608003 0.0091829340665767253 0.002517790853189544 -0.043960252630325519 -0.054991930518134217 -0.05054304690491767 -0.057297158636356905 0.07178650786397632 0.021345823335919788 0.025774665779104457 0.00031620013938047677 0.045107084294188492
leaf_weight=13.250545530114321 8.7491658366343454 3.4597799174080164 14.468157054056066 11.589655450341523 15.470785830751991 11.407821564702315 51.968345609493554 4.8408635547384611 3.7054902417585245 2.1291059487557495 7.7134421587688839 11.454458320513369 12.936531971208749 54.123234654776752 15.369149919599293 13.102448655175975 30.176439732313156 28.95949764829129 4.0490539027377954 600.72820712288376 60.747407099232078 67.378001581644639 23.930878775077872 74.278928128536791 9.3031658222898823 7.3462201077491036 19.800985788926482 62.357974506216124 2207.7862404513289 51.30290275067091
leaf_count=480 701 487 462 2739 438 192 576 36 156 105 292 108 171 733 123 198 187 392 65 8712 493 1433 741 1016 103 44 224 532 22410 348
internal_value=0.000243394 0.000344262 0.0290231 0.000178737 0.00036277 0.000529139 0.0218159 0.000107063 0.0343177 0.0470746 0.000362269 0.000261909 -0.0148118 -0.0252666 0.0057382 0.000694819 0.0299976 0.000301664 -0.038436 0.000702167 0.000839451 -0.000596345 0.00672438 -0.0195122 -0.00999522 -0.0276483 -0.0354126 0.0149901 0.0013644 0.0220176
internal_weight=3503.88 3495.14 20.057 3475.08 3461.83 3450.24 67.0817 3383.16 55.6738 16.5973 3367.69 3362.85 93.8834 80.9468 26.8236 3268.96 43.2789 3225.68 33.0086 3192.67 3184.96 2560.3 624.659 240.465 173.087 101.426 94.0799 71.6611 2319.84 112.05
internal_count=44697 43996 1054 42942 42462 39723 924 38799 732 567 38361 38325 1135 964 231 37190 385 36805 457 36348 36056 26603 9453 3352 1919 1284 1240 635 23251 841
is_linear=0
shrinkage=0.05


Tree=198
num_leaves=31
num_cat=0
split_feature=17 6 3 4 15 20 3 19 17 0 17 6 4 6 4 4 18 6 19 15 17 4 0 19 3 15 1 0 17 17
split_gain=5.63451 11.8652 16.4844 22.7168 14.1249 17.9969 11.4631 10.9276 8.2141 46.9737 31.9988 24.1083 24.5223 34.4594 27.588 23.2178 21.9773 21.8198 20.6755 39.4528 34.8283 28.895 24.8284 25.6006 24.286 20.0619 23.5132 44.2683 31.3132 29.4802
threshold=0.00014250000000000002 0.0062695975813283275 0.68500000000000016 0.18500000000000003 1.5000000000000002e-06 -0.00020779997858533548 0.82500000000000007 -5.6499999999999998e-05 0.00023550000000000001 174.50000000000003 0.00023350000000000001 0.020642853435743399 0.25500000000000006 0.015211609136733641 0.12000000000000004 -0.054999999999999986 -6.2960240352073098e-07 -0.028895959482161861 -9.7499999999999985e-05 -0.00015049999999999997 0.00018850000000000003 0.060000000000000032 243.50000000000003 -0.00027849999999999994 0.54500000000000015 0.00012250000000000002 60.875000000000007 114.50000000000001 0.00018050000000000002 0.00017250000000000005
decision_type=2 2 2 2 2 2 2 2 2 2 2 2 2 2 2 2 2 2 2 2 2 2 2 2 2 2 2 2 2 2
left_child=1 4 -3 -4 -1 7 -5 -6 9 10 11 12 14 -14 -2 -12 17 -11 19 20 -18 24 23 -22 -20 26 27 -16 29 -28
right_child=8 2 3 6 5 -7 -8 -9 -10 16 15 -13 13 -15 25 -17 18 -19 21 -21 22 -23 -24 -25 -26 -27 28 -29 -30 -31
leaf_value=-0.015611586123542076 0.0080929760081205823 0.053161606561380505 -0.067917671212997771 0.047768913585893712 -0.057296574441474492 -0.035925783831954376 -0.041857215775721594 0.05012051759989683 0.0016717939771226228 0.054145031191070329 0.021132653392429479 -0.042817052774535888 -0.051022569670634892 0.080520214029237938 0.048676991510619425 -0.065067187565085199 -0.054616923230408357 -0.046255941834495662 -0.014280529506206889 -0.053649664328218133 -0.04929706947433099 -0.045253093560108627 -0.045621826733792496 0.072683983750836387 0.049773512156231201 0.05561855130442122 -0.044374045034345777 -0.043841951628893629 -0.057075571516643567 0.064088847944736071
leaf_weight=63.676510184071958 684.90785772027448 30.03728196490556 8.5907118571922201 16.597309825941924 2.5851325355470207 10.073673697188495 4.5443863414693615 28.143996596336365 2107.4669008459168 5.7509623058140269 10.688746608793734 26.655015972122783 6.4198734278325018 22.177536242641509 27.817030176520348 29.022567265055841 16.988579317927361 91.66896532010287 24.357860330492258 58.561257203109562 5.1788776289904481 19.417450165376067 8.2737804804928583 25.385276732034985 37.704233583062887 9.1811940632760507 12.572349989786746 24.157463818788528 58.79267157195136 12.487189233303068
leaf_count=879 6759 451 102 229 24 168 219 610 26976 104 50 1477 98 152 188 357 324 1204 203 1076 266 194 150 220 279 67 413 201 1183 74
internal_value=0.000229044 0.00926925 0.0270369 0.00064438 -0.000895139 0.0220712 0.0285039 0.0410839 -0.000217441 -0.00348588 0.00204314 0.00401302 0.00546699 0.05099 0.00389835 -0.0418655 -0.0209216 -0.040329 -0.0112688 -0.0249793 0.00509562 0.00797905 0.0312152 0.0520152 0.0246339 -0.0159139 -0.0207491 0.00567469 -0.0371275 0.0096731
internal_weight=3489.88 164.249 59.7697 29.7324 104.479 40.8028 21.1417 30.7291 3325.63 1218.17 924.879 885.168 858.513 28.5974 829.916 39.7113 293.287 97.4199 195.867 114.388 55.8265 81.4795 38.8379 30.5642 62.0621 145.008 135.827 51.9745 83.8522 25.0595
internal_count=44697 2682 1001 550 1681 802 448 634 42015 15039 11019 10612 9135 250 8885 407 4020 1308 2712 2036 960 676 636 486 482 2126 2059 389 1670 487
is_linear=0
shrinkage=0.05


Tree=199
num_leaves=31
num_cat=0
split_feature=7 6 18 3 17 3 17 0 17 20 17 15 17 6 4 15 3 1 18 11 15 6 5 4 17 21 18 2 17 20
split_gain=5.64681 7.20476 11.1989 7.41176 10.2307 8.93393 6.80892 30.0256 42.3002 31.6289 28.0992 25.7234 33.6092 23.8746 22.5827 20.5825 20.0822 20.4984 19.0404 21.3357 19.5393 18.6563 17.3193 39.4075 34.9657 46.5456 33.8634 32.9847 33.7677 32.1606
threshold=-0.10000000000000005 0.0021349740073445781 -9.2866554143804565e-06 0.39500000000000007 0.00021850000000000003 0.23500000000000001 0.00023550000000000001 167.50000000000003 0.0001485 -0.00018812203513026237 0.00023350000000000001 -0.00015049999999999997 0.00018850000000000003 -0.0037591341404217553 -0.054999999999999986 -0.00026349999999999995 0.68500000000000016 6.7550000000000008 -0.00018806041702538047 9.323100145339497 0.00020050000000000002 -0.028895959482161861 0.17000000000000001 -0.22999999999999993 0.00028250000000000004 1.0000000180025095e-35 -7.2109013180563747e-05 0.184902532185276 0.00035350000000000003 -0.00019721680893306732
decision_type=2 2 2 2 2 2 2 2 2 2 2 2 2 2 2 2 2 2 2 2 2 2 2 2 2 2 2 2 2 2
left_child=1 2 3 5 -5 -1 7 10 9 16 18 12 -10 -14 -12 -15 17 -9 -2 20 -20 -13 24 -24 25 26 -8 -25 -29 -28
right_child=6 -3 -4 4 -6 -7 22 8 11 -11 14 21 13 15 -16 -17 -18 -19 19 -21 -22 -23 23 27 -26 -27 29 28 -30 -31
leaf_value=-0.012174381748442818 -0.048993316615631839 0.025364928109037996 -0.027053612509425132 0.034754344761341205 -0.022993716042298509 0.031528284820478945 0.057489015700985281 -0.025121174657361252 -0.054903784986077189 -0.048538244401528756 0.026781018768576994 0.05359151453915726 -0.051479327893245934 -0.028743791876855281 -0.064166215917470348 0.055257086686981122 -0.036834448757432588 0.042785323313669368 0.0029272248421766661 0.060988334687030882 0.045183250468259349 -0.037849468107674561 0.0052214511904708017 0.0171847083125562 -0.0007683944755830992 -0.060087442620727752 0.022745133663108697 -0.042310939937027787 0.018752459754914647 -0.0052443907206461094
leaf_weight=19.922978489194065 16.392039429396391 14.655688373837618 67.223708923091181 9.2059007510542852 45.956064309924841 28.312630146741867 49.605925533920527 13.235258711501954 20.055739999748766 18.431439682841301 9.1857280954718572 5.7551740016788235 9.2741538509726507 9.317818690906277 26.564742354443297 33.548071548808366 12.198054776526986 69.311430504545569 838.25843584450195 16.926096189301461 28.280158339301124 181.24877127213404 356.10466725646984 42.32279253564775 865.68381045362912 19.713314571010415 332.21996171280625 137.98843300621957 27.083903066115454 148.50621836728533
leaf_count=136 445 134 482 50 302 181 399 104 349 211 42 116 111 379 329 327 228 974 10783 171 237 2531 4550 347 14176 321 3003 1453 425 1401
internal_value=0.000215744 -0.00827712 -0.0111668 -0.000838094 -0.0133562 0.0134776 0.000694427 -0.00210483 -0.0141128 0.0113901 0.00267441 -0.0252483 0.000102167 0.0212603 -0.0407982 0.0369977 0.0230484 0.0318974 0.00440154 0.00539224 0.00430628 -0.0350353 0.00254433 -0.00486929 0.00549515 0.015353 0.0181572 -0.0221954 -0.0322921 0.0140986
internal_weight=3472.49 185.277 170.621 103.398 55.162 48.2356 3287.21 1307.98 372.376 113.176 935.607 259.2 72.1958 52.14 35.7505 42.8659 94.7447 82.5467 899.857 883.465 866.539 187.004 1979.23 563.5 1415.73 550.045 530.332 207.395 165.072 480.726
internal_count=44697 1285 1151 669 352 317 43412 17337 5330 1517 12007 3813 1166 817 371 706 1306 1078 11636 11191 11020 2647 26075 6775 19300 5124 4803 2225 1878 4404
is_linear=0
shrinkage=0.05


end of trees

feature_importances:
sigma_5m=1186
adverse_btc=689
btc_distance_from_entry=607
seconds_left=458
current_bid=446
unrealized_per_share=444
binance_chainlink_divergence=372
btc_ret_60s=318
bid_above_entry=292
time_held=246
btc_ret_30m=217
btc_ret_30s=214
peak_minus_current=199
time_frac=90
own_ask_size_log=88
bid_drift_10s=72
bid_drift_3s=30
direction_up=18
own_bid_size_log=9
opp_spread=5

parameters:
[boosting: gbdt]
[objective: binary]
[metric: binary_logloss]
[tree_learner: serial]
[device_type: cpu]
[data_sample_strategy: bagging]
[data: ]
[valid: ]
[num_iterations: 200]
[learning_rate: 0.05]
[num_leaves: 31]
[num_threads: 0]
[seed: 42]
[deterministic: 0]
[force_col_wise: 0]
[force_row_wise: 0]
[histogram_pool_size: -1]
[max_depth: -1]
[min_data_in_leaf: 50]
[min_sum_hessian_in_leaf: 0.001]
[bagging_fraction: 0.9]
[pos_bagging_fraction: 1]
[neg_bagging_fraction: 1]
[bagging_freq: 5]
[bagging_seed: 400]
[bagging_by_query: 0]
[feature_fraction: 0.9]
[feature_fraction_bynode: 1]
[feature_fraction_seed: 30056]
[extra_trees: 0]
[extra_seed: 12879]
[early_stopping_round: 0]
[early_stopping_min_delta: 0]
[first_metric_only: 0]
[max_delta_step: 0]
[lambda_l1: 0]
[lambda_l2: 0]
[linear_lambda: 0]
[min_gain_to_split: 0]
[drop_rate: 0.1]
[max_drop: 50]
[skip_drop: 0.5]
[xgboost_dart_mode: 0]
[uniform_drop: 0]
[drop_seed: 17869]
[top_rate: 0.2]
[other_rate: 0.1]
[min_data_per_group: 100]
[max_cat_threshold: 32]
[cat_l2: 10]
[cat_smooth: 10]
[max_cat_to_onehot: 4]
[top_k: 20]
[monotone_constraints: ]
[monotone_constraints_method: basic]
[monotone_penalty: 0]
[feature_contri: ]
[forcedsplits_filename: ]
[refit_decay_rate: 0.9]
[cegb_tradeoff: 1]
[cegb_penalty_split: 0]
[cegb_penalty_feature_lazy: ]
[cegb_penalty_feature_coupled: ]
[path_smooth: 0]
[interaction_constraints: ]
[verbosity: -1]
[saved_feature_importance_type: 0]
[use_quantized_grad: 0]
[num_grad_quant_bins: 4]
[quant_train_renew_leaf: 0]
[stochastic_rounding: 1]
[linear_tree: 0]
[max_bin: 255]
[max_bin_by_feature: ]
[min_data_in_bin: 3]
[bin_construct_sample_cnt: 200000]
[data_random_seed: 175]
[is_enable_sparse: 1]
[enable_bundle: 1]
[use_missing: 1]
[zero_as_missing: 0]
[feature_pre_filter: 1]
[pre_partition: 0]
[two_round: 0]
[header: 0]
[label_column: ]
[weight_column: ]
[group_column: ]
[ignore_column: ]
[categorical_feature: ]
[forcedbins_filename: ]
[precise_float_parser: 0]
[parser_config_file: ]
[objective_seed: 16083]
[num_class: 1]
[is_unbalance: 0]
[scale_pos_weight: 1]
[sigmoid: 1]
[boost_from_average: 1]
[reg_sqrt: 0]
[alpha: 0.9]
[fair_c: 1]
[poisson_max_delta_step: 0.7]
[tweedie_variance_power: 1.5]
[lambdarank_truncation_level: 30]
[lambdarank_norm: 1]
[label_gain: ]
[lambdarank_position_bias_regularization: 0]
[eval_at: ]
[multi_error_top_k: 1]
[auc_mu_weights: ]
[num_machines: 1]
[local_listen_port: 12400]
[time_out: 120]
[machine_list_filename: ]
[machines: ]
[gpu_platform_id: -1]
[gpu_device_id: -1]
[gpu_use_dp: 0]
[num_gpu: 1]

end of parameters

pandas_categorical:null
