tree
version=v4
num_class=1
num_tree_per_iteration=1
label_index=0
max_feature_idx=49
objective=binary sigmoid:1
feature_names=Column_0 Column_1 Column_2 Column_3 Column_4 Column_5 Column_6 Column_7 Column_8 Column_9 Column_10 Column_11 Column_12 Column_13 Column_14 Column_15 Column_16 Column_17 Column_18 Column_19 Column_20 Column_21 Column_22 Column_23 Column_24 Column_25 Column_26 Column_27 Column_28 Column_29 Column_30 Column_31 Column_32 Column_33 Column_34 Column_35 Column_36 Column_37 Column_38 Column_39 Column_40 Column_41 Column_42 Column_43 Column_44 Column_45 Column_46 Column_47 Column_48 Column_49
feature_infos=[19:291] [0.063333333333333339:0.96999999999999997] [-0.0013910000000000001:0.0020339999999999998] [-0.0014989999999999999:0.001655] [0.00036400000000000001:0.002284] [-0.0015547083439643617:0.0021162917182204889] [0.02:0.97999999999999998] [0.01:0.96999999999999997] [0:0.07999999999999996] [0:10.211378052289069] [0:10.240660614950137] [0.029999999999999999:0.98999999999999999] [0.02:0.97999999999999998] [0:0.080000000000000016] [0:10.240660614950137] [0:10.211378052289069] [-1:1] [-1:1] [0.014999999999999999:0.97499999999999998] [8.2361556616831244:12.722563193272189] [0.89400000000000002:15.545] [0.001:0.46500000000000002] [0.001:0.46500000000000002] [0:1] [0.059999999999999998:0.59999999999999998] [0.030599999999999999:0.39450000000000002] [0.060499999999999998:0.90080000000000005] [30:293] [1:220] [0.01:0.89000000000000001] [0.02:0.90000000000000002] [0:0.080000000000000016] [-0.37:0.42999999999999994] [-0.37:0.42999999999999994] [0.059999999999999998:0.89000000000000001] [0:0.42999999999999994] [0:0.62] [-0.0019691894937178046:0.00189370986487103] [0.050000000000000003:0.94999999999999996] [-0.011599999999999999:0.4178] [-0.19270000000000001:0.4178] [-0.43490000000000001:0.1827] [-0.37540000000000001:0.8498] [0:10.211378052289069] [0:10.240660614950137] [-1:1] [0:1] [-0.00189370986487103:0.0019691894937178046] [-0.00095594316230980373:0.00057088804336833353] [0:5.9500000000000002]
tree_sizes=3345 3424 3416 3452 3465 3452 3454 3433 3452 3445 3441 3467 3460 3464 3464 3441 3433 3450 3429 3429 3446 3452 3451 3453 3469 3467 3442 3456 3427 3451 3445 3454 3454

Tree=0
num_leaves=31
num_cat=0
split_feature=0 24 26 24 4 34 36 34 19 20 5 35 0 26 6 26 0 36 35 28 4 20 11 9 32 26 32 10 2 0
split_gain=1100.57 583.352 354.601 417.828 299.565 292.216 322.836 255.931 171.753 158.928 157.659 95.8867 74.76 74.7263 68.7261 56.271 50.3104 26.7605 26.1095 48.6252 25.514 12.0279 1.8475 0.436024 0.409032 0.23313 0.0688766 0.102274 0.0113397 1.42109e-14
threshold=118.50000000000001 0.49500000000000005 0.45760000000000006 0.48500000000000004 0.0009385000000000001 0.66500000000000015 0.03000000000000002 0.24500000000000002 11.727334969677509 1.7805000000000002 -8.823579132073208e-06 0.039999999999999973 192.50000000000003 0.70425000000000015 0.38500000000000006 0.70035000000000014 174.50000000000003 0.0099999999999999273 0.28000000000000003 22.500000000000004 0.00059750000000000005 1.3405000000000002 0.32500000000000007 6.2879236116919826 -0.02999999999999994 0.58760000000000001 -0.069999999999999993 6.8112168116893033 -0.00011749999999999998 230.50000000000003
decision_type=2 2 2 2 2 2 2 2 2 2 2 2 2 2 2 2 2 2 2 2 2 2 2 2 2 2 2 2 2 2
left_child=1 13 3 11 5 9 12 8 15 21 14 16 -7 18 -11 -4 -2 -9 19 -1 -3 -5 -20 -16 -23 -19 27 -27 -26 -30
right_child=2 20 7 4 -6 6 -8 17 -10 10 -12 -13 -14 -15 23 -17 -18 25 22 -21 -22 24 -24 -25 28 26 -28 -29 29 -31
leaf_value=-0.99870926657743042 -1.0373884193639147 -1.1063531958098782 -1.0908767068754324 -1.1288876757247184 -1.007413729783309 -1.1524188979728354 -1.0246808332710657 -1.1178519124357413 -1.0497055542197573 -1.0858739260835915 -1.0542694134699546 -1.0112040113238348 -1.0776267920381577 -1.0477514516949151 -1.1555785856124878 -1.1541873439805188 -1.0826127653740929 -1.1514856994591085 -1.0016451181334398 -1.041850209384797 -1.1523198296174095 -1.1511734509929124 -0.99419294762696442 -1.1493050157277389 -1.1547080661375124 -1.1523656199563084 -1.1555785856124878 -1.1555785856124878 -1.1555785856124878 -1.1555785856124878
leaf_weight=53.140619546175003 44.449101448059082 20.060582309961319 22.030586242675781 20.268052846193314 29.499009698629379 32.611589550971985 65.927822142839432 20.621229290962219 51.339687258005142 20.94218385219574 41.447176426649094 61.724532127380371 19.057013779878616 46.491213947534561 22.6785968542099 29.626036137342453 44.107756704092026 18.881988018751144 48.308071076869965 42.176151663064957 23.715131610631943 29.23929837346077 78.746577739715576 17.793585628271103 17.755335986614227 17.638950020074844 78.817418575286865 18.031343400478363 37.549807906150818 18.217233538627625
leaf_count=108 126 90 89 98 66 176 171 104 159 81 134 141 71 147 122 160 169 102 100 128 128 158 148 94 96 96 424 97 202 98
internal_value=-1.07726 -1.0297 -1.09631 -1.08214 -1.09916 -1.10704 -1.06869 -1.12517 -1.08857 -1.127 -1.09948 -1.03991 -1.12483 -1.01316 -1.12999 -1.12719 -1.05991 -1.14966 -1.00593 -1.0178 -1.13126 -1.15001 -0.997026 -1.15282 -1.15417 -1.15457 -1.15508 -1.15399 -1.15537 -1.15558
internal_weight=1092.89 312.638 780.255 523.268 372.987 343.488 117.596 256.987 102.996 225.891 102.862 150.281 51.6686 268.863 61.4144 51.6566 88.5569 153.991 222.371 95.3168 43.7757 123.03 127.055 40.4722 102.762 133.37 114.488 35.6703 73.5224 55.767
internal_count=4083 849 3234 2003 1567 1501 418 1231 408 1083 431 436 247 631 297 249 295 823 484 236 218 652 248 216 554 719 617 193 396 300
is_linear=0
shrinkage=1


Tree=1
num_leaves=31
num_cat=0
split_feature=0 26 25 37 35 25 41 34 34 3 25 40 28 5 34 25 39 25 28 26 19 36 11 2 5 28 35 26 38 3
split_gain=963.471 326.229 303.583 243.641 278.679 410.198 311.433 242.785 225.681 162.871 147.979 116.397 85.4427 92.489 102.41 70.2291 66.95 90.7922 89.2896 55.1626 32.0273 26.1816 14.546 2.37605 1.6764 0.787748 0.599983 0.232868 0.0822506 0.0312073
threshold=118.50000000000001 0.45760000000000006 0.10610000000000001 -0.00042884313680870427 0.115 0.23915 -0.11354999999999998 0.24500000000000002 0.49250000000000005 0.00091350000000000014 0.16425000000000003 0.036250000000000011 31.500000000000004 -8.823579132073208e-06 0.6150000000000001 0.09845000000000001 0.14075000000000001 0.050400000000000007 22.500000000000004 0.29150000000000004 12.437172449062864 0.0099999999999999273 0.58500000000000008 0.00017250000000000005 -7.1743601331642894e-05 43.500000000000007 0.13999999999999999 0.58760000000000001 0.73555000000000015 -9.3499999999999982e-05
decision_type=2 2 2 2 2 2 2 2 2 2 2 2 2 2 2 2 2 2 2 2 2 2 2 2 2 2 2 2 2 2
left_child=2 3 16 15 6 10 12 9 -4 11 -6 -3 13 14 24 -2 17 -1 -19 -15 -10 -9 -7 -18 29 -14 -12 -23 -29 -5
right_child=1 7 8 4 5 22 -8 21 20 -11 26 -13 25 19 -16 -17 23 18 -20 -21 -22 27 -24 -25 -26 -27 -28 28 -30 -31
leaf_value=0.11095985637600475 0.045657367601460774 -0.036129982495280731 0.097957495871494396 -0.039635761360727793 0.040609203163360953 0.081515403840136405 0.094111096957007645 -0.0020425315961872595 0.014930142132374475 0.090218408733894334 -0.039908081914096998 0.037538898615156226 -0.032552385464400861 0.002001787021265404 0.039439655543159549 0.094892944359800252 0.11165850696349951 0.085148592852723012 0.013308846395991069 0.061333609123440679 -0.034782184810438023 -0.035316385915827524 0.10544746214799819 0.10376752291564122 -0.028658878260915045 -0.039594800583294315 -0.032657069013664664 -0.039449270176264872 -0.037635292710244433 -0.03801824145001146
leaf_weight=43.346427723765373 47.190560668706894 35.319238245487213 25.465683549642563 27.769674390554428 47.387249737977982 42.03272220492363 28.604742407798767 20.599258877336979 20.897913500666618 26.512232005596161 23.849701374769211 42.564997747540474 19.545421153306961 27.772432059049606 21.65192237496376 58.267537385225296 91.052846282720566 36.720357470214367 27.034699812531471 28.653327733278275 26.395800516009331 18.538974165916443 50.103479027748108 55.14045923948288 20.436321750283241 53.216154485940933 18.037950396537781 81.059018060564995 31.138684049248695 17.499841287732124
leaf_count=84 159 190 56 151 169 106 66 104 90 65 128 153 105 124 79 134 164 92 112 90 144 102 100 107 108 290 98 445 172 96
internal_value=0.0365965 0.0186455 0.0799661 0.0320305 0.0219361 0.0501242 0.00107679 -0.00920019 0.0259549 0.0259937 0.00429568 0.00413126 -0.0112127 0.00219276 -0.0171447 0.0728609 0.0954809 0.0774611 0.0546857 0.0321308 -0.0128155 -0.0334781 0.0945296 0.108682 -0.0357908 -0.037703 -0.0367856 -0.0384312 -0.0389458 -0.0390105
internal_weight=1113.81 787.751 326.054 532.019 426.561 181.411 245.15 255.732 72.7594 104.396 89.2749 77.8842 216.545 143.784 87.3578 105.458 253.295 107.101 63.7551 56.4258 47.2937 151.336 92.1362 146.193 65.7058 72.7616 41.8877 130.737 112.198 45.2695
internal_count=4083 3234 849 2003 1710 601 1109 1231 290 408 395 343 1043 648 434 293 559 288 204 214 234 823 206 271 355 395 226 719 617 247
is_linear=0
shrinkage=0.03


Tree=2
num_leaves=31
num_cat=0
split_feature=0 24 26 24 4 20 36 3 27 3 25 28 35 41 26 41 20 0 20 4 35 28 35 9 40 5 28 35 3 3
split_gain=851.906 440.676 300.981 327.829 236.804 258.634 209.787 198.096 116.952 106.99 83.6779 72.2296 64.2702 58.8664 55.3653 44.0606 42.4311 28.7165 24.6265 24.5914 18.0361 35.6581 15.3888 4.49054 1.86701 1.84285 0.493635 0.897789 0.302892 0.0857046
threshold=118.50000000000001 0.49500000000000005 0.45760000000000006 0.48500000000000004 0.0009385000000000001 1.8235000000000003 0.03000000000000002 0.0010145000000000002 211.50000000000003 0.00056900000000000017 0.25395000000000006 28.500000000000004 0.115 -0.19374999999999998 0.70425000000000015 -0.14024999999999996 2.2305000000000006 198.50000000000003 1.3035000000000003 0.00059750000000000005 0.28000000000000003 22.500000000000004 0.155 5.6452171628944674 0.25205000000000005 0.00044179260045889131 33.500000000000007 0.059999999999999991 0.00014450000000000002 0.00047450000000000004
decision_type=2 2 2 2 2 2 2 2 2 2 2 2 2 2 2 2 2 2 2 2 2 2 2 2 2 2 2 2 2 2
left_child=1 14 3 11 5 10 16 8 9 15 18 13 -8 -2 20 -4 17 -7 -5 -3 21 -1 23 -20 -22 -10 29 -28 -25 -27
right_child=2 19 7 4 -6 6 12 -9 25 -11 -12 -13 -14 -15 -16 -17 -18 -19 22 -21 24 -23 -24 28 -26 26 27 -29 -30 -31
leaf_value=0.099712367634800861 0.016216785208220039 0.0094834200897486644 -0.036615524285069749 0.0050063139750017131 0.092899194106599539 -0.013061266143918757 0.037571916155388109 0.061814989963624098 -0.027535636260011504 0.064073745925983971 0.036740761672880547 0.087889332689867886 0.085459875513750311 0.067254386999858792 0.059080317271305235 0.015255111625649801 -0.03838234843569166 0.031585794850905013 -0.02193879771830173 -0.035957789653748878 0.10351070128535823 0.064300637420247234 -0.0064947033986430232 -0.039184952165050781 0.096426736883522837 -0.036930874140221316 -0.030819480990497861 -0.038551529121835952 -0.035197116893756264 -0.039401888092591958
leaf_weight=58.742774315178394 33.038532108068466 20.032867804169655 30.959238529205322 19.606739491224289 32.396807923913002 24.488021567463875 49.782164111733437 31.202094495296478 22.097424313426018 23.22618842124939 21.706787869334221 75.24004690349102 51.128495618700981 52.913096539676189 49.886980287730694 28.129835188388824 22.959248676896095 27.55450713634491 18.414805889129639 23.051805600523949 86.009013533592224 45.349214926362038 19.45440961420536 68.16932113468647 54.829356908798218 17.230276137590408 25.869348481297493 28.301290616393089 22.900269523262978 47.343448594212532
leaf_count=108 128 90 169 86 66 120 180 92 121 69 77 162 116 146 147 117 126 104 96 128 146 128 91 380 102 96 147 159 125 261
internal_value=0.0348932 0.0747899 0.0179168 0.0305956 0.0153392 0.00808054 0.0335912 -0.00898758 -0.0188873 0.009521 -0.0182782 0.0664254 0.0618354 0.0476363 0.0878869 -0.0119221 -0.00440981 0.0105776 -0.026318 -0.0148292 0.0937541 0.0842847 -0.0310813 -0.0354501 0.100753 -0.0354906 -0.0369709 -0.0348591 -0.0381822 -0.0387425
internal_weight=1132.01 337.902 794.112 539.753 378.562 346.165 175.912 254.359 223.157 82.3153 170.252 161.192 100.911 85.9516 294.817 59.0891 75.0018 52.0425 148.546 43.0847 244.93 104.092 128.939 109.484 140.838 140.842 118.744 54.1706 91.0696 64.5737
internal_count=4083 849 3234 2003 1567 1501 646 1231 1139 355 855 436 296 274 631 286 350 224 778 218 484 236 692 601 248 784 663 306 505 357
is_linear=0
shrinkage=0.03


Tree=3
num_leaves=31
num_cat=0
split_feature=0 24 26 24 34 4 20 36 3 40 34 35 34 19 26 20 0 39 36 4 35 34 20 0 3 15 26 38 5 35
split_gain=759.887 389.662 278.369 293.423 222.055 212.176 240.853 189.374 140.992 112.349 100.695 64.4204 58.7915 53.4071 47.5455 40.6218 39.593 26.9387 25.8147 23.663 15.3408 19.5624 10.4629 1.53862 0.915474 0.518896 0.246459 0.069758 0.0476454 0.000280627
threshold=118.50000000000001 0.49500000000000005 0.45760000000000006 0.48500000000000004 0.24500000000000002 0.0009385000000000001 1.8235000000000003 0.03000000000000002 0.00099400000000000031 0.036250000000000011 0.66500000000000015 0.039999999999999973 0.64500000000000013 11.624609937325834 0.70425000000000015 2.2305000000000006 174.50000000000003 0.17650000000000002 0.0099999999999999273 0.00059750000000000005 0.28000000000000003 0.21500000000000002 1.3405000000000002 71.500000000000014 9.950000000000002e-05 6.0407304610582333 0.58760000000000001 0.73555000000000015 -0.00015803043617935793 0.049999999999999968
decision_type=2 2 2 2 2 2 2 2 2 2 2 2 2 2 2 2 2 2 2 2 2 2 2 2 2 2 2 2 2 2
left_child=1 14 3 11 8 6 10 15 9 25 22 16 -9 -12 20 17 -2 -8 -6 -3 21 -1 -5 -22 28 -4 -20 29 -24 -28
right_child=2 19 4 5 18 -7 7 12 -10 -11 13 -13 -14 -15 -16 -17 -18 -19 26 -21 23 -23 24 -25 -26 -27 27 -29 -30 -31
leaf_value=0.094300010509744403 0.065552084787380602 0.0091542490469881735 -0.03199251291113759 -0.012959163514562208 -0.0013876892171407885 0.086700541339478215 -0.012945886478629091 0.032866012115205498 0.085153234840211617 0.035797390703541425 0.04799105716557478 0.084486038275164349 0.078363172516091595 -0.015075356316962663 0.055823666883155036 -0.038001936020030089 0.027000916374743739 0.030225004046143981 -0.034526459047688939 -0.035564170120851168 0.089972833661614765 0.068297793808191024 -0.037143300299234031 0.096278132206982933 -0.03171572221474183 -0.039285711404120689 -0.038866834029299989 -0.037106825753637794 -0.038808554792848712 -0.038752398807261459
leaf_weight=44.021028980612755 48.834346324205399 20.129123747348785 17.482741579413414 20.176958873867989 20.361300945281982 33.651274606585503 24.260029762983322 45.677713349461555 25.859552279114723 45.4167210906744 25.878462493419647 69.923394948244095 58.043007403612137 22.673046886920929 51.192551322281361 22.500351279973984 47.102910958230495 28.049719572067261 17.868367835879326 22.614359974861145 56.967385172843933 63.751861728727818 21.897121533751488 89.634459853172302 25.311726316809654 17.637325182557106 34.850379332900047 30.268257483839989 52.628287270665169 43.185865446925163
leaf_count=78 126 90 96 98 104 66 118 165 56 158 83 141 131 110 147 126 169 106 102 128 102 158 124 146 140 98 198 172 300 247
internal_value=0.033353 0.0703349 0.0172422 0.0292835 -0.00878033 0.0147763 0.00780323 0.0320861 0.0242077 0.00463873 -0.0179152 0.0625861 0.0583266 0.0185397 0.0822025 -0.00429516 0.0466244 0.0102034 -0.0327325 -0.014505 0.0875112 0.0789187 -0.032663 0.093828 -0.0366451 -0.0356552 -0.0377908 -0.0383293 -0.0383193 -0.0388035
internal_weight=1147.85 348.311 799.539 546.608 252.931 380.748 347.096 178.531 106.396 80.5368 168.566 165.861 103.721 48.5515 305.567 74.8101 95.9373 52.3097 146.534 42.7435 254.375 107.773 120.014 146.602 99.8371 35.1201 126.173 108.305 74.5254 78.0362
internal_count=4083 849 3234 2003 1231 1567 1501 646 408 352 855 436 296 193 631 350 295 224 823 218 484 236 662 248 564 194 719 617 424 445
is_linear=0
shrinkage=0.03


Tree=4
num_leaves=31
num_cat=0
split_feature=0 24 26 24 34 41 34 25 34 25 27 19 35 5 26 42 36 0 44 5 32 26 3 26 0 38 24 26 35 38
split_gain=682.66 347.596 258.057 264.078 211.112 193.207 223.271 226.998 178.303 238.533 163.3 133.411 56.5669 45.251 43.9723 36.257 25.2876 24.3719 16.3768 6.85922 2.94556 2.44105 0.334885 0.246793 0.229003 0.0707892 0.00953196 0.00624658 0.000250093 0.000327361
threshold=118.50000000000001 0.49500000000000005 0.45760000000000006 0.48500000000000004 0.24500000000000002 -0.078349999999999989 0.64500000000000013 0.24135000000000004 0.53500000000000014 0.22000000000000003 265.50000000000006 11.727334969677509 0.039999999999999973 0.00057409729695223827 0.70035000000000014 0.34150000000000008 0.0099999999999999273 99.500000000000014 6.0179846499325711 -0.00025092404262377216 -0.019999999999999997 0.20680000000000001 0.00014450000000000002 0.58760000000000001 172.50000000000003 0.73555000000000015 0.52250000000000008 0.30640000000000006 0.049999999999999968 0.64380000000000015
decision_type=2 2 2 2 2 2 2 2 2 2 2 2 2 2 2 2 2 2 2 2 2 2 2 2 2 2 2 2 2 2
left_child=1 13 3 12 11 6 8 10 9 -5 19 14 15 18 -4 -2 -6 -3 -1 24 -20 -10 26 -18 -8 28 -23 -28 29 -25
right_child=2 17 4 5 16 -7 7 -9 21 -11 -12 -13 -14 -15 -16 -17 23 -19 20 -21 -22 22 -24 25 -26 -27 27 -29 -30 -31
leaf_value=0.072295150008358608 0.057394767464000046 -0.033817300196507999 0.018378051242283474 0.072205868458889599 -0.0013470363864637692 0.081185396787147465 -0.034799637213818416 0.080705312140523455 -0.027057209149375074 -0.038171016352887749 0.049925816211916635 0.055339746762430891 0.079330154147654444 0.053546281640381756 -0.037227744590963646 0.018811213346001346 -0.034143100335114022 0.012166160768957525 0.091132375883266503 -0.014321364904200402 0.082774176227747992 -0.038431811568387604 -0.034889913812841997 -0.038624152738526027 -0.03966311583760581 -0.036741616207699272 -0.039575595115247768 -0.038897241756518423 -0.038419712009929177 -0.03843822717934154
leaf_weight=88.409450687468052 64.704265482723713 24.302311986684799 23.75116740167141 40.101158529520035 20.346737742424011 35.237878285348415 17.233430370688438 58.946202844381332 22.803503200411797 31.43358701467514 41.783277451992035 55.895248800516129 72.197163641452789 58.707423657178879 27.757012434303761 33.149163171648979 17.532022923231125 18.099386587738991 109.96517804265022 17.68742761015892 57.943124793469906 23.633567363023758 24.469654589891434 16.637411415576935 17.624669834971428 29.661238893866539 19.916709512472153 31.603004068136215 42.26692558825016 17.475108608603477
leaf_count=188 172 137 89 103 104 71 96 125 120 178 127 159 141 150 160 123 102 81 185 86 108 138 138 96 96 172 109 180 247 102
internal_value=0.0319557 0.0664502 0.016618 0.0280818 -0.00858501 0.0142526 0.00746016 0.0345214 -0.0139246 0.0237044 0.00566094 0.0232432 0.0591864 0.077304 -0.0115871 0.0443241 -0.0323376 -0.014189 0.0827456 -0.0295377 0.0882481 -0.0359114 -0.0379382 -0.0374403 -0.0372587 -0.0379854 -0.0389307 -0.0391595 -0.0384685 -0.0385289
internal_weight=1161.27 357.427 803.848 552.525 251.323 382.474 347.236 153.275 193.961 71.5347 94.3288 107.403 170.051 315.025 51.5082 97.8534 143.919 42.4017 256.318 52.5455 167.908 122.426 99.6229 123.573 34.8581 106.041 75.1533 51.5197 76.3794 34.1125
internal_count=4083 849 3234 2003 1231 1567 1496 530 966 281 405 408 436 631 249 295 823 218 481 278 293 685 565 719 192 617 427 289 445 198
is_linear=0
shrinkage=0.03


Tree=5
num_leaves=31
num_cat=0
split_feature=0 26 24 27 20 25 4 34 36 3 34 36 25 3 42 34 5 4 48 0 3 14 48 27 3 5 32 4 32 34
split_gain=602.892 236.522 285.51 211.666 200.37 198.578 187.838 152.06 144.121 130.572 88.9233 69.3705 56.5425 51.5233 50.3819 42.2198 109.683 34.4798 29.5695 28.9662 26.7709 18.1161 5.65682 1.22028 1.1914 0.862065 0.588421 0.788071 0.137203 0.230438
threshold=108.50000000000001 0.45760000000000006 0.48500000000000004 211.50000000000003 1.8235000000000003 0.10610000000000001 0.00088900000000000014 0.51500000000000012 0.010000000000000004 0.00056900000000000017 0.66500000000000015 0.009999999999999969 0.09845000000000001 0.00099400000000000031 0.37750000000000006 0.64500000000000013 -8.823579132073208e-06 0.0006085000000000001 -0.00032879094935728796 155.50000000000003 -0.00020849999999999997 6.4946609609419399 -0.00027216785969393428 261.50000000000006 9.950000000000002e-05 0.0004011278618466324 0.0099999999999999967 0.0005415000000000001 -0.069999999999999993 0.49250000000000005
decision_type=2 2 2 2 2 2 2 2 2 2 2 2 2 2 2 2 2 2 2 2 2 2 2 2 2 2 2 2 2 2
left_child=5 2 12 9 6 20 10 -7 18 11 23 -3 -2 26 -12 16 -10 -13 -6 -14 -1 -21 -22 -4 -25 -24 27 -5 29 -29
right_child=1 3 4 13 8 7 -8 -9 15 -11 14 17 19 -15 -16 -17 -18 -19 -20 21 22 -23 25 24 -26 -27 -28 28 -30 -31
leaf_value=0.059082103979611014 0.033245944840604287 0.043994780349634714 -0.02930458059841325 -0.031272761055550408 0.012356042566339783 0.069193231364815241 0.069850813453846444 -0.034237994707492142 -0.0082012270200332669 0.069564314166295799 -0.01485850374222094 0.013597392703448964 0.087772390245322365 0.019314968602023884 0.044452131237353469 0.064220329567093754 0.061363360980510685 -0.036513832937898553 -0.035706186196593048 0.042785836899262991 0.074716171715979385 0.069984103132216577 0.082679578313210655 -0.038303956729608526 -0.029588439081219605 0.087534588070089667 -0.030550542701087022 -0.033504866445870196 -0.038400639175968941 -0.038400860470426193
leaf_weight=58.402084171772003 59.459463074803352 24.174591198563576 27.685735173523426 22.529115602374077 22.124963626265526 23.342668972909451 23.902230650186539 28.303534649312496 34.329713493585587 38.6966852247715 27.910162329673767 19.954526662826538 45.722157150506973 17.414861470460892 23.951853320002556 73.469257608056068 50.268084838986397 32.459868788719177 24.037001639604568 38.234928876161575 62.814365871250629 52.038733422756195 54.942938573658466 69.500078603625298 17.713972166180611 82.101915039122105 18.501361511647701 16.824741780757904 59.082630485296249 17.811144962906837
leaf_count=135 185 78 155 130 94 50 52 162 158 94 137 73 77 67 71 178 131 182 132 108 117 114 95 410 100 136 108 100 347 105
internal_value=0.0303476 0.0173908 0.0279939 -0.00601359 0.0133161 0.066211 -0.0088007 0.0125101 0.0339638 0.024648 -0.0200739 0.00195395 0.0576486 -0.0292441 0.0125334 0.0475829 0.0331341 -0.0174361 -0.0126704 0.0683178 0.0769499 0.0584644 0.0821712 -0.0347918 -0.0365338 0.0855882 -0.0355198 -0.0363107 -0.0375218 -0.0360226
internal_weight=1167.71 857.798 590.348 267.45 394.893 309.908 190.664 51.6462 204.229 115.286 166.762 76.589 195.455 152.164 51.862 158.067 84.5978 52.4144 46.162 135.996 258.261 90.2737 199.859 114.9 87.2141 137.045 134.749 116.248 93.7185 34.6359
internal_count=4081 3386 2102 1284 1618 695 925 212 693 427 873 333 484 857 208 467 289 255 226 299 483 222 348 665 510 231 790 682 552 205
is_linear=0
shrinkage=0.03


Tree=6
num_leaves=31
num_cat=0
split_feature=1 26 24 27 20 24 4 36 3 29 34 19 35 3 27 42 32 34 26 48 35 27 27 3 48 32 4 32 34 34
split_gain=548.014 227.666 257.191 188.688 182.782 178.453 174.532 131.3 126.429 103.771 84.9988 80.4503 50.0051 49.7141 49.5052 46.8809 37.4912 37.4084 103.552 30.0686 24.1811 50.781 1.28121 1.19663 1.00759 0.588961 0.786036 0.141978 0.224759 0.00915894
threshold=0.36833333333333335 0.45760000000000006 0.48500000000000004 211.50000000000003 1.8235000000000003 0.27500000000000008 0.00088900000000000014 0.010000000000000004 0.00056900000000000017 0.51500000000000012 0.66500000000000015 11.971356121601046 0.039999999999999973 0.00099400000000000031 174.50000000000003 0.37750000000000006 -0.014999999999999956 0.64500000000000013 0.29150000000000004 -0.00033205463765166869 0.28000000000000003 81.000000000000014 261.50000000000006 9.950000000000002e-05 -0.00024821164802952693 0.0099999999999999967 0.0005415000000000001 -0.069999999999999993 0.49250000000000005 0.23500000000000001
decision_type=2 2 2 2 2 2 2 2 2 2 2 2 2 2 2 2 2 2 2 2 2 2 2 2 2 2 2 2 2 2
left_child=5 2 12 8 6 20 10 19 11 -7 22 -3 14 25 -2 -12 -16 18 -9 -6 21 -1 -4 -24 -22 26 -5 28 -28 -29
right_child=1 3 4 13 7 9 -8 17 -10 -11 15 -13 -14 -15 16 -17 -18 -19 -20 -21 24 -23 23 -25 -26 -27 27 29 -30 -31
leaf_value=0.082654513649871142 0.067979733726687211 -0.035616704557433952 -0.028650498978319387 -0.03088255039279111 0.013244902458937498 0.057827136847164916 0.066195755940825274 -0.0067620529457825375 0.065633521587913676 -0.030578193207978818 -0.014957295376553078 0.028081881609987234 0.072250474573727047 0.018570323148345128 0.0077710192111093302 0.042349424747655011 0.051508974702152453 0.060819614864535944 0.059979207016176456 -0.035418137740916268 0.076917930497688733 0.044798733437877165 -0.037992213055491296 -0.029180897537303029 0.081941570363809946 -0.030142046126874902 -0.033134314164936902 -0.038689442409174039 -0.038033538289744602 -0.037849028585211601
leaf_weight=58.697431609034538 41.133623540401459 32.862215414643288 26.560828447341919 22.13534489274025 21.699778214097023 21.687495961785316 24.45647631585598 36.291603207588196 39.766660392284393 26.614150419831276 27.160963371396065 39.049111478030682 84.457803197205067 17.567396983504295 40.737585492432117 24.380087420344353 31.106467470526695 74.121567830443382 49.404235318303108 24.140886977314949 61.210499793291092 69.835005030035973 67.99106727540493 17.426889821887016 87.011710286140442 18.19420337677002 16.507325321435928 16.22494013607502 17.218122124671936 41.579630702733994
leaf_count=100 86 178 151 130 91 59 52 165 94 152 134 144 157 67 152 71 84 174 124 135 100 181 410 100 131 108 100 94 104 253
internal_value=0.0291816 0.0165401 0.0268462 -0.00679009 0.0128311 0.0623231 -0.00855162 0.0323754 0.0227095 0.0091159 -0.019731 -0.00102726 0.0547886 -0.0288374 0.0417347 0.0121501 0.0267083 0.0452133 0.0317147 -0.0123823 0.0716092 0.0620865 -0.0344051 -0.0361945 0.079867 -0.0351534 -0.0359556 -0.0371824 -0.0356356 -0.0380849
internal_weight=1177.23 852.175 591.07 261.105 393.634 325.056 187.976 205.658 111.678 48.3016 163.52 71.9113 197.435 149.427 112.978 51.5411 71.8441 159.817 85.6958 45.8407 276.755 128.532 111.979 85.418 148.222 131.86 113.665 91.53 33.7254 57.8046
internal_count=4081 3358 2086 1272 1607 723 918 689 416 211 866 322 479 856 322 205 236 463 289 226 512 281 661 510 231 789 681 551 204 347
is_linear=0
shrinkage=0.03


Tree=7
num_leaves=31
num_cat=0
split_feature=0 26 24 27 20 4 24 36 3 29 35 28 3 36 25 28 20 48 27 4 35 27 48 48 27 0 48 32 4 32
split_gain=500.33 211.922 234.463 179.195 169.807 162.699 161.07 120.63 115.133 96.5715 59.4654 55.7009 52.531 50.3815 45.6421 32.5686 31.96 28.8436 27.8661 24.6878 22.0152 45.2451 14.7631 11.7358 1.25623 0.91718 0.892276 0.599569 0.795594 0.138161
threshold=110.50000000000001 0.45760000000000006 0.48500000000000004 211.50000000000003 1.8235000000000003 0.00088900000000000014 0.27500000000000008 0.010000000000000004 0.00056900000000000017 0.51500000000000012 0.115 63.500000000000007 0.0010145000000000002 0.009999999999999969 0.09845000000000001 26.500000000000004 2.2455000000000003 -0.00033205463765166869 260.00000000000006 0.00063050000000000009 0.28000000000000003 81.000000000000014 -0.00033618430236057116 -0.00033160199280234185 261.50000000000006 255.50000000000003 -0.00024821164802952693 0.0099999999999999967 0.0005415000000000001 -0.069999999999999993
decision_type=2 2 2 2 2 2 2 2 2 2 2 2 2 2 2 2 2 2 2 2 2 2 2 2 2 2 2 2 2 2
left_child=6 2 14 8 5 10 20 17 13 -8 24 -12 27 -3 -2 -16 18 -6 -9 -15 21 -1 -13 -20 -4 -26 -22 28 -5 -30
right_child=1 3 4 12 7 -7 9 16 -10 -11 11 22 -14 19 15 -17 -18 -19 23 -21 26 -23 -24 -25 25 -27 -28 -29 29 -31
leaf_value=0.07825839551167689 0.030519955797072031 0.03685841941734453 -0.028246966194225159 -0.030500400298399066 0.01276480500650249 0.062936296070757375 0.054975659372687335 0.029913327532859059 0.062140429189397467 -0.030172685474345731 0.037050577984520633 -0.03895856916268025 0.021949748541360108 0.0072887325495915771 0.043338402290161726 0.073082063061725822 0.01812881799099127 -0.035037212554332321 0.071225278412623785 -0.035533305884536306 0.073174964993479669 0.042864709759291179 -0.00089027142673661034 0.048998202823509161 -0.037706732573282942 -0.029573083881744591 0.077856223889061313 -0.029741811364223145 -0.035366661549598701 -0.037788908544604267
leaf_weight=60.112071014940739 60.74287923425436 21.95643712580204 26.138488672673702 21.746215492486954 21.838292837142944 24.94359402358532 22.121111266314983 41.026324599981308 40.726651057600975 26.169435679912567 26.008127555251122 18.747109740972519 16.514028921723366 20.777928754687309 53.794718146324158 86.260833770036697 35.786337316036224 23.678257942199707 42.290676891803741 29.06850853562355 62.39220455288887 70.781360641121864 17.944075688719749 43.236261561512947 56.670205414295197 16.000368535518646 88.801264941692352 17.890487007796764 33.718634694814682 57.050152167677879
leaf_count=100 183 74 151 130 91 52 59 130 94 152 80 108 60 79 146 150 129 135 88 169 100 181 84 116 349 94 131 108 208 350
internal_value=0.0281074 0.0159864 0.0258507 -0.00663972 0.0124131 -0.00837333 0.0594596 0.031059 0.0218484 0.00883238 -0.0193865 0.00346544 -0.0284596 -0.00100519 0.0522383 0.0616577 0.0431605 -0.0121024 0.0502389 -0.0176834 0.0681264 0.0591191 -0.020341 0.0599889 -0.0338872 -0.0359159 0.0759244 -0.0348432 -0.0356543 -0.0368891
internal_weight=1184.93 854.556 595.107 259.449 394.308 186.452 330.377 207.856 112.53 48.2905 161.508 62.6993 146.92 71.8029 200.798 140.056 162.34 45.5166 126.553 49.8464 282.087 130.893 36.6912 85.5269 98.8091 72.6706 151.193 130.405 112.515 90.7688
internal_count=4081 3358 2086 1272 1607 918 723 689 416 211 866 272 856 322 479 296 463 226 334 248 512 281 192 204 594 443 231 796 688 558
is_linear=0
shrinkage=0.03


Tree=8
num_leaves=31
num_cat=0
split_feature=0 26 24 27 20 24 40 36 29 34 5 19 35 27 32 34 5 39 2 28 27 38 20 42 5 22 41 26 19 26
split_gain=459.084 197.432 214.467 170.329 157.828 146.267 131.982 110.919 96.9828 80.5557 72.6249 52.8528 41.3052 44.7576 34.1705 33.697 93.3637 21.005 43.1505 19.1981 18.2437 33.0468 7.35122 6.29144 1.04343 0.711465 0.352623 0.103375 0.0511003 0.00532426
threshold=110.50000000000001 0.45760000000000006 0.48500000000000004 211.50000000000003 1.8235000000000003 0.27500000000000008 0.068200000000000011 0.010000000000000004 0.50500000000000012 0.66500000000000015 0.00068554606063148192 11.971356121601046 0.039999999999999973 174.50000000000003 -0.014999999999999956 0.64500000000000013 -8.823579132073208e-06 0.11195000000000001 6.2500000000000015e-05 44.500000000000007 267.00000000000006 0.62670000000000015 1.3375000000000001 0.57130000000000014 3.3766823934059036e-05 0.040500000000000008 0.0078500000000000011 0.22750000000000001 11.778752944555189 0.66720000000000013
decision_type=2 2 2 2 2 2 2 2 2 2 2 2 2 2 2 2 2 2 2 2 2 2 2 2 2 2 2 2 2 2
left_child=5 2 12 10 6 17 -4 19 -7 22 11 -3 13 -2 -15 16 -9 18 -1 -6 25 -22 -8 -19 27 26 28 -24 29 -5
right_child=1 3 4 20 7 8 9 15 -10 -11 -12 -13 -14 14 -16 -17 -18 23 -20 -21 21 -23 24 -25 -26 -27 -28 -29 -30 -31
leaf_value=0.031749247346119988 0.062685500523875851 -0.025547887124129219 0.05804508274530374 -0.038172033810846384 0.0033366564417611259 0.055435369097274582 -0.014382522535925365 -0.0094612818130538987 -0.030037737390925363 0.014046925959253656 0.050943066087400832 0.027095621501946464 0.065453621770634213 0.0060691928497796626 0.047266979361416731 0.055769353494378844 0.053634332174683684 0.074900657922584046 0.071599248826170275 -0.037039504963839807 -0.034857450530748811 0.01814295785396268 -0.034918439156859118 0.063328727787627978 -0.028854977780817553 -0.030038417276285732 -0.032240383557434249 -0.037499659316917171 -0.035745154934862633 -0.037514150253409193
leaf_weight=44.097674466669559 42.518067046999931 33.117967940866947 23.610745161771774 16.483053550124168 28.215666458010674 21.78771810233593 17.958930879831314 35.013654723763466 26.453699737787247 49.319278419017792 44.445805221796036 35.630250945687294 87.634732261300087 41.556962959468365 32.127732023596764 76.665993064641953 53.141137823462486 123.20354533195496 54.902575090527534 16.974993646144867 24.26503774523735 18.784637629985809 18.445751398801804 64.380293667316437 18.090547889471054 20.428572423756123 15.532635174691675 57.470513582229614 15.207773029804228 33.72199809551239
leaf_count=122 86 172 52 99 127 55 91 158 156 191 113 131 157 152 84 174 131 184 93 99 147 79 114 113 109 127 97 361 96 211
internal_value=0.0271086 0.0154631 0.0249117 -0.006497 0.0120121 0.0568935 -0.00820055 0.0298076 0.00856527 -0.0178983 0.0210571 0.00173575 0.0499029 0.0381752 0.0240321 0.0412237 0.0285738 0.0650287 0.0538489 -0.0118299 -0.0280929 -0.0117308 -0.0319698 0.0709291 -0.0353296 -0.0350412 -0.0363038 -0.0368725 -0.0372687 -0.0377301
internal_weight=1191.19 856.362 598.745 257.618 394.907 334.826 184.896 210.011 48.2414 161.285 113.194 68.7482 203.837 116.203 73.6847 164.821 88.1548 286.584 99.0002 45.1907 144.424 43.0497 111.966 187.584 94.0068 101.374 80.9455 75.9163 65.4128 50.2051
internal_count=4081 3358 2086 1272 1607 723 918 689 211 866 416 303 479 322 236 463 289 512 215 226 856 226 675 297 584 630 503 475 406 310
is_linear=0
shrinkage=0.03


Tree=9
num_leaves=31
num_cat=0
split_feature=0 26 24 27 4 25 36 35 24 3 24 19 3 38 26 25 4 28 48 39 27 38 32 32 4 25 28 28 32 36
split_gain=423.056 184.266 196.926 161.901 144.691 135.136 129.727 151.569 108.986 101.051 95.2565 72.277 50.0428 42.1934 42.4162 40.0099 33.4275 28.3782 26.4886 20.4599 54.6386 13.0645 1.82359 0.615115 0.826791 0.179937 0.183583 0.167959 0.145984 0.218295
threshold=110.50000000000001 0.45760000000000006 0.48500000000000004 211.50000000000003 0.0009385000000000001 0.10610000000000001 0.03000000000000002 0.115 0.51500000000000012 0.00056900000000000017 0.53500000000000014 11.971356121601046 0.0010145000000000002 0.26250000000000007 0.21180000000000002 0.09845000000000001 0.00079650000000000012 26.500000000000004 -0.00029695388726402709 0.12110000000000001 81.000000000000014 0.23295000000000002 -1.0000000180025095e-35 0.0099999999999999967 0.0005415000000000001 0.19005000000000002 78.500000000000014 29.500000000000004 -0.069999999999999993 0.14999999999999999
decision_type=2 2 2 2 2 2 2 2 2 2 2 2 2 2 2 2 2 2 2 2 2 2 2 2 2 2 2 2 2 2
left_child=5 2 15 9 6 19 13 10 -7 11 -8 -3 23 14 -4 -2 25 -17 -9 20 -1 -12 -21 24 -5 -16 -27 -23 29 -26
right_child=1 3 4 12 -6 8 7 18 -10 -11 21 -13 -14 -15 16 17 -18 -19 -20 22 -22 27 -24 -25 28 26 -28 -29 -30 -31
leaf_value=0.071477027236979282 0.027672370186787466 -0.03500606845176589 0.0058432301682845422 -0.029699347528234995 0.066923001575495036 0.054130858076260085 0.028503742503367534 0.035896121888035211 -0.030067574572844622 0.057234564114249632 -0.0061763559876245712 0.025535842381944764 0.021171184391407982 0.027615833561271796 -0.039796812431169601 0.039575636634704592 0.0081376273480796152 0.066946814055767093 0.069191774967704761 0.071874535967762263 0.028946815705020244 -0.038720841393891106 0.06555317634085342 -0.028959637164883055 -0.03230264138155825 -0.038039868749085798 -0.034155806563787118 -0.034748584577225079 -0.037283736624421311 -0.037231688794683769
leaf_weight=62.163051076233387 62.187134832143784 31.893888853490353 41.248922377824783 20.922512486577034 38.454764038324356 27.458038575947285 51.0058763474226 44.796435654163361 27.888663657009602 42.035308882594109 17.594933032989502 40.011405900120735 16.629999965429306 19.156430304050446 30.932406440377235 55.267323881387711 16.99886566400528 88.973329246044159 41.358072280883789 105.32966078817844 48.316670417785645 24.507756114006042 67.325096786022186 17.285313487052917 16.337907642126083 38.039909794926643 15.380493968725203 15.728378415107725 54.801393911242485 16.011364340782166
leaf_count=100 183 178 181 130 68 61 175 130 165 94 89 144 60 72 169 146 76 150 79 155 137 143 105 108 105 231 97 97 350 103
internal_value=0.0261781 0.0149687 0.0240387 -0.00635276 0.0116341 0.0545777 0.00567443 0.0221514 0.0117041 0.0202835 -0.00138109 -0.00131777 -0.0277274 -0.0141879 -0.0198037 0.0477871 -0.0302417 0.0564593 0.0518795 0.0629586 0.0528771 -0.0277389 0.0694096 -0.0342143 -0.0350547 -0.0379759 -0.0369216 -0.0371681 -0.0363404 -0.0347423
internal_weight=1196.04 857.56 601.631 255.929 395.203 338.481 356.748 194.991 55.3467 113.941 108.837 71.9053 141.988 161.757 142.601 206.428 101.352 144.241 86.1545 283.134 110.48 57.8311 172.655 125.358 108.073 84.3528 53.4204 40.2361 87.1507 32.3493
internal_count=4081 3358 2086 1272 1607 723 1539 713 226 416 504 322 856 826 754 479 573 296 209 497 237 329 260 796 688 497 328 240 558 208
is_linear=0
shrinkage=0.03


Tree=10
num_leaves=31
num_cat=0
split_feature=27 26 4 19 4 24 26 26 19 37 26 42 29 0 42 3 26 36 3 3 27 2 32 4 32 4 48 39 0 20
split_gain=398.469 303.829 182.709 171.704 159.593 132.027 106.471 207.818 102.564 93.7828 93.1561 78.8395 71.0975 46.6658 42.9926 73.6736 64.7224 33.4383 33.0357 29.8368 15.0525 3.305 2.86814 1.25215 0.936151 0.879508 0.34259 0.15491 0.14086 0.1918
threshold=211.50000000000003 0.42470000000000008 0.00049350000000000012 11.971356121601046 0.0009385000000000001 0.51500000000000012 0.35280000000000006 0.29150000000000004 12.308385504725257 -0.00038061391938510908 0.20680000000000001 0.59350000000000014 0.16500000000000004 260.50000000000006 0.34690000000000004 -0.00025449999999999995 0.34390000000000004 0.029999999999999988 0.00099400000000000031 3.5000000000000004e-06 153.00000000000003 0.00021550000000000001 0.0099999999999999967 0.00063050000000000009 0.1075 0.0005415000000000001 -0.00027056781339642729 0.20215000000000002 194.50000000000003 1.8455000000000001
decision_type=2 2 2 2 2 2 2 2 2 2 2 2 2 2 2 2 2 2 2 2 2 2 2 2 2 2 2 2 2 2
left_child=3 2 11 9 6 14 7 10 -7 12 -4 17 -1 24 15 16 -5 -2 22 -9 -17 23 25 -16 28 -3 -27 -28 -12 -30
right_child=1 18 4 5 -6 8 -8 19 -10 -11 13 -13 -14 -15 21 20 -18 -19 -20 -21 -22 -23 -24 -25 -26 26 27 -29 29 -31
leaf_value=-0.0038017195687641519 0.036693465556290626 -0.029974315129891502 0.037404564864173463 0.053829648616148834 0.061696498114311396 0.055644670143531361 -0.038290619799654618 0.026087474228528491 -0.035258127355897152 -0.037589788822595165 -0.036216328732623079 0.0088881551440510836 0.054366071650338958 0.016222129911961227 0.071673137512024671 0.066936929373069234 -0.0048246505090454314 0.068270196139892464 0.01155330755455419 0.061992209362821606 0.047494439184736795 0.060392263793769795 -0.022513392379162452 0.066065993390197197 -0.031482990036703982 -0.032573850458258141 -0.036745580564321624 -0.040138901870956964 -0.037926498433904263 -0.041757521968440271
leaf_weight=36.759108819067478 47.445997163653374 22.590715527534485 24.230167031288147 30.512617252767086 41.34875562787056 19.218727342784405 56.314634159207344 39.560324013233185 26.676017925143242 28.663631930947304 16.36089676618576 40.55669367313385 38.951372891664505 17.976798713207245 64.735467314720154 86.789098478853703 38.040304817259312 82.950249239802361 16.467480078339577 43.995398655533791 61.046429447829723 64.183814957737923 18.407666198909283 80.312495142221451 22.03426057100296 15.848091170191763 60.47999507188797 15.138715013861654 30.000141084194183 19.345956444740295
leaf_count=148 145 137 74 64 75 59 329 133 165 164 102 149 89 67 96 146 152 145 64 100 145 106 115 127 127 106 396 88 185 100
internal_value=0.0253998 0.00893287 0.0205025 0.043444 0.00681375 0.0511511 -0.00159684 0.00808166 0.00280802 0.0086269 -0.0156519 0.0454187 0.0261243 -0.0278122 0.056364 0.0469882 0.0212821 0.0567807 -0.02852 0.0449927 0.0589084 0.0660604 -0.0335018 0.0685685 -0.0368342 -0.0352752 -0.0365844 -0.0374249 -0.0386286 -0.0394284
internal_weight=1206.94 631.053 482.12 575.889 311.167 471.515 269.819 213.504 45.8947 104.374 129.948 170.953 75.7105 105.718 425.62 216.388 68.5529 130.396 148.933 83.5557 147.836 209.232 132.465 145.048 87.7413 114.058 91.4668 75.6187 65.707 49.3461
internal_count=4098 2637 1731 1461 1292 1060 1217 888 224 401 655 439 237 581 836 507 216 290 906 233 291 329 842 223 514 727 590 484 387 285
is_linear=0
shrinkage=0.03


Tree=11
num_leaves=31
num_cat=0
split_feature=27 26 27 19 27 26 25 4 24 5 37 25 30 42 3 28 3 37 48 7 3 2 32 4 4 20 48 20 42 0
split_gain=369.072 287.487 174.299 158.602 137.787 228.439 269.51 132.599 121.732 102.126 88.7111 77.9873 60.2882 40.1811 67.699 57.5097 32.0336 31.6593 15.6432 9.10879 4.79289 2.96568 2.85952 1.12203 0.889538 0.401995 0.339131 0.163594 0.141607 0.0425189
threshold=211.50000000000003 0.42470000000000008 284.50000000000006 11.971356121601046 271.50000000000006 0.29150000000000004 0.25395000000000006 0.00076350000000000018 0.51500000000000012 -0.00023529857851606098 -0.00038061391938510908 0.14135000000000003 0.17500000000000002 0.34690000000000004 -0.00037049999999999995 23.500000000000004 0.00099400000000000031 0.00039390332128108932 -0.00021904078162893225 0.36500000000000005 0.00011650000000000001 0.00021550000000000001 0.0099999999999999967 0.00063050000000000009 0.0005415000000000001 1.8365000000000002 -0.00027056781339642729 2.0585000000000004 0.45690000000000003 191.50000000000003
decision_type=2 2 2 2 2 2 2 2 2 2 2 2 2 2 2 2 2 2 2 2 2 2 2 2 2 2 2 2 2 2
left_child=3 2 4 10 5 6 19 -7 13 -10 12 -9 -1 14 15 -5 22 -6 -16 -2 -20 23 24 -15 -3 -4 -26 29 -28 -21
right_child=1 16 25 8 17 7 -8 11 9 -11 -12 -13 -14 21 18 -17 -18 -19 20 27 -22 -23 -24 -25 26 -27 28 -29 -30 -31
leaf_value=-0.0030050485666818054 -0.019258897435267739 -0.029589954016967658 -0.034276064859325807 0.046668108939382884 0.032598940009816425 0.06497123471350276 0.054908279785016535 -0.036415945191837343 0.052569374173281315 -0.037530450470961117 -0.037206619122057027 0.036682067382666432 0.050419065693317423 0.068776769309259134 0.040782244637911573 -0.012576028575805063 0.011150741071169311 0.062356276384956097 0.055357043951966264 -0.036110219526302612 0.067753865124223961 0.058140732119380339 -0.022130822284520173 0.063495236871697697 -0.032267567356358648 -0.040010095873598293 -0.036487460804507023 -0.040224839250736964 -0.039766502255008919 -0.037719926681918113
leaf_weight=36.073477104306221 32.183175086975098 22.203518226742744 23.340100020170212 30.147380225360394 52.780666023492813 87.668467849493027 42.617225185036659 23.160985983908176 20.461625121533871 25.348320089280605 28.098613895475864 30.347197040915489 40.192042842507362 65.426588341593742 47.076551176607609 28.866933301091194 16.548866868019104 82.433024823665619 57.749738976359367 22.028120294213295 54.611810147762299 64.661551803350449 18.167759723961353 81.045351475477219 15.52348507940769 20.819069102406502 59.101450577378273 21.000569254159927 14.82678836584091 44.810955703258514
leaf_count=145 173 137 148 67 140 165 90 136 70 154 164 89 92 96 110 126 64 140 113 142 91 106 115 127 106 113 396 115 88 280
internal_value=0.0245797 0.00867555 0.0198334 0.0418501 0.0255479 0.0143359 -0.00990054 0.042257 0.049202 0.00271384 0.008361 0.00504164 0.0251495 0.0541593 0.0451393 0.0176888 -0.0281578 0.0507405 0.0552999 -0.0329126 0.0613824 0.063492 -0.0331686 0.0658544 -0.0349646 -0.0369794 -0.0362986 -0.0379151 -0.0371451 -0.0371894
internal_weight=1209.32 629.561 483.19 579.76 439.03 303.817 162.64 141.177 475.396 45.8099 104.364 53.5082 76.2655 429.586 218.452 59.0143 146.372 135.214 159.438 120.023 112.362 211.133 129.823 146.472 111.655 44.1592 89.4517 87.8396 73.9282 66.8391
internal_count=4098 2637 1731 1461 1470 1190 800 390 1060 224 401 225 237 836 507 193 906 280 314 710 204 329 842 223 727 261 590 537 484 422
is_linear=0
shrinkage=0.03


Tree=12
num_leaves=31
num_cat=0
split_feature=27 26 27 19 27 26 25 4 24 19 37 25 29 36 3 3 37 41 7 38 32 6 4 20 4 44 20 39 0 24
split_gain=342.248 272.459 164.736 146.963 126.981 212.722 254.278 121.167 112.764 97.5487 83.9837 73.5585 60.5937 38.5323 56.2002 34.244 29.2982 25.051 9.0575 5.47653 2.871 1.49975 0.908447 0.384885 0.288005 0.286912 0.148787 0.0987148 0.0415644 0.0291782
threshold=211.50000000000003 0.42470000000000008 284.50000000000006 11.971356121601046 271.50000000000006 0.29150000000000004 0.25395000000000006 0.00076350000000000018 0.51500000000000012 12.276521789459959 -0.00038061391938510908 0.14135000000000003 0.16500000000000004 0.034999999999999983 -0.00027449999999999995 0.0010145000000000002 0.00039390332128108932 -0.066849999999999979 0.36500000000000005 0.42255000000000004 0.0099999999999999967 0.13500000000000004 0.0005415000000000001 1.8365000000000002 0.0010225000000000002 6.3920176058057647 2.0585000000000004 0.20015000000000002 191.50000000000003 0.54750000000000021
decision_type=2 2 2 2 2 2 2 2 2 2 2 2 2 2 2 2 2 2 2 2 2 2 2 2 2 2 2 2 2 2
left_child=3 2 4 10 5 6 18 -7 13 -10 12 -9 -1 14 -5 20 -6 19 -2 21 22 -15 -3 -4 27 -26 28 -24 -20 -30
right_child=1 15 23 8 16 7 -8 11 9 -11 -12 -13 -14 17 -16 -17 -18 -19 26 -21 -22 -23 24 -25 25 -27 -28 -29 29 -31
leaf_value=-0.0036339051893922347 -0.018877861863018059 -0.029212240370107143 -0.033953864368380264 0.0091422319200386692 0.031370134368584435 0.062055322758435914 0.052572750144959955 -0.036055342912921007 0.053791187229046293 -0.03487889753647485 -0.036837576563167856 0.035173697005619946 0.049727219033477064 0.06072241722279783 0.054243732875519389 0.014338754353229833 0.059872148651327096 0.040795825160805342 -0.035827681341501098 0.055258451820581048 -0.021753324233765883 0.066525066581188078 -0.036543851439768425 -0.039622475063303152 -0.030457315193847496 -0.036419595218356672 -0.039831699779156092 -0.039379978038207725 -0.036780583333928675 -0.03835011316495486
leaf_weight=36.674745343625546 31.852838605642319 21.82169434428215 22.861978396773338 41.468386769294739 53.196169957518578 89.012763127684593 43.166428819298744 22.697862580418587 19.349324218928814 26.403579451143742 27.537206642329693 30.693678870797157 40.085904449224472 62.625990867614746 62.106157429516315 15.485855132341383 83.264253258705139 67.000645488500595 21.543117329478264 88.147377133369446 17.93214013427496 111.38730323314667 44.798871055245399 20.398419573903084 13.769633874297144 15.374039649963377 20.578002035617828 14.659524068236349 25.484334617853165 18.325782299041748
leaf_count=148 173 137 148 149 140 165 90 136 56 168 164 89 89 97 121 57 140 152 142 152 115 165 306 113 96 106 115 89 170 110
internal_value=0.0238259 0.00844077 0.0192328 0.0403761 0.0247271 0.0139157 -0.00971452 0.0406234 0.0474096 0.0026205 0.00810835 0.00489274 0.0242323 0.0521451 0.0361863 -0.0278029 0.0487612 0.0571668 -0.032542 0.0613507 -0.0328872 0.0644367 -0.0346952 -0.0366268 -0.0360456 -0.0336026 -0.0376071 -0.0372431 -0.0369066 -0.0374371
internal_weight=1209.7 626.917 483.076 582.787 439.815 303.355 160.951 142.404 478.489 45.7529 104.298 53.3915 76.7606 432.736 103.575 143.842 136.46 329.161 117.784 262.161 128.356 174.013 110.424 43.2604 88.6021 29.1437 85.9312 59.4584 65.3532 43.8101
internal_count=4098 2637 1731 1461 1470 1190 800 390 1060 224 401 225 237 836 270 906 280 566 710 414 849 262 734 261 597 202 537 395 422 280
is_linear=0
shrinkage=0.03


Tree=13
num_leaves=31
num_cat=0
split_feature=27 26 27 19 27 26 25 4 36 37 5 41 29 2 26 3 37 49 25 2 32 7 32 4 4 48 3 39 34 1
split_gain=317.948 258.424 155.871 136.517 117.288 198.458 240.222 111.183 84.1619 79.5759 71.6057 69.3621 56.0333 46.4533 40.4103 33.1499 27.2831 22.6314 23.2176 46.8431 24.52 9.01217 2.86583 0.9198 0.614598 0.329793 0.244942 0.117732 0.11135 0.045784
threshold=211.50000000000003 0.42470000000000008 284.50000000000006 11.971356121601046 271.50000000000006 0.29150000000000004 0.25395000000000006 0.00076350000000000018 0.029999999999999947 -0.00038061391938510908 -0.00053801517935553702 -0.12344999999999999 0.16500000000000004 4.250000000000001e-05 0.16115000000000004 0.0010145000000000002 0.00039390332128108932 1.0000000180025095e-35 0.050400000000000007 2.1500000000000004e-05 0.039999999999999959 0.36500000000000005 0.0099999999999999967 0.0005415000000000001 0.00056450000000000011 -0.00027438405054228842 -9.3499999999999982e-05 0.20215000000000002 0.6150000000000001 0.63833333333333353
decision_type=2 2 2 2 2 2 2 2 2 2 2 2 2 2 2 2 2 2 2 2 2 2 2 2 2 2 2 2 2 2
left_child=3 2 4 9 5 6 21 -7 10 12 -5 14 -1 -9 -12 22 -6 24 -19 -20 -21 -2 23 -3 -10 -25 -4 -27 29 -23
right_child=1 15 26 8 16 7 -8 13 17 -11 11 -13 -14 -15 -16 -17 -18 18 19 20 -22 28 -24 25 -26 27 -28 -29 -30 -31
leaf_value=-0.0035299883314238879 -0.018502864849109769 -0.028840714100336996 -0.03887338561480698 0.060403142632595268 0.030210467631238115 0.059422823035468864 0.050430785371444325 -0.019636966663262645 0.063266414890492104 -0.036481746061727306 0.017661545602369211 0.041566113278144773 0.047658384084431363 0.036942987542470745 -0.038226117148439952 0.013826896227451979 0.057613257371400918 0.06513227982345933 0.014646486581379788 0.036791023960472173 0.06357232977113797 -0.035517128199213766 -0.021380710760944114 -0.031724525150013533 0.059442874102965386 -0.03602078390027999 -0.034275313094750771 -0.039070555138186608 -0.039570831603401184 -0.037261316340736352
leaf_weight=36.622558951377869 31.528411313891411 21.445435993373394 18.537601292133331 33.080145597457886 53.57506987452507 90.149258241057396 43.642285138368607 30.299064509570599 84.427382811903954 26.980057448148727 19.919517040252686 32.87935633957386 40.563655495643616 22.953142181038857 28.027741804718971 15.575947806239126 83.922376662492752 46.754853934049606 44.000510223209858 59.224078312516212 64.035849928855896 18.650701686739922 17.700845442712307 14.932517290115355 68.560969829559326 57.470178611576557 23.831264808773994 14.208607733249663 15.916155457496641 49.474964752793312
leaf_count=148 173 137 108 60 140 165 90 158 122 164 88 81 89 67 151 57 140 73 142 146 91 125 115 106 106 403 153 88 91 321
internal_value=0.0231192 0.00821921 0.0186699 0.0390056 0.0239605 0.0135212 -0.00953561 0.0391202 0.04575 0.00786859 0.0232228 0.00800584 0.023371 0.00475052 -0.0150078 -0.0274569 0.0469359 0.0527417 0.0464431 0.0412188 0.0507044 -0.0321805 -0.0325702 -0.0344031 0.0615529 -0.0357804 -0.0362871 -0.0366253 -0.0373116 -0.0367838
internal_weight=1208.89 623.814 482.48 585.077 440.111 302.614 159.213 143.401 480.91 104.166 113.907 80.8266 77.1862 53.2522 47.9473 141.334 137.497 367.004 214.015 167.26 123.26 115.57 125.758 108.057 152.988 86.6113 42.3689 71.6788 84.0418 68.1257
internal_count=4098 2637 1731 1461 1470 1190 800 390 1060 401 380 320 237 225 239 906 280 680 452 379 237 710 849 734 228 597 261 491 537 446
is_linear=0
shrinkage=0.03


Tree=14
num_leaves=31
num_cat=0
split_feature=0 47 46 36 38 4 34 26 32 36 38 3 4 3 34 47 35 4 26 5 4 0 35 37 19 4 19 41 5 40
split_gain=280.103 151.643 124.382 123.362 114.212 101.265 130.754 72.0753 138.22 74.4292 67.7539 53.2223 47.6873 50.9628 43.1116 35.571 28.3015 62.1135 20.1876 13.3225 21.9033 7.47074 7.01666 14.2484 2.45866 1.81698 1.25463 0.436264 0.288027 0.259819
threshold=104.50000000000001 -0.0004377902183119278 1.0000000180025095e-35 0.095000000000000043 0.29535000000000006 0.0005505000000000001 0.53500000000000014 0.34390000000000004 0.39500000000000007 0.03000000000000002 0.17110000000000003 0.00026350000000000006 0.00049650000000000009 -0.00033649999999999994 0.20500000000000004 -0.00058394218340552184 0.12500000000000003 0.0006705000000000002 0.38920000000000005 0.00019859270873343399 0.00058350000000000014 211.50000000000003 0.039999999999999973 -0.00074478326273244675 11.30338891698621 0.0011695000000000002 10.492994957951838 -0.17044999999999996 0.00058344324911235011 0.095650000000000013
decision_type=2 2 2 2 2 2 2 2 2 2 2 2 2 2 2 2 2 2 2 2 2 2 2 2 2 2 2 2 2 2
left_child=10 4 14 5 7 24 11 9 29 12 -1 -7 -2 -14 -3 -11 17 -5 -6 25 -21 -15 26 -24 -4 -12 -16 -8 -28 -9
right_child=1 2 3 16 18 6 27 8 -10 15 19 -13 13 21 22 -17 -18 -19 -20 20 -22 -23 23 -25 -26 -27 28 -29 -30 -31
leaf_value=0.012331063485234463 0.038453099083173063 0.005030175873058579 -0.037759103446837479 -0.0054862428379333066 0.036505604014081781 0.058344292879156739 -0.037153653548283705 -0.042544665596073637 0.047661679961499594 0.054193686537075632 0.054861105689847006 0.0073904800391371315 0.018803003243583281 -0.036548480801775335 -0.02742033048170351 0.020778324249007791 0.054864585406461365 0.055625118050194676 0.05880201470409805 0.058883196122748407 0.033458208612507465 -0.010652969946229794 -0.036707494617030226 0.003652670781259121 -0.02561107018471993 0.061553605700458661 -0.038806195014809544 -0.030282143870327485 -0.034777166107525112 -0.037985000497778372
leaf_weight=44.086989626288414 31.389997318387032 43.663775980472565 38.224977046251297 30.806831404566765 71.876035071909428 43.510780468583107 19.249705359339714 17.660064920783043 24.565927430987358 69.969759367406368 66.721395306289196 32.031330943107605 42.166593983769417 28.342078983783722 16.376237630844116 48.576137632131577 49.477143675088882 29.115754336118698 74.355745211243629 56.429775953292847 66.352966137230396 15.515724405646322 17.130832925438884 14.56605241447687 24.672704860568047 80.633225351572037 30.941457226872444 14.639440611004828 33.000525794923306 30.973639771342278
leaf_count=168 86 175 238 145 173 89 126 91 59 133 118 145 152 182 102 158 87 57 126 83 154 85 120 86 147 116 191 94 223 189
internal_value=0.022454 0.0138804 0.00126488 0.0131569 0.0259977 -0.00266011 0.0147748 0.015665 -0.0103419 0.0237328 0.0468141 0.0367389 0.00680285 -0.00474621 -0.0202559 0.0405012 0.0380723 0.0242071 0.0478429 0.0524418 0.0451433 -0.0273873 -0.0301125 -0.0181603 -0.0329938 0.0585233 -0.0348293 -0.0341853 -0.0367268 -0.0396407
internal_weight=1207.02 892.799 437.408 281.729 455.392 172.329 109.431 309.16 73.1996 235.96 314.224 75.5421 117.414 86.0244 155.679 118.546 109.4 59.9226 146.232 270.137 122.783 43.8578 112.015 31.6969 62.8977 147.355 80.3182 33.8891 63.942 48.6337
internal_count=4098 3459 2025 1128 1434 839 454 1135 339 796 639 234 505 419 897 291 289 202 299 471 237 267 722 206 385 234 516 220 414 280
is_linear=0
shrinkage=0.03


Tree=15
num_leaves=31
num_cat=0
split_feature=0 26 24 27 4 20 3 25 34 36 34 19 38 20 25 34 3 41 0 5 42 5 37 19 5 28 16 20 33 43
split_gain=283.768 120.14 123.258 116.378 110.987 134.045 86.6559 86.3367 108.374 74.7821 56.9996 52.1363 42.2971 39.7493 35.8182 31.1786 29.0204 26.9147 20.2081 17.5687 15.0396 5.90147 3.887 2.85816 2.2346 0.688092 1.13371 0.673913 0.463691 0.153848
threshold=111.50000000000001 0.45760000000000006 0.48500000000000004 211.50000000000003 0.0009385000000000001 1.8235000000000003 0.00058650000000000011 0.10610000000000001 0.49250000000000005 0.03000000000000002 0.64500000000000013 11.971356121601046 0.090700000000000017 2.1975000000000002 0.09845000000000001 0.66500000000000015 0.0010145000000000002 -0.18644999999999998 155.50000000000003 -0.00042490212628614989 0.099100000000000021 -9.9481836411537868e-05 -0.00039678903889892096 10.330974712417872 0.00044179260045889131 33.500000000000007 -0.086963323390025715 1.8745000000000003 -0.039999999999999994 5.9736950975297871
decision_type=2 2 2 2 2 2 2 2 2 2 2 2 2 2 2 2 2 2 2 2 2 2 2 2 2 2 2 2 2 2
left_child=7 2 14 6 5 10 11 20 -9 13 23 -3 -12 17 -2 -11 24 -7 -16 -20 -1 -10 27 -4 -5 -26 -27 -22 -25 -28
right_child=1 3 4 16 -6 9 -8 8 21 15 12 -13 -14 -15 18 -17 -18 -19 19 -21 22 -23 -24 28 25 26 29 -29 -30 -31
leaf_value=0.038122488702045147 0.019094290884668293 -0.034846328421275746 -0.021317130151628151 -0.02137363714501506 0.055382986889640405 0.029264764742858038 0.049525838079995874 0.057744289870106706 -0.01121916738908068 0.018775959508706044 -0.026083119627358289 0.016231666092278212 0.024855664320671038 -0.035616603578637947 0.061447890172911933 0.049628416509110339 0.012068379562245636 -0.013152272864561639 0.051657450834994206 0.026069071755949209 0.055332103658394763 -0.036156382603225692 0.0497858429304395 -0.030892168117112838 -0.035457460693957388 -0.023553079453432494 -0.031484112093785661 0.059629190473807499 -0.03649116887751367 -0.035985755057073847
leaf_weight=67.180848978459835 63.640645258128643 29.450100019574165 16.449381157755852 17.513831950724125 42.204332113265991 31.740383386611938 43.399426385760307 25.656031504273415 16.873766303062439 55.272757738828659 24.142739057540894 46.198938399553299 37.394523143768311 23.086282536387444 50.34301395714283 63.171835139393806 15.993907898664473 23.380717843770981 45.320272356271744 51.693674698472023 61.61918717622757 17.295301787555218 100.21529079973698 17.484701134264469 49.715754419565201 14.785498671233652 12.947294019162657 70.346666350960732 55.784261003136635 14.467856362462042
leaf_count=146 178 175 98 123 70 109 92 43 101 180 135 164 129 144 74 116 59 120 88 127 95 98 172 118 350 108 96 100 387 105
internal_value=0.0217088 0.0122195 0.019431 -0.00551216 0.00944024 0.00386697 0.0157335 0.044048 0.0111466 0.0201983 -0.0173658 -0.00365295 0.004871 -0.00256868 0.0379027 0.035231 -0.0256779 0.0112727 0.0460257 0.0380227 0.0506231 -0.0238416 0.0542401 -0.0326179 -0.0311947 -0.033066 -0.0302487 0.0576227 -0.035155 -0.0338598
internal_weight=1204.77 845.582 601.11 244.473 390.112 347.908 119.048 359.187 59.8251 196.652 151.256 75.649 61.5373 78.2074 210.998 118.445 125.424 55.1211 147.357 97.0139 299.362 34.1691 232.181 89.7183 109.43 91.9164 42.2006 131.966 73.269 27.4152
internal_count=4100 3345 2073 1272 1606 1536 431 755 242 669 867 339 264 373 467 296 841 229 289 215 513 199 367 603 782 659 309 195 505 201
is_linear=0
shrinkage=0.03


Tree=16
num_leaves=31
num_cat=0
split_feature=0 26 34 27 26 27 25 24 26 25 25 26 4 5 28 41 5 36 2 5 0 44 34 26 19 20 36 32 4 48
split_gain=267.026 124.97 135.552 111.14 108.395 160.499 172.212 101.332 72.5509 49.366 125.779 43.7531 39.8233 36.0569 35.7081 32.9398 26.9558 20.3628 17.0786 26.1152 15.3448 10.7963 11.2557 6.99909 1.56435 0.54942 0.458783 0.490386 0.271506 0.153022
threshold=118.50000000000001 0.45760000000000006 0.24500000000000002 284.50000000000006 0.29150000000000004 274.00000000000006 0.25395000000000006 0.40000000000000008 0.70425000000000015 0.09845000000000001 0.063900000000000012 0.15130000000000002 0.001335 -0.00013696875673739064 27.500000000000004 -0.14514999999999997 0.00057409729695223827 0.0099999999999999273 -5.1499999999999991e-05 -0.00054090200180194825 173.50000000000003 6.1205500516511551 0.48250000000000004 0.21180000000000002 12.364020392493929 1.7630000000000001 0.060000000000000019 -0.070000000000000034 0.00051850000000000019 -0.000353308274975056
decision_type=2 2 2 2 2 2 2 2 2 2 2 2 2 2 2 2 2 2 2 2 2 2 2 2 2 2 2 2 2 2
left_child=7 3 8 4 5 6 15 16 20 10 -6 -9 -12 -7 -10 23 21 -4 19 -11 -3 22 -1 -2 -23 -5 -19 -28 29 -25
right_child=1 2 17 25 9 13 -8 11 14 18 12 -13 -14 -15 -16 -17 -18 26 -20 -21 -22 24 -24 28 -26 -27 27 -29 -30 -31
leaf_value=0.033883032534378549 -0.018021643251985745 0.054204729171538964 -0.0024239159638236155 -0.031075569856800035 0.05234852213677299 0.060142426051933637 0.035564348591460723 0.02875660451774888 -0.039284135985714182 0.055003519342711187 -0.040186530630288791 -0.027279209588320561 0.014685243756666164 0.024172453819113787 0.017414848401811744 0.0118985761661307 0.030067754735075648 -0.036689904815100059 0.057049752111612999 0.021768525128210921 0.024602819613265922 0.059645650772409263 0.053102189469340137 -0.036403150407580173 0.053672980466438147 -0.038911739453644463 -0.035795204874626972 -0.029588149608033271 -0.037891802802944012 -0.031997417951362794
leaf_weight=53.088568300008774 22.5870401263237 26.959135621786118 21.092544078826904 14.798688985407351 50.562306061387062 42.993532821536064 57.541106350719929 25.684142217040062 22.64470449090004 39.878889977931976 26.381681397557259 24.50611774623394 21.690813481807709 60.201315492391586 17.897979684174061 17.029440559446812 67.996567033231258 54.89330081641674 72.68495175242424 45.621701955795288 37.940087839961052 62.826638594269753 56.732061117887497 15.085563659667971 106.15139546990395 17.665032371878624 22.424203172326088 23.418907850980759 59.605845957994461 13.395256757736204
leaf_count=119 130 52 116 106 88 63 156 94 134 74 153 148 62 158 76 70 154 379 129 131 140 97 86 106 165 102 160 175 378 99
internal_value=0.0211024 0.0111726 -0.00767322 0.0185864 0.021797 0.00917553 -0.00752718 0.0412377 0.0172309 0.0359725 0.0193158 0.00139631 -0.0154278 0.0391584 -0.0142538 -0.0269436 0.0470038 -0.0292275 0.0463586 0.0372699 0.0368995 0.0511344 0.0438114 -0.0329202 0.0558936 -0.0353396 -0.0348397 -0.0326243 -0.0367405 -0.034331
internal_weight=1201.98 804.994 227.271 577.723 545.259 288.439 185.244 396.985 105.442 256.82 98.6348 50.1903 48.0725 103.195 40.5427 127.703 346.795 121.829 158.186 85.5006 64.8992 278.799 109.821 110.674 168.978 32.4637 100.736 45.8431 88.0867 28.4808
internal_count=4100 3237 1232 2005 1797 1160 939 863 402 637 303 242 215 221 210 783 621 830 334 205 192 467 205 713 262 208 714 335 583 205
is_linear=0
shrinkage=0.03


Tree=17
num_leaves=31
num_cat=0
split_feature=0 26 27 27 26 34 25 25 34 3 36 41 19 25 25 48 3 2 39 39 27 0 36 26 5 2 5 28 16 20
split_gain=250.579 106.723 110.592 107.488 99.8603 147.593 153.909 76.9207 99.1408 76.6458 49.9923 65.9565 48.6566 33.4543 103.422 30.2913 27.7836 26.1916 15.3056 15.2842 45.335 14.4034 17.6107 7.94802 5.87473 2.63378 2.27511 0.698229 1.13539 0.506247
threshold=111.50000000000001 0.45760000000000006 284.50000000000006 211.50000000000003 0.27095000000000008 0.62500000000000011 0.24135000000000004 0.10610000000000001 0.49250000000000005 0.00058650000000000011 0.010000000000000004 -0.06989999999999999 11.971356121601046 0.09845000000000001 0.057350000000000005 -0.0003487533964017943 0.0010145000000000002 -0.00017449999999999999 0.19060000000000002 0.12110000000000001 81.000000000000014 177.50000000000003 0.060000000000000046 0.22985000000000003 -9.9481836411537868e-05 0.00017250000000000005 0.00044179260045889131 33.500000000000007 -0.086963323390025715 1.7435000000000003
decision_type=2 2 2 2 2 2 2 2 2 2 2 2 2 2 2 2 2 2 2 2 2 2 2 2 2 2 2 2 2 2
left_child=7 2 4 9 5 18 23 19 -9 12 11 17 -3 14 -12 -15 26 -6 -2 20 -1 -17 -23 -7 -10 -21 -5 -28 -29 -4
right_child=1 3 29 16 10 6 -8 8 24 -11 13 -13 -14 15 -16 21 -18 -19 -20 25 -22 22 -24 -25 -26 -27 27 28 -30 -31
leaf_value=0.056380841494820685 -0.0027221225809610236 -0.03431699378789365 -0.030963896929884285 -0.020665596001900269 0.013320604287477758 -0.0084889061731131862 0.051823149444616433 0.054717809741752867 -0.010821431851499738 0.046418539048304876 0.054451471988609147 0.046912968985841158 0.015493217027253601 0.018636266055789948 -0.017087969863246111 0.056258005644503117 0.011671393155001427 -0.033080585749447521 -0.036178341333996264 0.05624476202668157 0.019679157074883956 0.048090595862423743 0.02448936867227508 -0.036368269705262246 -0.035860579850735735 0.048745356707525236 -0.035105707798412988 -0.022986110585961263 -0.033462519646114686 -0.038448023507627618
leaf_weight=65.974857211112976 15.53569210320711 28.522219687700272 14.671966105699537 16.987335354089737 18.434832170605659 16.857225149869919 70.165016308426857 25.715143844485283 16.683616697788239 43.956130191683769 35.10862323641777 24.412238255143166 46.303840257227421 45.844005689024925 37.734302520751953 73.191105365753174 16.022305697202682 26.959151819348335 59.20938528329134 108.33263379335403 56.001977264881134 77.617501959204674 44.923191949725151 20.268812626600266 17.053124986588955 68.986498206853867 47.908301137387753 14.390493229031561 26.373099006712437 18.255436286330223
leaf_count=104 74 175 106 123 69 93 134 43 101 92 58 50 164 156 156 114 59 165 387 155 146 158 123 121 98 108 350 108 201 109
internal_value=0.0205261 0.0115593 0.0183348 -0.00532396 0.0214428 0.00313973 0.0256865 0.041513 0.0103445 0.0149768 0.0301143 0.0071482 -0.00349345 0.0352131 0.0173924 0.0405867 -0.025141 -0.0142367 -0.0292245 0.0477043 0.0395304 0.0457279 0.0394384 -0.0237095 -0.0234781 0.0533271 -0.0307233 -0.0326501 -0.0297641 -0.0351132
internal_weight=1198.4 839.652 599.188 240.464 566.261 182.036 107.291 358.748 59.4519 118.782 384.225 69.8062 74.8261 314.419 72.8429 241.576 121.682 45.394 74.7451 299.296 121.977 195.732 122.541 37.126 33.7367 177.319 105.659 88.6719 40.7636 32.9274
internal_count=4100 3345 2073 1272 1858 809 348 755 242 431 1049 284 339 765 214 551 841 234 461 513 250 395 281 214 199 263 782 659 309 215
is_linear=0
shrinkage=0.03


Tree=18
num_leaves=31
num_cat=0
split_feature=1 26 34 27 26 34 25 24 26 38 27 35 26 28 28 35 28 36 40 37 1 28 26 6 39 2 20 36 32 6
split_gain=236.653 111.467 126.28 99.8811 95.4661 125.075 136.276 89.2757 64.6961 42.4107 118.604 86.1821 40.1672 34.0912 27.9989 27.4547 66.2384 20.2002 19.0622 17.8392 13.0829 10.2933 7.77286 6.99813 2.22887 2.03067 0.51875 0.483729 0.515058 0.172605
threshold=0.39500000000000007 0.45760000000000006 0.24500000000000002 284.50000000000006 0.27095000000000008 0.62500000000000011 0.24135000000000004 0.40000000000000008 0.70425000000000015 0.30785000000000001 265.50000000000006 0.0099999999999999967 0.15130000000000002 27.500000000000004 77.500000000000014 0.28000000000000003 26.500000000000004 0.0099999999999999273 0.12110000000000001 0.00027035527735055155 0.57833333333333348 22.500000000000004 0.22985000000000003 0.21500000000000002 0.25755000000000006 -0.00013949999999999995 1.7630000000000001 0.060000000000000019 -0.070000000000000034 0.37500000000000006
decision_type=2 2 2 2 2 2 2 2 2 2 2 2 2 2 2 2 2 2 2 2 2 2 2 2 2 2 2 2 2 2
left_child=7 3 8 4 5 19 22 15 20 10 11 -6 -9 -10 -12 16 23 -4 -11 -2 -3 -20 -7 -1 -17 -13 -5 -19 -29 -27
right_child=1 2 17 26 9 6 -8 12 13 18 14 25 -14 -15 -16 24 -18 27 21 -21 -22 -23 -24 -25 -26 29 -28 28 -30 -31
leaf_value=0.05521453166488801 -0.0011777972700320334 0.050678184239625022 -0.0019405052129416649 -0.030479116154092257 0.028870617162347106 -0.0082743530015747316 0.048630552815026491 0.027309747278670679 -0.03884759178278701 0.051293614736636635 0.023395331028349224 -0.024820133143874563 -0.026685482859366842 0.016965146182236667 0.053336148485687157 0.055701240701524719 0.0071942433036609778 -0.036418587709526933 0.023018977324426662 -0.036856017067951725 0.02347224476127395 0.042522696711618922 -0.036008126698569905 0.040998163146438907 0.048667740741004294 -0.04035942509723453 -0.038255842439609888 -0.035473012444573515 -0.028983853988638522 -0.035994015525794544
leaf_weight=59.73435190320015 16.442613981664181 27.290970161557198 20.846999242901802 14.198288656771185 33.482621423900127 16.776740595698357 67.094085961580276 25.787527829408646 21.8536147326231 75.335002794861794 52.47245953977108 15.254113413393496 23.883361801505089 17.931411251425743 60.542549774050713 103.51968443393707 50.895568497478962 53.023023128509521 57.37227375805378 54.150344327092171 38.140930563211441 42.315806016325951 19.863528057932854 65.155179709196091 66.660813301801682 15.590810120105742 16.91886817663908 21.59386482834816 22.456431426107883 17.084042675793171
leaf_count=90 83 52 116 106 93 93 128 94 134 132 142 92 148 76 96 146 155 379 155 359 140 88 121 126 104 90 102 160 175 125
internal_value=0.019986 0.0105806 -0.00741603 0.0175658 0.0205571 0.00225797 0.0232204 0.0389573 0.016476 0.0291917 0.0195478 -0.00805911 0.0013471 -0.0136924 0.0394347 0.044357 0.0360417 -0.0287342 0.0399047 -0.0285458 0.0348196 0.031298 -0.0233095 0.0477978 0.0529462 -0.0338578 -0.0347074 -0.0344883 -0.0321649 -0.038077
internal_weight=1193.67 798.031 223.137 574.894 543.777 174.327 103.734 395.636 105.217 369.45 194.427 81.4116 49.6709 39.785 113.015 345.966 175.785 117.92 175.023 70.593 65.4319 99.6881 36.6403 124.89 170.18 47.929 31.1172 97.0733 44.0503 32.6749
internal_count=4100 3237 1232 2005 1797 784 342 863 402 1013 638 400 242 210 238 621 371 830 375 442 192 243 214 216 250 307 208 714 335 215
is_linear=0
shrinkage=0.03


Tree=19
num_leaves=31
num_cat=0
split_feature=1 26 34 27 26 35 3 4 24 41 4 25 25 4 26 34 35 28 6 36 40 2 6 25 39 39 20 20 36 32
split_gain=222.844 105.216 120.646 94.8105 89.6187 142.586 112.772 100.5 84.2599 62.6459 46.3682 40.9867 108.468 39.6245 37.906 33.1336 26.5775 62.5366 21.0406 19.8684 17.9932 33.3029 6.72404 4.61873 2.09988 1.19556 0.51722 0.505551 0.481213 0.512882
threshold=0.39500000000000007 0.45760000000000006 0.24500000000000002 284.50000000000006 0.29150000000000004 0.115 -0.00024249999999999996 0.00049850000000000014 0.40000000000000008 -0.014149999999999998 0.00065950000000000004 0.09845000000000001 0.063900000000000012 0.0013430000000000002 0.15130000000000002 0.70500000000000007 0.28000000000000003 26.500000000000004 0.43500000000000005 0.0099999999999999273 0.14885000000000001 -5.1499999999999991e-05 0.21500000000000002 0.21150000000000002 0.25755000000000006 0.21855000000000002 1.8365000000000002 1.7630000000000001 0.060000000000000019 -0.070000000000000034
decision_type=2 2 2 2 2 2 2 2 2 2 2 2 2 2 2 2 2 2 2 2 2 2 2 2 2 2 2 2 2 2
left_child=8 3 9 4 5 6 -2 18 16 10 -3 12 -6 -14 -10 -9 17 22 -7 -4 -13 -22 -1 -8 -18 -25 -27 -5 -21 -30
right_child=1 2 19 27 11 7 23 15 14 -11 -12 20 13 -15 -16 -17 24 -19 -20 28 21 -23 -24 25 -26 26 -28 -29 29 -31
leaf_value=0.053701586489416142 0.026595557463456817 0.007499490021107824 -0.0018842875589749632 -0.030190163724873868 0.047897254765117428 0.056583149551571628 -0.01710702814863041 -0.038622961761395 0.02626762441616038 -0.020319453033844369 0.054719743605673742 0.05612658814952555 -0.039978165939288698 0.015300770708952504 -0.026292125472352934 0.015783935071448769 0.054316849467150777 0.006971500003103575 0.030216571077710117 -0.036193189514638104 0.016933711717901014 0.050686607500762509 0.03975765559361806 -0.028640806228449115 0.04747150919401185 -0.035131364722929187 -0.040778494748431496 -0.03794945618945593 -0.03524509804430722 -0.028698100821323218
leaf_weight=59.576939940452576 42.261435866355896 38.07250864803791 20.825235277414322 13.908550247550012 50.867046803236008 55.017599478363991 14.662033081054686 20.521312467753887 26.002915248274803 30.454978294670582 36.811573848128319 54.523284405469894 26.085633814334869 21.118769057095051 23.519009031355381 19.788127914071083 102.98126643896103 50.945285700261593 53.949498131871223 51.771550260484219 49.404662072658539 56.277983576059341 65.172090858221054 17.830483995378017 66.295796573162079 34.980249650776386 25.05021208524704 16.549386762082577 21.08912967145443 22.006461523473263
leaf_count=90 141 154 116 106 88 84 86 123 94 176 72 90 156 59 148 81 146 155 126 379 142 102 126 118 104 260 141 102 160 175
internal_value=0.0194706 0.0103124 -0.00726971 0.017097 0.0199895 0.00836098 -0.0140072 0.0285576 0.0378995 0.0159581 0.0307121 0.0327788 0.0175043 -0.0152469 0.00130589 -0.0119143 0.0431526 0.0349791 0.0435291 -0.0284189 0.0421292 0.0349078 0.0464169 -0.0325532 0.0516359 -0.0354619 -0.0374879 -0.0344062 -0.0342438 -0.0319019
internal_weight=1188.32 793.828 221.031 572.796 542.338 284.061 134.784 149.277 394.493 105.339 74.8841 258.277 98.0714 47.2044 49.5219 40.3094 344.971 175.694 108.967 115.692 160.206 105.683 124.749 92.523 169.277 77.8609 60.0305 30.4579 94.8671 43.0956
internal_count=4100 3237 1232 2005 1797 1160 746 414 863 402 226 637 303 215 242 204 621 371 210 830 334 244 216 605 250 519 401 208 714 335
is_linear=0
shrinkage=0.03


Tree=20
num_leaves=31
num_cat=0
split_feature=0 26 3 27 24 26 34 25 27 4 36 38 26 25 2 37 26 40 47 47 20 4 24 29 4 28 0 43 20 20
split_gain=222.552 121.142 104.109 97.8295 82.5748 66.3562 121.382 117.032 45.3129 44.7643 40.8426 50.0999 36.6661 35.2348 35.5604 27.2936 23.166 20.6335 19.7114 21.2185 15.8727 11.4044 7.55123 23.5599 3.19768 1.06028 1.27091 0.294335 0.282761 0.254441
threshold=118.50000000000001 0.45760000000000006 0.0010145000000000002 289.00000000000006 0.40000000000000008 0.27095000000000008 0.62500000000000011 0.24135000000000004 211.50000000000003 0.0010355000000000002 0.010000000000000004 0.29135000000000005 0.15130000000000002 0.09845000000000001 -0.00010049999999999999 0.00025989240877753516 0.70425000000000015 0.14885000000000001 -0.00050550005911869787 -0.00037337787127068314 1.6335000000000002 0.00062250000000000011 0.20500000000000004 0.28500000000000009 0.0012825000000000002 33.500000000000007 204.50000000000003 5.9948961349517829 1.7365000000000002 1.8275000000000003
decision_type=2 2 2 2 2 2 2 2 2 2 2 2 2 2 2 2 2 2 2 2 2 2 2 2 2 2 2 2 2 2
left_child=4 3 8 5 16 6 15 21 9 -3 11 20 -6 14 -12 -2 22 -15 -19 -20 -7 -8 -1 -24 -11 -10 27 -27 -5 -17
right_child=1 2 -4 28 12 10 7 -9 25 24 13 -13 -14 17 -16 29 -18 18 19 -21 -22 -23 23 -25 -26 26 -28 -29 -30 -31
leaf_value=0.052000258550035539 0.0085171857218435971 0.016481904948698122 0.038750945158625504 -0.03185670671479561 0.025175660208134099 -0.03369456402583932 -0.004025299055946549 0.045705130517513022 -0.034610171662616256 -0.038405320691712951 -0.011467570858006008 0.039584052117457705 -0.027658830049436957 0.054097202822534177 0.033022169736556431 -0.033986236625772104 0.025826594201003406 0.043561857202400023 0.0047228669932935508 0.033293143265537076 0.0051669996885613592 -0.038636031617660986 0.030936854977053556 0.053648604573133814 -0.0194943184193728 -0.02784091856030026 -0.020191297041697576 -0.033828910398008942 -0.037625135558018295 -0.038095971409990811
leaf_weight=116.7822083234787 16.125239871442318 48.426544286310673 33.916721433401108 13.882388010621073 25.102360494434834 21.055756501853466 17.258472710847855 75.00108377635479 57.074426062405109 16.45557226985693 30.514308534562588 23.28434307128191 22.343911796808243 50.340128153562546 34.394667081534863 28.804558046162128 61.396614477038383 81.6150271743536 34.741119988262653 71.636861220002174 17.174830690026283 17.016273587942123 84.198214255273342 80.32100585103035 15.749008901417254 11.811935856938364 12.22363570332527 19.725495338439941 17.030020855367184 25.615145191550255
leaf_count=171 73 166 85 108 90 142 96 142 439 98 114 47 146 82 87 218 145 151 142 166 76 103 183 116 94 96 98 159 108 159
internal_value=0.0188452 0.0096984 -0.00949398 0.0168814 0.0373869 0.0198283 0.00491362 0.0247175 -0.0185111 -0.00174667 0.0271811 0.00489258 0.000294271 0.0317024 0.0121071 -0.025763 0.0425223 0.0370391 0.0324714 0.0239626 -0.0162363 -0.0212084 0.0461663 0.0420251 -0.0291573 -0.0319165 -0.0284033 -0.0315862 -0.0350346 -0.0359207
internal_weight=1181.02 790.874 215.383 575.49 390.144 544.578 179.821 109.276 181.467 80.6311 364.757 61.5149 47.4463 303.242 64.909 70.5449 342.698 238.333 187.993 106.378 38.2306 34.2747 281.301 164.519 32.2046 100.835 43.7611 31.5374 30.9124 54.4197
internal_count=4100 3249 1235 2014 851 1798 791 341 1150 358 1007 265 236 742 201 450 615 541 459 308 218 199 470 299 192 792 353 255 216 377
is_linear=0
shrinkage=0.03


Tree=21
num_leaves=31
num_cat=0
split_feature=0 47 46 36 38 25 5 4 34 38 6 34 11 24 48 0 34 34 35 48 30 38 45 3 35 49 3 34 0 3
split_gain=210.933 104.887 100.415 86.3781 72.6186 96.9142 100.367 72.3953 89.846 59.1265 43.8232 41.1588 40.5 39.02 30.682 22.097 21.9018 20.3773 15.8781 10.4001 6.01988 4.10273 2.4222 0.90103 0.643725 0.643206 0.335935 0.355448 0.234265 0.094797
threshold=105.50000000000001 -0.0004377902183119278 1.0000000180025095e-35 0.095000000000000043 0.30785000000000001 0.23915 -0.00052689855551102881 0.0005505000000000001 0.53500000000000014 0.16885000000000003 0.54500000000000015 0.64500000000000013 0.75500000000000012 0.20500000000000004 -0.00033788489589765011 212.50000000000003 0.74500000000000011 0.23500000000000001 0.065000000000000016 -0.00024622711111532941 0.28500000000000009 0.22485000000000002 0.16514096335870107 8.9500000000000021e-05 0.0099999999999999967 0.36500000000000005 0.00061550000000000005 0.27500000000000008 238.50000000000003 -9.6499999999999987e-05
decision_type=2 2 2 2 2 2 2 2 2 2 2 2 2 2 2 2 2 2 2 2 2 2 2 2 2 2 2 2 2 2
left_child=9 4 13 7 5 6 12 21 10 -1 -9 14 -2 -3 -7 -5 18 -6 -8 -11 23 -4 24 -15 -21 -10 27 -25 -23 -20
right_child=1 2 3 15 17 11 16 8 25 19 -12 -13 -14 20 -16 -17 -18 -19 29 22 -22 28 -24 26 -26 -27 -28 -29 -30 -31
leaf_value=0.0076700061185124447 0.042034616799911086 0.0026383763283477227 -0.018427722113431803 0.039975712790914837 0.023719857283792511 -0.0073468709338782101 -0.0054780518670077662 0.055242543734281259 -0.027599419613902137 0.035273957950975474 0.0089060715357699039 0.052764181264542909 0.0030426443199039078 -0.041430788354014626 0.037284742880372305 0.011596347968484341 0.0077616135689358148 0.048169355942590607 -0.037288061326348938 0.052677565148419418 -0.018108981110590641 -0.034877651265335999 0.043362679072119353 -0.027929398597516187 0.048457450198930163 -0.036354083909352283 -0.035797674533482149 -0.034812987877229175 -0.039729043270784331 -0.034426310961246306
leaf_weight=46.10933755338192 45.520723938941956 44.643154375255108 15.693657502532004 75.31554588675499 48.048981055617332 25.933814011514187 19.715389959514141 31.886406764388084 13.638432174921038 80.003902234137058 43.334494836628437 57.033396899700165 50.650229416787624 17.228617541491985 29.781821213662624 36.737541921436787 18.241353139281273 84.868739224970341 44.726145282387733 62.251568585634232 23.911664046347141 26.02755805850029 64.444839268922806 14.288982473313808 68.137164674699306 16.926956348121166 29.802956212311983 12.798335261642933 13.659407012164591 13.581083640456198
leaf_count=179 99 186 104 172 119 126 105 57 97 163 183 95 191 98 69 135 69 143 296 96 170 188 114 108 110 122 217 109 82 98
internal_value=0.0183722 0.0105798 -0.000210927 0.0104414 0.0208235 0.0127629 -0.000177518 -0.0036236 0.0109244 0.0391069 0.0285483 0.034849 0.0214988 -0.0206102 0.0165102 0.0306713 -0.0218329 0.039331 -0.0287519 0.044381 -0.0311976 -0.0314127 0.0481206 -0.0354202 0.0504723 -0.0324477 -0.0335999 -0.0311818 -0.0365474 -0.0366215
internal_weight=1174.94 853.995 415.894 273.22 438.102 305.184 192.435 161.167 105.786 320.947 75.2209 112.749 96.171 142.674 55.7156 112.053 96.264 132.918 78.0226 274.837 98.0306 55.3806 194.834 74.1189 130.389 30.5654 56.8903 27.0873 39.687 58.3072
internal_count=4100 3438 2028 1140 1410 1148 858 833 459 662 240 290 290 888 195 307 568 262 499 483 702 374 320 532 206 219 434 217 270 394
is_linear=0
shrinkage=0.03


Tree=22
num_leaves=31
num_cat=0
split_feature=0 47 46 3 34 4 34 38 20 25 5 25 34 7 24 27 28 34 34 4 4 39 37 30 3 43 27 20 9 3
split_gain=199.131 98.8006 95.4562 69.2175 82.3265 85.1426 93.6597 68.2949 100.025 58.8205 77.2535 57.3736 72.6691 44.6467 37.8581 31.1482 17.6513 18.1813 17.5103 15.351 15.1646 13.0824 8.03503 5.97689 0.841279 0.833109 0.811817 0.474223 0.530846 0.332414
threshold=105.50000000000001 -0.0004377902183119278 1.0000000180025095e-35 0.0010145000000000002 0.60500000000000009 0.0005505000000000001 0.53500000000000014 0.29975000000000007 1.8395000000000004 0.23915 -0.00052689855551102881 0.10610000000000001 0.51500000000000012 0.53500000000000014 0.20500000000000004 265.50000000000006 49.500000000000007 0.63500000000000012 0.23500000000000001 0.0012090000000000002 0.0006705000000000002 0.16205000000000003 -0.00031268003868936895 0.28500000000000009 8.9500000000000021e-05 6.1611018253343106 116.50000000000001 1.9205000000000003 6.216875302430088 0.00061550000000000005
decision_type=2 2 2 2 2 2 2 2 2 2 2 2 2 2 2 2 2 2 2 2 2 2 2 2 2 2 2 2 2 2
left_child=11 7 14 4 5 27 13 8 15 10 -10 19 -13 -7 -3 16 17 -2 -9 22 -15 -12 26 24 -16 -18 -1 28 -4 -26
right_child=1 2 3 -5 -6 6 -8 18 9 -11 21 12 -14 20 23 -17 25 -19 -20 -21 -22 -23 -24 -25 29 -27 -28 -29 -30 -31
leaf_value=0.053656768396046287 -0.022412375862356355 0.0025570224405109961 -0.028158018801570962 0.052663510286252803 0.033810147054461663 0.053312974528120394 -0.034502843543138241 0.022950017756884097 0.03589762977627052 0.046348381580574145 -0.033450703426854127 0.045095741998114128 -0.029555865149243736 0.024952461580996784 -0.040998379648247665 0.017017838577628761 -0.029140445949480669 0.013412137067398303 0.04530843259156029 0.030557026883269195 -0.0069138167360776204 -0.001977105206474756 0.038725231744859243 -0.017766176524415707 -0.030923364096266986 -0.038253142942164302 0.049115015020504083 -0.038137903460880966 -0.036172135789720533 -0.035567356179525375
leaf_weight=69.939440861344337 29.549324065446854 44.681013494729996 13.010884150862696 30.612580835819244 64.449017636477947 32.046659409999847 32.518280349671841 48.169029161334038 54.661962255835533 75.931924037635326 21.782688483595848 23.274674341082573 23.67199645191431 26.165129199624062 16.893094398081303 30.390339724719524 16.355411276221275 22.426437363028526 91.234277449548244 64.389511555433273 27.636434815824032 26.161406375467777 66.637855544686317 23.645921900868416 26.503272891044617 20.15736261755228 71.765790224075317 28.285083845257759 17.369404256343842 29.106596816331148
leaf_count=103 159 186 101 56 156 57 241 119 129 147 138 42 154 73 98 114 106 79 162 132 141 124 125 170 217 133 106 181 134 217
internal_value=0.0179036 0.0103105 -0.000210929 0.0101662 0.0047788 -0.00579016 0.00885673 0.0202563 0.0121351 0.0263316 0.0115185 0.0380868 0.00745404 0.0252808 -0.0202603 -0.00918576 -0.0181851 -0.00695486 0.0375828 0.0433598 0.0085836 -0.0162767 0.0473165 -0.0308636 -0.0351352 -0.0341712 0.0513566 -0.0353425 -0.03274 -0.0333541
internal_weight=1169.42 849.744 412.923 272.093 241.481 177.032 118.367 436.82 297.417 178.538 102.606 319.679 46.9467 85.8482 140.83 118.879 88.4885 51.9758 139.403 272.733 53.8016 47.9441 208.343 96.1489 72.503 36.5128 141.705 58.6654 30.3803 55.6099
internal_count=4100 3438 2028 1140 1084 928 512 1410 1129 538 391 662 196 271 888 591 477 238 281 466 214 262 334 702 532 239 209 416 235 434
is_linear=0
shrinkage=0.03


Tree=23
num_leaves=31
num_cat=0
split_feature=0 47 46 36 4 24 38 20 25 5 38 24 6 27 0 2 3 27 5 0 30 3 5 43 19 3 16 3 0 20
split_gain=189.08 93.0113 90.7877 76.87 66.0189 74.6885 64.3359 86.7827 56.5093 79.4397 54.3263 36.7323 33.6213 28.6708 19.9154 18.822 15.0801 12.5681 10.9079 9.20801 5.9364 5.92087 4.09323 1.15008 0.88123 0.789118 0.633461 0.354265 0.278284 0.203904
threshold=105.50000000000001 -0.0004377902183119278 1.0000000180025095e-35 0.095000000000000043 0.0005505000000000001 0.53500000000000014 0.30785000000000001 1.8395000000000004 0.23915 -0.00052689855551102881 0.16885000000000003 0.20500000000000004 0.54500000000000015 265.50000000000006 212.50000000000003 -0.00017949999999999997 -0.00041949999999999995 257.00000000000006 0.00057409729695223827 212.50000000000003 0.28500000000000009 0.00029450000000000006 -4.1208036345126496e-05 6.0844196722821637 12.431262064618835 0.00011650000000000001 0.073795669576925446 0.00061550000000000005 193.50000000000003 1.9205000000000003
decision_type=2 2 2 2 2 2 2 2 2 2 2 2 2 2 2 2 2 2 2 2 2 2 2 2 2 2 2 2 2 2
left_child=10 6 11 4 22 12 7 13 9 -9 -1 -3 -6 16 -5 -8 -2 -11 21 23 25 24 -4 -18 -12 -13 -7 28 -27 -24
right_child=1 2 3 14 5 26 15 8 -10 17 18 20 -14 -15 -16 -17 19 -19 -20 -21 -22 -23 29 -25 -26 27 -28 -29 -30 -31
leaf_value=0.0069644466989357365 -0.0020618747770230904 0.0024782491843730768 -0.016843177170673174 0.037756213466226859 0.048104552192705471 -0.026975033019165803 0.026190747795542178 0.035378218940126709 0.044946644618713144 -0.036206223478056847 0.050659182733953631 -0.04040507708359143 0.0081246166163117615 0.017244196166460727 0.010838525254504485 0.048809899017475282 -0.028683311975076672 -0.0049714254429361546 0.030570185135769652 -0.0066787730535941099 -0.017427602020577256 0.037472111305559483 -0.033587589562334104 -0.039426972165572866 0.046116035061888758 -0.033376314775894082 -0.036024212883038809 -0.035345397471236772 -0.027036847350040968 -0.037912503621692191
leaf_weight=45.74753837287426 39.034267410635948 44.717635296285152 14.07592737674713 75.325630575418472 33.484954558312893 13.176211945712568 68.441377095878124 56.245734564960003 75.950520843267441 18.652002587914467 81.328054085373878 17.410995528101921 43.555162973701954 31.206191949546337 36.834083653986454 64.13716883957386 15.651449859142302 30.639602474868298 56.495544031262398 14.619312353432177 23.386118784546852 61.019426919519901 20.097934193909168 20.998073548078537 72.840621717274189 13.516645748168232 14.762499019503592 28.421060431748629 11.56338272243738 19.168154984712601
leaf_count=179 161 186 90 172 68 98 158 131 147 122 122 104 183 115 135 104 103 150 115 84 170 124 160 135 122 120 110 217 91 124
internal_value=0.0174682 0.0100529 -0.000211846 0.00991499 -0.00354613 0.0102631 0.0197031 0.0120765 0.0252136 0.0110125 0.0372092 -0.0199154 0.0255016 -0.00754529 0.0289162 0.0371332 -0.0161118 -0.0167907 0.0423019 -0.026809 -0.0305349 0.045382 -0.0307232 -0.0348388 0.0485127 -0.0348575 -0.0317565 -0.0330522 -0.0304534 -0.0356988
internal_weight=1162.5 845.072 409.496 270.481 158.321 104.979 435.576 302.997 181.488 105.537 317.431 139.016 77.0401 121.509 112.16 132.579 90.3031 49.2916 271.684 51.2688 94.2982 215.188 53.342 36.6495 154.169 70.9121 27.9387 53.5011 25.08 39.2661
internal_count=4100 3438 2028 1140 833 459 1410 1148 550 403 662 888 251 598 307 262 483 272 483 322 702 368 374 238 244 532 208 428 211 284
is_linear=0
shrinkage=0.03


Tree=24
num_leaves=31
num_cat=0
split_feature=0 47 46 36 24 4 24 4 36 25 38 25 36 26 24 2 26 4 4 4 33 48 28 38 4 49 16 3 4 39
split_gain=179.492 93.8642 83.5535 73.8036 70.1208 65.361 70.7268 58.7248 96.7527 52.3652 47.7691 40.7846 40.2124 53.8366 39.7872 31.5405 30.127 19.7383 44.245 14.6185 10.2893 8.91199 4.73199 4.21715 1.919 0.980185 0.639371 0.605798 0.427464 0.352735
threshold=101.50000000000001 -0.0004377902183119278 1.0000000180025095e-35 0.095000000000000043 0.48500000000000004 0.0005505000000000001 0.53500000000000014 0.0021720000000000008 0.03000000000000002 0.24135000000000004 0.16885000000000003 0.09845000000000001 0.009999999999999969 0.34390000000000004 0.20500000000000004 0.00010350000000000001 0.21180000000000002 0.00071650000000000001 0.00048850000000000011 0.00080550000000000012 0.01999999999999998 -0.00024622711111532941 25.500000000000004 0.22485000000000002 0.00058950000000000007 0.54500000000000015 0.073795669576925446 8.9500000000000021e-05 0.00063050000000000009 0.12110000000000001
decision_type=2 2 2 2 2 2 2 2 2 2 2 2 2 2 2 2 2 2 2 2 2 2 2 2 2 2 2 2 2 2
left_child=10 4 14 5 11 23 15 8 16 -10 -1 12 -2 -14 -3 -7 -6 18 -5 29 25 -12 -13 -4 -23 27 -8 -16 -29 -18
right_child=1 2 3 17 7 6 26 -9 9 -11 21 22 13 -15 20 -17 19 -19 -20 -21 -22 24 -24 -25 -26 -27 -28 28 -30 -31
leaf_value=0.0082349528752952116 0.042209094850183815 0.0037020228179805779 -0.017390334131523424 0.038768699471914914 0.0055184662850485938 0.039352846631250743 -0.026628931714165225 0.052189888474434919 0.0014773925879447134 0.047743576989568944 0.033269483959575914 0.036612882884482632 0.034082315581152545 -0.020235198512897425 -0.03972865951439674 -0.00034462631014321119 -0.030565048157888828 0.046221225788329934 -0.0076284122889231538 -0.0018434697813695705 -0.0052984663509486486 0.04935110946013422 0.048652589717663987 -0.036117994048417368 0.043048295668477898 -0.02634488414827851 -0.035814208922359404 -0.02882091202961614 -0.035385240335742169 -0.036064043198360922
leaf_weight=44.304697751998901 38.382535353302956 46.083602294325829 15.091200485825537 44.144798174500465 36.881011843681335 48.674092978239059 12.950475901365282 23.727600336074829 42.176407910883427 46.062711119651794 74.860127523541451 52.272014364600182 29.323271349072456 37.328259035944939 22.167676292359829 28.595317557454109 13.836357139050959 36.289932534098625 31.839927710592747 15.430854454636572 12.769714243710039 72.595213428139687 67.087724447250366 38.250793531537056 108.38651329278946 11.977251749485729 14.408933624625204 11.980259254574774 35.045099705457687 43.518075115978718
leaf_count=169 82 188 104 84 152 125 98 34 172 85 154 102 62 163 142 126 91 68 155 71 84 108 104 274 190 99 110 97 287 320
internal_value=0.0170319 0.0100346 -0.000321769 0.00942343 0.0195606 -0.00379358 0.00998489 0.00759176 0.00224473 0.0256293 0.036995 0.0313822 0.0177481 0.00366174 -0.01913 0.0246619 -0.0165709 0.0280198 0.0193269 -0.0277638 -0.0303306 0.0419754 0.04338 -0.0308197 0.0455765 -0.0342686 -0.0314664 -0.0356402 -0.0337129 -0.0347374
internal_weight=1156.44 856.296 410.269 270.245 446.027 157.971 104.629 221.633 197.905 88.2391 300.147 224.394 105.034 66.6515 140.024 77.2694 109.666 112.275 75.9847 72.7853 93.94 255.842 119.36 53.342 180.982 81.1703 27.3594 69.193 47.0254 57.3544
internal_count=4100 3479 2041 1144 1438 837 459 925 891 257 621 513 307 225 897 251 634 307 239 482 709 452 206 378 298 625 208 526 384 411
is_linear=0
shrinkage=0.03


Tree=25
num_leaves=31
num_cat=0
split_feature=1 5 46 3 35 4 34 37 34 34 25 5 38 2 39 25 34 35 27 47 4 32 2 4 3 36 10 45 32 15
split_gain=166.036 101.585 68.1298 59.8379 64.6171 88.2299 130.624 54.5164 49.7321 42.7748 57.5192 84.3939 42.0631 37.876 36.2866 69.1583 19.1206 16.9171 28.1466 9.8592 16.65 9.28346 6.41944 1.9564 1.93367 1.07937 0.804835 1.48648 0.792075 0.696055
threshold=0.33833333333333343 -0.00017286490180760069 1.0000000180025095e-35 0.0010145000000000002 0.12500000000000003 0.0005505000000000001 0.53500000000000014 0.00052087761476041043 0.22500000000000003 0.64500000000000013 0.24135000000000004 -0.00053801517935553702 0.16885000000000003 0.00010650000000000001 0.13195000000000004 0.10660000000000001 0.63500000000000012 0.039999999999999973 174.50000000000003 -0.00014488815497750045 0.00058350000000000014 0.01999999999999998 -8.8499999999999983e-05 0.00066550000000000018 0.00028550000000000005 0.080000000000000002 6.5256151264616609 -0.62356172796385201 0.16500000000000001 6.0578490190626626
decision_type=2 2 2 2 2 2 2 2 2 2 2 2 2 2 2 2 2 2 2 2 2 2 2 2 2 2 2 2 2 2
left_child=12 7 14 4 5 16 13 8 -2 -9 11 -11 -1 -7 21 -16 24 18 -10 29 -21 25 28 -17 26 -3 -4 -28 -13 -14
right_child=1 2 3 -5 -6 6 -8 9 17 10 -12 22 19 -15 15 23 -18 -19 -20 20 -22 -23 -24 -25 -26 -27 27 -29 -30 -31
leaf_value=0.0098718647442000654 0.0034704626137308072 -0.036406996240541271 -0.038118653759099785 0.048812221360719679 0.029583513138871937 0.045275580921903612 -0.034605045544753271 -0.02816412790273309 0.047847767290409217 0.026899865029442988 0.046438827152047939 -0.039180521050921555 0.044445963938934803 0.0073079699952730941 0.043560938231691278 -0.020380805566850214 0.0051531185085998358 0.047775023998083463 0.015044208245671174 0.047766633920059157 0.025586070425181507 -0.0074711730102824678 -0.01107741189746333 -0.036711748541410613 -0.022082245740693906 -0.026617515034048314 -0.036617671418410082 -0.023741715772865397 -0.029616759806359735 0.048848356045432174
leaf_weight=46.623863346874714 47.363038286566734 55.590931013226509 30.742571920156479 29.140942707657814 67.4518171697855 58.507722124457359 39.615394957363605 24.668799817562103 41.78868579864502 59.937219828367233 37.693293064832687 16.582444138824943 63.785504132509232 39.687978371977806 21.001497969031334 12.144372142851354 14.432221248745916 84.721613116562366 53.911069668829441 52.367119193077087 72.804926216602325 13.601610019803045 15.502320252358912 14.466387517750261 13.392408214509485 12.397116828709839 19.895719558000561 13.575503684580328 14.705509923398493 65.529058836400509
leaf_count=174 146 419 213 53 162 112 303 143 68 185 67 108 108 151 39 100 57 161 167 80 162 93 85 113 98 95 150 99 97 103
internal_value=0.0169176 0.0101537 0.000488738 0.00778681 0.00376557 -0.00381098 0.0113787 0.0212498 0.0308296 0.00834467 0.0145808 0.00332941 0.036068 0.0299301 -0.0179506 0.00286158 -0.0265549 0.0380117 0.0293684 0.0408673 0.0348656 -0.0300957 -0.0268638 -0.0292588 -0.0324515 -0.034622 -0.0346142 -0.0313953 -0.0346855 0.0466768
internal_weight=1153.63 852.518 455.644 326.442 297.301 229.85 137.811 396.874 227.784 169.09 144.421 106.727 301.11 98.1957 129.202 47.6123 92.0384 180.421 95.6998 254.487 125.172 81.5897 46.7903 26.6108 77.6062 67.988 64.2138 33.4712 31.288 129.315
internal_count=4111 3484 2257 1398 1345 1183 566 1227 542 685 542 475 627 263 859 252 617 396 235 453 242 607 290 213 560 514 462 249 205 211
is_linear=0
shrinkage=0.03


Tree=26
num_leaves=31
num_cat=0
split_feature=0 5 46 40 35 24 20 20 38 38 25 39 24 34 4 5 2 6 34 32 47 4 41 0 38 4 26 38 35 9
split_gain=157.423 95.5441 64.9955 46.9672 75.5344 61.723 48.1949 53.1117 42.2888 40.5296 35.5266 34.9637 65.5396 26.6615 37.495 82.1052 85.2307 23.8097 17.0636 9.98552 9.59085 16.2794 8.74907 7.17191 2.11801 1.94203 1.52447 0.945618 0.725529 0.692186
threshold=101.50000000000001 -0.00017286490180760069 1.0000000180025095e-35 0.095650000000000013 0.12500000000000003 0.22500000000000003 1.7805000000000002 1.9425000000000001 0.097450000000000023 0.16885000000000003 0.19005000000000002 0.13195000000000004 0.20500000000000004 0.22500000000000003 0.00055850000000000008 -0.00053801517935553702 1.6500000000000005e-05 0.30500000000000005 0.63500000000000012 0.02 -0.00014488815497750045 0.00058350000000000014 -0.21189999999999995 238.50000000000003 0.33135000000000009 0.00066550000000000018 0.22985000000000003 0.62670000000000015 0.105 6.0588778082739125
decision_type=2 2 2 2 2 2 2 2 2 2 2 2 2 2 2 2 2 2 2 2 2 2 2 2 2 2 2 2 2 2
left_child=9 8 11 5 6 -4 24 -8 10 -1 -2 19 -13 -10 22 18 17 -17 -16 27 29 -22 -15 -9 26 -14 -5 -3 -19 -11
right_child=1 2 3 4 -6 -7 7 23 13 20 -12 12 25 14 15 16 -18 28 -20 -21 21 -23 -24 -25 -26 -27 -28 -29 -30 -31
leaf_value=0.0095591412013616307 -0.034941072983877212 -0.026947064766170314 -0.010390037899714828 -0.023641645442474622 0.027675662821117449 0.041339487693407589 0.027039971746889206 -0.0088937144294415505 0.0033642843569095309 0.04351304718445119 0.017401675389642064 0.042236676513631055 -0.020063674464706679 0.033138824906220839 0.026088239400273928 0.0075367823957467207 0.036078016365185921 -0.030243975536539968 0.051248170871882118 -0.0052937194403878118 0.046908135684779736 0.024885840734838738 0.049888597603796325 -0.033291089449327335 -0.02068061025029172 -0.036488809841224122 -0.035088919995376069 -0.036067568918463397 -0.03858749750324985 0.047925520776035721
leaf_weight=46.703433312475681 21.086669109761715 12.579181693494318 30.222923740744591 14.463391207158564 64.398062013089657 66.296660855412483 45.056318797171116 25.738350011408329 47.391661703586578 63.207200765609741 26.134238585829735 21.009986892342567 11.968915715813639 57.639819495379925 48.618039183318615 15.980714239180086 34.765063054859638 14.525757409632204 48.422958165407181 12.626009859144686 51.735290288925171 72.610821768641472 54.702539749443531 18.739232279360294 21.149883255362511 14.123316600918768 37.924243576824665 54.809039171785116 26.477647498250008 64.798148930072784
leaf_count=174 137 107 174 112 157 151 131 130 146 108 87 39 100 139 110 64 89 102 82 85 80 162 96 100 124 113 319 415 175 103
internal_value=0.0165196 0.00991189 0.000473707 0.0076065 0.000166044 0.0251416 -0.0106977 0.00408295 0.0206704 0.0352312 -0.00597217 -0.0177061 0.00280047 0.0242801 0.0275718 0.0194058 -0.000940882 -0.0235255 0.0386429 -0.0297777 0.0399824 0.0340484 0.0412947 -0.0191728 -0.0286935 -0.0289543 -0.0319285 -0.0343651 -0.0356317 0.0457467
internal_weight=1145.91 846.851 451.106 323.989 227.469 96.5196 163.071 89.5339 395.745 299.055 47.2209 127.116 47.1022 348.524 301.133 188.79 91.7492 56.9841 97.041 80.0142 252.351 124.346 112.342 44.4776 73.5375 26.0922 52.3876 67.3882 41.0034 128.005
internal_count=4111 3484 2257 1398 1073 325 916 361 1227 627 224 859 252 1003 857 622 430 341 192 607 453 242 235 230 555 213 431 522 277 211
is_linear=0
shrinkage=0.03


Tree=27
num_leaves=31
num_cat=0
split_feature=0 5 46 6 36 24 4 35 24 38 39 24 4 41 4 26 2 7 28 33 47 4 38 4 38 3 4 4 36 9
split_gain=149.464 90.1082 58.6861 57.4814 56.1331 65.0287 55.7331 116.169 46.2148 39.1015 33.6877 62.1522 31.4084 29.2677 25.9217 25.5618 21.9746 18.0807 11.2664 9.84956 9.35259 15.948 8.93669 7.02246 5.81363 3.08204 1.92896 1.29288 1.10342 0.691052
threshold=101.50000000000001 -0.00013959516056589818 1.0000000180025095e-35 0.48500000000000004 0.029999999999999947 0.48500000000000004 0.0005505000000000001 0.12500000000000003 0.56500000000000006 0.16885000000000003 0.13195000000000004 0.20500000000000004 0.00076750000000000006 -0.072099999999999984 0.00092000000000000014 0.34880000000000005 -0.00017949999999999997 0.28500000000000009 44.500000000000007 0.02 -0.00014488815497750045 0.00058350000000000014 0.14625000000000002 0.00066850000000000015 0.22635000000000002 0.00014450000000000002 0.00066550000000000018 0.00063050000000000009 0.080000000000000002 6.0588778082739125
decision_type=2 2 2 2 2 2 2 2 2 2 2 2 2 2 2 2 2 2 2 2 2 2 2 2 2 2 2 2 2 2
left_child=9 4 10 18 5 15 7 25 17 -1 19 -12 16 14 23 -2 -6 -7 24 28 29 -22 -18 -8 -4 -5 -13 -19 -3 -11
right_child=1 2 3 6 12 8 13 -9 -10 20 11 26 -14 -15 -16 -17 22 27 -20 -21 21 -23 -24 -25 -26 -27 -28 -29 -30 -31
leaf_value=0.0092570788389358619 0.043892906774197306 -0.035934430573133509 0.0029437362162726033 -0.037215000482841223 0.020957002211388215 -0.0045655348494257992 0.017289509070261676 0.040723851790428527 0.021864798817612753 0.042627815864667754 0.040989132542780832 -0.019748885668285622 0.010346150175050313 0.04818720356094585 -0.0068098821626776766 0.012632829499349487 0.033877691083523752 -0.027883498716738012 -0.035814591807301448 -0.0051503128145386082 0.046102871837776054 0.024210077948379673 0.051136077606878862 0.035830702401743443 -0.020737830184153101 -0.023219103866336386 -0.036274227787917529 -0.038669999758101738 -0.025843144714894444 0.047060765958362887
leaf_weight=46.779384903609753 40.540392160415649 53.973734341561794 18.583080492913723 29.437850840389729 56.31115747988224 32.836751915514469 35.812024131417274 32.397403866052628 32.07460144162178 62.593480363488197 21.000070095062256 11.7975195273757 56.428481191396713 38.082795083522797 28.690480105578899 56.149847239255905 46.224870964884758 16.707494430243969 22.521123774349689 12.588817887008188 51.069812625646591 72.401615351438522 64.939449019730091 37.779392890632153 18.736438684165478 27.285899519920349 13.785760156810282 24.914193652570248 11.902513261884449 64.020893327891827
leaf_count=174 73 427 90 224 145 176 113 55 119 108 39 100 177 68 151 179 113 118 176 85 80 162 105 86 109 180 113 168 95 103
internal_value=0.0161294 0.00967281 -0.00029404 0.00712824 0.0193421 0.00792655 0.0139565 -0.00459752 -0.00824071 0.0344313 -0.0174671 0.00274173 0.0297032 0.025737 0.017378 0.0257396 0.0362253 -0.0212093 -0.0190579 -0.0294647 0.0391402 0.0332653 0.0439596 0.0268079 -0.0089457 -0.0304825 -0.0286537 -0.0343402 -0.0341111 0.0448693
internal_weight=1138.37 841.502 414.375 289.326 427.127 203.223 229.486 89.1212 106.533 296.865 125.048 46.5833 223.904 140.365 102.282 96.6902 167.475 74.4584 59.8406 78.4651 250.086 123.471 111.164 73.5914 37.3195 56.7238 25.5833 41.6217 65.8762 126.614
internal_count=4111 3484 2111 1252 1373 833 877 459 581 627 859 252 540 418 350 252 363 462 375 607 453 242 218 199 199 404 213 286 522 211
is_linear=0
shrinkage=0.03


Tree=28
num_leaves=31
num_cat=0
split_feature=1 5 46 36 4 34 36 24 24 38 6 40 24 5 25 26 1 1 2 20 32 47 4 3 4 36 36 19 41 26
split_gain=142.09 86.439 58.5741 51.4999 55.3822 108.839 47.2302 49.5495 46.2606 37.3356 34.6947 32.7781 61.6464 28.2033 24.4835 22.8768 17.7986 17.2484 17.0059 11.5592 9.71841 8.67488 14.7455 2.61955 1.78386 1.10856 0.788749 0.714729 0.621157 0.615756
threshold=0.33500000000000002 -0.00017286490180760069 1.0000000180025095e-35 0.090000000000000066 0.0005505000000000001 0.53500000000000014 0.029999999999999947 0.48500000000000004 0.56500000000000006 0.16885000000000003 0.54500000000000015 0.13195000000000004 0.20500000000000004 -0.00013260685345823649 0.09845000000000001 0.34880000000000005 0.66166666666666674 0.51833333333333342 -0.00017949999999999997 1.8375000000000001 0.02 -0.00014488815497750045 0.00058350000000000014 0.0002265 0.00066550000000000018 0.080000000000000002 0.055 10.711747430724605 -0.13714999999999997 0.47710000000000002
decision_type=2 2 2 2 2 2 2 2 2 2 2 2 2 2 2 2 2 2 2 2 2 2 2 2 2 2 2 2 2 2
left_child=9 6 11 4 13 10 7 15 16 -1 -6 20 -13 -4 -8 -2 28 -5 -16 -19 25 29 -23 26 -14 -3 27 -15 -9 -11
right_child=1 2 3 17 5 -7 14 8 -10 21 -12 12 24 23 18 -17 -18 19 -20 -21 -22 22 -24 -25 -26 -27 -28 -29 -30 -31
leaf_value=0.0090926388224030069 0.042285344773839995 -0.035720791026390385 0.010951059546863271 0.038826850777762441 0.045568824431811129 -0.034774412039755363 0.01241089144939014 -0.035962282684080887 0.026105784786228613 0.04182799354827911 0.0085159440484712922 0.039928861908674937 -0.020406061235266022 -0.038255500719583106 0.022898000236579525 0.012238496683174629 -0.0022793759307039633 0.0021347353483439531 0.043743571685682207 0.025139167733981331 -0.005010425907459609 0.045363906511656928 0.024107567786607508 -0.020285932066009319 -0.036293880544064398 -0.025511881164755824 -0.041957930824096171 -0.029159569964179975 -0.028020501934537635 0.046085760822550302
leaf_weight=46.187253043055534 38.370746240019798 52.687094531953335 17.333499565720558 40.105825632810593 46.264967679977417 35.191469594836235 54.135786406695843 24.221858844161034 28.395691700279713 56.808215230703354 44.735761858522892 21.593136921525002 11.878140330314638 14.520446486771108 56.301534742116928 56.219180658459663 30.345531366765499 36.034377366304398 94.075024530291557 43.256775170564651 12.552635364234446 49.755059227347374 71.693324096500874 12.034836947917936 13.691488452255724 11.698456481099127 13.979252919554709 16.735808439552784 13.978898666799067 66.184161558747292
leaf_count=170 70 427 74 92 81 284 154 182 96 103 181 40 101 99 140 179 143 150 177 105 85 79 160 92 114 95 100 140 94 104
internal_value=0.0157476 0.00949417 0.000409986 0.0071914 -0.00208624 0.0100279 0.0196851 0.00897977 -0.00609278 0.0338292 0.0273537 -0.0170868 0.00260557 -0.0225773 0.0297109 0.0244271 -0.0194312 0.0227941 0.0359389 0.0146847 -0.0291581 0.0385032 0.0328159 -0.032725 -0.0289133 -0.0338659 -0.0360344 -0.0333852 -0.0330561 0.0441192
internal_weight=1130.97 840.338 444.294 320.193 200.796 126.192 396.044 191.532 96.942 290.628 91.0007 124.101 47.1628 74.6038 204.512 94.5899 68.5463 119.397 150.377 79.2912 76.9382 244.441 121.448 57.2703 25.5696 64.3856 45.2355 31.2563 38.2008 122.992
internal_count=4111 3495 2260 1398 1051 546 1235 764 515 616 262 862 255 505 471 249 419 347 317 255 607 446 239 431 215 522 339 239 276 207
is_linear=0
shrinkage=0.03


Tree=29
num_leaves=31
num_cat=0
split_feature=27 35 32 4 4 47 26 4 27 35 7 35 24 27 28 38 3 24 4 48 29 3 22 39 20 35 48 38 39 28
split_gain=133.898 86.2447 85.5258 81.8748 68.0706 61.5669 55.2745 81.7736 70.8335 46.6963 75.6958 40.5689 120.016 33.8775 30.4777 28.203 25.8993 19.8231 19.7168 4.7566 4.48669 1.72099 2.32168 1.25315 0.98253 0.793286 0.707308 0.81681 0.294745 0.233244
threshold=164.50000000000003 0.42000000000000004 -0.019999999999999997 0.00049350000000000012 0.0021720000000000008 -0.00059500195064428817 0.35280000000000006 0.00056750000000000019 211.50000000000003 0.12500000000000003 0.39500000000000007 0.17000000000000001 0.53500000000000014 81.000000000000014 25.500000000000004 0.30315000000000009 0.0010145000000000002 0.53500000000000014 0.0010355000000000002 -0.00034604849841192176 0.14500000000000005 4.9500000000000004e-05 0.040500000000000008 0.23150000000000001 1.5525000000000002 0.105 -7.2354643315560604e-05 0.62350000000000005 0.059050000000000005 29.500000000000004
decision_type=2 2 2 2 2 2 2 2 2 2 2 2 2 2 2 2 2 2 2 2 2 2 2 2 2 2 2 2 2 2
left_child=2 3 18 9 6 -4 7 17 14 10 -2 12 15 -7 -8 -9 21 25 20 -12 23 28 26 -1 -14 29 -23 -28 -10 -5
right_child=1 -3 5 4 -6 13 8 11 16 -11 19 -13 24 -15 -16 -17 -18 -19 -20 -21 -22 22 -24 -25 -26 -27 27 -29 -30 -31
leaf_value=0.047634522644012925 0.027352234843369613 0.039863561657379414 0.042590283625434704 -0.039084910837151703 0.045945345615225237 0.01437735114989879 -0.01852808422524951 0.0037740802895341766 -0.031612096921409927 0.037877325742756936 -0.039095222626085557 0.037504110930515443 -0.042657282804142806 -0.033255295545762023 0.022185113540073555 0.035974802427354055 0.0098179210613721091 0.0043708079108168221 0.02284225258604405 -0.016771550709385952 0.035089063421500158 -0.0333012777041631 -0.017874130694379885 0.042400746913650957 -0.033072117926471731 -0.028274028601779275 -0.032417153156159999 -0.021265337571115397 -0.036878921081360788 -0.033884814393407292
leaf_weight=80.208668150007725 62.724019758403301 70.594979822635651 24.855943590402603 20.308245941996574 26.169103965163231 22.436461560428143 24.55524480342865 39.165695831179619 12.783649675548075 88.46344318985939 17.350365981459618 52.94471425563097 15.459780007600783 33.507770888507366 50.749593906104565 65.284365832805634 15.469580739736555 15.785245232284067 58.28890023380518 17.014091156423092 55.547204338014126 41.568113561719656 15.053798414766787 84.60211169719696 25.50047604739666 12.719769887626169 11.740515500307085 11.905266396701334 37.957198530435562 12.566758416593073
leaf_count=127 152 120 60 132 42 78 123 131 111 161 116 126 90 183 180 133 57 87 140 106 124 374 129 140 171 99 104 117 284 114
internal_value=0.0153794 0.00827407 0.0304783 0.0050572 -0.00117569 0.00330306 -0.00373658 0.00565581 -0.0147362 0.022111 0.00774523 0.0150197 0.00683294 -0.0141522 0.00890944 0.0239005 -0.0268925 -0.0246043 0.0383584 -0.0280426 0.0424627 -0.0312273 -0.0284935 0.0449479 -0.0366899 -0.0346357 -0.0309449 -0.0268024 -0.035552 -0.0370971
internal_weight=1123.28 763.834 359.447 693.239 507.687 80.8002 481.518 259.735 221.783 185.552 97.0885 198.355 145.41 55.9442 75.3048 104.45 146.478 61.38 278.647 34.3645 220.358 131.009 80.2677 164.811 40.9603 45.5948 65.2139 23.6458 50.7408 32.875
internal_count=4111 3259 852 3139 2604 321 2562 1083 1479 535 374 651 525 261 303 264 1176 432 531 222 391 1119 724 267 261 345 595 221 395 246
is_linear=0
shrinkage=0.03


Tree=30
num_leaves=31
num_cat=0
split_feature=0 26 34 25 4 26 38 35 34 34 41 4 3 5 25 5 4 40 27 5 28 19 32 18 38 38 28 28 35 3
split_gain=132.037 64.837 79.8815 45.1358 73.7707 43.3734 38.0448 44.7166 84.2484 167.224 58.2567 43.5973 31.7922 27.5962 23.9885 69.0227 22.3256 21.1317 51.8821 27.9047 18.9331 16.8082 12.256 4.16392 4.00754 3.94044 2.5283 0.459946 0.66741 0.290612
threshold=118.50000000000001 0.45760000000000006 0.24500000000000002 0.10610000000000001 0.00057450000000000003 0.70425000000000015 0.087600000000000025 0.12500000000000003 0.53500000000000014 0.64500000000000013 -0.21739999999999995 0.00056750000000000019 -9.3499999999999982e-05 -0.00049583748956396885 0.23915 -0.00050370034972380422 0.00068350000000000019 0.14075000000000001 81.000000000000014 -0.00063834527153499166 23.500000000000004 11.798555425134326 0.040000000000000001 0.40250000000000008 0.42255000000000004 0.37335000000000007 22.500000000000004 34.500000000000007 0.059999999999999991 -0.00023549999999999995
decision_type=2 2 2 2 2 2 2 2 2 2 2 2 2 2 2 2 2 2 2 2 2 2 2 2 2 2 2 2 2 2
left_child=3 6 5 17 -5 21 -2 8 10 23 11 26 14 -12 15 -9 -6 18 -1 -20 -7 -3 27 -10 -19 -15 -8 -4 -29 -25
right_child=1 2 22 4 16 20 7 12 9 -11 13 -13 -14 25 -16 -17 -18 24 19 -21 -22 -23 -24 29 -26 -27 -28 28 -30 -31
leaf_value=0.045430693713468986 -0.01872741643925532 0.011049100376390224 -0.034481735135810973 0.047401774528305747 -0.033078854406497424 -0.036938729589454267 -0.040420134961952063 0.037042684321423609 -0.020983500805519372 0.039236789051729754 0.014513750557729247 0.020234373210969221 0.045558677711972792 0.045252254184222608 0.034628447087967869 -0.032888168491781611 0.0094198255581614612 0.044824987188732741 0.025860853954701744 -0.011979271483134163 0.0083589581815372658 0.042172544107105116 -0.0085237235164071241 -0.039370396668417178 0.035269921895594421 0.033469403617468474 -0.02246054440825352 -0.02454751251315641 -0.033790051155575256 -0.034607176165747669
leaf_weight=62.941818952560425 31.761994756758213 30.212978161871433 43.349544897675514 27.249589622020721 26.164717003703117 17.349879443645477 15.062757171690466 26.753077819943428 23.425671488046646 43.645424455404282 67.217407874763012 29.185320153832436 60.76206462085247 50.25004754960537 41.18658359348774 24.187040239572525 19.353900663554668 113.86283393204212 37.034447975456715 33.319331631064415 15.928738348186014 32.32491646707058 26.085418112576008 14.575303643941877 60.493577241897583 51.953801713883877 13.269502662122248 12.948242980986834 15.38814003765583 55.139154203236103
leaf_count=103 181 136 378 54 167 119 92 55 151 105 172 75 100 85 74 151 71 183 84 109 80 60 160 95 109 112 110 128 157 450
internal_value=0.0152395 0.00787171 -0.00705421 0.0296096 0.00836204 0.0124124 0.0131409 0.0151002 0.00937782 -0.00921948 0.0205872 -0.00549975 0.0287137 0.0294436 0.0176036 0.00383859 -0.015009 0.0346352 0.0256429 0.00793989 -0.0152571 0.0271363 -0.0261316 -0.0319261 0.0415098 0.0392626 -0.0320087 -0.0325389 -0.0295667 -0.035603
internal_weight=1122.38 741.963 193.588 380.42 72.7682 95.8165 548.375 516.613 363.724 136.786 226.939 57.5176 152.889 169.421 92.1267 50.9401 45.5186 307.652 133.296 70.3538 33.2786 62.5379 97.7713 93.1401 174.356 102.204 28.3323 71.6859 28.3364 69.7145
internal_count=4106 3226 1218 880 292 395 2008 1827 1447 801 646 277 380 369 280 206 238 588 296 193 199 196 823 696 292 197 202 663 285 545
is_linear=0
shrinkage=0.03


Tree=31
num_leaves=31
num_cat=0
split_feature=0 26 34 24 24 42 34 34 25 42 38 34 42 4 26 28 38 36 0 24 29 28 24 26 26 32 37 40 32 20
split_gain=125.813 61.507 76.4575 59.2202 47.3923 61.0943 84.8866 79.631 60.3162 41.1502 41.14 40.0985 39.1961 33.0302 32.8308 31.4337 26.0656 23.7769 22.8237 8.10051 23.3247 14.6565 2.37366 0.578932 0.250579 0.204299 0.161987 0.088047 0.0279323 0.00726006
threshold=118.50000000000001 0.45760000000000006 0.24500000000000002 0.40000000000000008 0.48500000000000004 0.14670000000000002 0.64500000000000013 0.53500000000000014 0.24135000000000004 0.018300000000000004 0.099600000000000008 0.72500000000000009 0.45050000000000007 0.00065950000000000004 0.15130000000000002 28.500000000000004 0.75325000000000009 0.0099999999999999273 176.50000000000003 0.20500000000000004 0.29500000000000004 34.500000000000007 0.56500000000000006 0.58760000000000001 0.21180000000000002 -0.069999999999999993 0.00032737221993086181 0.10700000000000003 -0.014999999999999956 1.7385000000000004
decision_type=2 2 2 2 2 2 2 2 2 2 2 2 2 2 2 2 2 2 2 2 2 2 2 2 2 2 2 2 2 2
left_child=3 4 9 16 15 -6 7 12 10 -3 -8 -12 -7 -11 -5 18 19 -4 -2 -1 21 -21 24 -19 -9 -25 -26 -27 -28 -30
right_child=1 2 17 14 5 6 8 22 -10 13 11 -13 -14 -15 -16 -17 -18 23 -20 20 -22 -23 -24 25 26 27 28 -29 29 -31
leaf_value=0.043952869228006466 0.027679342614514435 -0.018945233695289432 0.0051466841178818869 0.020875525911373094 0.040058083813337232 0.029720097891010572 -0.033354689079185436 -0.03885447123626521 0.038781591580433587 0.0033300846797657234 -0.015488789979081992 0.034221161673665422 -0.017306702762674379 0.045127917874384429 -0.028006668783994632 0.037417644825522858 0.01550914298442097 -0.0264660618444514 -0.00028584905490707234 0.034480825263600558 0.045522839543334297 0.0095197793665816495 -0.021689074207472583 -0.031478944329097466 -0.031213690295296616 -0.034044705824919336 -0.035989809686141294 -0.036664285473535708 -0.034121953035961938 -0.03506057483821369
leaf_weight=108.45086471736431 51.423632763326168 27.431438714265823 18.085362948477268 27.091594897210598 42.087906293570995 39.55087511241436 23.247370816767216 12.223924316465853 66.876117587089539 33.475518681108952 24.929288432002068 35.262090764939785 26.732898741960526 34.605495542287827 22.749898806214333 91.874302491545677 58.407309360802174 10.444425314664839 53.688823580741882 44.322465017437935 74.971929892897606 40.532029829919338 14.592176452279089 19.61940548941493 13.250707067549227 28.269696712493896 15.860917240381232 19.522045984864235 20.982733435928829 11.471124716103075
leaf_count=178 110 174 110 92 81 95 163 73 123 152 155 79 177 69 151 165 146 105 172 83 119 111 88 191 111 277 119 140 201 96
internal_value=0.01492 0.00770015 -0.0069243 0.0290233 0.0128465 0.00617591 0.0015001 -0.014103 0.0175547 0.0120765 0.000541432 0.0136329 0.0107537 0.0245759 -0.00143651 0.0245993 0.0336705 -0.0258402 0.0133954 0.0376245 0.0333303 0.0225578 -0.0327448 -0.0330383 -0.0349311 -0.0340566 -0.0341521 -0.0351148 -0.034958 -0.0344537
internal_weight=1112.03 735.508 191.453 376.526 544.055 347.068 304.98 154.665 150.315 95.5125 83.4388 60.1914 66.2838 68.081 49.8415 196.987 326.685 95.9409 105.112 268.277 159.826 84.8545 88.3816 77.8556 73.7894 67.4111 61.5655 47.7917 48.3148 32.4539
internal_count=4106 3226 1218 880 2008 1561 1480 960 520 395 397 234 272 221 243 447 637 823 282 491 313 194 688 713 600 608 527 417 416 297
is_linear=0
shrinkage=0.03


Tree=32
num_leaves=31
num_cat=0
split_feature=0 24 26 3 24 41 20 24 41 20 35 28 26 20 36 0 4 42 36 2 37 24 28 28 43 26 24 33 48 0
split_gain=119.702 82.1546 58.3566 50.8552 44.5004 57.908 56.1781 36.23 37.0599 32.7456 31.1917 30.1541 27.9172 23.9305 22.9614 21.5174 20.575 15.4324 15.0807 13.0617 7.13324 21.9566 17.6642 5.4981 3.79567 0.489537 0.43773 0.287943 0.224205 0.111316
threshold=118.50000000000001 0.47500000000000003 0.45760000000000006 0.0010145000000000002 0.48500000000000004 -0.078349999999999989 1.8235000000000003 0.20500000000000004 -0.084849999999999995 2.1415000000000002 0.12500000000000003 28.500000000000004 0.70425000000000015 1.3285000000000002 0.040000000000000029 176.50000000000003 0.00059550000000000011 0.4714000000000001 0.0099999999999999273 -6.5499999999999979e-05 0.00016828960781470237 0.20500000000000004 32.500000000000007 8.5000000000000018 5.6541894869309299 0.58760000000000001 0.54750000000000021 -0.069999999999999993 -0.00032784013336115131 159.50000000000003
decision_type=2 2 2 2 2 2 2 2 2 2 2 2 2 2 2 2 2 2 2 2 2 2 2 2 2 2 2 2 2 2
left_child=1 12 4 7 11 6 10 8 -4 17 13 15 20 -6 -11 -2 -3 19 -9 -8 21 -1 -23 -20 -15 -25 28 -27 -26 -29
right_child=2 16 3 -5 5 -7 9 18 -10 14 -12 -13 -14 24 -16 -17 -18 -19 23 -21 -22 22 -24 25 26 27 -28 29 -30 -31
leaf_value=0.043289122427687392 0.026885244706281449 0.011592288046244483 0.03672920691797868 0.027454536133153819 0.0080950869123105011 0.039155282869489612 -0.00013062637150551649 -0.0012633971772887435 -0.014912891605396826 -0.032321556220429398 0.0080970377877300007 0.036583391351944688 0.014627385648705308 -0.017007879371820397 0.010504298509672244 -0.00027728156977260593 -0.031825959657681521 0.035744551135941195 -0.011225790560173287 0.022982098477563988 0.044793349850326007 0.035770657546920451 0.0085573119727891094 -0.026922184211748714 -0.034511997329157211 -0.030638970112230289 -0.038341091207792062 -0.037325174577488671 -0.029230261429211743 -0.034075314795985766
leaf_weight=106.64495471864939 51.355245880782604 17.808265030384064 21.602686181664467 32.350107967853546 16.909156642854214 41.771367244422436 37.925431527197361 21.189621694386005 29.702452026307583 21.149708569049835 40.115751065313816 91.161144077777863 59.298228047788143 12.892432659864424 24.114573590457439 53.687275558710098 21.906021103262901 39.57995717227459 12.527982987463472 52.425579346716404 81.132794380187988 45.476812228560448 40.660874105989933 10.959554493427275 24.205507434904572 18.131855372339487 22.097369804978371 14.161608420312403 10.315953724086286 28.72900515794754
leaf_count=177 110 77 45 87 76 81 180 130 182 153 164 165 152 96 82 172 147 86 96 150 131 84 112 109 231 190 164 97 98 282
internal_value=0.0146047 0.0284293 0.00753316 -0.00679613 0.0125606 0.00605008 0.00146703 -0.0138533 0.00683168 0.0124683 -0.0137647 0.0239588 0.0332905 -0.0239127 -0.00950606 0.0130025 -0.0123568 0.0201235 -0.0238935 0.0132804 0.0373307 0.0341901 0.0229247 -0.0295677 -0.0316989 -0.03276 -0.0350441 -0.0338085 -0.0329337 -0.0351484
internal_weight=1101.99 372.928 729.061 189.355 539.706 343.503 301.731 157.005 51.3051 175.195 126.536 196.204 333.214 86.4204 45.2643 105.043 39.7143 129.931 105.7 90.351 273.915 192.783 86.1377 84.51 69.5113 71.982 56.6188 61.0225 34.5215 42.8906
internal_count=4106 880 3226 1218 2008 1561 1480 1131 227 651 829 447 656 665 235 282 224 416 904 330 504 373 196 774 589 678 493 569 329 379
is_linear=0
shrinkage=0.03


end of trees

feature_importances:
Column_4=81
Column_26=77
Column_34=61
Column_3=58
Column_24=55
Column_0=51
Column_25=48
Column_27=48
Column_36=45
Column_20=42
Column_5=39
Column_35=39
Column_38=37
Column_28=36
Column_32=32
Column_19=23
Column_2=21
Column_48=21
Column_39=19
Column_41=18
Column_37=16
Column_42=13
Column_47=13
Column_40=12
Column_6=11
Column_1=9
Column_29=9
Column_46=9
Column_7=6
Column_9=5
Column_43=5
Column_16=4
Column_30=4
Column_33=4
Column_11=3
Column_44=3
Column_49=3
Column_10=2
Column_15=2
Column_22=2
Column_45=2
Column_14=1
Column_18=1

parameters:
[boosting: gbdt]
[objective: binary]
[metric: binary_logloss]
[tree_learner: serial]
[device_type: cpu]
[data_sample_strategy: bagging]
[data: ]
[valid: ]
[num_iterations: 33]
[learning_rate: 0.03]
[num_leaves: 31]
[num_threads: 0]
[seed: 0]
[deterministic: 0]
[force_col_wise: 0]
[force_row_wise: 0]
[histogram_pool_size: -1]
[max_depth: -1]
[min_data_in_leaf: 96]
[min_sum_hessian_in_leaf: 0.001]
[bagging_fraction: 0.85]
[pos_bagging_fraction: 1]
[neg_bagging_fraction: 1]
[bagging_freq: 5]
[bagging_seed: 3]
[bagging_by_query: 0]
[feature_fraction: 0.85]
[feature_fraction_bynode: 1]
[feature_fraction_seed: 2]
[extra_trees: 0]
[extra_seed: 6]
[early_stopping_round: 0]
[early_stopping_min_delta: 0]
[first_metric_only: 0]
[max_delta_step: 0]
[lambda_l1: 0]
[lambda_l2: 0]
[linear_lambda: 0]
[min_gain_to_split: 0]
[drop_rate: 0.1]
[max_drop: 50]
[skip_drop: 0.5]
[xgboost_dart_mode: 0]
[uniform_drop: 0]
[drop_seed: 4]
[top_rate: 0.2]
[other_rate: 0.1]
[min_data_per_group: 100]
[max_cat_threshold: 32]
[cat_l2: 10]
[cat_smooth: 10]
[max_cat_to_onehot: 4]
[top_k: 20]
[monotone_constraints: ]
[monotone_constraints_method: basic]
[monotone_penalty: 0]
[feature_contri: ]
[forcedsplits_filename: ]
[refit_decay_rate: 0.9]
[cegb_tradeoff: 1]
[cegb_penalty_split: 0]
[cegb_penalty_feature_lazy: ]
[cegb_penalty_feature_coupled: ]
[path_smooth: 0]
[interaction_constraints: ]
[verbosity: -1]
[saved_feature_importance_type: 0]
[use_quantized_grad: 0]
[num_grad_quant_bins: 4]
[quant_train_renew_leaf: 0]
[stochastic_rounding: 1]
[linear_tree: 0]
[max_bin: 255]
[max_bin_by_feature: ]
[min_data_in_bin: 3]
[bin_construct_sample_cnt: 200000]
[data_random_seed: 1]
[is_enable_sparse: 1]
[enable_bundle: 1]
[use_missing: 1]
[zero_as_missing: 0]
[feature_pre_filter: 1]
[pre_partition: 0]
[two_round: 0]
[header: 0]
[label_column: ]
[weight_column: ]
[group_column: ]
[ignore_column: ]
[categorical_feature: ]
[forcedbins_filename: ]
[precise_float_parser: 0]
[parser_config_file: ]
[objective_seed: 5]
[num_class: 1]
[is_unbalance: 0]
[scale_pos_weight: 2.86229]
[sigmoid: 1]
[boost_from_average: 1]
[reg_sqrt: 0]
[alpha: 0.9]
[fair_c: 1]
[poisson_max_delta_step: 0.7]
[tweedie_variance_power: 1.5]
[lambdarank_truncation_level: 30]
[lambdarank_norm: 1]
[label_gain: ]
[lambdarank_position_bias_regularization: 0]
[eval_at: ]
[multi_error_top_k: 1]
[auc_mu_weights: ]
[num_machines: 1]
[local_listen_port: 12400]
[time_out: 120]
[machine_list_filename: ]
[machines: ]
[gpu_platform_id: -1]
[gpu_device_id: -1]
[gpu_use_dp: 0]
[num_gpu: 1]

end of parameters

pandas_categorical:null
