tree
version=v4
num_class=1
num_tree_per_iteration=1
label_index=0
max_feature_idx=35
objective=cross_entropy
feature_names=Column_0 Column_1 Column_2 Column_3 Column_4 Column_5 Column_6 Column_7 Column_8 Column_9 Column_10 Column_11 Column_12 Column_13 Column_14 Column_15 Column_16 Column_17 Column_18 Column_19 Column_20 Column_21 Column_22 Column_23 Column_24 Column_25 Column_26 Column_27 Column_28 Column_29 Column_30 Column_31 Column_32 Column_33 Column_34 Column_35
feature_infos=[0.29999999999999999:0.84999999999999998] [0.10000000000000001:0.62829999999999997] [0.050000000000000003:0.94999999999999996] [360:3592] [0:1] [0.17999999999999999:3117.1300000000001] [7.081735025081145e-05:0.96267140210006175] [120:3592] [0.033333333333333333:0.99777777777777776] [0.02:0.998] [-0.65000000000000002:0.40800000000000003] [0.29999999999999999:0.998] [0:0.87] [0:0.40800000000000003] [-0.65000000000000002:0.40799999999999997] [1.9459101490553132:5.3925413475610755] [-0.72000000000000008:0.30999999999999994] [-0.72000000000000008:0.43600000000000005] [-0.0024168038562248978:0.017013156637963055] [0:0.017013156637963055] [-0.0040229999999999997:0.0057109999999999999] [-0.0041269999999999996:0.00726] [-0.010337000000000001:0.013754000000000001] [2.0000000000000002e-05:0.0022790000000000002] [-0.0026879999999999999:0.0057109999999999999] [-0.0038349999999999999:0.00726] [-0.0071520000000000004:0.013754000000000001] [-0.01687:0.0024139999999999999] [0.00099999999999988987:0.76000000000000001] [0:11.161735451262066] [0:11.412437724702407] [0:0.96999999999999997] [-1:1] [-207.94:19.09] [0:1] [0:1]
tree_sizes=1737 1792 1783 1786 1785 1790 1792 1786 1794 1810 1781 1786 1809 1793 1807 1807 1803 1794 1798 1794 1810 1799 1796 1798 1789 1803 1806 1794 1793 1803 1802 1794 1797 1787 1809 1808 1782 1790 1805 1807 1808 1797 1789 1799 1800 1790 1791 1798 1796 1800 1801 1791 1803 1807 1793 1775 1779 1790 1779 1795 1785 1794 1787 1777 1792 1787 1792 1777 1798 1816 1794 1797 1792 1798 1790 1793 1797 1793 1790 1782 1791 1786 1794 1784 1791 1780 1784 1790 1797 1795 1797 1795 1793 1791 1806 1810 1794 1793 1793 1797 1801 1781 1811 1790 1793 1791 1788 1817 1795 1796 1793 1782 1803 1803 1782 1796 1789 1809 1801 1797 1804 1801 1783 1788 1793 1797 1806 1815 1798 1795 1799 1790 1813 1798 1800 1820 1791 1799 1811 1784 1798 1795 1806 1803 1791 1806 1806 1805 1813 1812 1813 1793 1806 1784 1805 1791 1787 1803 1805 1807 1796 1783 1811 1806 1797 1800 1784 1796 1787 1782 1807 1781 1789 1817 1795 1803 1801 1822 1814 1797 1799 1790 1803 1814 1819 1809 1816 1797 1811 1790 1797 1787 1809 1807 1803 1810 1810 1795 1801 1787 1803 1783 1775 1793 1809 1797 1804 1803 1814 1813 1797 1802 1800 1806 1807 1796 1791 1801 1799 1798 1805 1797 1812 1797 1795 1812 1809 1794 1810 1802 1805 1807 1790 1817 1792 1796 1803 1808 1804 1789 1800 1790 1804 1800 1792 1796 1795 1814 1786 1791 1814 1818 1806 1796 1806 1810 1793 1820 1785 1801 1796 1817 1815 1807 1799 1796 1812 1791 1802 1813 1806 1806 1813 1804 1797 1802 1793 1815 1811 1809 1815 1805 1795 1794 1805 1790 1810 1814 1810 1797 1802 1808 1805 1815 1790 1809 1795 1800 1820 1816 1808 1809 1805 1805 1812 1815 1824 1821 1820 1802 1803 1804 1796 1804 1809 1809 1804 1812 1803 1802 1817 1806 1797 1807 1792 1801 1827 1812 1819 1809 1808 1802 1808 1792 1815 1800 1803 1807 1809 1801 1811 1805 1805 1807 1808 1808 1813 1803 1786 1820 1801 1803 1806 1798 1798 1790 1803 1810 1812 1825 1809 1808 1797 1787 1811 1804 1801 1805 1820 1807 1801 1783 1805 1797 1815 1805 1796 1807 1792 1792 1799 1807 1807 1793 1798 1802 1793 1808 1808 1799 1802 1806 1777 1795 1812 1803 1794 1797 1801 1799 1790 1795 1802 1799 1812 1796 1793 1802 1804 1789 1805 1787 1802 1816 1802 1802 1795 1807 1798 1807 1793 1820 1803 1812 1813 1803 1806 1810 1796 1805 1794 1813 1806 1782 1805 1809 1800 1796 1804 1820 1808 1803 1831 1809 1802 1808 1792 1822 1809 1811 1830 1800 1814 1797 1806 1813 1810 1820 1813 1802 1816 1820 1811 1813 1804 1801 1803 1808 1804 1808 1808 1812 1800 1785 1792 1809 1801 1807 1819 1811 1805 1817 1809 1808 1803 1793 1820 1822 1794 1793 1817 1798 1821 1810 1794 1819 1816 1820 1805 1784

Tree=0
num_leaves=15
num_cat=0
split_feature=9 31 33 33 11 2 2 3 2 0 0 3 1 3
split_gain=121175 19363.8 15807.4 12480.5 12291.5 10928.4 9962.55 6203.51 6312.3 6013.88 5584.06 5534.82 6164.56 5124.56
threshold=0.70200000000000007 0.41500000000000004 4.2600000000000007 -6.3149999999999986 0.86150000000000004 0.93825000000000014 0.054850000000000003 3341.5000000000005 0.054850000000000003 0.66500000000000015 0.62500000000000011 3008.5000000000005 0.27105000000000007 3181.0000000000005
decision_type=2 2 2 2 2 2 2 2 2 2 2 2 2 2
left_child=1 3 4 5 7 13 -4 8 -2 10 -3 12 -12 -1
right_child=2 9 6 -5 -6 -7 -8 -9 -10 -11 11 -13 -14 -15
leaf_value=0.44459202558784605 0.45024715983318386 0.40341488397633718 0.53909445381283294 0.39734351963546471 0.54175224974098968 0.5185308460855016 0.36431866315369482 0.54401171343267318 0.5064695858297189 0.38739753716226139 0.36619349042456251 0.42696759944512802 0.5264062279222842 0.48844416072545987
leaf_weight=22608.206336438656 5906.427515566349 10842.523476183414 1200.5317488312721 6573.9137334823608 52384.224037706852 9517.2213353812695 2540.9289843142033 8953.7497542500496 32257.509750276804 14049.99523499608 724.56454467773438 7262.1557065844536 3501.5902442336082 9445.5196356475353
leaf_count=95854 25042 45970 5090 27872 222098 40351 10773 37962 136765 59569 3072 30790 14846 40047
internal_value=0.484948 0.440556 0.521292 0.46136 0.525086 0.471483 0.420399 0.506556 0.497768 0.413026 0.429152 0.453442 0.498936 0.457514
internal_weight=187769 84525.7 103243 48144.9 99501.9 41570.9 3741.46 47117.7 38163.9 36380.8 22330.8 11488.3 4226.15 32053.7
internal_count=796101 358371 437730 204124 421867 176252 15863 199769 161807 154247 94678 48708 17918 135901
is_linear=0
shrinkage=1


Tree=1
num_leaves=15
num_cat=0
split_feature=31 33 33 11 9 2 2 3 3 3 3 33 2 33
split_gain=109368 15879.7 15019.9 12895.8 12708.1 10048.1 9121.95 6198.66 5145.65 5964.63 5416.06 5129.97 5068.1 5026.47
threshold=0.29250000000000004 -6.9249999999999989 4.2600000000000007 0.86150000000000004 0.56500000000000006 0.93825000000000014 0.054850000000000003 3341.5000000000005 3181.0000000000005 3295.0000000000005 3030.5000000000005 -14.699999999999998 0.054850000000000003 -3.8299999999999996
decision_type=2 2 2 2 2 2 2 2 2 2 2 2 2 2
left_child=2 4 3 7 11 8 -4 12 10 -10 -6 -2 -1 -14
right_child=1 -3 6 -5 5 -7 -8 -9 9 -11 -12 -13 13 -15
leaf_value=-0.030512670380909851 -0.06725072490595628 -0.092696984601082472 0.051683673339567887 0.054572167224033533 -0.028973021144191553 0.031022002771773083 -0.11178323687115088 0.055524881295783569 0.070128993765080805 -0.021873884104872093 -0.08892471793915771 0.0021853486220836595 0.022471951660919712 -0.065838460594695419
leaf_weight=6314.6713941544294 24645.771814256907 13737.835844144225 1231.7022811621428 51920.912146881223 16898.520228505135 8951.9207754284143 2778.4202406257391 9492.0451355427504 2398.5867251008749 6633.2625153809786 4847.9545567184687 2981.8379032760859 33113.161980971694 1693.6315676271915
leaf_count=26561 102882 57230 5287 223275 70989 38228 11491 40811 10174 28111 20359 12483 141024 7196
internal_value=4.90471e-05 -0.043705 0.0333521 0.0370648 -0.0337128 -0.0156023 -0.0615746 0.0191051 -0.0291632 0.00255981 -0.0423384 -0.0597565 0.0106982 0.0181748
internal_weight=187640 81095.7 106545 102534 67357.9 39730.2 4010.12 50613.5 30778.3 9031.85 21746.5 27627.6 41121.5 34806.8
internal_count=796101 340456 455645 438867 283226 167861 16778 215592 129633 38285 91348 115365 174781 148220
is_linear=0
shrinkage=0.05


Tree=2
num_leaves=15
num_cat=0
split_feature=9 33 33 31 11 2 2 3 3 33 33 33 1 1
split_gain=98853.4 15312.3 12992 12803.1 10626 8827.2 7743.46 5515.17 7026.56 5404.72 5175.16 5055.03 4952.29 7620.93
threshold=0.70200000000000007 -6.9249999999999989 4.2600000000000007 0.41500000000000004 0.86150000000000004 0.93825000000000014 0.054850000000000003 3135.0000000000005 2987.5000000000005 -14.699999999999998 -180.34999999999997 -2.7899999999999996 0.35740000000000005 0.31690000000000007
decision_type=2 2 2 2 2 2 2 2 2 2 2 2 2 2
left_child=1 3 4 5 7 12 -4 8 -2 -5 -10 -9 13 -1
right_child=2 -3 6 9 -6 -7 -8 11 10 -11 -12 -13 -14 -15
leaf_value=-0.021155110408354341 0.018436777579486027 -0.085859484244503334 0.050335743297365398 -0.062175573878083423 0.052875560213553621 0.030910708537761924 -0.10420003614685087 0.049041680440830897 0.071457377040505407 0.0061673109831739473 -0.06551008277542085 -0.10811602434089967 0.040586923380540992 -0.10174630023976823
leaf_weight=26059.619507923722 25428.484384775162 14686.077436700463 1167.6216226816177 26617.452299952507 50866.81052428484 9362.8640814125538 2650.7624694406986 15318.230751335621 813.48780226707458 3245.5739844590425 4527.5865762233734 529.26342138648033 2695.4766668975353 3305.4112904369831
leaf_count=109259 108647 60216 5090 109788 222098 40351 10773 66275 3422 13598 19199 2226 11293 13866
internal_value=6.32042e-05 -0.0393694 0.0335286 -0.0297917 0.0370724 -0.0118 -0.0569445 0.0198286 0.00748623 -0.0547479 -0.0446479 0.0437924 -0.0242732 -0.030227
internal_weight=187275 85972.5 101302 71286.4 97483.9 41423.4 3818.38 46617.1 30769.6 29863 5341.07 15847.5 32060.5 29365
internal_count=796101 358371 437730 298155 421867 174769 15863 199769 131268 123386 22621 68501 134418 123125
is_linear=0
shrinkage=0.05


Tree=3
num_leaves=15
num_cat=0
split_feature=9 33 33 31 11 2 2 3 2 3 33 3 3 3
split_gain=89379.7 13536.6 11813 11377.6 9921.82 7964.72 6908.19 5085.06 6848.82 6055.3 4790.07 4765.28 5202.35 5034.01
threshold=0.70200000000000007 -6.9249999999999989 4.2600000000000007 0.41500000000000004 0.86150000000000004 0.93825000000000014 0.054850000000000003 3135.0000000000005 0.93870000000000009 2987.5000000000005 -14.699999999999998 3181.0000000000005 2734.5000000000005 3295.0000000000005
decision_type=2 2 2 2 2 2 2 2 2 2 2 2 2 2
left_child=1 3 4 5 7 11 -4 8 9 -2 -5 12 -1 -13
right_child=2 -3 6 10 -6 -7 -8 -9 -10 -11 -12 13 -14 -15
leaf_value=-0.014053482452107975 0.0067570241589810301 -0.080604445538298763 0.048562071178651245 -0.05847626012113219 0.051060499873167166 0.029622602096813517 -0.097936328245322612 0.042156025298475307 0.048796110600791753 -0.056331178990426459 0.0058668551171214087 0.068720038584488038 -0.062008313751393034 -0.014800317402040634
leaf_weight=12851.146236479282 18445.113740906119 14856.601540476084 1150.2045173943043 26879.094828292727 50061.85706654191 9283.5548627823591 2678.4889261722565 15646.364966139197 7465.5784017890692 4791.3840887546539 3241.3144944310188 2454.3351593017578 10100.673471882939 6809.2811693847179
leaf_count=53491 79097 60216 5090 109788 222098 40351 10773 68501 32070 20101 13598 10524 41791 28612
internal_value=7.49556e-05 -0.0371702 0.0322063 -0.0281602 0.0356269 -0.011182 -0.0539256 0.0189567 0.00713372 -0.006252 -0.0515522 -0.0229408 -0.0351577 0.00732836
internal_weight=186715 86476 100239 71619.4 96410.3 41499 3828.69 46348.4 30702.1 23236.5 30120.4 32215.4 22951.8 9263.62
internal_count=796101 358371 437730 298155 421867 174769 15863 199769 131268 99198 123386 134418 95282 39136
is_linear=0
shrinkage=0.05


Tree=4
num_leaves=15
num_cat=0
split_feature=31 33 9 11 33 2 2 15 11 3 3 2 1 13
split_gain=81045.1 11260.8 11229.6 10395.7 7892.48 8424.54 6518.32 5513.26 5508.97 5154.37 4836.49 5251.96 4267.74 3860.33
threshold=0.29250000000000004 4.2600000000000007 0.50500000000000012 0.86150000000000004 -6.3149999999999986 0.93825000000000014 0.054850000000000003 2.0613957098106064 0.6695000000000001 3341.5000000000005 3303.5000000000005 0.93870000000000009 0.35740000000000005 0.18050000000000008
decision_type=2 2 2 2 2 2 2 2 2 2 2 2 2 2
left_child=1 3 -2 9 5 7 -3 -4 -7 10 11 -1 -9 -12
right_child=2 6 4 -5 -6 8 -8 12 -10 -11 13 -13 -14 -15
leaf_value=0.0019288516805091801 -0.067065825004815352 0.04675741617855176 0.064676020904182854 0.049139012144639824 -0.069719796830731137 -0.070536393227442332 -0.092806147157863506 -0.037798805983679948 0.03340248399543308 0.05079379003871301 -0.10458193728479433 0.043500857182586145 0.020178567655937993 0.065954864696828652
leaf_weight=28393.643768638372 22409.043376937509 1180.6975395530462 1514.646936878562 49514.660497426987 8674.3560425937176 1464.2969443053007 2870.4055154472589 35165.014248639345 9848.4553144276142 9107.2924293428659 1529.4172820299864 10372.642720803618 3488.9676289707422 423.70783472061157
leaf_count=121219 90839 5287 6322 223275 34881 6186 11491 145278 42476 40811 6510 45190 14474 1862
internal_value=8.42962e-05 0.0295814 -0.0368537 0.0329136 -0.0255991 -0.0181649 -0.0521301 -0.0288988 0.0199484 0.0167898 0.00918436 0.0130523 -0.0325656 -0.0675845
internal_weight=185957 103392 82564.8 99341.4 60155.7 51481.4 4051.1 40168.6 11312.8 49826.7 40719.4 38766.3 38654 1953.13
internal_count=796101 455645 340456 438867 249617 214736 16778 166074 48662 215592 174781 166409 159752 8372
is_linear=0
shrinkage=0.05


Tree=5
num_leaves=15
num_cat=0
split_feature=9 9 33 11 33 3 3 0 15 33 15 0 3 3
split_gain=73736.8 12303.3 9442.91 7420.38 7129.33 6020.03 5593.04 4834.27 4527.92 5710.79 4896.78 4521.87 4889.82 4162.58
threshold=0.71050000000000002 0.57150000000000001 4.2600000000000007 0.86150000000000004 -6.9249999999999989 3512.5000000000005 3385.0000000000005 0.66500000000000015 2.8265409023160699 -64.484999999999985 3.5717949193831546 0.62500000000000011 3008.5000000000005 3135.0000000000005
decision_type=2 2 2 2 2 2 2 2 2 2 2 2 2 2
left_child=1 7 3 13 5 8 -4 11 9 -3 -10 -1 -13 -2
right_child=2 4 6 -5 -6 -7 -8 -9 10 -11 -12 12 -14 -15
leaf_value=-0.061800186001363472 0.0077975997463203758 -0.020866042058817001 -0.087916041876973938 0.047916287221154749 -0.060353676562674222 0.063880638057109307 0.04783470228776919 -0.075810169440359121 -0.045583625646458015 0.025376169841890724 0.036537184668190267 0.024180897887990681 -0.042082761700449112 0.041253331048915612
leaf_weight=11442.66699180007 27564.690334275365 15483.930012315512 2557.3500089347363 48133.114782616496 7832.554956972599 2687.172314748168 1078.757416009903 14793.926827654243 13616.671902120113 11737.960326418281 2094.4295303076506 4386.5744106769562 7620.6510892212391 14029.410849258304
leaf_count=46144 118568 65274 10234 220853 31538 11697 4927 59565 56918 49582 8826 17965 30912 62841
internal_value=7.04686e-05 -0.0317764 0.0313488 0.0345499 -0.0162847 -0.00871833 -0.0476414 -0.0534289 -0.0132624 -0.000926582 -0.034636 -0.0393089 -0.0178748 0.0190821
internal_weight=185060 91696.5 93363.3 89727.2 53452.7 45620.2 3636.11 38243.8 42933 27221.9 15711.1 23449.9 12007.2 41594.1
internal_count=795844 378421 417423 402262 223835 192297 15161 154586 180600 114856 65744 95021 48877 181409
is_linear=0
shrinkage=0.05


Tree=6
num_leaves=15
num_cat=0
split_feature=31 33 3 33 31 11 2 33 2 2 1 2 3 33
split_gain=66899.9 11147.9 9899.54 8631.79 8378.24 7001.67 6143.45 5286.7 5071.78 4417.47 4548.23 5041.58 4379.89 4155.73
threshold=0.27150000000000007 -6.9249999999999989 3512.5000000000005 4.2600000000000007 0.39450000000000007 0.86150000000000004 0.054850000000000003 -13.869999999999999 0.054850000000000003 0.054850000000000003 0.27950000000000008 0.054250000000000007 3181.0000000000005 -184.93499999999997
decision_type=2 2 2 2 2 2 2 2 2 2 2 2 2 2
left_child=3 2 4 5 6 9 13 -6 -5 10 -1 -12 -9 -2
right_child=1 -3 -4 8 7 -7 -8 12 -10 -11 11 -13 -14 -15
leaf_value=-0.072095254966119071 0.077706034841273156 -0.068704228031724129 0.054977212504245199 0.04625953263447638 -0.051608787037947315 0.046350226246833215 -0.0014583162453679487 -0.039074425898386403 -0.083850278385742619 0.02520383887128156 0.040374212344687209 -0.1078539526647499 0.070665165461036697 -0.066064844005743445
leaf_weight=2529.6840868890285 547.56144204735756 15573.198786020279 3932.5044159293175 1060.195431381464 30035.651414096355 47299.644800916314 31917.696744203568 1950.0442189276218 2551.1650824546814 35002.304294094443 3215.2395168244839 698.11715561151505 1703.3559674173594 6114.2834375053644
leaf_count=10624 2240 62455 16933 4927 121360 220893 134617 8115 10248 154398 13952 2860 7116 25106
internal_value=7.70185e-05 -0.0301568 -0.0222787 0.0301202 -0.0264827 0.0332038 -0.0105739 -0.0447009 -0.0456534 0.0182003 -0.0198465 0.0139292 0.0120909 -0.0542468
internal_weight=184131 91774.3 76201.1 92356.4 72268.6 88745 38579.5 33689.1 3611.36 41445.3 6443.04 3913.36 3653.4 6661.84
internal_count=795844 377942 315487 417902 298554 402727 161963 136591 15175 181834 27436 16812 15231 27346
is_linear=0
shrinkage=0.05


Tree=7
num_leaves=15
num_cat=0
split_feature=9 9 10 15 33 3 15 33 15 2 2 3 3 15
split_gain=60960.5 10367.9 8041.92 7817.86 6994.93 6716 6688.69 6077.44 7650.21 6947.32 4895.89 6094.61 5213.82 4737.09
threshold=0.68500000000000016 0.79250000000000009 -0.19499999999999998 2.9115901488466207 -6.3149999999999986 3512.5000000000005 3.5717949193831546 -67.064999999999984 2.9588524255452335 0.94550000000000012 0.068350000000000008 3207.5000000000005 2468.0000000000005 2.9843722451248635
decision_type=2 2 2 2 2 2 2 2 2 2 2 2 2 2
left_child=2 3 -1 10 5 7 13 9 -9 -4 11 12 -2 -5
right_child=1 -3 4 6 -6 -7 -8 8 -10 -11 -12 -13 -14 -15
leaf_value=-0.066706224673722642 0.029341100494075081 0.039287740993370041 -0.046470362729240024 -0.11167294754616004 -0.064578625295625566 0.052935135010707117 0.057644940645216171 0.019222071317194608 -0.036744307398292479 0.059996724630276069 0.038937487465709422 0.04692994125357295 -0.061979378951113162 -0.021377206419290404
leaf_weight=14631.711038470268 2358.8832867592573 57519.796133980155 24404.81281632185 1626.4802495986223 9749.0376112163067 3096.238651484251 2471.7339898496866 13987.255460426211 10836.569739893079 1634.7994382381439 18673.81125035882 3887.1353725790977 4632.1380619108677 13573.195504635572
leaf_count=58700 10111 268208 99526 7053 39038 13359 10912 58412 44551 7012 83307 17690 19424 58541
internal_value=8.25633e-05 0.0250342 -0.0332784 0.00767287 -0.0256011 -0.0185589 -0.0186354 -0.022911 -0.00520949 -0.039786 0.0234046 -0.00325975 -0.0311664 -0.0310402
internal_weight=183084 104743 78340.4 47223.4 63708.7 53959.7 17671.4 50863.4 24823.8 26039.6 29552 10878.2 6991.02 15199.7
internal_count=795844 475246 320598 207038 261898 222860 76506 209501 102963 106538 130532 47225 29535 65594
is_linear=0
shrinkage=0.05


Tree=8
num_leaves=15
num_cat=0
split_feature=9 33 3 33 31 11 2 11 33 2 11 33 2 3
split_gain=55401.6 9348.2 8226.27 7826.95 6934.79 6316.26 5262.02 4758.17 5672.07 4564.94 3842.56 5249.16 3829.37 4004.5
threshold=0.71050000000000002 -6.9249999999999989 3512.5000000000005 4.2600000000000007 0.39450000000000007 0.86150000000000004 0.93825000000000014 0.7895000000000002 -13.869999999999999 0.054850000000000003 0.85950000000000004 4.2600000000000007 0.054850000000000003 2525.5000000000005
decision_type=2 2 2 2 2 2 2 2 2 2 2 2 2 2
left_child=1 2 4 5 6 12 -1 8 -6 -5 -3 -12 -2 -14
right_child=3 10 -4 9 7 -7 -8 -9 -10 -11 11 -13 13 -15
leaf_value=-0.018696550383832923 -0.018777771087622994 -0.073374551809827826 0.051311242174027522 0.043985520105657906 -0.038083028198485906 0.043689088570289442 0.027005287947314216 -0.073297218018482158 0.036346457034109041 -0.080791620790121796 0.065022902552482068 -0.080641432277101077 -0.0028643067255276228 0.034407721942647337
leaf_weight=30836.060101419687 6431.5320494621992 13073.293562203646 3838.0660240799189 1031.5484835058451 22644.064278006554 45760.069021821022 7914.867395401001 8275.4945198744535 2885.8665329664946 2532.1464602798223 1278.3229242414236 1197.9910186976194 10282.324646681547 24090.367241278291
leaf_count=127290 27394 52537 16991 4927 91163 220853 35036 33309 12119 10234 5160 4816 45296 108719
internal_value=8.82058e-05 -0.027219 -0.0200261 0.0279456 -0.0237998 0.0309353 -0.00936192 -0.0403497 -0.0296695 -0.0446734 -0.062557 -0.00544699 0.0166324 0.0232581
internal_weight=182072 91944 76394.4 90128 72556.4 86564.3 38750.9 33805.4 25529.9 3563.69 15549.6 2476.31 40804.2 34372.7
internal_count=795844 378421 315908 417423 298917 402262 162326 136591 103282 15161 62513 9976 181409 154015
is_linear=0
shrinkage=0.05


Tree=9
num_leaves=15
num_cat=0
split_feature=9 9 15 33 15 10 33 33 33 33 23 27 2 2
split_gain=50471.7 9023.29 6931.52 6762.59 5953.77 5755.75 5601.02 8612.26 8148.02 5882.83 4643.06 4598.01 4354.88 4545.66
threshold=0.68500000000000016 0.79250000000000009 2.9115901488466207 -6.9249999999999989 3.5717949193831546 -0.19499999999999998 -67.064999999999984 -149.65999999999997 -56.889999999999993 -15.009999999999998 0.00062950000000000018 -0.00065049999999999993 0.068350000000000008 0.064700000000000021
decision_type=2 2 2 2 2 2 2 2 2 2 2 2 2 2
left_child=3 2 12 5 11 -1 7 10 -8 -10 -7 -4 13 -2
right_child=1 -3 4 -5 -6 6 8 -9 9 -11 -12 -13 -14 -15
leaf_value=-0.056177878553006523 0.010038349274140978 0.036737520920717304 -0.016690545053864702 -0.062291427672072977 0.055197634392865597 -0.0016805834015271093 0.059024555015221636 -0.072067325073676358 -0.031571484738180784 0.024885415050085721 -0.068853524272775163 -0.089042800469512198 0.036813319627776793 -0.08252475192523949
leaf_weight=11113.084855630994 9279.3809317052364 55813.622328028083 12568.794675782323 13534.532763108611 2413.1573962271214 15580.848642528057 4782.9506248831749 9114.2036594748497 14231.410022854805 6827.8220791071653 3081.1328918039799 2660.6290648430586 18301.915301129222 1547.4572444707155
leaf_count=44624 40631 268208 54169 54621 10912 64139 20196 37101 58241 29046 12630 11425 83307 6594
internal_value=9.12044e-05 0.0231628 0.0069637 -0.0301493 -0.0177691 -0.0234287 -0.0166409 -0.0322283 0.000113117 -0.013267 -0.0127713 -0.0293312 0.0219438 -0.00319214
internal_weight=180851 102585 46771.3 78266 17642.6 64731.5 53618.4 27776.2 25842.2 21059.2 18662 15229.4 29128.8 10826.8
internal_count=795844 475246 207038 320598 76506 265977 221353 113870 107483 87287 76769 65594 130532 47225
is_linear=0
shrinkage=0.05


Tree=10
num_leaves=15
num_cat=0
split_feature=9 31 15 15 33 33 2 2 3 11 34 2 2 3
split_gain=46196.3 8826.34 6813.99 11176.1 5293.77 4803.33 6143.4 4636.52 7006.17 4899.47 4682.95 4518.4 4223 3730.41
threshold=0.72050000000000003 0.41500000000000004 2.9115901488466207 2.9843722451248635 4.2600000000000007 -6.3149999999999986 0.93825000000000014 0.068350000000000008 3207.5000000000005 0.87450000000000017 0.29150000000000004 0.93180000000000007 0.054850000000000003 3135.0000000000005
decision_type=2 2 2 2 2 2 2 2 2 2 2 2 2 2
left_child=1 5 7 11 -5 6 13 8 9 10 -2 -4 -6 -1
right_child=2 -3 3 4 12 -7 -8 -9 -10 -11 -12 -13 -14 -15
leaf_value=-0.024714424151133191 0.026689498895298681 -0.042225015029475781 -0.1355455789079911 0.024239201817116536 0.046276969339653168 -0.047858899057837252 0.027062296615073575 0.050085586810691266 0.056421943487909659 0.044368469609378867 -0.06935615568789498 0.062905256049671329 -0.078108489160182926 0.0094464615014199903
leaf_weight=27964.03669641912 1862.1589035391808 38113.661793246865 1712.2750628292561 30583.63826726377 959.1715163141489 7767.4086096435785 11186.619185492396 32987.135231658816 6230.966696113348 2542.9170265644789 3984.7147733718157 344.47523261606693 2364.0131506174803 11189.361064195633
leaf_count=114782 7940 154077 7674 145912 4721 31696 50633 159623 30484 12675 17061 1593 9637 47588
internal_value=9.32688e-05 -0.0235268 0.0272885 0.0108618 0.0177268 -0.0112623 -0.00561537 0.0396974 0.0162596 -0.0135686 -0.0387668 -0.102307 -0.0422068 -0.0149518
internal_weight=179793 96221.1 83571.5 35963.6 33906.8 58107.4 50340 47607.9 14620.8 8389.79 5846.87 2056.75 3323.18 39153.4
internal_count=796096 398776 397320 169537 160270 244699 213003 227783 68160 37676 25001 9267 14358 162370
is_linear=0
shrinkage=0.05


Tree=11
num_leaves=15
num_cat=0
split_feature=9 9 15 15 33 3 15 33 33 0 1 11 1 3
split_gain=42055.5 8117.82 6350.38 9886.24 5420.87 5979.6 6034.46 7478.04 4834.17 4676.56 4643.97 4555.17 3882.52 3860.99
threshold=0.72050000000000003 0.50500000000000012 2.9115901488466207 2.9843722451248635 -6.3149999999999986 3512.5000000000005 2.8265409023160699 -64.484999999999985 4.2600000000000007 0.78500000000000014 0.35400000000000004 0.83600000000000008 0.40095000000000008 3385.0000000000005
decision_type=2 2 2 2 2 2 2 2 2 2 2 2 2 2
left_child=1 -1 9 12 5 6 7 -3 -5 -2 -8 -6 -4 -10
right_child=2 4 3 8 11 -7 10 -9 13 -11 -12 -13 -14 -15
leaf_value=-0.048700687020721584 0.039922264417433011 -0.018925234846786321 -0.1239869865833837 0.023252972564843988 -0.064090478229768308 0.052138310822852842 -0.041155853399348546 0.026721440498919804 -0.07511379919046314 -0.12768294758549867 0.031930666925343805 0.022545680253855203 0.061174134479092472 0.044894141429581813
leaf_weight=22448.643278285861 46347.197009593248 22145.229486733675 1776.5052033811808 30294.268048420548 8304.7123743593693 3770.4922955036163 20051.910051971674 15083.655593916774 2336.0521841943264 419.86668433248997 2437.6292443275452 1856.2948642075062 336.71281568706036 939.78109623491764
leaf_count=90825 225950 91933 7674 145912 33987 17377 82587 64363 9637 1833 10101 7603 1593 4721
internal_value=9.85667e-05 -0.0223785 0.0262964 0.0104104 -0.0143554 -0.00892868 -0.0127844 -0.000431005 0.0170137 0.0384173 -0.0332339 -0.048263 -0.0944826 -0.0406852
internal_weight=178549 96098.6 82450.4 35683.3 73649.9 63488.9 59718.4 37228.9 33570.1 46767.1 22489.5 10161 2113.22 3275.83
internal_count=796096 398776 397320 169537 307951 266361 248984 156296 160270 227783 92688 41590 9267 14358
is_linear=0
shrinkage=0.05


Tree=12
num_leaves=15
num_cat=0
split_feature=9 11 10 1 0 1 1 13 0 18 2 2 23 1
split_gain=38456.4 8024.23 5562.78 3579.5 3323.47 5096.8 5584.72 5509.45 4607.01 3310.67 2844.99 7186.33 2969.53 2807.62
threshold=0.68500000000000016 0.86150000000000004 -0.19499999999999998 0.16940000000000002 0.54500000000000015 0.35400000000000004 0.32890000000000003 0.049499999999999995 0.66500000000000015 0.00050327982133114635 0.93100000000000016 0.92920000000000014 0.00046350000000000004 0.35890000000000005
decision_type=2 2 2 2 2 2 2 2 2 2 2 2 2 2
left_child=2 3 13 -2 -4 6 8 -7 -6 -3 11 12 -5 -1
right_child=1 9 4 10 5 7 -8 -9 -10 -11 -12 -13 -14 -15
leaf_value=-0.060456924686977276 -0.10571921557788065 -0.05025225946371268 -0.063136674378164601 -0.020147275683784941 -0.00040941152314256528 -0.066621917399401417 -0.067456476533225937 0.081326776598009659 -0.030698162328671088 0.038204739694645037 0.023778108798114862 -0.10831786023876447 0.014437490087605207 0.024098960785612494
leaf_weight=13370.683845147491 687.72431805729866 1083.3890064805746 4144.5257274061441 8525.9716088622808 25910.585680112243 845.33417925238609 5663.9487631171942 2460.9149329066277 24355.068114176393 44592.973361968994 20325.608505055308 1463.5918421298265 22815.401324376464 1059.470130994916
leaf_count=54461 2934 4937 16831 37398 107589 3411 23009 10250 100575 228300 95026 6099 101005 4271
internal_value=0.000100761 0.0206934 -0.0262306 0.00761205 -0.0198515 -0.0168229 -0.0203889 0.0434987 -0.0150852 0.0361065 0.00907921 -2.81209e-05 0.00502917 -0.0542487
internal_weight=177305 99494.7 77810.5 53818.3 63380.4 59235.9 55929.6 3306.25 50265.7 45676.4 53130.6 32805 31341.4 14430.2
internal_count=796096 475699 320397 242462 261665 244834 231173 13661 208164 233237 239528 144502 138403 58732
is_linear=0
shrinkage=0.05


Tree=13
num_leaves=15
num_cat=0
split_feature=9 33 15 15 2 11 1 11 1 1 33 13 13 2
split_gain=35008.7 7397.91 5963.58 8429.96 5630.4 6299.84 5912.43 7813.9 7219.52 10166.1 4448.15 4369.32 3593.1 3492.32
threshold=0.72050000000000003 -6.9249999999999989 2.9115901488466207 2.9843722451248635 0.93825000000000014 0.67850000000000021 0.35740000000000005 0.6695000000000001 0.32640000000000008 0.30675000000000002 4.2600000000000007 0.080000000000000057 0.24950000000000003 0.054850000000000003
decision_type=2 2 2 2 2 2 2 2 2 2 2 2 2 2
left_child=1 4 11 -4 6 -6 8 -8 9 -1 -5 -2 -7 -12
right_child=2 -3 3 10 5 12 7 -9 -10 -11 13 -13 -14 -15
leaf_value=-0.028463130644935438 -0.0119240401686531 -0.051840952860134196 -0.087032828557717934 0.021228019188561532 -0.060751904025750807 0.030890604956727533 -0.049119841939812586 0.060454129928912352 -0.076175220759777534 0.041245778927545329 0.042566025066110971 0.041320043854436717 -0.065211851631670772 -0.073249216858427141
leaf_weight=43443.095325946808 4250.2421294748783 15595.272877439857 2149.575593188405 29650.045032933354 2583.3000415712595 13510.947055160999 2514.3823158591986 4609.8435163497925 6487.0136845260859 5945.9749047011137 905.74548022449017 41233.124816730618 1047.9682151973248 2312.9336672574282
leaf_count=178090 19376 64569 9267 145912 10718 60022 10156 19389 26251 25035 4721 208407 4546 9637
internal_value=0.000101366 -0.0203333 0.0244036 0.00889395 -0.014202 0.0112045 -0.0211151 0.0217816 -0.0265844 -0.0200708 0.0151677 0.0363446 0.0239726 -0.0406582
internal_weight=176239 95737.8 80501.7 35018.3 80142.5 17142.2 63000.3 7124.23 55876.1 49389.1 32868.7 45483.4 14558.9 3218.68
internal_count=796096 398776 397320 169537 334207 75286 258921 29545 229376 203125 160270 227783 64568 14358
is_linear=0
shrinkage=0.05


Tree=14
num_leaves=15
num_cat=0
split_feature=9 11 33 10 33 33 33 33 33 23 23 1 1 1
split_gain=32173.3 7210.28 6809.26 5073.85 4233.3 4617.35 7335.23 7187.88 4596.46 4242.3 4107.02 3438.74 3201.99 3128.46
threshold=0.68500000000000016 0.86150000000000004 -3.8299999999999996 -0.19499999999999998 -6.3149999999999986 -67.064999999999984 -149.65999999999997 -56.889999999999993 -15.009999999999998 0.00062950000000000018 0.00071450000000000018 0.16940000000000002 0.34955000000000008 0.19945000000000004
decision_type=2 2 2 2 2 2 2 2 2 2 2 2 2 2
left_child=3 2 11 -1 5 6 9 12 -9 -5 -8 -2 -7 -13
right_child=1 -3 -4 4 -6 7 10 8 -10 -11 -12 13 -14 -15
leaf_value=-0.050912910594946938 -0.097960129974224042 0.034122964263701448 -0.055484503517815337 0.0019267524806024815 -0.048967589890422089 0.070329770784417212 -0.075596988241457164 -0.026127720600681636 0.0229742740503757 -0.062378904496571234 0.028788994883772415 0.061755661971836656 -0.086850059141318325 0.010190919684373934
leaf_weight=14248.879014506936 701.45796266198158 44259.689631775022 4052.258564054966 15539.758164525032 9334.2196103036404 4346.8470888137817 8064.2791559696198 14236.678340762854 7164.5932292491198 3071.5983735322952 1066.9017484039068 3145.3845525979996 350.02918401360512 45353.904487520456
leaf_count=58732 2934 233237 17381 64364 38970 18629 32824 58004 30516 12564 4324 14440 1470 207707
internal_value=0.000102719 0.0192094 0.0068143 -0.0239615 -0.0178826 -0.0124934 -0.0266951 0.00260324 -0.00968961 -0.00868646 -0.0634002 0.0119454 0.0586145 0.0135352
internal_weight=174936 97512.7 53253 77423.8 63174.9 53840.7 27742.5 26098.1 21401.3 18611.4 9131.18 49200.7 4696.88 48499.3
internal_count=796096 475699 242462 320397 261665 222695 114076 108619 88520 76928 37148 225081 20099 222147
is_linear=0
shrinkage=0.05


Tree=15
num_leaves=15
num_cat=0
split_feature=31 31 15 15 13 33 0 0 23 3 15 15 22 33
split_gain=29261.2 6826.16 5212.37 7238.14 3995.65 3759.09 3627.26 3641.41 4846.7 3646.52 3618.92 6952.33 3758.32 3412.13
threshold=0.25100000000000006 0.39450000000000007 2.9115901488466207 2.9843722451248635 0.080000000000000057 4.2600000000000007 0.66500000000000015 0.62500000000000011 0.00087050000000000007 3008.5000000000005 3.5717949193831546 2.9115901488466207 -0.0010354999999999997 -6.129999999999999
decision_type=2 2 2 2 2 2 2 2 2 2 2 2 2 2
left_child=2 10 4 -4 -1 -5 7 -3 9 -9 11 13 -13 -2
right_child=1 6 3 5 -6 -7 -8 8 -10 -11 -12 12 -14 -15
leaf_value=-0.018216815082129138 0.0051755547955590646 -0.040964266873569653 -0.082105964780322116 0.020577025876090095 0.039847629086998945 -0.038042852888108492 -0.05118763652550911 0.044322903254800747 -0.063508315439123594 -0.013326709247021585 0.040851205979622864 0.013538029923154747 -0.050093147858679771 -0.072260696161020488
leaf_weight=3208.8066983371973 35365.46244803071 12463.394210651517 2051.9350862801075 28011.003033325076 38642.786238417029 3030.6594877243042 16453.087077274919 4695.3633246719837 2737.7194201052189 6596.553348004818 3802.6019618809223 2857.8898855447769 12341.610960811377 1482.1017921417952
leaf_count=14596 153151 51233 8775 141107 201810 13839 68274 19186 11293 27317 16393 11813 51183 6256
internal_value=0.000110965 -0.0177608 0.0236702 0.00884163 0.0353957 0.0148537 -0.0327486 -0.0212971 -0.0038254 0.0106451 -0.00623579 -0.00967607 -0.0381289 0.00206069
internal_weight=173741 98795.8 74945.2 33093.6 41851.6 31041.7 42946.1 26493 14029.6 11291.9 55849.7 52047.1 15199.5 36847.6
internal_count=796226 416099 380127 163721 216406 154946 177303 109029 57796 46503 238796 222403 62996 159407
is_linear=0
shrinkage=0.05


Tree=16
num_leaves=15
num_cat=0
split_feature=31 15 2 2 11 15 0 22 13 14 2 15 0 3
split_gain=26693.6 6520.73 7684.17 7513.69 6261.02 6686.96 6522.28 6302.82 4650.92 4445.68 2806.76 4864.32 6907.53 4945.59
threshold=0.30500000000000005 2.7962285914078522 0.056450000000000007 0.051050000000000005 0.95500000000000007 3.5717949193831546 0.70500000000000007 -0.0013064999999999997 0.084000000000000088 -0.21199999999999997 0.057700000000000008 2.7962285914078522 0.54500000000000015 3428.5000000000005
decision_type=2 2 2 2 2 2 2 2 2 2 2 2 2 2
left_child=1 2 3 8 5 6 7 -3 -1 -2 -11 12 -12 -13
right_child=9 4 -4 -5 -6 -7 -8 -9 -10 10 11 13 -14 -15
leaf_value=-0.071846489851685999 -0.050865938072201217 0.015270402177561435 0.036997543073743394 -0.10410946990055647 0.052596523189137018 0.053091693330960081 0.033611074436057757 -0.036108305263413076 0.057896736604937819 -0.034887660326214466 -0.075764739064944714 -0.03868583097971607 0.0090900573650880747 0.048338534598932816
leaf_weight=983.53193105757236 11266.438571080565 8494.0277876108885 44567.335092574358 1970.1024155020714 5817.9507261663675 4705.089820638299 6811.6660897731781 20079.953211307526 2319.5788766890764 16243.733182623982 2628.3982833474874 17445.492316663265 27389.362623944879 1801.0545045435429
leaf_count=4016 47341 41350 229295 8342 31553 23598 33559 93489 10949 67241 10869 71988 114804 7832
internal_value=0.000110238 0.0177215 0.0302444 -0.0268305 0.00412598 -0.00290816 -0.0103544 -0.0208352 0.0192635 -0.0218536 -0.0168638 -0.0109208 0.00165982 -0.0305421
internal_weight=172524 95749.2 49840.5 5273.21 45908.7 40090.7 35385.6 28574 3303.11 76774.5 65508 49264.3 30017.8 19246.5
internal_count=796226 476151 252602 23307 223549 191996 168398 134839 14965 320075 272734 205493 125673 79820
is_linear=0
shrinkage=0.05


Tree=17
num_leaves=15
num_cat=0
split_feature=31 9 15 15 2 2 0 15 15 2 13 22 1 11
split_gain=24582.9 5713.18 4601.77 6128.3 3803.11 5011.44 3764.08 3560.76 7008.79 4397.29 6632.08 3405.64 3384.83 3342.01
threshold=0.25100000000000006 0.56500000000000006 2.9115901488466207 2.9843722451248635 0.068350000000000008 0.064700000000000021 0.74500000000000011 3.5717949193831546 2.9115901488466207 0.056450000000000007 0.13999999999999999 -0.0010354999999999997 0.31060000000000004 0.95500000000000007
decision_type=2 2 2 2 2 2 2 2 2 2 2 2 2 2
left_child=2 -2 4 -4 5 -1 -7 8 9 10 -3 -10 -11 -5
right_child=1 7 3 13 -6 6 -8 -9 11 12 -12 -13 -14 -15
leaf_value=0.02162984240809912 -0.032579193051635244 -0.062816434942415511 -0.07474691026667768 0.0065152137678482786 0.043660275591286636 -0.1297272578651642 0.054983797285818661 0.034737114101822557 0.010598473601008428 0.015378464341126634 0.050856345981987752 -0.048065030752865563 -0.02383782789006542 0.051545606711267247
leaf_weight=11318.627988293767 34631.811505049467 5368.4994073659182 2090.1140760779381 25661.362571030855 27808.26462200284 1006.0702048093081 379.90381652116776 4660.2813591659069 3004.1485346704721 27911.780719801784 1686.072943598032 14018.885364249349 6853.2052016705275 4908.4179763644934
leaf_count=58180 144536 21937 8775 127701 151800 4433 1993 20180 12442 122150 7269 58076 29509 27245
internal_value=0.000112611 -0.0162428 0.0220474 0.00808222 0.0333056 0.0106408 -0.0790965 -0.00733358 -0.0106656 0.000344103 -0.0356478 -0.0377124 0.00764773 0.0137456
internal_weight=171307 98134.7 73172.8 32659.9 40512.9 12704.6 1385.97 63502.9 58842.6 41819.6 7054.57 17023 34765 30569.8
internal_count=796226 416099 380127 163721 216406 64606 6426 271563 251383 180865 29206 70518 151659 154946
is_linear=0
shrinkage=0.05


Tree=18
num_leaves=15
num_cat=0
split_feature=31 33 3 15 2 23 1 33 0 11 33 33 2 2
split_gain=22456.6 6443.02 6250.21 5126.99 9384.61 8356.09 9467.12 5949.68 5589.44 4012.66 4524.63 3753.37 4119.94 10443
threshold=0.23500000000000001 -6.9249999999999989 3512.5000000000005 2.8265409023160699 0.056450000000000007 0.00065250000000000019 0.25025000000000003 -184.93499999999997 0.54500000000000015 0.85950000000000004 4.2600000000000007 4.2600000000000007 0.053500000000000006 0.052300000000000006
decision_type=2 2 2 2 2 2 2 2 2 2 2 2 2 2
left_child=11 2 3 4 7 -5 -7 -2 -6 -3 -11 12 13 -1
right_child=1 9 -4 5 8 6 -8 -9 -10 10 -12 -13 -14 -15
leaf_value=0.024046204521826292 0.073271201293216293 -0.053686535962576255 0.048915366399984332 -0.042752137805974019 -0.072677980810434667 -0.050194236925837979 0.051608294803557379 -0.059481505225435438 0.012644896038181433 0.067298028316518599 -0.061788475484175688 -0.034869218744112654 0.030122108086038369 -0.12922957656424647
leaf_weight=4544.8843763619661 935.58094368875027 13822.061982452869 4464.8522773236036 23974.264529883862 2017.4906883090734 3716.0001871585846 5924.6134059131145 8615.8590851873159 39460.896775364876 1590.3425171673298 1184.2222241163254 2651.5598061531782 55763.600071534514 1470.8201374858618
leaf_count=23444 4017 59948 21412 100045 8346 15536 24967 35406 172127 6828 5202 12179 299607 7162
internal_value=0.000113763 -0.0140683 -0.0087409 -0.0117822 -0.00179475 -0.0269439 0.0123681 -0.0464775 0.00849466 -0.0426715 0.0122019 0.023381 0.0258812 -0.0134307
internal_weight=170137 105706 89109.6 84644.7 51029.8 33614.9 9640.61 9551.44 41478.4 16596.6 2774.56 64430.9 61779.3 6015.7
internal_count=796226 453834 381856 360444 219896 140548 40503 39423 180473 71978 12030 342392 330213 30606
is_linear=0
shrinkage=0.05


Tree=19
num_leaves=15
num_cat=0
split_feature=31 11 33 15 15 33 3 3 2 3 3 1 2 33
split_gain=20598.3 5813.48 5215.79 4498.22 5951.91 4152.2 4371.17 4303.21 4095.02 4441.37 4610.93 3999.77 4309.75 3834.71
threshold=0.30500000000000005 0.86150000000000004 -3.8299999999999996 2.9478110040628267 2.9843722451248635 -6.9249999999999989 3512.5000000000005 3447.5000000000005 0.054850000000000003 2298.0000000000005 2162.5000000000005 0.27950000000000008 0.054250000000000007 -67.064999999999984
decision_type=2 2 2 2 2 2 2 2 2 2 2 2 2 2
left_child=1 2 8 -3 -5 6 7 13 11 10 -10 -1 -13 -2
right_child=5 3 -4 4 -6 -7 -8 -9 9 -11 -12 12 -14 -15
leaf_value=-0.065918223133620932 -0.026276688080586186 0.046358244420331707 -0.050190401578139698 -0.11514817107091856 0.018961259547772807 -0.045636581845819139 0.044909051843494308 -0.071688460573771026 0.0012176390852605768 0.024599498543769985 -0.094651137251384979 0.025849420966836484 -0.10279967296491209 -0.00033815970835395962
leaf_weight=3253.8853024244308 29410.360621348023 20684.511584833264 3988.9987075328827 863.59023997187614 19651.480945616961 12436.088872611523 2996.1068919301033 3390.4533787071705 6796.978601410985 31297.008353173733 1537.9266236126423 4131.5847110450268 772.65336290001869 27640.112232729793
leaf_count=13404 121948 122679 17415 3624 106855 54626 13856 14268 31455 152164 6539 18867 3149 115377
internal_value=0.00011315 0.0158887 0.00473637 0.0299048 0.0133153 -0.019219 -0.0140401 -0.0169623 0.00932116 0.0159617 -0.0164726 -0.0229381 0.00557932 -0.0137099
internal_weight=168852 92978.6 51779 41199.6 20515.1 75873.1 63437 60440.9 47790 39631.9 8334.91 8158.12 4904.24 57050.5
internal_count=796226 476151 242993 233158 110479 320075 265449 251593 225578 190158 37994 35420 22016 237325
is_linear=0
shrinkage=0.05


Tree=20
num_leaves=15
num_cat=0
split_feature=31 31 33 2 1 3 3 23 0 11 23 33 33 2
split_gain=19013.1 6526.58 4046.4 4715.15 5901.95 4004.78 10901.8 3547.15 3283.62 3211.65 4409.26 4237.79 3007.12 3391.99
threshold=0.20200000000000004 0.39450000000000007 -3.8299999999999996 0.054850000000000003 0.27950000000000008 3191.0000000000005 3030.5000000000005 0.00029550000000000003 0.66500000000000015 0.6695000000000001 0.00087050000000000007 -174.09999999999997 4.2600000000000007 0.053100000000000001
decision_type=2 2 2 2 2 2 2 2 2 2 2 2 2 2
left_child=12 2 3 4 -2 6 -5 -6 9 -3 11 -11 13 -1
right_child=1 8 -4 5 7 -7 -8 -9 -10 10 -12 -13 -14 -15
leaf_value=-0.012665401796058993 -0.071546146745880043 -0.044289621676724428 -0.039386923466298268 0.0096439626196883257 -0.065028265485360351 0.027563067743972894 -0.066186970645576437 0.019328402276169332 -0.044900290302593439 0.061859992195976321 -0.060970195601931246 -0.0064774863436652778 -0.031440506040273868 0.0319632968102379
leaf_weight=4701.7827962934971 4588.5075912773609 7249.4562963098288 6670.7633581459522 32246.992331326008 1595.6410130113363 17264.501929923892 5556.2088950276375 5688.6878433823586 15870.692608207464 2747.8222518265247 2970.3699540197849 13006.31294284761 2242.6475604176521 45063.900622829795
leaf_count=24785 18692 30581 29646 143092 6708 82705 23376 25109 68240 11209 12688 54635 10391 253869
internal_value=9.26684e-05 -0.0112148 -0.00225176 0.00144889 -0.0271298 0.00761062 -0.0015016 0.000849334 -0.026982 -0.0160334 -0.00509343 0.00544219 0.0251946 0.0277468
internal_weight=167464 115456 73611.3 66940.5 11872.8 55067.7 37803.2 7284.33 41844.7 25974 18724.5 15754.1 52008.3 49765.7
internal_count=795726 506681 329328 299682 50509 249173 166468 31817 177353 109113 78532 65844 289045 278654
is_linear=0
shrinkage=0.05


Tree=21
num_leaves=15
num_cat=0
split_feature=31 31 15 15 2 33 33 23 33 0 0 3 1 1
split_gain=17365.4 5938.12 3879.39 6364.58 4677.1 6211.57 5019.98 3659.1 4957.7 3022.24 2995.47 4291.53 4857.43 3192.7
threshold=0.20200000000000004 0.39450000000000007 3.5717949193831546 2.9115901488466207 0.068350000000000008 -184.93499999999997 -199.33499999999998 0.00043250000000000005 -28.774999999999995 0.66500000000000015 0.62500000000000011 3008.5000000000005 0.27105000000000007 0.30675000000000002
decision_type=2 2 2 2 2 2 2 2 2 2 2 2 2 2
left_child=-1 2 3 4 5 -2 -6 -5 -9 10 -3 12 -12 -13
right_child=1 9 -4 7 6 -7 -8 8 -10 -11 11 13 -14 -15
leaf_value=0.024285717079424757 0.066876649419370854 -0.033509768233614699 0.042026902122096838 -0.064590551083100994 -0.069649907327654331 -0.024305028355878753 0.023345216206138303 0.019385379084603544 -0.036772412185351787 -0.043092890773399339 -0.073839514474189696 -0.039697616988077798 0.05798926727549808 0.028121280112649728
leaf_weight=51281.903303027153 2104.4001527279615 12054.367639780045 4654.9235441833735 5067.9568769931793 1535.3265047818422 16605.244551539421 26449.922393962741 6209.5159171372652 10705.702526837587 15713.566271468997 833.28163035213947 6262.9017724096775 4325.7991616129875 2400.4634475558996
leaf_count=289045 9625 51295 21299 21461 6385 71895 125625 26401 46637 68240 3513 26469 17666 10170
internal_value=9.14732e-05 -0.0107047 -0.00214538 -0.00513938 0.00530437 -0.0140489 0.0182431 -0.0273231 -0.0161571 -0.0257965 -0.0152933 0.000593226 0.0366956 -0.0209061
internal_weight=166205 114923 73333 68678.1 46694.9 18709.6 27985.2 21983.2 16915.2 41590.4 25876.8 13822.4 5159.08 8663.37
internal_count=795726 506681 329328 308029 213530 81520 132010 94499 73038 177353 109113 57818 21179 36639
is_linear=0
shrinkage=0.05


Tree=22
num_leaves=15
num_cat=0
split_feature=9 31 15 15 2 2 23 15 0 33 33 2 1 1
split_gain=15927.3 5010.43 5120.87 5309.94 4926.96 4366.84 4018.45 5749.54 4839.16 3580.25 3858.65 5420.23 8566.6 4054.38
threshold=0.68500000000000016 0.10050000000000002 2.7962285914078522 3.5717949193831546 0.056450000000000007 0.051050000000000005 0.00061150000000000017 3.5600449494933009 0.70500000000000007 -6.9249999999999989 -15.009999999999998 0.060950000000000011 0.35890000000000005 0.24980000000000002
decision_type=2 2 2 2 2 2 2 2 2 2 2 2 2 2
left_child=9 -2 4 6 5 -3 8 -8 -4 10 11 12 -1 -12
right_child=1 2 3 -5 -6 -7 7 -9 -10 -11 13 -13 -14 -15
leaf_value=-0.051218316782968523 0.03507975712492558 0.013144477797296479 -0.043051398824102222 0.049352624687674096 0.027500904665716037 -0.085614681088748881 0.01468490757716763 -0.14386992502955251 0.031770500058382202 -0.041974922131756798 -0.033292576367353603 -0.0063925269380791881 0.076774612496064945 0.04570256109338789
leaf_weight=15446.147284686565 21867.149072855711 2698.1096958965063 13358.395050749183 3699.6803120523691 31611.287002325058 1912.74967700243 11802.612945571542 600.76817566156387 2577.9598359912634 12000.214730411768 2352.9154608696699 38440.775492280722 1428.0901172012091 5244.7279691249132
leaf_count=65016 132050 12023 61915 19604 169569 7879 56740 2806 12562 54524 9656 162267 6127 22988
internal_value=8.9957e-05 0.0142508 0.00757839 -0.00698284 0.0204582 -0.0278253 -0.0143374 0.00700407 -0.0309476 -0.0169472 -0.0121732 -0.0167624 -0.0403857 0.0212384
internal_weight=165042 90128.7 68261.6 32039.4 36222.1 4610.86 28339.7 12403.4 15936.4 74912.9 62912.7 55315 16874.2 7597.64
internal_count=795726 475148 343098 153627 189471 19902 134023 59546 74477 320578 266054 233410 71143 32644
is_linear=0
shrinkage=0.05


Tree=23
num_leaves=15
num_cat=0
split_feature=31 10 33 2 1 23 3 3 2 33 2 2 15 2
split_gain=14657.3 5239.91 3901.16 3901.05 5420.38 4538.15 3440.2 8517.36 4052.19 2756.43 3067.17 9475.17 3305.03 2747.67
threshold=0.20200000000000004 -0.16499999999999995 -3.8299999999999996 0.054850000000000003 0.27950000000000008 0.00039650000000000004 3191.0000000000005 3076.5000000000005 0.94150000000000011 4.2600000000000007 0.053100000000000001 0.052300000000000006 2.7028954204178484 0.054850000000000003
decision_type=2 2 2 2 2 2 2 2 2 2 2 2 2 2
left_child=9 -2 3 4 -3 -6 7 -5 -8 10 11 12 -1 -11
right_child=1 2 -4 6 5 -7 8 -9 -10 13 -12 -13 -14 -15
leaf_value=-0.089411878668666497 -0.035062844981541379 -0.06600049270499489 -0.036904430370081252 0.0027584419902037926 -0.049670391773735029 0.019292991234685083 0.029662798145996341 -0.063911505251575199 -0.021416768809375278 0.050901499317030335 0.029343740592420394 -0.14433576345460106 0.045486275348051615 -0.06896481747321466
leaf_weight=533.08469066023827 17420.553125604987 5256.9595464915037 8847.6096465736628 43033.981731489301 3599.8592648357153 7071.2140788435936 18209.958411186934 5390.5240901708603 4934.8472262471914 693.8705969452858 43139.131136089563 1065.0519447773695 3059.2961597591639 1536.8508020788431
leaf_count=2396 76897 21848 40224 189301 15532 31133 85829 22846 23071 3777 253869 4981 17408 6614
internal_value=9.10132e-05 -0.00982754 -0.0052646 -0.00206518 -0.0244444 -0.00397188 0.00291542 -0.00466325 0.0187718 0.0226465 0.025182 -0.0133659 0.0254664 -0.0316795
internal_weight=163793 113766 96345 87497.3 15928 10671.1 71569.3 48424.5 23144.8 50027.3 47796.6 4657.43 3592.38 2230.72
internal_count=795726 506681 429784 389560 68513 46665 321047 212147 108900 289045 278654 24785 19804 10391
is_linear=0
shrinkage=0.05


Tree=24
num_leaves=15
num_cat=0
split_feature=9 11 33 3 3 33 3 1 1 3 11 3 2 33
split_gain=13472.2 4469.02 3999.72 3375.89 6206.09 5166.92 3373.5 3266.1 5934.21 5298.87 5635.48 4252.67 4957.19 3303.49
threshold=0.68500000000000016 0.86150000000000004 -3.8299999999999996 3135.0000000000005 2987.5000000000005 -180.34999999999997 2525.5000000000005 0.25780000000000008 0.26550000000000001 3234.5000000000005 0.8045000000000001 2695.0000000000005 0.93705000000000016 -6.9249999999999989
decision_type=2 2 2 2 2 2 2 2 2 2 2 2 2 2
left_child=7 2 3 4 6 -6 -2 9 -9 11 -11 12 -1 -10
right_child=1 -3 -4 -5 5 -7 -8 8 13 10 -12 -13 -14 -15
leaf_value=-0.038417653988548482 -0.007391450176285088 0.026126222648920668 -0.045233352128653488 0.027904807658119792 0.063485827753125779 -0.066984381074495433 0.028696340937836282 0.065644172870629722 -0.0069018357015484828 0.075866203560246592 -0.05487434491823201 -0.072668413670339299 0.054084180661815195 -0.040603463673698742
leaf_weight=8542.706598341465 14185.505011156201 38320.516305416822 3892.4704995006323 14128.921219855547 892.32923287153244 5069.7225293815136 11915.361409172416 2533.8780310750008 41805.384322926402 2090.9219687730074 1360.4305764734745 7283.0094563215971 1743.9484607577324 8802.214467689395
leaf_count=36486 65027 232986 17354 75752 4094 21612 58323 11155 177769 8777 6311 31645 7834 40601
internal_value=9.08088e-05 0.0132742 0.00344078 0.00754251 -0.00143044 -0.0474564 0.00908311 -0.0156243 -0.00902491 -0.0323076 0.0243317 -0.0434338 -0.022735 -0.0127637
internal_weight=162567 88404.8 50084.3 46191.8 32062.9 5962.05 26100.9 74162.5 53141.5 21021 3451.35 17569.7 10286.7 50607.6
internal_count=795726 475148 242162 224808 149056 25706 123350 320578 229525 91053 15088 75965 44320 218370
is_linear=0
shrinkage=0.05


Tree=25
num_leaves=15
num_cat=0
split_feature=9 9 34 15 15 2 3 22 15 23 11 15 15 13
split_gain=12294.2 4613.75 3696.85 3406.75 6911.54 4505.76 4450.21 4266.77 4179.8 2862.27 2643.63 2477.91 3551.29 3167.05
threshold=0.78100000000000014 0.50500000000000012 0.58350000000000013 2.9115901488466207 3.5717949193831546 0.93825000000000014 3135.0000000000005 -0.0009484999999999998 3.6429289949102208 0.00033650000000000005 0.67850000000000021 2.9311048556253598 2.9843722451248635 0.050000000000000024
decision_type=2 2 2 2 2 2 2 2 2 2 2 2 2 2
left_child=1 -1 3 5 7 6 -3 -5 -6 -4 -7 13 -13 -2
right_child=11 2 9 4 8 10 -8 -9 -10 -11 -12 12 -14 -15
leaf_value=-0.030559508253832902 -0.10219511400699928 -0.010010291907749201 -0.064113967504891414 0.024604653858262323 0.057743683368306889 -0.039523107754180484 0.030383110088351335 -0.037754231254991194 -0.074054611444151638 -0.014540011648671296 0.042157705566146668 -0.076816140326973564 0.013558588703779526 0.033895716425014204
leaf_weight=20337.703882068396 434.68613775074482 28384.759943783283 3638.5966846495867 3283.8563743680716 4191.2977229058743 1088.5091407001019 8974.4642908871174 16656.308854177594 702.27198480069637 14573.302010014653 11005.564920946956 1144.6761183440685 21540.062747374177 25533.551442608237
leaf_count=90830 1873 122937 15512 14262 19560 4663 42457 72127 2978 66610 55459 4964 122131 159976
internal_value=6.13641e-05 -0.00899756 -0.00425672 0.000692534 -0.0144173 0.00828018 -0.0003069 -0.0274846 0.0388283 -0.0244448 0.0348059 0.0210709 0.00899794 0.0316173
internal_weight=161490 112837 92498.9 74287 24833.7 49453.3 37359.2 19940.2 4893.57 18211.9 12094.1 48653 22684.7 25968.2
internal_count=796339 507395 416565 334443 108927 225516 165394 86389 22538 82122 60122 288944 127095 161849
is_linear=0
shrinkage=0.05


Tree=26
num_leaves=15
num_cat=0
split_feature=9 31 15 15 2 3 33 23 33 0 15 0 11 23
split_gain=11264.3 4514.95 3373.27 4970.99 4331.99 5483.44 4591.18 3206.23 4321.79 2740.67 2555.31 2448.64 2918.43 3998.52
threshold=0.79250000000000009 0.39450000000000007 3.5717949193831546 2.9115901488466207 0.068350000000000008 3207.5000000000005 -199.33499999999998 0.00043250000000000005 -28.774999999999995 0.70500000000000007 3.6429289949102208 0.66500000000000015 0.6695000000000001 0.00087050000000000007
decision_type=2 2 2 2 2 2 2 2 2 2 2 2 2 2
left_child=1 2 3 4 5 -1 -6 9 -9 -5 -4 12 -3 -14
right_child=-2 11 10 7 6 -7 -8 8 -10 -11 -12 -13 13 -15
leaf_value=-0.032344641746760848 0.021555948429586365 -0.039587747354925262 0.051073808505807831 -0.072892468164779567 -0.06609832274427932 0.023703786778244071 0.022554026274850352 0.01920576571460373 -0.031548871910679427 0.026985638540356502 -0.081133715556585412 -0.037684037785840792 0.0083353897564071282 -0.056218116070074257
leaf_weight=12542.318551421165 44169.755863785744 7016.6430358141661 4336.8882243335247 4385.4085572510958 1543.0542034208775 6692.1089496016502 27247.723371371627 6679.7290013432503 11271.563519924879 814.33397479355335 399.03231227397919 14949.530180677772 15482.695822909474 2838.5357597917318
leaf_count=53090 268480 30605 21109 18765 6432 32340 134622 28768 50009 3698 1669 68171 65876 12705
internal_value=6.27849e-05 -0.0081072 -0.000927219 -0.00364602 0.00552831 -0.0128441 0.0178025 -0.0226775 -0.0126629 -0.0572503 0.039933 -0.0216362 -0.0121677 -0.00166623
internal_weight=160369 116200 75912.2 71176.2 48025.2 19234.4 28790.8 23151 17951.3 5199.74 4735.92 40287.4 25337.9 18321.2
internal_count=796339 527859 350502 327724 226484 85430 141054 101240 78777 22463 22778 177357 109186 78581
is_linear=0
shrinkage=0.05


Tree=27
num_leaves=15
num_cat=0
split_feature=9 15 2 2 15 0 1 33 1 33 1 1 3 11
split_gain=10398.3 4179.88 4431.08 4748.25 4391.65 5129.09 4755.79 6532.14 4754.93 3902.86 2898.93 5382.39 4625.83 4911.73
threshold=0.68500000000000016 2.7962285914078522 0.056450000000000007 0.051050000000000005 3.5717949193831546 0.70500000000000007 0.24600000000000002 -24.894999999999996 0.28085000000000004 3.4550000000000005 0.25780000000000008 0.26550000000000001 3234.5000000000005 0.8045000000000001
decision_type=2 2 2 2 2 2 2 2 2 2 2 2 2 2
left_child=10 2 3 -2 5 6 7 -3 -8 -7 12 -12 -1 -14
right_child=1 4 -4 -5 -6 9 8 -9 -10 -11 11 -13 13 -15
leaf_value=-0.040234552353951979 0.017581498025949938 0.016112114121413713 0.028470177970604277 -0.081703561593180915 0.045655909080710787 0.043442885272656662 0.023181566477848897 -0.081957476011495708 -0.022827395568332274 -0.085715278991406241 0.064323064557260987 -0.011161761090120242 0.072567580752213381 -0.051715726873568138
leaf_weight=17174.613672628999 3072.9928334057331 2576.2714340686798 38556.461108505726 1980.0818863362074 4814.3556016534567 6762.5677042007446 9959.0883412510157 4980.1966306269169 12875.811917886138 640.18143272399902 2478.5228328555822 49994.774776190519 2037.0892974436283 1303.6186251044273
leaf_count=76043 14854 13011 229026 8362 28462 38151 52168 23376 65543 2812 11123 218381 8718 6309
internal_value=6.12434e-05 0.0118183 0.0227003 -0.0213249 0.000680627 -0.0050486 -0.0141394 -0.0485223 -0.00276129 0.0322724 -0.0138268 -0.0075962 -0.0297633 0.0240694
internal_weight=159207 86218 43609.5 5053.07 42608.5 37794.1 30391.4 7556.47 22834.9 7402.75 72988.6 52473.3 20515.3 3340.71
internal_count=796339 475765 252242 23216 223523 195061 154098 36387 117711 40963 320574 229504 91070 15027
is_linear=0
shrinkage=0.05


Tree=28
num_leaves=15
num_cat=0
split_feature=9 10 15 15 1 15 33 2 0 11 0 11 0 2
split_gain=9653.16 3967.67 3441.69 5698.25 6302.15 5560.04 5297.87 6284.8 4975.37 4795.91 4720.69 4054.36 2662.23 2368.64
threshold=0.79250000000000009 -0.19499999999999998 2.7962285914078522 3.5717949193831546 0.35400000000000004 3.5932770349567842 -6.129999999999999 0.056450000000000007 0.6150000000000001 0.83600000000000008 0.54500000000000015 0.73250000000000004 0.57500000000000007 0.053100000000000001
decision_type=2 2 2 2 2 2 2 2 2 2 2 2 2 2
left_child=1 -1 6 4 8 -5 7 9 -4 -3 -9 -7 -6 -2
right_child=13 2 3 5 12 11 -8 10 -10 -11 -12 -13 -14 -15
leaf_value=-0.034047295592062481 -0.015654191162381422 -0.048173906433393428 -0.066971631533961712 0.067444952803459898 -0.007498552528024555 -0.053184815395459828 -0.062781997576461371 -0.062612993782889814 -0.019841279269213322 0.044252741940217 0.018790011445806457 0.06127224309990989 0.066846173378060328 0.024051912676410304
leaf_weight=12543.175607636571 4156.2065255492926 7296.1661850512028 7069.2363319396973 3852.8874414265156 2300.7259946018457 2557.9874139428139 2814.1612527370453 1859.0308913588524 26936.538776814938 1737.7138428837061 42381.907733440399 1109.0947295129299 2526.3483205586672 38999.989623293281
leaf_count=58798 23186 31167 30913 18631 9717 11607 13120 8198 120021 7560 200792 5423 11912 245294
internal_value=6.37645e-05 -0.00750427 -0.00425426 -0.0143356 -0.0220501 0.0255019 0.00407711 0.00760895 -0.0296391 -0.0303949 0.0153693 -0.018567 0.0314119 0.0202279
internal_weight=158141 114985 102442 46352.8 38832.8 7519.97 56089 53274.8 34005.8 9033.88 44240.9 3667.08 4827.07 43156.2
internal_count=796339 527859 469061 208224 172563 35661 260837 247717 150934 38727 208990 17030 21629 268480
is_linear=0
shrinkage=0.05


Tree=29
num_leaves=15
num_cat=0
split_feature=18 11 15 1 15 15 15 3 13 23 0 33 33 13
split_gain=8834.24 4198.9 3944.23 5995.2 7464.49 5111.11 3730.45 5324.66 5174.65 5235.56 3896.55 3725.48 3676.77 3632.08
threshold=0.00093916609042434473 0.89500000000000013 2.8265409023160699 0.35400000000000004 3.5717949193831546 3.5932770349567842 2.7707194825327863 3403.5000000000005 0.080000000000000002 0.00026650000000000008 0.63500000000000012 -64.484999999999985 -3.8299999999999996 0.18050000000000008
decision_type=2 2 2 2 2 2 2 2 2 2 2 2 2 2
left_child=2 12 6 4 -4 -6 7 10 -8 -10 -1 -12 -2 -7
right_child=1 -3 3 -5 5 13 8 -9 9 -11 11 -13 -14 -15
leaf_value=0.045887652740719119 0.0089447779201604679 0.02970747186410402 -0.040160754636481846 0.036663102137336305 0.070515241651902483 -0.061389291305680251 0.05607867937532364 -0.070738681996928329 0.069297686527367078 -0.049140562382407549 -0.022896066319564732 0.016636936489607731 -0.034312871145423987 0.082646032105760048
leaf_weight=3609.5393670648336 46360.984447345138 23857.788736507297 28371.090107604861 3748.2390025854111 2820.8577992022038 1892.2750959545374 5843.9149418324232 3194.4564058631659 1310.3934879750013 3239.856384396553 17556.335722446442 9021.6982279717922 5494.3180996328592 569.27400144934654
leaf_count=15840 240525 158285 129381 16934 13515 8835 24926 14287 6340 14586 82588 41783 25921 2593
internal_value=6.27643e-05 0.0123482 -0.0113956 -0.0233191 -0.0299999 0.0245727 -0.00120827 -0.00935288 0.0249489 -0.0150316 -0.00285681 -0.0094769 0.00436137 -0.0280767
internal_weight=156891 75713.1 81177.9 37401.7 33653.5 5282.41 43776.2 33382 10394.2 4550.25 30187.6 26578 51855.3 2461.55
internal_count=796339 424731 371608 171258 154324 24943 200350 154498 45852 20926 140211 124371 266446 11428
is_linear=0
shrinkage=0.05


Tree=30
num_leaves=15
num_cat=0
split_feature=31 15 15 0 1 33 1 33 1 33 33 33 33 33
split_gain=8226.21 3626.83 3688.73 4586.18 4085.32 5902.1 4242.06 3492.29 3211.29 2569.32 3213.92 6010.23 5937.57 3773.64
threshold=0.30500000000000005 2.7962285914078522 3.5717949193831546 0.70500000000000007 0.24600000000000002 -24.894999999999996 0.28085000000000004 3.4550000000000005 0.16940000000000002 -6.9249999999999989 -67.064999999999984 -56.889999999999993 -149.65999999999997 -54.779999999999994
decision_type=2 2 2 2 2 2 2 2 2 2 2 2 2 2
left_child=1 8 3 4 5 -3 -6 -5 -1 10 12 -12 -2 -13
right_child=9 2 -4 7 6 -7 -8 -9 -10 -11 11 13 -14 -15
leaf_value=-0.096451609549805098 -0.003351555614579586 0.01669407748361941 0.042926727060050927 0.04189017016008393 0.022092892033339896 -0.076834976652826195 -0.021695864436090999 -0.080368556013705697 0.022622854252237298 -0.03468781887479952 0.054154065408718977 -0.075570854858869121 -0.048838801403609751 -0.00099542842620775358
leaf_weight=573.9112574160099 20212.651042476296 2543.6067546010017 4513.9630921781063 6540.6091584265232 9714.4999157786369 5006.9982822537422 12842.418192848563 641.28988194465637 41711.444024711847 10932.55182158947 4886.3780176341534 1833.4577764123678 11121.446659818292 22664.186849847436
leaf_count=2473 87647 13022 28405 38221 51960 23404 65469 2864 249829 54457 21725 8391 49477 98490
internal_value=7.44046e-05 0.0106819 0.000238172 -0.00492947 -0.0134936 -0.0453276 -0.00283752 0.0309724 0.0210065 -0.0123744 -0.00835678 0.00352226 -0.0194965 -0.0065771
internal_weight=155739 84088.7 41803.4 37289.4 30107.5 7550.61 22556.9 7181.9 42285.4 71650.7 60718.1 29384 31334.1 24497.6
internal_count=795834 475647 223345 194940 153855 36426 117429 41085 252302 320187 265730 128606 137124 106881
is_linear=0
shrinkage=0.05


Tree=31
num_leaves=15
num_cat=0
split_feature=11 15 33 15 2 15 15 33 13 1 11 1 33 33
split_gain=7971.69 5584.14 4875.54 4617.34 4082.22 4752.32 6615.67 6991.8 5431.96 3300.29 5061.15 4394.35 3799.58 3695.05
threshold=0.86150000000000004 2.9478110040628267 -3.8299999999999996 2.9843722451248635 0.93665000000000009 3.53504376687845 3.2274271645380197 -65.664999999999978 0.094000000000000097 0.20995000000000003 0.71500000000000008 0.19980000000000003 -62.099999999999994 -64.484999999999985
decision_type=2 2 2 2 2 2 2 2 2 2 2 2 2 2
left_child=2 -2 4 -3 5 6 7 -1 -7 11 13 -6 -12 -11
right_child=1 3 -4 -5 9 8 -8 -9 -10 10 12 -13 -14 -15
leaf_value=-0.022111966384245708 0.040426978272865732 -0.092639351362235653 -0.04118642182371661 0.0080653267456745302 0.024717537570725822 -0.021266931452341185 -0.053317082291742424 0.013087192851617037 0.058198095490106044 -0.039526770646221288 0.059023602336113347 -0.092279175323826304 0.012958732032750052 0.026441040631593117
leaf_weight=34831.645640715957 17716.184306576848 1208.7595675438643 9294.2433449327946 19482.963946655393 1551.3586416095495 3700.1700714230537 9269.3173096626997 23712.064315497875 5134.6907635256648 5326.505831360817 7871.9689510315657 1662.6435997784138 10378.08301961422 3529.0791376978159
leaf_count=156964 125528 5022 45950 117116 8382 16206 40833 110155 25399 23850 42337 7942 53438 16712
internal_value=7.38624e-05 0.0198231 -0.00645045 0.00218199 -0.00343225 -0.00957559 -0.0140694 -0.00785519 0.0249171 0.012098 0.0177784 -0.0358073 0.0328285 -0.0132376
internal_weight=154670 38407.9 116262 20691.7 106968 76647.9 67813 58543.7 8834.86 30319.6 27105.6 3214 18250.1 8855.58
internal_count=795834 247666 548168 122138 502218 349557 307952 267119 41605 152661 136337 16324 95775 40562
is_linear=0
shrinkage=0.05


Tree=32
num_leaves=15
num_cat=0
split_feature=11 15 33 15 2 15 15 1 33 1 11 1 33 33
split_gain=7285.43 5247.57 4476.49 4177.94 3708.44 4392.4 4409.01 4294.98 4191.37 2994.27 4635.87 3906.59 3601.07 3353.63
threshold=0.86150000000000004 2.9478110040628267 -3.8299999999999996 2.9843722451248635 0.93665000000000009 3.5717949193831546 2.0613957098106064 0.32890000000000003 -22.254999999999995 0.20995000000000003 0.71500000000000008 0.19980000000000003 -62.099999999999994 -64.484999999999985
decision_type=2 2 2 2 2 2 2 2 2 2 2 2 2 2
left_child=2 -2 4 -3 5 6 -1 -7 -8 11 13 -6 -12 -11
right_child=1 3 -4 -5 9 7 8 -9 -10 10 12 -13 -14 -15
leaf_value=0.043102929760077208 0.039446553689894866 -0.0882204609299541 -0.039686436512999794 0.0076893506543610299 0.023775906692240376 0.053138238950378648 -0.0098783440726342396 -0.064556983611750912 -0.044005252909688299 -0.037770452222058694 0.057569764365439535 -0.086557478104097071 0.012357999855584728 0.025224365396670608
leaf_weight=3395.3642634153366 17260.384546503425 1205.899983689189 9166.5531187057495 19415.587497964501 1532.6490799337626 4658.2222539931536 56739.205373451114 929.79032783210278 10692.543466463685 5296.2613896280527 7672.3287691026926 1683.3583371937275 10339.45702649653 3514.7143122255802
leaf_count=17371 125528 5022 45950 117116 8382 23247 256936 4249 47754 23850 42337 7942 53438 16712
internal_value=7.57412e-05 0.0191058 -0.00615929 0.00208035 -0.00327229 -0.00912337 -0.0124905 0.0335541 -0.0152899 0.0116121 0.0170783 -0.0339769 0.0316167 -0.0126417
internal_weight=153502 37881.9 115620 20621.5 106454 76415.1 70827.1 5588.01 67431.7 30038.8 26822.8 3216.01 18011.8 8810.98
internal_count=795834 247666 548168 122138 502218 349557 322061 27496 304690 152661 136337 16324 95775 40562
is_linear=0
shrinkage=0.05


Tree=33
num_leaves=15
num_cat=0
split_feature=11 33 15 15 15 15 1 1 1 0 1 3 1 1
split_gain=6660.88 4605.17 4497.23 5270.62 3434.94 4501.31 6143.67 6345.39 3987.09 3983.46 4520.99 3348.87 3058.01 3910.27
threshold=0.88500000000000012 -3.8299999999999996 3.53504376687845 3.5717949193831546 3.5717949193831546 2.8265409023160699 0.35400000000000004 0.30820000000000003 0.32890000000000003 0.54500000000000015 0.31875000000000003 2885.0000000000005 0.33965000000000006 0.28690000000000004
decision_type=2 2 2 2 2 2 2 2 2 2 2 2 2 2
left_child=1 4 -2 12 5 9 7 -7 -6 -1 -11 -8 13 -4
right_child=2 -3 3 -5 8 6 11 -9 -10 10 -12 -13 -14 -15
leaf_value=-0.059243437073847077 0.029714579558550232 -0.038688677783182163 -0.031002889540111656 0.045739184796965045 0.05066781024046535 -0.012913025050879479 0.074556556017751227 -0.061952651330912906 -0.06272771555418799 0.0021466405483812063 0.054181848680828829 -0.0022779490110602482 0.055639008594583921 -0.14432378514605654
leaf_weight=2443.257137298584 25500.594298236072 9491.2695613205433 2161.1211364269257 2081.8193219453096 5243.4062899574637 24118.49893656373 2401.565168261528 9079.5452052205801 909.57758808135986 59293.931537285447 4490.2765887826681 3463.0641245692968 556.88432691991329 1175.1808656901121
leaf_count=11476 175200 48265 12427 14387 27704 110472 10510 41623 4249 293285 21680 15847 3143 5566
internal_value=7.73238e-05 -0.00525531 0.0205661 -0.0184783 -0.00240786 -0.0045299 -0.0179911 -0.0263253 0.0339041 0.00340986 0.00580989 0.0291865 -0.0528179 -0.0709222
internal_weight=152410 120934 31475.6 5975.01 111443 105290 39062.7 33198 6152.98 66227.5 63784.2 5864.63 3893.19 3336.3
internal_count=795834 585111 210723 35523 536846 504893 178452 152095 31953 326441 314965 26357 21136 17993
is_linear=0
shrinkage=0.05


Tree=34
num_leaves=15
num_cat=0
split_feature=27 11 0 33 34 33 23 33 33 23 11 23 0 15
split_gain=6357.33 4101.36 4044.56 4379.11 3633.05 3606.23 6461.01 4344.52 5144.07 3612.67 3823.67 3448.08 2816.53 2812.11
threshold=-0.00065049999999999993 0.86750000000000005 0.6150000000000001 -114.74999999999999 0.83350000000000013 -180.59999999999997 0.00063350000000000006 -176.79499999999999 -174.09999999999997 0.00036750000000000004 0.77500000000000013 0.00067350000000000016 0.70500000000000007 2.3502401828962087
decision_type=2 2 2 2 2 2 2 2 2 2 2 2 2 2
left_child=1 2 3 4 -1 6 13 -7 -9 12 -11 -5 -10 -2
right_child=5 -3 -4 11 -6 7 -8 8 9 10 -12 -13 -14 -15
leaf_value=0.038284367739296991 -0.04661800095067202 0.022621750679427066 0.005835416799568712 -0.080211067647227297 -0.082172582732679397 -0.082623728630193932 -0.064023932339592526 0.075409574179579719 -0.044119656177373748 0.0075273953208239239 -0.027222732665565443 0.019589823534117798 0.045852227252787071 0.059606718710258216
leaf_weight=2832.9113449156284 714.31239193677902 32048.975452713668 52829.338536120951 4194.5021727085114 803.39788697659969 2455.583121240139 1751.8212881237268 1541.7904186099768 13406.076745197177 17627.017129912972 14368.740982532501 1090.4124302119017 930.11941483616829 4872.8682392165065
leaf_count=13764 3242 223948 264263 18461 3413 10685 7641 6634 62174 80948 68396 6094 4069 22102
internal_value=7.72687e-05 0.00810911 0.000576929 -0.0305623 0.0116694 -0.0129868 0.0197561 -0.0177614 -0.0144342 -0.0174241 -0.00807832 -0.0596196 -0.0382821 0.0460255
internal_weight=151468 93799.5 61750.6 8921.22 3636.31 57668.3 7339 50329.3 47873.7 46332 31995.8 5284.91 14336.2 5587.18
internal_count=795834 529943 305995 41732 17177 265891 32985 232906 222221 215587 149344 24555 66243 25344
is_linear=0
shrinkage=0.05


Tree=35
num_leaves=15
num_cat=0
split_feature=18 11 0 33 23 33 23 33 33 23 0 11 15 11
split_gain=5856.21 3264.59 3522.32 3728.39 3248.38 3190.48 6650.96 4789 4937.9 3311.27 4273.38 3700.99 2971.58 2807.13
threshold=0.00076236927645554578 0.86750000000000005 0.6150000000000001 -114.74999999999999 0.00067350000000000016 -180.59999999999997 0.00063750000000000015 -178.96499999999995 -174.09999999999997 0.00040050000000000009 0.70500000000000007 0.77500000000000013 2.3502401828962087 0.60450000000000015
decision_type=2 2 2 2 2 2 2 2 2 2 2 2 2 2
left_child=5 2 3 -2 -5 6 12 -7 -9 10 -10 -11 -1 -14
right_child=1 -3 -4 4 -6 7 -8 8 9 11 -12 -13 13 -15
leaf_value=-0.048797607989663372 0.019584020628617693 0.021941986742546538 0.0065401029009120168 -0.078340175920717597 0.02042546505717785 -0.080741030051035834 -0.063723570112254102 0.065606001573884576 -0.038439762303797642 0.0098061633834061815 0.043940823646784144 -0.023380508543704305 -0.060599993084595551 0.063998409883589652
leaf_weight=806.97662821412086 2426.3353247046471 30545.620386131108 46017.755786672235 3749.5766004770994 1070.0679893493652 2655.7373034954071 1953.4620667099953 1976.0368379354477 17923.100077673793 18336.192525699735 1725.7003428041935 15504.546915583313 493.44293102622032 5378.1384716555476
leaf_count=3646 11587 217467 231955 16638 6011 11645 8581 9270 84811 84129 7871 74712 2177 25554
internal_value=0.000110417 0.00891096 0.00143792 -0.0309646 -0.056412 -0.0109387 0.0174255 -0.0151513 -0.0120107 -0.0148782 -0.0312043 -0.00539874 0.041162 0.0535264
internal_weight=150563 83809.4 53263.7 7245.98 4819.64 66753.3 8632.02 58121.3 55465.6 53489.5 19648.8 33840.7 6678.56 5871.58
internal_count=796054 483658 266191 34236 22649 312396 39958 272438 260793 251523 92682 158841 31377 27731
is_linear=0
shrinkage=0.05


Tree=36
num_leaves=15
num_cat=0
split_feature=31 2 1 2 33 3 15 3 1 11 3 3 23 3
split_gain=5417.1 3864.91 6813.34 6478.34 4499.12 5068.54 4487.85 4729.89 3831.22 3212.57 3151.12 9684.49 3133.4 2006.56
threshold=0.37100000000000005 0.053500000000000006 0.27950000000000008 0.052150000000000009 -3.8299999999999996 3385.0000000000005 3.5315340190116467 3029.5000000000005 0.30675000000000002 0.92500000000000016 3135.0000000000005 3030.5000000000005 0.00026350000000000006 1581.0000000000002
decision_type=2 2 2 2 2 2 2 2 2 2 2 2 2 2
left_child=1 2 13 12 9 6 -6 -8 -5 10 11 -3 -4 -1
right_child=-2 4 3 8 5 -7 7 -9 -10 -11 -12 -13 -14 -15
leaf_value=-0.0087604141027172785 -0.014790679351444175 0.010610063931561553 -0.037758130285184578 -0.12975957301870381 -0.074876455645062373 0.055548555891231012 0.062228076410270186 -0.059732764686924858 0.043915529590185028 0.036265943926079479 0.024940276781662215 -0.057111875018852891 0.04686099720220397 -0.07959609435102788
leaf_weight=1323.7299418002367 43347.538443878293 42089.830094277859 1360.3392099440098 1147.2726470381021 4238.9344059675932 1656.3777413666248 1655.6319362521172 1529.0716647952795 438.99587455391884 13093.993540912867 22051.159797601402 6036.0563467815518 5586.3385708779097 4084.9284568578005
leaf_count=6251 203170 219035 6367 5122 21125 10190 9227 7453 3024 99972 130050 26808 30061 18199
internal_value=0.000106292 0.00618148 -0.0183572 0.00947129 0.00988593 -0.0235347 -0.0411804 0.00367098 -0.0816957 0.0135302 0.009288 0.00211613 0.0302901 -0.0622601
internal_weight=149640 106293 13941.6 8532.95 92351.1 9080.02 7423.64 3184.7 1586.27 83271 70177 48125.9 6946.68 5408.66
internal_count=796054 592884 69024 44574 523860 47995 37805 16680 8146 475865 375893 245843 36428 24450
is_linear=0
shrinkage=0.05


Tree=37
num_leaves=15
num_cat=0
split_feature=9 3 3 0 3 3 3 27 1 14 0 13 33 2
split_gain=4937.58 3071.03 6375.47 5576.55 4087.23 6244.71 4531.63 3695.03 2881.52 2269.23 2045.54 1754 1722.96 2567.72
threshold=0.68500000000000016 3362.0000000000005 3303.5000000000005 0.67500000000000016 3234.5000000000005 3029.5000000000005 3083.0000000000005 -0.0012704999999999997 0.28500000000000009 -0.23099999999999998 0.72500000000000009 0.16500000000000001 -6.3149999999999986 0.066900000000000015
decision_type=2 2 2 2 2 2 2 2 2 2 2 2 2 2
left_child=9 2 4 8 5 7 -7 -2 -4 -1 -3 -5 13 -11
right_child=1 10 3 11 -6 6 -8 -9 -10 12 -12 -13 -14 -15
leaf_value=-0.03547585100639486 0.025779614409520608 0.035590360111203187 0.049428745937005497 -0.093422471634954138 0.046927690042611436 -0.074228616452931787 -0.0052976653034786615 -0.0020861131742998659 -0.056640083158865775 -0.015735477500870548 -0.13582453616364007 -0.20666594468317989 -0.02835354607572789 0.0063410802496673933
leaf_weight=7587.1112029403448 24034.778967596591 11014.482038319111 1154.7692093625665 1136.7555342167616 6258.1591749638319 3817.8303259909153 6349.9047626927495 23555.660904765129 1436.974688872695 23352.394145905972 176.73893705010414 489.17883411049843 7859.13080252707 30210.319297462702
leaf_count=39209 152773 77683 7172 4866 40953 18087 37896 125314 7452 105709 799 2807 41462 133872
internal_value=0.000104938 0.00860522 0.00462347 -0.0549193 0.00854649 0.00438777 -0.0311807 0.011987 -0.00938031 -0.00967838 0.0328821 -0.127504 -0.0064917 -0.00328392
internal_weight=148434 79425.2 68234 4217.68 64016.3 57758.2 10167.7 47590.4 2591.74 69009 11191.2 1625.93 61421.8 53562.7
internal_count=796054 475802 397320 22297 375023 334070 55983 278087 14624 320252 78482 7673 281043 239581
is_linear=0
shrinkage=0.05


Tree=38
num_leaves=15
num_cat=0
split_feature=11 33 33 33 33 3 33 0 33 33 15 13 2 3
split_gain=4662.46 4423.23 4349.3 8007.26 6257.88 7761.61 5378.53 5170.16 3742.65 4333.76 3632.2 3451.64 3305.97 9450.88
threshold=0.83600000000000008 -6.3149999999999986 -67.064999999999984 -56.454999999999991 -146.72499999999997 2821.0000000000005 -15.009999999999998 0.64500000000000013 -146.72499999999997 -100.08999999999999 2.8265409023160699 0.044500000000000046 0.053500000000000006 3061.5000000000005
decision_type=2 2 2 2 2 2 2 2 2 2 2 2 2 2
left_child=1 2 4 -4 11 10 7 -5 -2 -10 -6 -1 13 -11
right_child=8 -3 3 6 5 -7 -8 -9 9 12 -12 -13 -14 -15
leaf_value=-0.027866993272192737 0.04023921388660353 -0.035649858040321912 0.05283230345993617 -0.080074961563802033 0.029518015341603372 -0.071568324771145109 0.028095090032996695 -0.0068340723621162121 -0.073148956565778731 0.041514508130013866 -0.059187318811073447 0.011164346669271465 0.014351810737023844 -0.08799149564517908
leaf_weight=7959.2566196173429 9563.9070739597082 11498.309978693724 8313.8430719077587 2745.2045950293541 4042.3565341383219 8399.1025118678808 10132.703719735146 19702.371165826917 1675.1497282609344 2672.9000669792295 1614.9683848470449 19642.788790307939 36564.221274264157 2978.4153283387423
leaf_count=36300 68784 60973 42998 12361 19325 38973 50206 89107 7996 15991 7149 94537 236595 14759
internal_value=0.000105754 -0.00659594 -0.00254913 0.00903425 -0.01392 -0.0410758 -0.00214228 -0.0157913 0.0118971 0.00572115 0.00419515 -9.06929e-05 0.00885095 -0.0267394
internal_weight=147505 94050.9 82552.6 40894.1 41658.5 14056.4 32580.3 22447.6 53454.6 43890.7 5657.32 27602 42215.5 5651.32
internal_count=796054 451929 390956 194672 196284 65447 151674 101468 344125 275341 26474 130837 267345 30750
is_linear=0
shrinkage=0.05


Tree=39
num_leaves=15
num_cat=0
split_feature=11 33 33 33 33 3 33 0 33 33 15 13 15 2
split_gain=4251.46 4055.41 3954.08 7404.25 5763.36 7202.37 4881.9 4725.49 3496.13 3969.35 3312.75 3119.69 3280.66 3014.4
threshold=0.83600000000000008 -6.3149999999999986 -67.064999999999984 -56.454999999999991 -146.72499999999997 2821.0000000000005 -15.009999999999998 0.64500000000000013 -146.72499999999997 -100.08999999999999 2.8265409023160699 0.044500000000000046 2.8660391719055247 0.053500000000000006
decision_type=2 2 2 2 2 2 2 2 2 2 2 2 2 2
left_child=1 2 4 -4 11 10 7 -5 -2 -10 -6 -1 -13 -11
right_child=8 -3 3 6 5 -7 -8 -9 9 13 -12 12 -14 -15
leaf_value=-0.026512537437794366 0.039201661476325894 -0.034328729097195892 0.051285454637432219 -0.076792769550701634 0.028135169369541614 -0.06941309239481136 0.026921918231543107 -0.0064900931344483662 -0.070597773047575141 -0.025784707030801074 -0.057047287772297131 0.0032150786832297698 0.067077893417687662 0.013723282479551161
leaf_weight=7947.8757496476173 9332.1418506503105 11347.682467877865 8140.8117634057999 2720.0443671345711 4029.3290918767452 8231.172343865037 10047.754117026925 19709.105665192008 1649.5562556236982 5567.8325515687466 1592.3553367555141 17342.458836771548 2274.63638022542 36332.974930763245
leaf_count=36300 68784 60973 42998 12361 19325 38973 50206 89107 7996 30750 7149 83731 10806 236595
internal_value=0.000101639 -0.00631325 -0.00243794 0.00864684 -0.0133086 -0.0396186 -0.00204127 -0.0150162 0.0114294 0.00547823 0.00400645 -8.62972e-05 0.0106204 0.00847336
internal_weight=146266 93383.2 82035.5 40617.7 41417.8 13852.9 32476.9 22429.2 52882.5 43550.4 5621.68 27565 19617.1 41900.8
internal_count=796054 451929 390956 194672 196284 65447 151674 101468 344125 275341 26474 130837 94537 267345
is_linear=0
shrinkage=0.05


Tree=40
num_leaves=15
num_cat=0
split_feature=31 15 15 1 2 0 15 23 0 27 13 2 23 3
split_gain=3928.94 3109.89 5106.31 5836.1 5624.31 4979.93 4372.43 4216.89 4825.07 4020.66 3512.4 3497.03 4454.78 3412.95
threshold=0.10050000000000002 3.5717949193831546 2.7962285914078522 0.35400000000000004 0.056450000000000007 0.60500000000000009 3.5932770349567842 0.00064150000000000003 0.54500000000000015 -0.00065049999999999993 0.15999999999999998 0.051050000000000005 0.00034250000000000009 2511.5000000000005
decision_type=2 2 2 2 2 2 2 2 2 2 2 2 2 2
left_child=-1 2 4 5 11 -4 -3 8 -6 -7 -8 12 -2 -9
right_child=1 6 3 -5 7 9 10 13 -10 -11 -12 -13 -14 -15
leaf_value=0.022831736000338505 -0.066452294919520358 0.058701523571266782 -0.067171526677332005 0.029873977042521194 -0.051677633410643201 -0.0034006272251842773 -0.045158603317272623 0.026325301925494333 0.026242001178392361 -0.035427555118110465 0.062168857411316461 -0.06155401920122431 0.026069945938568623 -0.017523732889392959
leaf_weight=16762.671800799668 1922.6251609325409 4673.2532144859433 5561.6132776737213 5934.4144276380539 2118.0106921121478 23592.500838011503 2629.0152631551027 5979.5748825222254 32044.761051639915 16761.836760163307 1073.4721372947097 4701.2631901204586 4023.226092889905 17207.710917696357
leaf_count=131880 8419 26958 26008 28654 10993 119107 13929 32795 177536 82745 6118 22742 18723 88609
internal_value=6.73927e-05 -0.00290861 -0.00496715 -0.0167861 0.00404523 -0.0228167 0.0265464 0.0102412 0.021411 -0.0167036 -0.01404 -0.0293287 -0.00384827 -0.00621581
internal_weight=144986 128223 119848 51850.4 67997.2 45916 8375.74 57350.1 34162.8 40354.3 3702.49 10647.1 5945.85 23187.3
internal_count=795216 663336 616331 256514 359817 227860 47005 309933 188529 201852 20047 49884 27142 121404
is_linear=0
shrinkage=0.05


Tree=41
num_leaves=15
num_cat=0
split_feature=18 2 2 33 33 33 15 1 2 2 2 34 1 23
split_gain=3672.47 2774.97 3948.33 4908.67 4216.2 3795.37 3362.21 3048.92 3642.51 4352.97 3237.31 2867.64 2852.77 2777.98
threshold=0.0012518349265754744 0.93100000000000016 0.92920000000000014 -180.59999999999997 -176.41499999999999 -174.09999999999997 2.3502401828962087 0.30820000000000003 0.93400000000000005 0.93665000000000009 0.93535000000000013 0.83350000000000013 0.32845000000000008 0.00063350000000000006
decision_type=2 2 2 2 2 2 2 2 2 2 2 2 2 2
left_child=1 2 3 6 -5 -6 -1 8 -3 10 -10 -11 -9 -8
right_child=-2 7 -4 4 5 -7 13 12 9 11 -12 -13 -14 -15
leaf_value=-0.065646039132467957 0.01118853016270064 0.069426949009228828 -0.070167650955827762 -0.075769735036038052 0.063890104528287736 -0.013692632667543669 0.062140232324626635 -0.068788538119737966 0.027161070795475396 0.026980973276777637 -0.069385847647905521 -0.0188369271807107 -0.0035048976639689556 -0.050400256338132512
leaf_weight=740.18229848146439 48945.70304235816 2642.4709130227566 2809.0306798815727 2655.7853000760078 1631.9229147732258 46246.367578826845 4482.38892544806 2251.383254379034 1256.0091729834676 15854.149776697159 2812.0126691460609 4352.5009019449353 6517.4351001232862 624.69419893622398
leaf_count=3364 314844 12301 12482 11877 8297 228395 22463 11684 6187 93016 12882 22390 32402 2632
internal_value=6.46112e-05 -0.00567411 -0.0123137 -0.00943121 -0.0144497 -0.0110481 0.0339395 0.00533867 0.0136803 0.0076116 -0.0395769 0.0171118 -0.020267 0.0483737
internal_weight=143822 94876.3 59190.4 56381.3 50534.1 47878.3 5847.27 35686 26917.1 24274.7 4068.02 20206.7 8768.82 5107.08
internal_count=795216 480372 289510 277028 248569 236692 28459 190862 146776 134475 19069 115406 44086 25095
is_linear=0
shrinkage=0.05


Tree=42
num_leaves=15
num_cat=0
split_feature=11 15 15 33 1 0 33 15 15 2 2 33 33 1
split_gain=3501.91 3511.49 4124.5 3132.32 3039.82 3492.97 3459.16 3043.59 3015.1 3822.67 5367.1 6020.21 3620.49 2848.38
threshold=0.88500000000000012 3.53504376687845 3.5717949193831546 -3.8299999999999996 0.24600000000000002 0.70500000000000007 -24.894999999999996 2.9588524255452335 3.5717949193831546 0.93100000000000016 0.92920000000000014 -182.92499999999998 -191.69999999999996 0.32890000000000003
decision_type=2 2 2 2 2 2 2 2 2 2 2 2 2 2
left_child=3 4 -3 8 5 6 -2 -8 9 10 11 -1 -11 -10
right_child=1 2 -4 -5 -6 -7 7 -9 13 12 -12 -13 -14 -15
leaf_value=0.034216051737307317 0.024617265873671891 -0.049019389194823688 0.042085582629758443 -0.032658471486174831 0.039283986090730617 0.031478317612853267 0.044178340207007956 -0.094848781187749059 0.048210661404117928 -0.071202991717050815 -0.072166801956851809 -0.013836548720520687 0.011729060099615808 -0.054038680420709265
leaf_weight=7482.4175087735057 1667.3218149989843 3823.3889711648226 1840.120597191155 8705.472605317831 13795.497992344201 4683.2920603603125 487.33713505417109 2046.8608444482088 4891.0614922121167 1363.8351824432611 3412.1668665111065 50568.290283039212 37461.750540561974 791.21590656042099
leaf_count=37448 12549 21162 14371 48239 109952 38808 3699 10044 27592 5931 15209 244361 201634 4217
internal_value=6.23021e-05 0.0157996 -0.0194184 -0.0038274 0.024594 0.0017845 -0.0313142 -0.0681126 -0.00145891 -0.00346646 -0.011225 -0.00764278 0.00881571 0.0339725
internal_weight=143020 28343.8 5663.51 114676 22680.3 8884.81 4201.52 2534.2 105971 100288 61462.9 58050.7 38825.6 5682.28
internal_count=795216 210585 35533 584631 175052 65100 26292 13743 536392 504583 297018 281809 207565 31809
is_linear=0
shrinkage=0.05


Tree=43
num_leaves=15
num_cat=0
split_feature=11 15 15 33 1 23 15 15 2 2 33 33 1 33
split_gain=3215.98 3234.24 3725.88 2869.65 2841.63 3275.27 5107.32 2775.47 3458.17 4953.92 5462.75 3294.35 2630.35 2522.21
threshold=0.88500000000000012 3.53504376687845 3.5717949193831546 -3.8299999999999996 0.24600000000000002 0.00063350000000000006 2.9478110040628267 3.5717949193831546 0.93100000000000016 0.92920000000000014 -182.92499999999998 -191.69999999999996 0.32890000000000003 -24.894999999999996
decision_type=2 2 2 2 2 2 2 2 2 2 2 2 2 2
left_child=3 4 -3 7 5 6 -2 8 9 10 -1 -10 -9 -8
right_child=1 2 -4 -5 -6 -7 13 12 11 -11 -12 -13 -14 -15
leaf_value=0.032812783940752897 0.034711246755289159 -0.046150679909741255 0.041137708914233691 -0.031432660313844334 0.03833786937193729 0.036225477431539602 0.0099963053661201243 0.046769868508494024 -0.068297399090849184 -0.0697578255940004 -0.013144368479228487 0.011174214783367718 -0.052775395956335382 -0.096830243294671159
leaf_weight=7414.0660491287708 2054.6662532687187 3857.1022710949183 1789.6887174472213 8595.5742164254189 13438.323289610445 3853.7401642352343 749.93364515155554 4792.1934922561049 1351.0891821235418 3354.9573370963335 50569.606444634497 37358.496405020356 770.18701340258121 2098.8889385387301
leaf_count=37448 18718 21162 14371 48239 109952 31765 4567 27592 5931 15209 244361 201634 4217 10050
internal_value=6.3342e-05 0.0153003 -0.0184853 -0.0036513 0.0238958 0.00173371 -0.0253742 -0.00139016 -0.00330139 -0.0106861 -0.00726802 0.00840023 0.0329858 -0.0687095
internal_weight=142049 27842.3 5646.79 114206 22195.6 8757.23 4903.49 105611 100048 61338.6 57983.7 38709.6 5562.38 2848.82
internal_count=795216 210585 35533 584631 175052 65100 33335 536392 504583 297018 281809 207565 31809 14617
is_linear=0
shrinkage=0.05


Tree=44
num_leaves=15
num_cat=0
split_feature=34 31 23 33 33 1 15 33 33 3 1 1 2 11
split_gain=3044.59 3644.03 2808.92 2665.87 4848.52 4794.5 5952.93 3081.62 6598.92 7338 3551.87 5628.92 2394.37 2332.09
threshold=0.58350000000000013 0.49450000000000005 0.00033650000000000005 -27.989999999999995 -27.469999999999995 0.24980000000000002 2.9588524255452335 -67.064999999999984 -146.72499999999997 2821.0000000000005 0.31060000000000004 0.35400000000000004 0.93845000000000012 0.89500000000000013
decision_type=2 2 2 2 2 2 2 2 2 2 2 2 2 2
left_child=1 3 -2 7 -5 6 -6 8 12 -10 -9 -12 -1 -7
right_child=2 -3 -4 4 5 13 -8 10 9 -11 11 -13 -14 -15
leaf_value=0.0081042349886542367 -0.054981892328598826 -0.021368322278243475 -0.0086071629140802106 -0.10588576112521984 0.023842501039009745 0.0037131918353956249 -0.048623034493268692 0.029871911453690787 0.0056810862215026141 -0.071310880576975766 -0.073945008794735229 0.058355665381155858 0.042683174258186601 0.041814324076394502
leaf_weight=19431.803078100085 4003.4217612296343 13400.878829568624 17707.354836791754 1145.8772696405649 4166.5547340959311 16880.243728891015 8861.2755153477192 27334.490763507783 7304.0400449037552 5369.978788241744 2135.6183425486088 1289.2374136820436 6743.4539354741573 5269.8787921667099
leaf_count=106722 19220 70659 91674 4781 24425 92417 47498 164377 41236 25413 10996 7217 47230 41351
internal_value=6.38389e-05 0.00319723 -0.0171588 0.00630489 -0.00467531 -0.00137822 -0.0254471 0.0120347 0.00267359 -0.0269407 0.0238577 -0.0241421 0.0170128 0.0127782
internal_weight=141044 119333 21710.8 105932 36323.8 35178 13027.8 69608.6 38849.3 12674 30759.3 3424.86 26175.3 22150.1
internal_count=795216 684322 110894 613663 210472 205691 71923 403191 220601 66649 182590 18213 153952 133768
is_linear=0
shrinkage=0.05


Tree=45
num_leaves=15
num_cat=0
split_feature=1 1 11 1 33 1 33 33 3 33 3 29 1 7
split_gain=2863.26 3648.43 3163.78 7635.06 3176.4 3130.41 3121.81 2780.21 2546.97 1300.96 846.341 790.215 731.243 643.433
threshold=0.16940000000000002 0.19945000000000004 0.83600000000000008 0.21260000000000004 -146.72499999999997 0.21960000000000005 -100.08999999999999 -6.3149999999999986 3029.5000000000005 -24.894999999999996 462.00000000000006 10.11845365292317 0.17895000000000003 2625.5000000000005
decision_type=2 2 2 2 2 2 2 2 2 2 2 2 2 2
left_child=-1 9 3 11 -4 -5 -6 -7 -8 10 -2 13 -11 -3
right_child=1 2 4 5 6 7 8 -9 -10 12 -12 -13 -14 -15
leaf_value=-0.077837386472095371 -0.086076604259924056 -0.063312197360589142 0.038953935288282719 0.069236218695158169 -0.066819698066246921 -0.00087126662330929555 0.016940864453154261 -0.02920172762353658 -0.0096536743816605479 0.04831131966963418 0.051611150702298908 0.062225820506141366 -0.048744514351151569 -0.11807610983674828
leaf_weight=1170.2598293125629 114.07027956843376 4183.7928102910519 7626.6636664494872 1470.4611629396677 1509.2914716601372 69840.25692705065 22954.185774117708 9885.5097974389791 14812.205105036497 287.60888154804707 4997.3200917243958 115.04427601397038 596.21684212982655 615.34448246657848
leaf_count=5646 476 19439 62509 6828 7710 343856 153030 55689 99523 1997 32406 551 3702 2736
internal_value=4.15997e-05 0.000697291 -0.00102245 -0.00671354 0.00942611 -0.00305076 0.00369223 -0.0043841 0.00651033 0.0388516 0.0485368 -0.0672318 -0.0171593 -0.0703363
internal_weight=140178 139008 133013 86110.4 46902.3 81196.2 39275.7 79725.8 37766.4 5995.22 5111.39 4914.18 883.826 4799.14
internal_count=796098 790452 751871 429099 322772 406373 260263 399545 252553 38581 32882 22726 5699 22175
is_linear=0
shrinkage=0.05


Tree=46
num_leaves=15
num_cat=0
split_feature=18 33 1 1 1 3 1 0 3 23 1 22 23 33
split_gain=2774.64 2262.61 2342.3 4008.36 3550.92 6176.68 4205.66 1966 3599.32 4836.93 2372.94 2776.55 3228.14 1758.23
threshold=0.0015403655874107888 4.2600000000000007 0.16940000000000002 0.19830000000000003 0.25780000000000008 3234.5000000000005 0.26550000000000001 0.66500000000000015 3303.5000000000005 0.00068350000000000019 0.29555000000000003 0.0016125000000000002 0.0006395000000000002 -27.879999999999995
decision_type=2 2 2 2 2 2 2 2 2 2 2 2 2 2
left_child=1 2 -1 -4 5 -5 -6 10 -9 -10 11 12 -2 -14
right_child=7 -3 3 4 6 -7 -8 8 9 -11 -12 -13 13 -15
leaf_value=-0.073889665856559039 0.016203445047972588 -0.04180764374149059 0.047365909383254266 -0.02851483159208075 0.053976020882633952 0.025932072198181624 -0.00024239127807212737 0.033462029532965266 -0.11159144322563874 0.011121089492918686 0.018741700547609288 0.01516237945227627 -0.031984518793391786 -0.10867118888536767
leaf_weight=1139.5497949570417 1399.6103479862213 3822.6432809010148 3979.6158945709467 25526.643807843328 3805.3121152743697 6544.2710027843714 59505.174085043371 15879.09073292464 1041.5974113121629 3504.8880635350943 7220.4410465881228 3071.9557599872351 1316.3863274306059 1729.6170172020793
leaf_count=5570 10027 23035 23984 130563 20797 38274 310265 115696 5528 21831 52676 22236 8004 7612
internal_value=4.20293e-05 -0.00405211 -0.002616 -0.0017985 -0.00384985 -0.0174046 0.00301652 0.0121885 0.0222311 -0.0169941 -0.0017297 -0.021392 -0.0466511 -0.0755318
internal_weight=139487 104323 100501 99361 95381.4 32070.9 63310.5 35163.6 20425.6 4546.49 14738 7517.57 4445.61 3046
internal_count=796098 552488 529453 523883 499899 168837 331062 243610 143055 27359 100555 47879 25643 15616
is_linear=0
shrinkage=0.05


Tree=47
num_leaves=15
num_cat=0
split_feature=15 15 15 27 15 1 2 33 1 33 13 33 3 11
split_gain=2696.42 4060.81 3364.97 3277.36 3243.2 5837.61 5041.72 4692.09 4673.86 3079.93 2914.18 2708.65 2680.76 2272.04
threshold=3.5717949193831546 3.5573183671354554 3.5932770349567842 -0.0017914999999999999 2.7962285914078522 0.35400000000000004 0.056450000000000007 -6.129999999999999 0.30950000000000005 -184.93499999999997 0.15999999999999998 -184.11999999999998 2379.5000000000005 0.89500000000000013
decision_type=2 2 2 2 2 2 2 2 2 2 2 2 2 2
left_child=1 3 -2 13 6 8 9 -8 -6 -5 -4 -7 -3 -1
right_child=2 12 10 4 5 11 7 -9 -10 -11 -12 -13 -14 -15
leaf_value=0.0024152563793994699 0.052901531009482819 0.063034304710273895 -0.04145052251554858 0.060302988159786589 -0.012162835630229074 -0.063320001207739049 0.013513462503227295 -0.055541875021208623 -0.054580382650233197 -0.037711379890343344 0.053872372070481844 0.048119834933955011 -0.07234862474622826 0.033353320130668926
leaf_weight=13200.391827397048 5140.3817941993475 416.74791736900806 2429.8177827969193 878.87940207868814 29638.531635247171 618.43022188544273 46935.64013402164 2595.8207567036152 8316.3570035845041 9093.2281296104193 1196.550154350698 4604.3661469742656 2978.3251642882824 10780.869532421231
leaf_count=78907 34023 2282 14017 4385 156867 2806 259852 14432 41573 44016 7927 23491 14087 97433
internal_value=4.39377e-05 -0.00176525 0.0268836 -0.000318764 -0.00420562 -0.0146373 0.00336391 0.00989434 -0.0214571 -0.0290725 -0.00999733 0.0349233 -0.0557289 0.0163237
internal_weight=138824 130058 8766.75 126663 102681 43177.7 59503.6 49531.5 37954.9 9972.11 3626.37 5222.8 3395.07 23981.3
internal_count=796098 740131 55967 723762 547422 224737 322685 274284 198440 48401 21944 26297 16369 176340
is_linear=0
shrinkage=0.05


Tree=48
num_leaves=15
num_cat=0
split_feature=15 15 15 18 15 2 33 2 1 2 13 3 3 11
split_gain=2495.22 3742.76 3130.7 3039.51 3372.38 3754.19 3901.75 3875.04 3494.06 4018.45 2690.97 2610.12 2469.12 2080.22
threshold=3.5717949193831546 3.5573183671354554 3.5932770349567842 0.0015403655874107888 2.9115901488466207 0.066900000000000015 -6.129999999999999 0.064700000000000021 0.35890000000000005 0.93665000000000009 0.15999999999999998 2885.0000000000005 2379.5000000000005 0.89500000000000013
decision_type=2 2 2 2 2 2 2 2 2 2 2 2 2 2
left_child=1 3 -2 4 5 7 -7 -1 9 -6 -4 -10 -3 -5
right_child=2 12 10 13 8 6 -8 -9 11 -11 -12 -13 -14 -15
leaf_value=-0.0065301767072141921 0.051687885164276005 0.061390431359724343 -0.040094614796840469 0.0029721933489291977 -0.038476729939635607 0.014329301335291323 -0.054900989987426811 -0.066618462343421919 0.072298770176240701 0.0030707058353828241 0.05259204039914759 -0.059509805819449507 -0.070079586792975754 0.029470681056500594
leaf_weight=22416.873204804957 5001.5798907801509 406.76965710520744 2387.4855167120695 19147.476281188428 17126.655809827149 38941.014019988477 2147.337756857276 3047.8055383786559 1645.8246341496706 8815.3464220017195 1165.2008023411036 486.55448763072491 2922.4455210715532 12078.382214441895
leaf_count=115033 34023 2282 14017 112015 88200 212493 12030 13876 7401 50028 7927 2353 14087 110333
internal_value=4.29487e-05 -0.00168883 0.0261951 -0.000304592 -0.00476823 0.00136235 0.0107111 -0.0137222 -0.0193013 -0.0243585 -0.00969486 0.042222 -0.054015 0.0132221
internal_weight=137737 129182 8554.27 125853 94627.4 66553 41088.4 25464.7 28074.4 25942 3552.69 2132.38 3329.22 31225.9
internal_count=796098 740131 55967 723762 501414 353432 224523 128909 147982 138228 21944 9754 16369 222348
is_linear=0
shrinkage=0.05


Tree=49
num_leaves=15
num_cat=0
split_feature=13 33 33 0 1 15 0 1 15 33 33 23 15 33
split_gain=2407.18 4146.29 5295.85 3587.38 4213.4 5871.37 3933.41 3633.39 4086.75 3186.81 4038.27 2552.61 2881.35 3248.48
threshold=0.049499999999999995 -180.59999999999997 -178.96499999999995 0.6150000000000001 0.35400000000000004 2.8265409023160699 0.57500000000000007 0.31215000000000009 2.9478110040628267 -79.334999999999994 -53.684999999999995 0.00061650000000000019 2.6301797686105899 -184.69499999999996
decision_type=2 2 2 2 2 2 2 2 2 2 2 2 2 2
left_child=9 11 -3 4 5 -4 -6 8 -5 -1 -11 -2 -13 -14
right_child=1 2 3 7 6 -7 -8 -9 -10 10 -12 12 13 -15
leaf_value=-0.031732271648623897 0.049569945695587134 -0.075846858307295262 0.031776032443944939 0.014899993698523017 -0.029310237743370562 -0.068149828025716716 0.054540569655283547 0.052338696581987455 -0.0084832819073397802 0.042342223997614753 -0.012750022483843687 -0.078897486079928664 0.04078489474053143 -0.092450461086996769
leaf_weight=12516.087798833847 7358.1103610768914 2243.1755419000983 1923.6320829614997 38415.574290812016 2856.0933681949973 6233.1232184618711 2740.5207243561745 4016.9773428961635 36381.915822863579 4465.9657231792808 13032.810954302549 886.96803103387356 3154.8011690825224 534.98470427840948
leaf_count=59939 45069 10293 12844 245925 14589 30699 16174 23467 218657 22570 64609 4015 24640 2608
internal_value=4.15375e-05 0.00355905 6.27816e-05 0.00190236 -0.0216604 -0.0445839 0.0117496 0.00601415 0.00352624 -0.0124682 0.00131056 0.0313333 0.00201362 0.021465
internal_weight=136761 106746 94811 92567.8 13753.4 8156.76 5596.61 78814.5 74797.5 30014.9 17498.8 11934.9 4576.75 3689.79
internal_count=796098 648980 572648 562355 74306 43543 30763 488049 464582 147118 87179 76332 31263 27248
is_linear=0
shrinkage=0.05


Tree=50
num_leaves=15
num_cat=0
split_feature=34 31 23 15 33 3 3 2 33 33 1 11 1 33
split_gain=2410.8 2718.06 2410.73 2104.35 3535.56 3593.13 5265.26 5217.3 2594.27 5421.76 3363.66 1706.53 1936.76 1845.64
threshold=0.58350000000000013 0.49450000000000005 0.00033650000000000005 3.5717949193831546 -27.989999999999995 3237.0000000000005 3029.5000000000005 0.94585000000000008 -67.064999999999984 -146.72499999999997 0.28470000000000001 0.71500000000000008 0.23130000000000003 9.8450000000000006
decision_type=2 2 2 2 2 2 2 2 2 2 2 2 2 2
left_child=1 3 -2 4 8 6 -6 -7 9 -1 -10 -4 -13 -14
right_child=2 -3 11 -5 5 7 -8 -9 10 -11 -12 12 13 -15
leaf_value=0.01520058218688403 -0.050971163470885476 -0.018779431773886236 -0.028917434885375438 0.03469852915331819 -0.0094928158088300133 0.028012468325853603 -0.073404197949338487 -0.11698791550378151 0.034140918956182063 -0.025432317795078915 -0.0029598840734375853 -0.039566360067386883 0.021291547394747545 -0.053440262359445517
leaf_weight=24990.075374267995 3896.4702307581902 12829.799419991672 6032.2777913585305 5871.4417740851641 18215.744478873909 8137.2291172146797 3915.1411332115531 671.46464884281158 18731.737867832184 12226.028438165784 9065.9970307648182 2079.4255304485559 8300.2359870895743 917.40941658616066
leaf_count=153919 19370 70931 30591 41036 106651 53810 18521 3154 118309 66797 51736 10100 45850 5454
internal_value=4.29698e-05 0.00290853 -0.0154357 0.0056412 0.00386313 -0.0100497 -0.0207996 0.0169582 0.0104841 0.00185205 0.0220408 -0.00744542 0.0040201 0.0138532
internal_weight=135880 114655 21225.8 101825 95953.4 30939.6 22130.9 8808.69 65013.8 37216.1 27797.7 17329.3 11297.1 9217.65
internal_count=796229 684864 111365 613933 572897 182136 125172 56964 390761 220716 170045 91995 61404 51304
is_linear=0
shrinkage=0.05


Tree=51
num_leaves=15
num_cat=0
split_feature=1 1 1 11 1 11 11 3 3 3 13 34 0 0
split_gain=2243.83 2920.6 2544.72 2199.37 4522.23 3246.17 2131.25 3689.76 5785.45 3031.69 2067.6 1747.87 1319.58 1048.69
threshold=0.16940000000000002 0.19945000000000004 0.22825000000000004 0.83600000000000008 0.21960000000000005 0.72850000000000004 0.71500000000000008 3362.0000000000005 3303.5000000000005 1940.0000000000002 0.06950000000000002 0.58350000000000013 0.69500000000000006 0.69500000000000006
decision_type=2 2 2 2 2 2 2 2 2 2 2 2 2 2
left_child=-1 13 3 5 12 -3 9 8 -8 -4 -9 -11 -5 -2
right_child=1 2 6 4 -6 -7 7 10 -10 11 -12 -13 -14 -15
leaf_value=-0.070970664628713209 -0.042264077530355888 0.042898053292009991 0.048045665443409415 -0.070658217173077936 -0.056100539256203147 -0.050323148112182983 0.0056919003224601286 -0.032015084892034348 -0.041897934184580231 -0.0063776801021367957 0.03652027246938095 -0.034103203405166267 0.050366181360814478 0.042084538090021384
leaf_weight=1103.1939211338758 396.6817888468504 1077.1697120964527 2076.8576698452234 244.06019926071167 1936.0888058915734 7015.8906034380198 65933.446067653596 1214.6331562697887 7071.1072768568993 19105.138997875154 11700.925774239004 8092.1186087578535 2907.0962229818106 5172.2434948384762
leaf_count=5643 2850 4935 9353 1081 10436 33513 400803 6313 39522 95139 88144 41455 21362 35680
internal_value=4.24002e-05 0.000627335 -0.000910449 -0.0217218 0.00403967 -0.0379152 0.00147077 0.00544055 0.00108237 -0.0101806 0.0300747 -0.0146271 0.0409908 0.0360756
internal_weight=135047 133943 128375 13180.3 5087.25 8093.06 115194 85920.1 73004.6 29274.1 12915.6 27197.3 3151.16 5568.93
internal_count=796229 790586 752056 71327 32879 38448 680729 534782 440325 145947 94457 136594 22443 38530
is_linear=0
shrinkage=0.05


Tree=52
num_leaves=15
num_cat=0
split_feature=14 34 23 33 33 33 33 33 1 11 11 13 26 3
split_gain=2092.56 2292.83 2138.08 1997.81 1759.24 1679.27 3019.91 2516.18 1432.68 1341.61 1660.53 1608.18 1221.66 1175.11
threshold=-0.23099999999999998 0.58350000000000013 0.00033650000000000005 4.2600000000000007 2.2650000000000006 -27.989999999999995 -27.469999999999995 -67.064999999999984 0.35890000000000005 0.71500000000000008 0.7895000000000002 0.060000000000000005 0.00028450000000000008 3385.0000000000005
decision_type=2 2 2 2 2 2 2 2 2 2 2 2 2 2
left_child=8 3 -3 4 5 7 -7 -2 -1 12 -11 -12 -4 -5
right_child=1 2 9 13 -6 6 -8 -9 -10 10 11 -13 -14 -15
leaf_value=-0.03489561934441917 0.0010160374045821566 -0.048048768063022558 -0.058759689917019381 -0.050079753156639512 0.06212038155238634 -0.08398582696424553 -0.0017107272279698544 0.020133432723692658 0.046112162083165695 0.022937595864280833 -0.084129897629944633 -0.0048824590426316998 -0.0097890903002403936 0.04454360598950044
leaf_weight=5965.8284007608891 40730.136326827109 3739.9262806251645 1882.5213711559772 2423.6421170160174 1354.1262829452753 1156.2752641588449 31410.945491448045 29807.841170452535 600.68048357963562 5647.4674037545919 745.12735868990421 4541.7293734326959 3936.7778420075774 379.40362523496151
leaf_count=36597 240119 18990 8897 14647 7878 4768 191891 186132 2636 29913 3276 26756 20901 2828
internal_value=4.1977e-05 0.00145684 -0.0138674 0.0043847 0.00550252 0.00475887 -0.00463209 0.00909466 -0.0274847 -0.00623684 0.0040853 -0.0160529 -0.0256316 -0.037271
internal_weight=134322 127756 20493.5 107262 104459 103105 32567.2 70538 6566.51 16753.6 10934.3 5286.86 5819.3 2803.05
internal_count=796229 756996 108733 648263 630788 622910 196659 426251 39233 89743 59945 30032 29798 17475
is_linear=0
shrinkage=0.05


Tree=53
num_leaves=15
num_cat=0
split_feature=15 15 15 11 15 23 0 1 2 23 33 3 11 23
split_gain=2117.56 2945.01 2764.31 2493.59 2388.81 4174.53 4121.79 4000.46 3505.73 3448.61 2947.96 2186.7 1823.25 1258.71
threshold=3.5717949193831546 3.5573183671354554 3.5932770349567842 0.92500000000000016 2.7962285914078522 0.00072150000000000003 0.70500000000000007 0.27475000000000005 0.056450000000000007 0.00064150000000000003 -184.93499999999997 2379.5000000000005 0.73250000000000004 0.00063750000000000015
decision_type=2 2 2 2 2 2 2 2 2 2 2 2 2 2
left_child=1 3 -2 4 8 6 -6 -7 10 -10 -1 -3 -4 -5
right_child=2 11 12 13 5 7 -8 -9 9 -11 -12 -13 -14 -15
leaf_value=0.052714643531419962 0.049544765171789351 0.060167100481874992 -0.036571841879755936 0.0015768034766215787 -0.026038553282597222 -0.010624064604057907 0.032468038003036319 0.04910657682586983 0.018820334873911906 -0.0067531503238897634 -0.03373842566163187 -0.064527710956679238 0.040531354245782102 0.033946928399800722
leaf_weight=1111.3529009446502 4718.1017798930407 401.95803847163916 2200.5731974542141 5039.1179336160421 30675.047493070364 6649.7715902104974 3337.8277508467436 4845.9351097121835 32411.585213452578 22220.203111559153 8740.3607752919197 2801.6852537095547 1176.5988752916455 7432.9460832476616
leaf_count=6629 33865 2292 13619 43112 160633 35520 19600 24854 196091 123460 43688 14074 8359 70433
internal_value=3.92541e-05 -0.00155745 0.0248256 -0.000319439 -0.00272196 -0.0114931 -0.020297 0.0145552 0.0034682 0.00841892 -0.0239854 -0.048881 -0.00970886 0.0208685
internal_weight=133763 125668 8095.27 122464 109992 45508.6 34012.9 11495.7 64483.5 54631.8 9851.71 3203.64 3377.17 12472.1
internal_count=796229 740386 55843 724020 610475 240607 180233 60374 369868 319551 50317 16366 21978 113545
is_linear=0
shrinkage=0.05


Tree=54
num_leaves=15
num_cat=0
split_feature=15 15 15 11 33 15 33 29 13 3 15 2 0 2
split_gain=1957.33 2724.89 2573.2 2296.4 2920.53 3093.44 3357.8 2387.58 2090.42 2021.7 1924.6 2866.81 1151.98 1354.12
threshold=3.5717949193831546 3.5573183671354554 3.5932770349567842 0.88500000000000012 -6.9249999999999989 2.0613957098106064 -21.859999999999996 10.265260227130119 0.15999999999999998 2379.5000000000005 3.53504376687845 0.94175000000000009 0.66500000000000015 0.94585000000000008
decision_type=2 2 2 2 2 2 2 2 2 2 2 2 2 2
left_child=1 3 -2 4 5 -1 -7 10 -4 -3 -5 -12 -6 -14
right_child=2 9 8 7 12 6 -8 -9 -10 -11 11 -13 13 -15
leaf_value=0.043388344039713388 0.048406977534723866 0.05864813117065823 -0.036702004593422641 0.022582134064736092 -0.051520201078950438 0.0009849054681818866 -0.02935064845434314 -0.074471070833655881 0.048322884010806436 -0.062743594744287104 0.016128607337998414 -0.096014400358906293 -0.00059593950800059978 -0.051867177017633243
leaf_weight=3805.6621773913503 4590.8114265501499 392.00721538066864 2250.9656355604529 19107.094410814345 3693.2960702255368 75553.354380294681 10374.498289495707 734.17327833920717 1064.7790707349777 2738.8894793242216 1580.5628724843264 891.12475822865963 4249.2513710707426 1847.7193340659142
leaf_count=23307 33865 2292 14021 172127 21399 401820 48833 4115 7957 14074 10897 4773 25114 11635
internal_value=4.00074e-05 -0.00148643 0.0241659 -0.000302847 -0.00355312 -0.000723948 -0.00267769 0.0141945 -0.00939748 -0.0475432 0.0172115 -0.0243049 -0.0294839 -0.0161346
internal_weight=132874 124968 7906.56 121837 99523.8 89733.5 85927.9 22313 3315.74 3130.9 21578.8 2471.69 9790.27 6096.97
internal_count=796229 740386 55843 724020 532108 473960 450653 191912 21978 16366 187797 15670 58148 36749
is_linear=0
shrinkage=0.05


Tree=55
num_leaves=15
num_cat=0
split_feature=1 1 1 33 1 0 11 1 1 2 3 33 3 3
split_gain=1898.72 2625.6 2256.64 2908.89 4016.69 2378.19 2067.32 2034.9 3577.04 1855.94 1223.96 1007.8 783.098 592.733
threshold=0.16940000000000002 0.19945000000000004 0.22825000000000004 -62.934999999999995 0.21960000000000005 0.69500000000000006 0.83600000000000008 0.23145000000000002 0.23245000000000002 0.93665000000000009 1407.0000000000002 -24.894999999999996 462.00000000000006 849.00000000000011
decision_type=2 2 2 2 2 2 2 2 2 2 2 2 2 2
left_child=-1 11 3 6 5 -5 13 -4 -9 -10 -6 12 -2 -3
right_child=1 2 7 4 10 -7 -8 8 9 -11 -12 -13 -14 -15
leaf_value=-0.066529569475897929 -0.085742915280262177 0.048845638666993069 0.047117564787533567 -0.07536497891196306 0.058845036671745968 0.030133478222632345 0.04958302431310161 -0.12944053391593222 -0.0034360076253047859 0.010417621252486796 -0.062018824332858768 -0.016833430291291605 0.047377946005927915 -0.070593378893943085
leaf_weight=1059.9769312515855 113.20814138650894 106.89248695969582 2388.8621838539839 594.27231238782406 227.24535599350929 5275.8471964597702 422.42810747027397 527.20921337604523 73864.53716198355 35937.921989962459 2666.4146219193935 798.62846203893423 4435.8670876845717 3601.1800664067268
leaf_count=5583 480 642 17475 2579 1268 32331 3066 2476 420679 239828 14102 5695 32260 17410
internal_value=0.000117539 0.000657023 -0.000803757 -0.0206182 -0.00431409 0.019452 -0.0552099 0.0014629 0.000474342 0.00109824 -0.0525254 0.0349688 0.0440633 -0.0671491
internal_weight=132020 130961 125613 12894.3 8763.78 5870.12 4130.5 112719 110330 109802 2893.66 5347.7 4549.08 3708.07
internal_count=795874 790291 751856 71398 50280 34910 21118 680458 662983 660507 15370 38435 32740 18052
is_linear=0
shrinkage=0.05


Tree=56
num_leaves=15
num_cat=0
split_feature=33 11 29 33 33 2 3 11 3 3 2 23 33 3
split_gain=1789.92 1833.17 1990.07 1782.93 1762.91 1905.47 2092.15 2063.6 1108.4 2554.41 1703.87 1475.7 1195.97 962.529
threshold=9.8450000000000006 0.88500000000000012 10.265260227130119 9.3300000000000018 -3.8299999999999996 0.93825000000000014 3135.0000000000005 0.67850000000000021 3029.5000000000005 3073.0000000000005 0.94585000000000008 0.00038050000000000003 -12.975 2592.0000000000005
decision_type=2 2 2 2 2 2 2 2 2 2 2 2 2 2
left_child=1 3 8 4 5 6 -1 -7 11 -10 -11 12 -3 -6
right_child=-2 2 -4 -5 13 7 -8 -9 9 10 -12 -13 -14 -15
leaf_value=-0.0095472093846908496 -0.048430615557980748 0.0076701214641287695 -0.065492495086196645 0.11573294260044482 0.0030846385784499297 -0.03421018163916973 0.0090039983346733975 0.016864313754219238 -0.05315239855016525 0.020578948366670385 -0.091123610905957331 0.032990544666028243 -0.078501911968029317 -0.0406035075562588
leaf_weight=55897.614629000425 1871.8215301409364 2093.8960243910551 772.56200505048037 320.56006315350533 1760.1814409345388 2187.6082907766104 20873.301342606544 20601.310069270432 1677.6944963037968 7050.8945743963122 358.662403434515 11122.553025215864 498.40704448521137 4443.048298984766
leaf_count=279108 12195 17797 4370 1461 10548 10715 122104 124940 9441 70698 2316 99553 2500 28128
internal_value=0.000112799 0.000813636 0.0134253 -0.00198902 -0.00234594 -0.000734596 -0.0045033 0.0119613 0.0160994 0.00255647 0.0151708 0.0250726 -0.00890006 -0.028207
internal_weight=131530 129658 23574.7 106084 105763 99559.8 76770.9 22788.9 22802.1 9087.25 7409.56 13714.9 2592.3 6203.23
internal_count=795874 783679 206675 577004 575543 536867 401212 135655 202305 82455 73014 119850 20297 38676
is_linear=0
shrinkage=0.05


Tree=57
num_leaves=15
num_cat=0
split_feature=15 15 3 33 1 15 15 15 1 11 13 15 13 1
split_gain=1858.15 2479.79 4380.53 4567.24 3553.17 3975.74 3256.97 4775.03 2964.96 2762.87 4187.36 2294.85 1883 1334.79
threshold=3.5717949193831546 3.4936202227480657 3334.0000000000005 -33.459999999999987 0.25025000000000003 3.5495242412257118 3.4843933094152604 3.4795640780011685 0.23620000000000002 0.86150000000000004 0.21000000000000005 3.5932770349567842 0.15999999999999998 0.26990000000000008
decision_type=2 2 2 2 2 2 2 2 2 2 2 2 2 2
left_child=1 6 3 -3 8 -6 7 9 -5 10 -1 -2 -13 -8
right_child=11 2 -4 4 5 -7 13 -9 -10 -11 -12 12 -14 -15
leaf_value=0.00064792039437529866 0.047224574028388019 0.034696126356582396 -0.098701617900120789 0.070637144563296436 0.014508594539051269 -0.050795900335595584 0.056182329970767143 -0.077194420560740939 -0.069547156318965714 0.020461008627109766 -0.049492728269105279 -0.034701638041054132 0.047206069342157125 -0.058970895601029166
leaf_weight=75347.152587324381 4453.6528406590223 4351.911930963397 1517.9271199256182 410.94415208697319 7127.8099914863706 3462.794406555593 3451.0011398419738 1956.2581230476499 4582.1349541544914 16312.298101708293 4407.3694589808583 2171.8463929072022 1036.464782230556 271.36552015691996
leaf_count=402922 33962 26179 7632 2206 42830 18887 23661 10484 24157 157245 22156 13950 7981 1622
internal_value=0.000108783 -0.00137707 -0.0168254 -0.0105907 -0.0232377 -0.0068442 0.0018803 0.000137004 -0.0580084 0.00171182 -0.002123 0.0239999 -0.0082402 0.0477861
internal_weight=130861 123199 21453.5 19935.6 15583.7 10590.6 101745 98023.1 4993.08 96066.8 79754.5 7661.96 3208.31 3722.37
internal_count=795874 739981 121891 114259 88080 61717 618090 592807 26363 582323 425078 55893 21931 25283
is_linear=0
shrinkage=0.05


Tree=58
num_leaves=15
num_cat=0
split_feature=1 1 1 33 1 11 1 1 33 15 3 33 3 1
split_gain=1740.13 2380.37 2104.1 2664.35 3551.83 1886.09 1824.49 2819.65 1779.61 1727.09 1088.95 945.189 716.736 558.197
threshold=0.16940000000000002 0.19945000000000004 0.22825000000000004 -62.934999999999995 0.21960000000000005 0.83600000000000008 0.23145000000000002 0.23245000000000002 -27.989999999999995 3.5717949193831546 1407.0000000000002 -24.894999999999996 462.00000000000006 0.17895000000000003
decision_type=2 2 2 2 2 2 2 2 2 2 2 2 2 2
left_child=-1 11 3 5 8 -3 -4 -8 -5 -9 -6 12 -2 -13
right_child=1 2 6 4 10 -7 7 9 -10 -11 -12 13 -14 -15
leaf_value=-0.06437155556460776 -0.081873546016557136 -0.064997252035340167 0.045590941712776653 0.043443484098191348 0.056640797080514095 0.048381672170396822 -0.11282869886549241 -0.00063973903281747048 -0.012404110772961675 0.024372532920785797 -0.059824494336311013 0.044653332711972638 0.046180322105978708 -0.045318920299055432
leaf_weight=1038.0063142627478 112.05136828124523 3637.9233618676662 2290.2280620709062 3144.929208420217 217.67674370110035 407.864746786654 546.01982368528843 101036.18583505601 2610.3550234138966 7407.4653067439795 2562.9594303295016 253.68249075859785 4274.9535278081894 537.43837212771177
leaf_count=5583 480 18052 17475 17789 1268 3066 2476 604913 17121 55594 14102 1974 32260 3721
internal_value=0.000104715 0.000623417 -0.000765104 -0.0201459 -0.00430505 -0.0535664 0.00142617 0.000498086 0.0181136 0.0010688 -0.0507055 0.0338364 0.0429078 -0.0164662
internal_weight=130078 129040 123862 12581.7 8535.92 4045.79 111280 108990 5755.28 108444 2780.64 5178.13 4387 791.121
internal_count=795874 790291 751856 71398 50280 21118 680458 662983 34910 660507 15370 38435 32740 5695
is_linear=0
shrinkage=0.05


Tree=59
num_leaves=15
num_cat=0
split_feature=34 9 23 2 2 3 3 3 33 1 1 3 2 1
split_gain=1639.23 1939.73 1907.32 1532.11 5049.93 3757.53 4593.43 5675.27 3038.7 2766.58 3702.35 2520.88 2062.94 1862.38
threshold=0.58350000000000013 0.43500000000000005 0.00033650000000000005 0.93100000000000016 0.92920000000000014 3029.5000000000005 3341.5000000000005 3303.5000000000005 -184.93499999999997 0.30820000000000003 0.35400000000000004 3181.0000000000005 0.94150000000000011 0.24655000000000002
decision_type=2 2 2 2 2 2 2 2 2 2 2 2 2 2
left_child=1 -1 -2 4 8 9 7 -7 -3 13 -11 -10 -8 -5
right_child=2 3 -4 5 -6 6 12 -9 11 10 -12 -13 -14 -15
leaf_value=-0.021823810345589265 -0.04563320590940248 0.044247589566929035 -0.0057559764563295639 0.013981235447822052 -0.063098347813303327 -0.0065158036317491856 0.038248898377069768 -0.098124996759942976 -0.0056675449713582023 -0.07013074366163205 0.044264243461208323 0.019813929178755435 -0.016458024894809867 0.048227914751413359
leaf_weight=7615.8498099818826 3662.4309327229857 4124.7080003991723 16540.965322755277 6423.6057151257992 3051.6963956654072 6933.1690431386232 5940.0416507646441 2235.7356135100126 45083.067332006991 1555.2090066671371 1297.1492754966021 12368.914673291147 2427.3422597795725 10392.708393067122
leaf_count=45795 19275 29645 91509 43133 14756 51542 44626 10054 256803 7777 9710 81765 18346 71138
internal_value=0.00010052 0.00251601 -0.012985 0.00433634 -0.000316928 0.0124195 -0.00440879 -0.0288545 0.00279457 0.0274232 -0.0181083 -0.000181579 0.0223786 0.0351463
internal_weight=129653 109449 20203.4 101833 64628.4 37205 17536.3 9168.9 61576.7 19668.7 2852.36 57452 8367.38 16816.3
internal_count=795874 685090 110784 639295 382969 256326 124568 61596 368213 131758 17487 338568 62972 114271
is_linear=0
shrinkage=0.05


Tree=60
num_leaves=15
num_cat=0
split_feature=0 1 1 1 1 3 15 3 3 0 3 3 26 0
split_gain=1619.04 1738.82 1924.25 4860.63 4749.32 4358.29 3943.77 3436.2 2127.93 7231.61 2740.19 1878.45 687.072 686.603
threshold=0.78500000000000014 0.19945000000000004 0.25780000000000008 0.25585000000000008 0.26550000000000001 3234.5000000000005 3.4962347597865295 2931.0000000000005 3008.5000000000005 0.6150000000000001 3073.0000000000005 549.00000000000011 -4.6499999999999992e-05 0.69500000000000006
decision_type=2 2 2 2 2 2 2 2 2 2 2 2 2 2
left_child=1 13 3 5 11 7 -7 -3 9 -6 -10 -4 -13 -1
right_child=-2 2 4 -5 8 6 -8 -9 10 -11 -12 12 -14 -15
leaf_value=-0.038511457104424482 -0.07900118559393457 -0.006718744235818544 -0.14798643849644422 -0.086843213282330078 -0.029494408459555307 0.038220075827961053 -0.072002363718201901 -0.050596112747493815 -0.044116072863960444 0.022822010375973964 -0.0029649853829146868 0.093188785380657196 0.043115761198775519 0.032870667718360141
leaf_weight=360.780861094594 644.6215298101306 23829.067781001329 122.5938526391983 1949.811966329813 8894.0846443623304 7386.1994474157691 911.62211675196886 5490.0423284620047 4526.5289486125112 25668.406806245446 38050.252153001726 787.5279324427247 5266.8635719865561 5067.331585727632
leaf_count=2907 2989 145693 585 9665 49998 50964 4968 30120 25410 149843 242372 3898 38555 38206
internal_value=3.46696e-05 0.000431799 -0.000791542 -0.00987089 0.00352023 -0.00588093 0.02611 -0.014935 0.000142111 0.0093592 -0.00734004 0.0457061 0.0496305 0.0281256
internal_weight=128956 128311 122883 39566.7 83316.3 37616.9 8297.82 29319.1 77139.3 34562.5 42576.8 6176.99 6054.39 5428.11
internal_count=796173 793184 752071 241410 510661 231745 55932 175813 467623 199841 267782 43038 42453 41113
is_linear=0
shrinkage=0.05


Tree=61
num_leaves=15
num_cat=0
split_feature=15 15 3 33 1 15 15 15 1 34 2 15 13 23
split_gain=1592.23 2193.9 3673.83 3840.76 3400.79 2960.31 4103.64 2928.38 2678.28 2308.91 2986.56 2121.11 1679.51 1536.02
threshold=3.5717949193831546 3.4936202227480657 3318.0000000000005 -33.459999999999987 0.25025000000000003 3.4843933094152604 3.4795640780011685 3.5495242412257118 0.23620000000000002 0.58350000000000013 0.93825000000000014 3.5932770349567842 0.15999999999999998 0.00044950000000000008
decision_type=2 2 2 2 2 2 2 2 2 2 2 2 2 2
left_child=1 5 3 13 8 6 9 -6 -5 10 -1 -2 -13 -3
right_child=11 2 -4 4 7 -7 -8 -9 -10 -11 -12 12 -14 -15
leaf_value=-0.00059898127882613379 0.045490094267513992 -0.036211062355905405 -0.075971050091238002 0.069129170999459907 0.013033334519065173 0.046228145910229501 -0.07257981665449674 -0.048861578847903334 -0.066357608623586639 -0.017962915746251241 0.022058240942386821 -0.033788122034562794 0.04522326627048464 0.045957243770414657
leaf_weight=62416.730501197278 4264.507551446557 675.67525341361761 2278.6056755930185 397.3174677118659 7005.6494503170252 3605.4930758997798 1904.5537169501185 2627.6806361600757 4440.6778654828668 13065.208648994565 18963.230536006391 2127.1347376927733 983.45695453882217 3592.1050659865141
leaf_count=369011 33891 3417 12607 2169 42809 25337 10531 13971 24231 69505 144120 13887 7944 22743
internal_value=3.4816e-05 -0.00134024 -0.0160242 -0.00873453 -0.0210273 0.00174739 8.28309e-05 -0.00385005 -0.0552296 0.0015482 0.00468065 0.0225895 -0.00880692 0.0329478
internal_weight=128348 120973 21017.7 18739.1 14471.3 99955.2 96349.7 9633.33 4838 94445.2 81380 7375.1 3110.59 4267.78
internal_count=796173 740451 121947 109340 83180 618504 593167 56780 26400 582636 513131 55722 21831 26160
is_linear=0
shrinkage=0.05


Tree=62
num_leaves=15
num_cat=0
split_feature=33 33 33 33 13 33 23 1 15 23 19 11 15 9
split_gain=1533.1 3676.02 2800.48 5239.8 4038.38 2939.87 3365.52 1592.81 1626.37 1552.11 560.71 355.64 252.091 210.859
threshold=-203.17999999999998 -199.33499999999998 -180.59999999999997 -178.96499999999995 0.090000000000000011 -174.09999999999997 0.00038050000000000003 0.31215000000000009 2.6301797686105899 0.00038350000000000005 0.00046181980922564106 0.7895000000000002 2.3502401828962087 0.69350000000000012
decision_type=2 2 2 2 2 2 2 2 2 2 2 2 2 2
left_child=-1 -2 4 13 7 11 -7 8 -3 -9 -6 -5 -12 -4
right_child=1 2 3 5 10 6 -8 9 -10 -11 12 -13 -14 -15
leaf_value=0.052730570314008941 -0.06845126267294685 -0.063400833396016237 -0.05880943980279274 0.06394926385051794 0.064233002534004949 -0.019350229309003188 0.0029311384431527838 0.069131369664441208 0.036595190293131519 -0.07136991211503034 -0.064082696974259473 0.025135526369053907 0.036624124810953236 -0.087169368236426611
leaf_weight=1365.3267372772098 1961.3924200385809 545.58964040875435 1744.8314376473427 1824.5812327638268 2477.1252440363169 21106.952461712062 86000.507293589413 225.64248079061508 1595.5106610059738 1521.4724586904049 62.796887755393982 872.59805203229189 5259.8978117406368 1051.1491278707981
leaf_count=9601 9645 2665 8911 8883 11559 123753 544844 1008 8643 7010 291 9493 45511 4356
internal_value=3.36306e-05 -0.0005363 0.000535517 -0.00188257 0.0238308 -0.000161413 -0.00145972 -0.0177954 0.0111127 -0.053221 0.0445815 0.0513935 0.0354348 -0.0694741
internal_weight=127615 126250 124289 112601 11688 109805 107107 3888.22 2141.1 1747.11 7799.82 2697.18 5322.69 2795.98
internal_count=796173 786572 776927 700240 76687 686973 668597 19326 11308 8018 57361 18376 45802 13267
is_linear=0
shrinkage=0.05


Tree=63
num_leaves=15
num_cat=0
split_feature=1 1 1 15 1 11 1 1 15 0 3 15 11 15
split_gain=1484.3 2010.07 1731.43 1721.38 1772.88 3593.27 1533.84 2328.18 1480.78 731.909 634.023 221.264 196.317 477.139
threshold=0.16940000000000002 0.19945000000000004 0.22825000000000004 3.4962347597865295 0.21960000000000005 0.83600000000000008 0.23145000000000002 0.23245000000000002 3.5717949193831546 0.69500000000000006 462.00000000000006 2.6301797686105899 0.74500000000000011 2.7962285914078522
decision_type=2 2 2 2 2 2 2 2 2 2 2 2 2 2
left_child=11 9 3 4 5 -3 -4 -8 -9 -2 -11 -1 13 -12
right_child=1 2 6 -5 -6 -7 7 8 -10 10 12 -13 -14 -15
leaf_value=-0.083311784831766975 -0.037681078891028078 -0.033008051689205058 0.043033396800431993 0.063526426654920254 -0.054767950917160982 0.036970192155419412 -0.10109209268238012 -0.00063774717452512539 0.022944339891981282 -0.079943617957487417 0.054601183842313265 -0.036781212176959212 0.043368670204550042 -0.057029797469337708
leaf_weight=509.29931227862835 351.63354971259832 5814.7240703701973 2153.1359878927469 606.95049045979977 3166.1364597007632 2679.7872451245785 561.87333443760872 99064.880759604275 7136.2667367719114 112.63406619429588 220.73538357019424 513.1399993672967 4073.1367761828005 168.8605028539896
leaf_count=2424 2907 28675 17515 3435 17979 21228 2514 605306 55419 486 1164 3206 33050 865
internal_value=3.3009e-05 0.000519488 -0.000753349 -0.0185613 -0.0228346 -0.0109316 0.00125244 0.000409783 0.000946889 0.0318254 0.0371679 -0.059965 0.0401254 0.00621533
internal_weight=127133 126111 121184 12267.6 11660.6 8494.51 108916 106763 106201 4927 4575.37 1022.44 4462.73 389.596
internal_count=796173 790543 752071 71317 67882 49903 680754 663239 660725 38472 35565 5630 35079 2029
is_linear=0
shrinkage=0.05


Tree=64
num_leaves=15
num_cat=0
split_feature=14 34 23 33 15 15 1 33 15 1 11 1 33 26
split_gain=1415.5 1394.61 1631.09 1322.9 1414.19 1848.67 3649.24 1925.64 1683.3 1222.89 1117.47 1282.34 1296.32 1009.1
threshold=-0.23099999999999998 0.58350000000000013 0.00033650000000000005 4.2600000000000007 3.5717949193831546 3.538891571506309 0.28470000000000001 -24.894999999999996 3.6429289949102208 0.35890000000000005 0.71500000000000008 0.23130000000000003 9.8450000000000006 0.00028450000000000008
decision_type=2 2 2 2 2 2 2 2 2 2 2 2 2 2
left_child=9 3 -3 4 5 7 -7 -2 -6 -1 13 -12 -13 -4
right_child=1 2 10 -5 8 6 -8 -9 -10 -11 11 12 -14 -15
leaf_value=-0.030971167956005321 0.0093160636596396271 -0.042117000388989634 -0.053502146353110847 -0.033119026221632368 0.040480340719347301 0.047165840846070499 -0.050687883948181391 -0.00712820044964654 -0.043473383314299702 0.044923083250894391 -0.0309450171528322 0.019862373571785732 -0.048522375069536522 -0.0077626070385685298
leaf_weight=5453.7290839329362 63760.160680029541 3469.8745334520936 1779.3059261664748 2398.451468937099 4607.9257817193866 1269.4901885092258 3818.0304278284311 24698.89089614898 685.86072263866663 587.91260856389999 1979.9045584201813 7735.5443657636642 761.09889990091324 3741.1130334883928
leaf_count=36599 405832 18934 8811 17576 37657 8257 20594 153756 4803 2633 9707 45031 5187 20796
internal_value=3.24782e-05 0.00121463 -0.0110416 0.00357135 0.00446171 0.00303895 -0.02627 0.00472461 0.0296027 -0.0235853 -0.0043009 0.00529194 0.0137362 -0.0225058
internal_weight=126747 120706 19466.8 101239 98840.4 93546.6 5087.52 88459.1 5293.79 6041.64 15997 10476.5 8496.64 5520.42
internal_count=796173 756941 108466 648475 630899 588439 28851 559588 42460 39232 89532 59925 50218 29607
is_linear=0
shrinkage=0.05


Tree=65
num_leaves=15
num_cat=0
split_feature=33 33 33 33 0 1 3 33 33 11 0 2 18 9
split_gain=1375.54 3388.96 2515.4 4731.83 2748.59 3215.54 2877.53 2299.07 3482.97 2035.75 618.299 337.845 267.837 175.452
threshold=-203.17999999999998 -199.33499999999998 -180.59999999999997 -178.96499999999995 0.6150000000000001 0.35400000000000004 3008.5000000000005 -184.41999999999999 -184.93499999999997 0.60450000000000015 0.81500000000000006 0.94280000000000008 0.00067214811206995706 0.77300000000000013
decision_type=2 2 2 2 2 2 2 2 2 2 2 2 2 2
left_child=13 -2 7 -4 5 -5 -6 8 9 -3 11 -9 -10 -1
right_child=1 2 3 4 6 -7 -8 10 12 -11 -12 -13 -14 -15
leaf_value=0.06711836149538207 -0.066402754464126551 -0.056212600737675922 -0.066714612880013222 -0.03886895844129469 0.010508544800694212 0.0088194008337474025 -0.0072103225889566403 0.05635524916652445 -0.048529135354299806 0.033909263217715056 -0.072298620971218405 0.021399457551038097 -0.095435596846352486 0.030270359902296137
leaf_weight=737.12469521909952 1919.7212800011039 731.61534312367439 2733.3387363255024 8992.3792105615139 54413.165212485939 5824.2416196316481 39580.44262573868 4140.1362693458796 582.30619378387928 4362.9488800540566 104.54877485334873 829.95630593597889 638.3575786948204 575.533726580441
leaf_count=3454 9652 3732 13190 50703 339336 33994 262701 24674 2972 34277 557 7941 2664 6088
internal_value=5.12074e-05 -0.000484131 0.000545304 -0.00174018 -0.000107943 -0.0201233 0.00304718 0.0229273 0.00279018 0.0209663 0.0479868 0.0505185 -0.0730651 0.0509659
internal_weight=126166 124853 122933 111544 108810 14816.6 93993.6 11389.9 6315.23 5094.56 5074.64 4970.09 1220.66 1312.66
internal_count=795935 786393 776741 699924 686734 84697 602037 76817 43645 38009 33172 32615 5636 9542
is_linear=0
shrinkage=0.05


Tree=66
num_leaves=15
num_cat=0
split_feature=1 1 1 1 1 33 33 33 2 15 0 33 13 1
split_gain=1331.81 1779.49 1603.53 4420.41 4156.7 3133.23 5082.44 2427.58 2052.45 1888.02 972.479 746.876 706.467 616.686
threshold=0.16940000000000002 0.19945000000000004 0.25780000000000008 0.25585000000000008 0.26550000000000001 -79.334999999999994 -28.774999999999995 -1.8049999999999999 0.9476500000000001 3.5717949193831546 0.66500000000000015 -24.894999999999996 0.22950000000000001 0.26140000000000002
decision_type=2 2 2 2 2 2 2 2 2 2 2 2 2 2
left_child=-1 11 3 5 10 8 -7 9 -3 -6 13 -2 -9 -4
right_child=1 2 4 -5 7 6 -8 12 -10 -11 -12 -13 -14 -15
leaf_value=-0.057384175104425728 0.039028616308388366 -0.040039264983695089 -0.12917004554445513 -0.08302664494543438 -0.00011494609552200953 0.031280328042981552 -0.013544995056814219 -0.043502186106510646 0.01838457840864717 0.030210746226168362 0.04763670396722558 -0.015967394755020233 0.041537048537026396 0.036485146570228673
leaf_weight=1001.2415946722031 4009.3415328674018 8085.2279408201575 129.72690244019032 1920.0509656369686 65879.775069534779 10283.724184572697 16421.028753779829 3711.7311476692557 1846.5157341510057 5565.9932572543621 5707.9135698899627 729.63852218538523 261.35066034644842 98.978161670267582
leaf_count=5639 32790 47013 582 9695 394941 69257 101633 25892 13493 44522 41520 5680 2394 884
internal_value=4.89321e-05 0.000510301 -0.000677341 -0.0090762 0.00330311 -0.00520038 0.00371683 0.000132199 -0.029177 0.00224762 0.0435857 0.030561 -0.0379074 -0.0574938
internal_weight=125652 124651 119912 38556.5 81355.5 36636.5 26704.8 75418.9 9931.74 71445.8 5936.62 4738.98 3973.08 228.705
internal_count=795935 790296 751826 241091 510735 231396 170890 467749 60506 439463 42986 38470 28286 1466
is_linear=0
shrinkage=0.05


Tree=67
num_leaves=15
num_cat=0
split_feature=14 1 1 1 11 1 1 1 3 2 33 13 2 23
split_gain=1257.84 1207 1541.71 1421.15 4208.98 2037.87 2687.91 1101.33 918.337 700.826 670.011 639.606 460.43 619.16
threshold=-0.23099999999999998 0.16940000000000002 0.19830000000000003 0.21260000000000004 0.83600000000000008 0.21960000000000005 0.22825000000000004 0.35890000000000005 1096.5000000000002 0.91930000000000012 -24.894999999999996 0.022000000000000023 0.94005000000000016 0.00067650000000000013
decision_type=2 2 2 2 2 2 2 2 2 2 2 2 2 2
left_child=7 -2 10 4 11 -5 -7 12 -6 -9 -3 -4 -1 -14
right_child=1 2 3 5 8 6 -8 9 -10 -11 -12 -13 13 -15
leaf_value=-0.037907410698274177 -0.059795112671676753 0.039197767112167402 -0.021777996357161059 0.052213059781340991 -0.047977556663996848 -0.047365010164673649 0.0021986709789215213 0.073844971769018261 0.04700659603143785 -0.052679025187970657 -0.014142480674435069 -0.064302258957861777 -0.015716390450227696 0.095634458620707491
leaf_weight=4047.3819345161319 806.45536313205957 3683.6621259041131 1262.128148406744 1969.34493945539 294.32711430639029 2810.1254053860903 102797.38437675685 441.33216808736324 1875.7887559570372 145.44914665818214 700.65585971623659 2954.5140294060111 1112.4789900109172 140.51946185529232
leaf_count=28045 4086 30871 6317 13478 1566 15507 650860 1832 15046 797 5508 13462 7858 702
internal_value=4.82881e-05 0.00116299 0.00157842 0.000459079 -0.0224561 0.00181956 0.00087978 -0.0225125 0.0341225 0.042479 0.0306734 -0.0515747 -0.0297081 -0.00322214
internal_weight=125042 119154 118348 113964 6386.76 107577 105608 5887.16 2170.12 586.781 4384.32 4216.64 5300.38 1253
internal_count=795935 756701 752615 716236 36391 679845 666367 39234 16612 2629 36379 19779 36605 8560
is_linear=0
shrinkage=0.05


Tree=68
num_leaves=15
num_cat=0
split_feature=33 33 33 33 13 33 23 1 15 23 31 23 11 34
split_gain=1230.88 3012.32 2323.49 4188.07 3366.52 2763.66 3000.78 1381.79 1345.37 1317.33 473.42 373.232 325.437 162.899
threshold=-203.17999999999998 -199.33499999999998 -180.59999999999997 -178.96499999999995 0.090000000000000011 -174.09999999999997 0.00038050000000000003 0.31215000000000009 2.6301797686105899 0.00038350000000000005 0.27150000000000007 0.00063350000000000006 0.7895000000000002 0.83350000000000013
decision_type=2 2 2 2 2 2 2 2 2 2 2 2 2 2
left_child=-1 13 4 -4 7 12 -7 8 -3 -9 -6 -12 -5 -2
right_child=1 2 3 5 10 6 -8 9 -10 -11 11 -13 -14 -15
leaf_value=0.048943174435788189 -0.067161116797358519 -0.058684610524692253 -0.063650741009749642 0.062478863944486943 0.029877677990452673 -0.018454950845462635 0.00276740431428695 0.064919779423888921 0.034718630992767334 -0.066502202279797404 0.061075039181197423 0.0093538179537431335 0.02495390290225356 -0.0021074863869806489
leaf_weight=1273.767402715981 1758.4729690998793 514.08019049465656 2661.1023939624429 1787.9675649404526 3866.9355069063604 20758.349809281528 84294.816096704453 218.7683399617672 1540.7894166857004 1481.1084997057915 3104.9823208898306 392.99002725630999 853.91193197667599 101.80877448618412
leaf_count=9542 9059 2679 13190 8868 39285 123825 544516 1018 8693 7071 15372 2699 9525 593
internal_value=4.60055e-05 -0.000459025 0.000507987 -0.00168707 0.0222924 -0.000155909 -0.00142612 -0.0162381 0.0113496 -0.0495858 0.0419359 0.0552647 0.0503514 -0.0636012
internal_weight=124610 123336 121476 110356 11119.7 107695 105053 3754.75 2054.87 1699.88 7364.91 3497.97 2641.88 1860.28
internal_count=795935 786393 776741 699924 76817 686734 668341 19461 11372 8089 57356 18071 18393 9652
is_linear=0
shrinkage=0.05


Tree=69
num_leaves=15
num_cat=0
split_feature=12 13 2 26 15 1 0 2 2 3 3 0 23 3
split_gain=1183.68 1339.85 1519.46 1523.32 1307.83 2898.23 4930.84 2407.86 5556.98 2476.77 2335.96 2000.89 1985.52 1885.24
threshold=0.38500000000000012 0.040000000000000015 0.051900000000000009 -0.00045249999999999994 2.8265409023160699 0.35400000000000004 0.6150000000000001 0.066900000000000015 0.064700000000000021 2468.0000000000005 3303.5000000000005 0.54500000000000015 0.0011395000000000001 3554.5000000000005
decision_type=2 2 2 2 2 2 2 2 2 2 2 2 2 2
left_child=1 2 -1 -4 7 6 13 8 9 -3 -8 -9 -13 -6
right_child=-2 4 3 -5 5 -7 10 11 -10 -11 -12 12 -14 -15
leaf_value=-0.042460818749067791 -0.025791640597061349 0.051204983731687172 -0.038375729115847849 0.00032740499569136649 -0.055498490047314435 0.035572197838296474 0.0068082406587797982 -0.047314237545620655 -0.070151725398151579 -0.0027294376252807915 -0.026296184120284179 0.024565978978073683 -0.020685528421083427 0.043208374697590937
leaf_weight=3028.4610914513469 4280.2529221624136 2602.4224491417408 2924.092695645988 19470.542797170579 5751.6887457594275 4576.3137162029743 29460.421826153994 1130.6835637837648 2781.4291490465403 11689.102845735848 6505.4753056541085 26738.833946447819 2665.686822284013 528.08548348397017
leaf_count=16962 29298 14327 15217 103801 31541 25789 196678 6568 14457 75502 42460 197897 21484 3954
internal_value=4.44451e-05 0.000967136 -0.00922144 -0.00472626 0.00371018 -0.00222327 -0.00631758 0.00954563 -0.00549239 0.00709207 0.000820289 0.0179537 0.0204636 -0.0471974
internal_weight=124133 119853 25423.1 22394.6 94430.1 46822 42245.7 47608.2 17073 14291.5 35965.9 30535.2 29404.5 6279.77
internal_count=795935 766637 135980 119018 630657 300422 274633 330235 104286 89829 239138 225949 219381 35495
is_linear=0
shrinkage=0.05


Tree=70
num_leaves=15
num_cat=0
split_feature=15 15 3 15 15 1 15 1 19 15 11 13 0 0
split_gain=1179.09 1875.67 3085.34 2787.12 3432.4 2020.08 3786.45 2772.61 1944.85 1850.04 1800.53 2746.23 1354.56 1320.21
threshold=3.5717949193831546 3.4936202227480657 3334.0000000000005 3.4843933094152604 3.4795640780011685 0.24180000000000004 3.511764630913309 0.28690000000000004 0.0022244886845246429 3.5932770349567842 0.88500000000000012 0.21000000000000005 0.63500000000000012 0.6150000000000001
decision_type=2 2 2 2 2 2 2 2 2 2 2 2 2 2
left_child=1 3 5 4 10 -3 8 -8 -7 -2 11 -1 13 -11
right_child=9 2 -4 -5 -6 6 7 -9 -10 12 -12 -13 -14 -15
leaf_value=0.0014671939013708364 0.042553270250418898 0.046014361783143505 -0.084671677846357568 0.045528108240284124 -0.068086011136425914 -0.063088891764722863 0.013815412887213241 -0.039941343352659558 0.043741758867389596 -0.041667959683560053 0.019967005740696861 -0.033855711288026356 -0.050763940821789311 0.04972343115445152
leaf_weight=73399.737515617162 3946.2491744793952 1508.5621761456132 1470.6215793564916 3511.0573148801923 1807.1810473799706 4263.2857693657279 9356.4047101289034 3225.4142009317875 473.25002475082874 602.7149219289422 11526.886164098978 5948.4017426744103 1197.9070088714361 1147.0643513128161
leaf_count=418692 33826 8829 7607 25307 10519 24578 59353 17693 3761 4447 129290 34504 8313 9236
internal_value=7.58664e-05 -0.00111319 -0.014925 0.00180123 0.000144686 -0.00947651 -0.0143104 3.43831e-05 -0.0524142 0.0201678 0.00150163 -0.00118086 -0.00980148 0.0182429
internal_weight=123385 116491 20297.5 96193.3 92682.2 18826.9 17318.4 12581.8 4736.54 6893.94 90875 79348.1 2947.69 1749.78
internal_count=795955 740133 121821 618312 593005 114214 105385 77046 28339 55822 582486 453196 21996 13683
is_linear=0
shrinkage=0.05


Tree=71
num_leaves=15
num_cat=0
split_feature=15 15 15 3 15 15 15 1 15 11 13 0 0 1
split_gain=1093.24 1716.19 1711.35 2877.57 2570.85 3170.74 1876.56 2219.82 2606.84 1654.46 3269.17 1258.77 1225.73 1135.63
threshold=3.5717949193831546 3.5932770349567842 3.4936202227480657 3318.0000000000005 3.4843933094152604 3.4795640780011685 3.4962347597865295 0.24180000000000004 3.511764630913309 0.86150000000000004 0.21000000000000005 0.63500000000000012 0.6150000000000001 0.26990000000000008
decision_type=2 2 2 2 2 2 2 2 2 2 2 2 2 2
left_child=2 -2 4 6 5 9 -4 -8 -9 10 -1 12 -3 -6
right_child=1 11 3 -5 13 -7 7 8 -10 -11 -12 -13 -14 -15
leaf_value=0.00098276477552701621 0.041531107496262723 -0.040737673023345279 -0.073915258402184575 -0.069173513041898768 0.052376018701699993 -0.066198968225473734 0.05923294240693984 -0.045029043071225766 0.0025223971322668134 0.01676041443443882 -0.044115836357310645 -0.049627943813684711 0.048541054429904126 -0.056115551072932528
leaf_weight=71722.281444057822 3843.8362167179585 586.08299150317907 1012.7013013064861 2137.2214518934488 3180.5558070242405 1766.7972948178649 1288.3660988733172 3808.3304472491145 11851.239653743804 14739.569940909743 4256.7803508266807 1164.9081159383059 1117.0271995961666 260.91600520163774
leaf_count=403293 33826 4447 4945 12626 23672 10519 7683 24540 72027 157120 22073 8313 9236 1635
internal_value=7.24994e-05 0.0196921 -0.00106248 -0.014329 0.00171703 0.000138039 -0.00780246 -0.00385157 -0.00904209 0.00143006 -0.00154397 -0.00957776 0.0178174 0.0441493
internal_weight=122737 6711.85 116025 20097.9 95926.9 92485.4 17960.6 16947.9 15659.6 90718.6 75979.1 2868.02 1703.11 3441.47
internal_count=795955 55822 740133 121821 618312 593005 109195 104250 96567 582486 425366 21996 13683 25307
is_linear=0
shrinkage=0.05


Tree=72
num_leaves=15
num_cat=0
split_feature=33 33 33 33 13 33 23 1 15 23 19 9 5 34
split_gain=1142.54 2837.21 2032.82 3793.17 3038.09 2491.5 2623.93 1277.92 1238.54 1217.35 438.328 291.342 151.561 151.191
threshold=-203.17999999999998 -199.33499999999998 -180.59999999999997 -178.96499999999995 0.090000000000000011 -174.09999999999997 0.00038050000000000003 0.31215000000000009 2.7028954204178484 0.00038350000000000005 0.00055526999457624813 0.69350000000000012 1056.5250000000003 0.83350000000000013
decision_type=2 2 2 2 2 2 2 2 2 2 2 2 2 2
left_child=-1 13 4 -4 7 11 -7 8 -3 -9 -6 -5 -12 -2
right_child=1 2 3 5 10 6 -8 9 -10 -11 12 -13 -14 -15
leaf_value=0.04777888962052166 -0.065815526551843348 -0.021674939484313753 -0.061385404312906622 0.062528206660468696 0.05638406356854047 -0.017411007858535173 0.0026641535433573078 0.063062966771266479 0.058250588579592845 -0.064551250181518458 0.038459070094881372 0.028057077472650089 0.019800046176295619 -0.0031771632450553473
leaf_weight=1242.023418918252 1721.6902919635177 1179.9398777484894 2584.1318866685033 1530.2187104076147 2644.8985787332058 20257.618611939251 82832.370600156486 214.41784274578094 822.49725253134966 1451.0874895453453 2623.315843809396 1022.9855751618743 1860.5360911265016 102.05543737113476
leaf_count=9555 9072 6953 13268 7469 13855 123543 544724 1022 4352 7071 23011 10920 20540 600
internal_value=6.9574e-05 -0.000420802 0.000527558 -0.0015363 0.0212158 -7.2281e-05 -0.00128071 -0.01576 0.0111556 -0.0481193 0.0402408 0.0487184 0.0307173 -0.0623107
internal_weight=122090 120848 119024 108227 10796.7 105643 103090 3667.94 2002.44 1665.51 7128.75 2553.2 4483.85 1823.75
internal_count=795955 786400 776728 699924 76804 686656 668267 19398 11305 8093 57406 18389 43551 9672
is_linear=0
shrinkage=0.05


Tree=73
num_leaves=15
num_cat=0
split_feature=1 1 0 13 2 15 1 2 2 2 15 1 33 34
split_gain=1089.13 3562.41 2959.87 2631.82 1773.86 3866.47 2454.36 2370.2 3210.3 2537.53 1895.78 1719.55 1587.25 1498.76
threshold=0.35400000000000004 0.34735000000000005 0.54500000000000015 0.049499999999999995 0.93665000000000009 3.53504376687845 0.20995000000000003 0.93535000000000013 0.93100000000000016 0.92920000000000014 3.553637506185781 0.20050000000000004 -6.129999999999999 0.22500000000000003
decision_type=2 2 2 2 2 2 2 2 2 2 2 2 2 2
left_child=1 4 13 -4 7 6 11 8 9 -1 -7 -6 -8 -2
right_child=2 -3 3 -5 5 10 12 -9 -10 -11 -12 -13 -14 -15
leaf_value=-0.0029715083396782919 0.04074874592741113 -0.055110642493120976 -0.039377670157195323 0.055783915776362519 -0.00076145619584920999 -0.07797735187823647 0.025638718022149731 -0.042998758178295494 0.040736467854751934 -0.060108984982497643 0.0017904035423466351 -0.078821027449579292 -0.0063388336480247765 -0.031974304474881206
leaf_weight=65955.229335021228 911.46691285818815 2994.6325434073806 864.64588160812855 4547.4198847040534 2173.5763241611421 1744.9580891281366 22365.443484134972 3716.4503804668784 4132.0329494960606 2002.0472396314144 1299.5531840026379 1044.4594617038965 4695.1777717396617 3180.0823537632823
leaf_count=418107 4857 17310 4499 26511 18108 9152 172863 21330 24337 10915 11874 5002 31803 19287
internal_value=6.70788e-05 -0.00131042 0.0163187 0.0405802 0.000165972 0.0097807 0.0151814 -0.00406054 -0.00205308 -0.00465489 -0.0439295 -0.0260985 0.0200904 -0.0157733
internal_weight=121627 112124 9503.62 5412.07 109129 33323.2 30278.7 75805.8 72089.3 67957.3 3044.51 3218.04 27060.6 4091.55
internal_count=795955 740801 55154 31010 723491 248802 227776 474689 453359 429022 21026 23110 204666 24144
is_linear=0
shrinkage=0.05


Tree=74
num_leaves=15
num_cat=0
split_feature=1 1 1 1 1 3 2 2 33 33 3 3 33 26
split_gain=1063.16 1419.67 1355.33 4141.47 3513.73 3490.67 3407.93 2918.6 2099.82 1585.93 1400.18 712.286 652.506 581.486
threshold=0.16940000000000002 0.19830000000000003 0.25780000000000008 0.25585000000000008 0.26550000000000001 3234.5000000000005 0.94575000000000009 0.94585000000000008 -1.8049999999999999 -2.2049999999999996 549.00000000000011 1756.0000000000002 -24.894999999999996 -4.6499999999999992e-05
decision_type=2 2 2 2 2 2 2 2 2 2 2 2 2 2
left_child=-1 12 3 5 10 6 -3 -7 9 -6 -4 -10 -2 -12
right_child=1 2 4 -5 8 7 -8 -9 11 -11 13 -13 -14 -15
leaf_value=-0.052705503836421808 0.037660112956193446 -0.021207696384137074 -0.11630205221356237 -0.080704633946270588 0.0012184181204460006 0.035742639969433561 0.024202666224289696 -0.063387018410614504 0.02665463975543152 0.061389728186362937 0.085394269286609717 -0.043956728243716103 -0.014512793529036484 0.038529804157455397
leaf_weight=946.88929078727961 3539.1634026654065 22557.938201591372 137.69341604411602 1881.2093414217234 67996.574318863451 6912.3027626723051 5057.9373757280409 831.78526519984007 400.10081373900175 1112.9009848535061 769.15825247392058 3321.8603700622916 721.38970136642456 4747.3819342404604
leaf_count=5608 30947 136377 596 9684 432156 50831 41084 4981 3524 7162 3874 24819 5711 38601
internal_value=6.4755e-05 0.000481239 -0.00056232 -0.00841753 0.00316496 -0.00457152 -0.0128906 0.0250945 0.000217212 0.00218747 0.0411338 -0.0363657 0.0288262 0.0450654
internal_weight=120934 119987 115727 37241.2 78485.7 35360 27615.9 7744.09 72831.4 69109.5 5654.23 3721.96 4260.55 5516.54
internal_count=795955 790347 753689 242957 510732 233273 177461 55812 467661 439318 43071 28343 36658 42475
is_linear=0
shrinkage=0.05


Tree=75
num_leaves=15
num_cat=0
split_feature=3 3 33 0 1 2 1 3 3 11 3 3 2 1
split_gain=1072.55 5539.48 6804.76 3411.61 5210.06 3260.94 4754.07 3257.42 3972.71 3489.38 3184.68 3591.27 3350.06 3106.54
threshold=3008.5000000000005 3181.0000000000005 -180.34999999999997 0.6150000000000001 0.25905000000000006 0.93665000000000009 0.23960000000000004 3295.0000000000005 3341.5000000000005 0.71500000000000008 2683.5000000000005 2616.0000000000005 0.93205000000000016 0.35400000000000004
decision_type=2 2 2 2 2 2 2 2 2 2 2 2 2 2
left_child=3 2 -2 13 5 6 -5 -3 -9 -10 11 -6 -13 -1
right_child=1 7 -4 4 10 -7 -8 8 9 -11 -12 12 -14 -15
leaf_value=-0.063284698072648235 0.054941245961340805 0.029987843500252492 -0.041772366153594871 0.00026082530468899079 0.017644590620059807 0.022915322881306238 -0.049520305421034576 -0.037271426015814131 -0.021901430319922283 0.021000622259508796 0.043032250506290504 -0.10080221032858089 0.048251343221098988 -0.0007545749344557163
leaf_weight=3300.9246359840035 2083.9230836704373 9898.7130545638502 14290.056865349412 14855.861715298146 14418.51399551332 7226.7882276214659 7082.3049868345261 6608.6759278997779 7027.1857078894973 14558.038682963699 12296.297177124768 1281.7377824038267 533.94727253913879 4987.0581673979759
leaf_count=17851 12176 74649 88041 100136 87446 56598 39389 38605 38063 118816 83395 5545 3308 32289
internal_value=5.07478e-05 -0.00514235 -0.0294633 0.00433744 0.00864654 -0.00621434 -0.0158102 0.00531198 -0.00335164 0.00703359 0.0238379 0.00929926 -0.0569691 -0.0256594
internal_weight=120450 54466.6 16374 65983.4 57695.5 29165 21938.2 38092.6 28193.9 21585.2 28530.5 16234.2 1815.69 8287.98
internal_count=796307 370350 100217 425957 375817 196123 139525 270133 195484 156879 179694 96299 8853 50140
is_linear=0
shrinkage=0.05


Tree=76
num_leaves=15
num_cat=0
split_feature=15 15 15 3 11 33 33 33 33 11 15 0 0 23
split_gain=1031.14 1679.79 1456.93 1456.1 1111.38 1161.85 3865.54 2193.14 5316.33 3232.9 1945.72 1086.82 1030.88 779.655
threshold=3.5717949193831546 3.5573183671354554 3.5932770349567842 2379.5000000000005 0.92500000000000016 -21.859999999999996 -21.389999999999997 -67.064999999999984 -146.72499999999997 0.7895000000000002 2.1383330595080281 0.63500000000000012 0.6150000000000001 0.00061950000000000015
decision_type=2 2 2 2 2 2 2 2 2 2 2 2 2 2
left_child=1 4 -2 -3 5 7 -7 8 -1 -9 -8 12 -4 -6
right_child=2 3 11 -5 13 6 10 9 -10 -11 -12 -13 -14 -15
leaf_value=0.0064477891309546315 0.039867247260029583 0.054416990426139615 -0.038319917965878886 -0.053874980804624134 -0.0021449967520159505 -0.11688761159729691 0.019345267612913237 0.030111100125468662 -0.030979103480857414 -0.0020875616134099998 -0.014855228221086696 -0.047083055162917636 0.046342435409773425 0.02630517613737168
leaf_weight=28541.923866197467 3713.4625433310866 356.88906513154507 543.47862071543932 2379.8046330884099 3864.897952362895 833.2357816696167 5323.5523522645235 13343.612622864544 14212.962911076844 18749.797918710858 19004.21278372407 1085.7029989883304 1062.0154052637517 6388.4686175361276
leaf_count=184378 33914 2278 4443 14108 39617 3553 34348 69741 82103 120366 116288 8297 9213 73660
internal_value=4.96921e-05 -0.0010565 0.0195663 -0.0397513 -9.60726e-05 -0.00170339 -0.0109984 0.00142124 -0.00599404 0.0112999 -0.00737121 -0.00844641 0.0176826 0.0155813
internal_weight=119404 112999 6404.66 2736.69 110263 100009 25161 74848.3 42754.9 32093.4 24327.8 2691.2 1605.49 10253.4
internal_count=796307 740440 55867 16386 724054 610777 154189 456588 266481 190107 150636 21953 13656 113277
is_linear=0
shrinkage=0.05


Tree=77
num_leaves=15
num_cat=0
split_feature=1 1 0 15 3 23 33 33 23 15 2 33 3 9
split_gain=999.961 1269.59 1190.5 2530.51 1200.7 1176.24 1102.09 2808.02 2767.82 1067.45 1041.24 608.307 459.563 446.305
threshold=0.16940000000000002 0.19830000000000003 0.72500000000000009 3.4117142205422892 2734.5000000000005 0.0015595000000000003 -180.59999999999997 -178.96499999999995 0.0006085000000000001 2.6301797686105899 0.060750000000000005 -24.894999999999996 462.00000000000006 0.68500000000000016
decision_type=2 2 2 2 2 2 2 2 2 2 2 2 2 2
left_child=-1 11 5 4 9 6 8 -8 -3 -4 -5 12 -2 -6
right_child=1 2 3 10 13 -7 7 -9 -10 -11 -12 -13 -14 -15
leaf_value=-0.051341335507267674 -0.098321806311325255 0.033935358124760284 0.078207706845358466 -0.043796187425593179 -0.047328421792196568 0.044518253675867668 -0.057764882320503842 -0.00034318505890977894 -0.016729353085044481 -0.025456842038101508 0.051539220033863666 -0.014226972319762249 0.038899915878570696 -0.090381297691539575
leaf_weight=939.01395758986473 62.049891442060471 7119.0362138859928 285.7745072171092 363.88502261042595 1800.0487190485001 1512.3231634348631 2179.4285254254937 91948.700426578522 4338.3486836925149 1890.7723934948444 1343.8941802158952 717.16259006410837 3363.7292941175401 904.74459268152714
leaf_count=5698 258 49549 1276 1717 12112 12145 11766 606007 32473 13649 9492 5705 30736 3724
internal_value=4.86482e-05 0.00045823 -0.000532552 -0.0211603 -0.0394878 0.000736576 0.00010944 -0.00167278 0.0147511 -0.011843 0.0312243 0.0276458 0.0364117 -0.0617323
internal_weight=118769 117830 113687 6589.12 4881.34 107098 105586 94128.1 11457.4 2176.55 1707.78 4142.94 3425.78 2704.79
internal_count=796307 790609 753910 41970 30761 711940 699795 617773 82022 14925 11209 36699 30994 15836
is_linear=0
shrinkage=0.05


Tree=78
num_leaves=15
num_cat=0
split_feature=3 3 33 0 1 3 3 11 3 3 4 23 1 3
split_gain=991.726 4933.52 6002.59 3056.05 4613.92 2985.67 3512.2 3162.81 2911.16 3270.99 2967.19 2953.54 2874.24 3257.47
threshold=3008.5000000000005 3181.0000000000005 -180.34999999999997 0.6150000000000001 0.25905000000000006 3295.0000000000005 3341.5000000000005 0.71500000000000008 2683.5000000000005 2616.0000000000005 1.0000000180025095e-35 0.00040050000000000009 0.35400000000000004 2885.0000000000005
decision_type=2 2 2 2 2 2 2 2 2 2 2 2 2 2
left_child=3 2 -2 12 -5 -3 -7 -8 9 11 -11 -6 -1 -14
right_child=1 5 -4 4 8 6 7 -9 -10 10 -12 -13 13 -15
leaf_value=-0.061349714516819878 0.052792692807242664 0.028883004046216694 -0.039764882105250199 -0.0057817865351460652 -0.020796543286570081 -0.035519878542321796 -0.021103243437639183 0.019969541195927754 0.041348385560398417 -0.09549508265358736 0.046755029176498403 0.030553416651601613 0.032638454096141092 -0.050283760697784632
leaf_weight=3202.1865551099181 2001.5447532311082 9662.6148665249348 14027.455656379461 28737.735714197159 3824.4571287631989 6509.5289440900087 6984.2118627652526 14250.420285794884 12003.227297160774 1281.5847343951464 513.37653794139624 10456.140341088176 2961.4801221676171 1973.4969085976481
leaf_count=17851 12176 74649 88041 196123 22429 38605 38063 118816 83395 5545 3308 65017 20454 11835
internal_value=4.72465e-05 -0.00499814 -0.0282069 0.00419796 0.00830235 0.004947 -0.0033894 0.00646039 0.022717 0.0088052 -0.0548098 0.0168014 -0.02446 -0.00052248
internal_weight=118389 53435.8 16029 64953.7 56816.5 37406.8 27744.2 21234.6 28078.8 16075.6 1794.96 14280.6 8137.16 4934.98
internal_count=796307 370350 100217 425957 375817 270133 195484 156879 179694 96299 8853 87446 50140 32289
is_linear=0
shrinkage=0.05


Tree=79
num_leaves=15
num_cat=0
split_feature=15 15 3 15 33 1 2 3 15 3 3 11 0 3
split_gain=955.496 1566.1 1308.89 1303.57 1021.62 2217.66 2431.22 2517.79 2069.89 1464.78 1758.08 1418.11 958.434 892.086
threshold=3.5717949193831546 3.5573183671354554 2379.5000000000005 3.5932770349567842 -6.9249999999999989 0.26675000000000004 0.94585000000000008 2816.5000000000005 2.0613957098106064 3512.5000000000005 3447.5000000000005 0.89500000000000013 0.63500000000000012 1347.0000000000002
decision_type=2 2 2 2 2 2 2 2 2 2 2 2 2 2
left_child=1 4 -3 -2 8 6 7 -6 -1 10 -10 13 -5 -7
right_child=3 2 -4 12 5 11 -8 -9 9 -11 -12 -13 -14 -15
leaf_value=0.037751171451900351 0.038616834532786089 0.05238735067567412 -0.052299752462102549 0.017122380083554902 -0.020836006464790759 0.079674334343346587 -0.050123560631432695 0.051568379667052459 0.00049378196519427378 0.032611835926355644 -0.033417232156795755 0.039160114757479686 -0.045186416968849751 -0.045323453237375737
leaf_weight=3820.0842366218567 3599.3488480225205 342.47507040202618 2325.4823580086231 1528.2867952995002 1961.7823525369167 146.40847633033991 1441.9089827165008 3094.5949426442385 84610.353852577507 3356.4271553754807 4002.7873944044113 592.24856320768595 1035.0810359716415 5564.729455769062
leaf_count=27865 33914 2278 14108 13656 16280 645 10990 23621 545858 28741 28099 5277 8297 36678
internal_value=4.6744e-05 -0.00101478 -0.03886 0.0192108 -8.49354e-05 -0.013351 0.00714516 0.0234769 0.001688 0.000190021 -0.00103806 -0.0344806 -0.00803853 -0.0421177
internal_weight=117422 111259 2667.96 6162.72 108591 12801.7 6498.29 5056.38 95789.7 91969.6 88613.1 6303.39 2563.37 5711.14
internal_count=796307 740440 16386 55867 724054 93491 50891 39901 630563 602698 573957 42600 21953 37323
is_linear=0
shrinkage=0.05


Tree=80
num_leaves=15
num_cat=0
split_feature=33 33 33 33 13 33 23 5 34 33 19 9 13 5
split_gain=915.358 2221.42 1333.67 3106.58 2445.21 2093.89 2269.16 1133.36 1003.8 499.518 331.094 274.864 160.434 158.066
threshold=-203.17999999999998 -199.33499999999998 -180.59999999999997 -178.96499999999995 0.090000000000000011 -174.09999999999997 0.00040050000000000009 383.90500000000003 0.83350000000000013 -183.91499999999996 0.00055526999457624813 0.70200000000000007 0.11600000000000001 1056.5250000000003
decision_type=2 2 2 2 2 2 2 2 2 2 2 2 2 2
left_child=-1 -2 4 -4 7 11 -7 8 -3 -9 12 -5 -6 -12
right_child=1 2 3 5 10 6 -8 9 -10 -11 13 -13 -14 -15
leaf_value=0.044507652146996424 -0.057127321920687348 0.029775399641039924 -0.057439506238712738 0.058988865992140774 0.0067400198523144793 -0.015268669179129522 0.0029784464821926843 -0.062845737690096645 -0.040869702639952044 0.041698609173510981 0.035510289099162012 0.023911835894316526 0.054384278067900541 0.015625986417385256
leaf_weight=1144.6907195597887 1701.656827814877 1487.3441635668278 2403.8829428330064 1525.6227035596967 191.95912458747625 21866.585200469941 77155.201675910503 1177.5188528895378 759.53033964335918 126.46730507165194 2419.3877539038658 881.2890727519989 2225.8470962457359 1703.3012164346874
leaf_count=9531 9695 8230 13223 7905 1048 143311 525334 6245 4031 949 22962 10428 12733 20502
internal_value=1.75846e-05 -0.000422904 0.000424127 -0.00126241 0.0177772 6.90537e-05 -0.001051 -0.015626 0.00589387 -0.0527041 0.0359119 0.046147 0.050602 0.0272956
internal_weight=116770 115626 113924 103833 10091.4 101429 99021.8 3550.86 2246.87 1303.99 6540.5 2406.91 2417.81 4122.69
internal_count=796127 786596 776901 700201 76700 686978 668645 19455 12261 7194 57245 18333 13781 43464
is_linear=0
shrinkage=0.05


Tree=81
num_leaves=15
num_cat=0
split_feature=1 1 1 3 13 33 2 1 2 3 33 3 33 1
split_gain=933.169 2878.62 2362.38 2149.57 2120.4 1732.97 1563.38 3978.09 1862.95 1728.94 1671.56 2147.19 1634.39 1392.88
threshold=0.35400000000000004 0.34735000000000005 0.39135000000000003 2885.0000000000005 0.049499999999999995 -5.7099999999999991 0.053500000000000006 0.28910000000000008 0.054250000000000007 3001.0000000000005 -184.93499999999997 2821.0000000000005 4.2600000000000007 0.30950000000000005
decision_type=2 2 2 2 2 2 2 2 2 2 2 2 2 2
left_child=1 6 4 5 -2 -4 7 10 -8 -9 -1 -12 13 -10
right_child=2 -3 3 -5 -6 -7 8 9 12 -11 11 -13 -14 -15
leaf_value=0.046356516791247471 -0.036118772296466241 -0.051414860518659539 0.059863125658346533 -0.049200337994692485 0.052124588046919995 -0.042874420293703565 0.050095500794228726 0.056670571186044766 0.0047992130633818086 -0.010798775418162028 -0.007904613426264584 -0.056482850686817181 -0.035347109185013402 -0.016199529958145862
leaf_weight=638.64209147542715 810.2816017717123 2788.1814573779702 1221.5951707810163 2038.4090327546 4256.6647314690053 618.05798991769552 2007.3559017591178 2205.7314587458968 76860.383296001703 1667.1409084908664 3771.5805531069636 5731.5634388551116 2927.9761288315058 8801.3110295385122
leaf_count=4238 4453 17399 6631 12748 26471 4700 15115 12666 535725 14867 21855 34972 26593 57694
internal_value=1.72132e-05 -0.0012751 0.0155334 -0.0138375 0.0380127 0.0253465 6.13091e-05 -0.0154796 0.00246538 0.0276278 -0.0319412 -0.0372035 0.00138608 0.00264168
internal_weight=116345 107400 8945.01 3878.06 5066.95 1839.65 104612 14014.7 90597 3872.87 10141.8 9503.14 88589.7 85661.7
internal_count=796127 741124 55003 24079 30924 11331 723725 88598 635127 27533 61065 56827 620012 593419
is_linear=0
shrinkage=0.05


Tree=82
num_leaves=15
num_cat=0
split_feature=15 15 3 15 23 15 0 22 2 3 3 15 15 15
split_gain=911.522 1375.23 1184.74 1147.9 931.735 1838.98 4129.22 3655.72 2989.19 2459.36 2182.39 1577.09 2225.63 1583.47
threshold=3.5717949193831546 3.5573183671354554 2379.5000000000005 3.5932770349567842 0.0007375000000000002 2.9115901488466207 0.70500000000000007 -0.0010634999999999998 0.066900000000000015 3207.5000000000005 2570.5000000000005 3.53504376687845 3.523994421222715 3.0767965502021331
decision_type=2 2 2 2 2 2 2 2 2 2 2 2 2 2
left_child=1 4 -3 -2 5 8 7 -7 9 -1 -10 12 13 -6
right_child=3 2 -4 -5 11 6 -8 -9 10 -11 -12 -13 -14 -15
leaf_value=-0.025126699202347436 0.037463748418396232 0.050760598252407557 -0.050356506807969097 -0.0068229207313238744 0.00037225455861984269 0.019833651801707125 0.029662446423697687 -0.033859267387743905 -0.010478819100709389 0.010318625872094533 0.019307347717156913 0.052619550436785845 -0.059592450104798737 0.028943685333000149
leaf_weight=13573.0181389153 3502.8562607504427 332.84364947676659 2229.7757224217057 2512.715695425868 18648.928076937795 3917.7167079970241 4420.0804210677743 16612.087753936648 8232.0992038398981 7653.0197971351445 24307.859770819545 1821.7397750616074 1287.5183397755027 6553.410709746182
leaf_count=79155 34023 2287 14029 21923 134260 27476 35230 100854 54531 52035 176417 11704 7161 45042
internal_value=1.53953e-05 -0.00102481 -0.0372215 0.0189653 -0.000158099 -0.00295592 -0.0141747 -0.023613 0.00225013 -0.0123469 0.0117719 0.00762077 0.00452596 0.00780182
internal_weight=115606 109590 2562.62 6015.57 107027 78715.9 24949.9 20529.8 53766 21226 32540 28311.6 26489.9 25202.3
internal_count=796127 740181 16316 55946 723865 525698 163560 128330 362138 131190 230948 198167 186463 179302
is_linear=0
shrinkage=0.05


Tree=83
num_leaves=15
num_cat=0
split_feature=3 3 33 2 0 1 2 1 3 3 1 3 2 23
split_gain=916.15 4247.96 4982.13 2773.1 2551.93 3981 2779.27 4188.93 2736.76 3043.92 2574.03 2697.91 2537.41 2479.48
threshold=3008.5000000000005 3181.0000000000005 -180.34999999999997 0.94475000000000009 0.6150000000000001 0.25905000000000006 0.93665000000000009 0.23960000000000004 2683.5000000000005 2616.0000000000005 0.35400000000000004 2885.0000000000005 0.93205000000000016 0.00025350000000000009
decision_type=2 2 2 2 2 2 2 2 2 2 2 2 2 2
left_child=4 2 -2 -3 10 6 7 -6 9 13 -1 -12 -11 -7
right_child=1 3 -4 -5 5 8 -8 -9 -10 12 11 -13 -14 -15
leaf_value=-0.058489782609145335 0.049554252934884531 0.01015441421376892 -0.037512116093868841 -0.029156596886479383 0.00090203782701020788 -0.058278245572367486 0.021886086830055426 -0.046535575017313313 0.039858269746960689 -0.091273659218347528 0.031082049994973826 -0.047158052858930891 0.044269779374214772 0.021613827142366288
leaf_weight=3065.0401576310396 1870.2443505451083 30852.577109310776 13521.569585241377 5249.3997859992087 14508.375695709139 1050.130551353097 7052.8080248534679 6851.2094110846519 11576.577281456441 1270.7390203326941 2825.7982383668423 1805.8575501516461 474.01956320554018 12900.601684544235
leaf_count=17841 12139 232719 88061 37446 99998 5202 56665 39463 83263 5522 20448 11749 3273 82338
internal_value=1.52141e-05 -0.00493864 -0.0269325 0.00443834 0.00403995 0.00776997 -0.005328 -0.014314 0.0214156 0.00781258 -0.0229459 0.000576297 -0.0544485 0.0155996
internal_weight=114875 51493.8 15391.8 36102 63381.2 55684.5 28412.4 21359.6 27272.1 15695.5 7696.7 4631.66 1744.76 13950.7
internal_count=796127 370365 100200 270165 425762 375724 196126 139461 179598 96335 50038 32197 8795 87540
is_linear=0
shrinkage=0.05


Tree=84
num_leaves=15
num_cat=0
split_feature=0 1 1 11 1 1 23 0 33 29 15 13 18 23
split_gain=916.339 911.793 1131.57 3445.74 1754.71 2115.64 1058.08 1036.59 890.476 526.725 485.176 367.442 280.261 192.018
threshold=0.78500000000000014 0.19945000000000004 0.21260000000000004 0.83600000000000008 0.21960000000000005 0.22410000000000005 0.00042950000000000003 0.70500000000000007 -4.7799999999999985 10.11845365292317 2.6301797686105899 0.040000000000000015 0.00056402821271758362 0.0005685000000000001
decision_type=2 2 2 2 2 2 2 2 2 2 2 2 2 2
left_child=1 8 3 9 -4 13 -7 -5 10 11 -1 -3 -9 -6
right_child=-2 2 4 7 5 6 -8 12 -10 -11 -12 -13 -14 -15
leaf_value=-0.082903413832248432 -0.06361372797739924 -0.029819094749360255 0.049120461134742062 -0.065302287948507773 0.022652826501454545 -0.0067815505104371942 0.0043646367004293671 0.073343945904715199 -0.03586203936340477 0.06084021667053166 0.033330905298380044 -0.060346449292093457 0.031661794297666669 -0.052958287086328618
leaf_weight=91.806707620620728 562.9547651335597 1573.0699197649956 1835.6046395003796 232.85566477477551 87.562072202563286 31092.783330976963 67541.875215522945 639.05352668464184 575.98268665373325 112.06307683885098 3889.2452669516206 2641.4087534546852 1093.5866815894842 2016.9774246141315
leaf_count=425 2970 9150 13449 1080 656 214376 472647 3037 5247 558 35580 13075 11641 12236
internal_value=1.41565e-05 0.000330015 -0.000587183 -0.021169 0.000675348 -0.000207436 0.000851 0.033727 0.0222413 -0.0461079 0.0306484 -0.048953 0.0470389 -0.0498115
internal_weight=113987 113424 108867 6292.04 102575 100739 98634.7 1965.5 4557.03 4326.54 3981.05 4214.48 1732.64 2104.54
internal_count=796127 793157 751905 38541 713364 699915 687023 15758 41252 22783 36005 22225 14678 12892
is_linear=0
shrinkage=0.05


Tree=85
num_leaves=15
num_cat=0
split_feature=26 33 2 2 2 3 3 33 33 1 0 3 0 0
split_gain=894.267 819.077 1617.02 1274.11 2086.35 2259.06 4882.9 3102.26 2214.1 1018.14 1080.81 980.529 1032.56 927.927
threshold=-0.00084449999999999987 -3.8299999999999996 0.054850000000000003 0.94535000000000013 0.94475000000000009 3191.0000000000005 3030.5000000000005 -6.9249999999999989 -7.0999999999999988 0.34955000000000008 0.59500000000000008 3450.0000000000005 0.74500000000000011 0.70500000000000007
decision_type=2 2 2 2 2 2 2 2 2 2 2 2 2 2
left_child=-1 3 13 4 5 6 -2 -7 -6 11 -11 12 -5 -3
right_child=1 2 -4 9 8 7 -8 -9 -10 10 -12 -13 -14 -15
leaf_value=-0.017157492664331506 0.003555434972790106 0.053043339949611537 -0.023090081795437173 0.035320332812952285 -0.069995970965785248 0.018630571458128475 -0.032732520358184129 -0.060569784662114795 0.043021746343915646 0.032652460269953672 -0.06738972744753656 -0.089696151706651614 -0.015711018897989131 -0.053092034193436811
leaf_weight=7067.5350045002997 49167.425520759076 1197.7658501192927 7267.2757348306477 7140.5511165186763 1924.0291931852698 23882.596756611019 11424.169327907264 1303.8200022131205 559.25281664729118 466.36860571801662 640.85161308944225 179.98426757752895 1150.967644136399 248.60713109374046
leaf_count=47448 321644 8904 59548 63434 9741 184077 70052 7237 4088 5221 3153 736 9103 1660
internal_value=6.59902e-05 0.00120841 -0.013481 0.00251666 0.000636971 0.00194498 -0.00328648 0.0145304 -0.0445429 0.0198365 -0.0252521 0.0257298 0.0282364 0.034798
internal_weight=113621 106554 8713.65 97840 88261.3 85778 60591.6 25186.4 2483.28 9578.72 1107.22 8471.5 8291.52 1446.37
internal_count=796046 748598 70112 678486 596839 583010 391696 191314 13829 81647 8374 73273 72537 10564
is_linear=0
shrinkage=0.05


Tree=86
num_leaves=15
num_cat=0
split_feature=1 1 1 13 3 33 3 15 2 15 15 34 33 12
split_gain=834.939 2486.69 1994.03 1888.65 1783.14 1601.9 1366.22 1750.93 1457.02 4188.49 3209.83 1086.77 552.686 281.862
threshold=0.35400000000000004 0.34735000000000005 0.39135000000000003 0.049499999999999995 2885.0000000000005 -5.7099999999999991 3576.5000000000005 2.0613957098106064 0.93665000000000009 2.4414009612931857 3.53504376687845 0.41650000000000004 -7.339999999999999 0.019999999999999966
decision_type=2 2 2 2 2 2 2 2 2 2 2 2 2 2
left_child=1 6 3 13 5 -4 7 11 9 -9 -10 12 -1 -2
right_child=2 -3 4 -5 -6 -7 -8 8 10 -11 -12 -13 -14 -15
leaf_value=0.050058785659224364 0.034051023682538317 -0.048862690297416606 0.05750186109093685 0.049958135157397568 -0.046422831614304598 -0.042442415208254473 -0.059691977686159428 -0.057100049993595851 0.014040399153784591 -0.0017780020921891277 -0.042069478403044536 0.042062071570915585 -0.073646289345239382 -0.047490949253844617
leaf_weight=124.04302902519703 125.99119059741497 2662.7131767570972 1170.3659461587667 4055.4809280335903 1894.6760190948844 609.71013443917036 946.92114150524139 3614.6022458747029 26406.264212679118 63971.816021375358 2821.0601971633732 3595.9827090427279 331.154775172472 664.97616542875767
leaf_count=732 554 17423 6634 26500 12722 4705 5066 20719 215740 430732 21075 28025 1471 3948
internal_value=6.3223e-05 -0.00116425 0.0151126 0.0361737 -0.0126641 0.0232686 8.3263e-05 0.000644492 -0.000703109 -0.00473677 0.00862447 0.0328482 -0.0399326 -0.0344997
internal_weight=112996 104475 8521.2 4846.45 3674.75 1780.08 101812 100865 96813.7 67586.4 29227.3 4051.18 455.198 790.967
internal_count=796046 740983 55063 31002 24061 11339 723560 718494 688266 451451 236815 30228 2203 4502
is_linear=0
shrinkage=0.05


Tree=87
num_leaves=15
num_cat=0
split_feature=15 15 3 15 1 1 15 18 1 2 1 3 1 2
split_gain=837.712 1251.91 1068.82 1048.01 867.302 2571.87 3440.93 2158.82 2017.3 1780.36 1886.29 1992.06 1536.58 1478.39
threshold=3.5717949193831546 3.5573183671354554 2379.5000000000005 3.5932770349567842 0.35400000000000004 0.30950000000000005 2.7028954204178484 0.0016455781341048502 0.30695000000000006 0.91930000000000012 0.36130000000000007 2203.0000000000005 0.45415000000000005 0.93825000000000014
decision_type=2 2 2 2 2 2 2 2 2 2 2 2 2 2
left_child=1 4 -3 -2 5 8 -7 -8 13 12 -11 -12 -6 -1
right_child=3 2 -4 -5 9 6 7 -9 -10 10 11 -13 -14 -15
leaf_value=-0.0037305550769895566 0.036416257796238805 0.049324884326207546 -0.048632005449485115 -0.0064653774210882481 0.052911268284198724 0.032524644286571119 -0.048639948165039797 0.015476409123892591 0.052339909356148108 0.042642519254666611 0.059069318111350189 -0.048435239677951658 -0.036155236317672666 0.011272786842559172
leaf_weight=60081.335751343518 3405.0678770728409 319.49750047922134 2164.505414545536 2449.9133345261216 3330.1770772188902 2180.4278359860182 7498.3497902676463 1591.4569845199585 1910.287336602807 1327.4823376908898 524.76989806443453 2407.3213080540299 566.56748384237289 22593.519965015352
leaf_count=396316 33952 2268 14062 21976 19169 15825 45342 13523 12071 11479 2876 15140 4936 187111
internal_value=6.02067e-05 -0.00095214 -0.0360311 0.0184734 -0.000114352 -0.0014462 -0.0238832 -0.0374143 0.00154336 0.0155377 -0.00680542 -0.0291933 0.0399608 0.000369591
internal_weight=112351 106496 2484 5854.98 104012 95855.4 11270.2 9089.81 84585.1 8156.32 4259.57 2932.09 3896.74 82674.9
internal_count=796046 740118 16330 55928 723788 670188 74690 58865 595498 53600 29495 18016 24105 583427
is_linear=0
shrinkage=0.05


Tree=88
num_leaves=15
num_cat=0
split_feature=0 3 3 33 0 1 1 2 0 33 2 2 1 3
split_gain=848.089 905.452 3792.29 4749.71 2358.97 2877.29 3181.54 2352.53 2308.73 2221.15 2160.04 2129.87 2122.11 2114.98
threshold=0.78500000000000014 3029.5000000000005 3181.0000000000005 -180.34999999999997 0.6150000000000001 0.24980000000000002 0.24180000000000004 0.94150000000000011 0.72500000000000009 -58.244999999999997 0.94585000000000008 0.94550000000000012 0.35400000000000004 2885.0000000000005
decision_type=2 2 2 2 2 2 2 2 2 2 2 2 2 2
left_child=1 4 3 -3 12 6 -6 8 -4 -9 -11 -5 -1 -14
right_child=-2 2 7 11 5 -7 -8 9 -10 10 -12 -13 13 -15
leaf_value=-0.055394166625577071 -0.061992770309679673 0.047949479934573984 0.01453605606309785 -0.047619270477627901 0.0052534387247018532 0.018219497200751788 -0.036642466345780694 -0.054941646508444644 -0.047242449359140605 0.019648753441256411 -0.055083362993800858 0.01370965939048344 0.027720498138458234 -0.044195493623973174
leaf_weight=2923.5297307446599 547.86449115723372 1815.9754660390317 25586.061557348818 10036.082567490637 19091.715793196112 30284.14737168327 5941.5615117996931 2898.020935870707 1607.2083760760725 3690.8283870629966 1310.0278517715633 1648.1102426722646 2633.7774889729917 1670.7945965453982
leaf_count=17912 2956 12156 199698 62890 137594 208612 36953 17873 12184 31135 9119 14742 20446 11776
internal_value=5.78987e-05 0.000363839 -0.00475635 -0.0272765 0.00434177 0.00785184 -0.00469052 0.00390733 0.0108846 -0.0201129 7.11652e-05 -0.0389685 -0.0225209 -0.000193654
internal_weight=111686 111138 48592.3 13500.2 62545.5 55317.4 25033.3 35092.1 27193.3 7898.88 5000.86 11684.2 7228.1 4304.57
internal_count=796046 793090 359797 89788 433293 383159 174547 270009 211882 58127 40254 77632 50134 32222
is_linear=0
shrinkage=0.05


Tree=89
num_leaves=15
num_cat=0
split_feature=33 33 33 33 13 33 23 5 34 33 19 11 15 34
split_gain=783.27 1949.75 920.518 2426.9 1911.71 1700.16 1763.97 976.031 837.192 414.092 283.415 267.086 230.144 151.381
threshold=-203.17999999999998 -199.33499999999998 -180.59999999999997 -178.96499999999995 0.090000000000000011 -174.09999999999997 0.00040050000000000009 370.09500000000008 0.83350000000000013 -183.91499999999996 0.00055526999457624813 0.82850000000000013 2.3502401828962087 0.83350000000000013
decision_type=2 2 2 2 2 2 2 2 2 2 2 2 2 2
left_child=-1 13 4 -4 7 11 -7 8 -3 -9 -6 -5 -12 -2
right_child=1 2 3 5 10 6 -8 9 -10 -11 12 -13 -14 -15
leaf_value=0.042278666323656872 -0.058692844979267994 0.028272401367611735 -0.053420656612904599 0.053950856095081295 0.046284373396608972 -0.013791351321025394 0.0027776224362480832 -0.059467345550015774 -0.038012710888138096 0.03844890083381431 -0.081315220639138111 0.015886003875691914 0.025307749736439112 0.0054604358124996635
leaf_weight=1087.3485736623406 1521.7975138500333 1401.5494890138507 2157.6162804439664 1612.5082221105695 2235.3699286654592 20535.918895341456 73756.444223500788 1122.7795795574784 721.4973950535059 119.39572878181934 51.201943621039391 645.36438765376806 3781.1024658232927 97.850734665989876
leaf_count=9528 9027 8063 13112 9259 13838 143294 525248 6404 3991 988 221 9091 43366 616
internal_value=5.26018e-05 -0.000365752 0.000449826 -0.000976241 0.0153724 0.000195792 -0.000830943 -0.0148521 0.0057453 -0.0500535 0.0321352 0.043072 0.0238811 -0.0548169
internal_weight=110848 109760 108141 98707.9 9432.9 96550.2 94292.4 3365.22 2123.05 1242.18 6067.67 2257.87 3832.3 1619.65
internal_count=796046 786518 776875 700004 76871 686892 668542 19446 12054 7392 57425 18350 43587 9643
is_linear=0
shrinkage=0.05


Tree=90
num_leaves=15
num_cat=0
split_feature=0 1 0 15 7 31 23 2 33 15 15 15 11 23
split_gain=786.764 819.516 974.123 1812.95 925.678 901.357 895.856 847.58 831.154 812.205 1147.55 869.021 493.249 437.159
threshold=0.78500000000000014 0.19830000000000003 0.72500000000000009 3.4117142205422892 2351.5000000000005 0.27150000000000007 0.0015595000000000003 0.060750000000000005 -4.7799999999999985 3.5717949193831546 3.5573183671354554 3.5932770349567842 0.74500000000000011 0.00073250000000000019
decision_type=2 2 2 2 2 2 2 2 2 2 2 2 2 2
left_child=1 8 6 4 5 -4 9 -5 12 10 -3 -11 13 -1
right_child=-2 2 3 7 -6 -7 -8 -9 -10 11 -12 -13 -14 -15
leaf_value=0.056774671056398884 -0.059980370691627122 -0.00013815032621597686 0.012394257345959201 -0.041190450243932343 -0.070258284418089484 -0.041924995295442302 0.040849689008963824 0.046575114046888286 -0.034849858930460158 0.035058937011805263 -0.035082440227923846 -0.0047331001350679018 0.036829797001942784 -0.059117009897998229
leaf_weight=117.70556792616844 543.82950941473246 90153.954100538045 1237.8576499558985 355.99606482684612 1362.3339345529675 1993.5733385309577 1365.6661634296179 1209.3243573158979 559.47888676822186 3294.1852492243052 2412.1848379969597 2351.4248627349734 3280.9636535011232 263.05352860689163
leaf_count=630 3000 627828 9539 1714 6654 14559 12112 9518 5258 34001 16388 21699 31996 1364
internal_value=5.57069e-06 0.000302304 -0.00056017 -0.0198569 -0.0356918 -0.0211173 0.000633392 0.0266135 0.0219058 7.41304e-05 -0.0010488 0.0184856 0.0305783 -0.0232855
internal_weight=110502 109958 105737 6159.09 4593.76 3231.43 99577.4 1565.32 4221.2 98211.7 92566.1 5645.61 3661.72 380.759
internal_count=796260 793260 754012 41984 30752 24098 712028 11232 39248 699916 644216 55700 33990 1994
is_linear=0
shrinkage=0.05


Tree=91
num_leaves=15
num_cat=0
split_feature=26 33 2 15 33 33 33 33 2 33 23 2 2 33
split_gain=738.611 725.136 1473.23 1179.13 1252.75 1077.3 3701.92 3194.89 4168.5 3599.7 2488.43 2267.37 1863.63 1349.58
threshold=-0.00084449999999999987 -3.8299999999999996 0.054850000000000003 3.5315340190116467 4.8100000000000014 -67.064999999999984 -146.72499999999997 -56.454999999999991 0.94475000000000009 -56.029999999999994 0.00071750000000000015 0.9476500000000001 0.9436500000000001 -86.589999999999989
decision_type=2 2 2 2 2 2 2 2 2 2 2 2 2 2
left_child=-1 5 -3 -4 -5 6 -2 8 -7 -9 11 -8 -11 -12
right_child=1 2 3 4 -6 7 10 9 -10 12 13 -13 -14 -15
leaf_value=-0.0159278074515696 0.0068793236871056013 0.033798433730119509 -0.038035790039737095 0.034122843369386868 -0.035464912174035378 0.043932954493503727 -0.041528892900736913 -0.076653304200536912 -0.028413133890007859 -0.0009209026027123268 0.05057228275982948 0.037078321043416601 0.03025831475489818 -0.086501181408539574
leaf_weight=6822.5279606468976 25289.532854445279 1404.9725868999958 4425.006415374577 1503.7003098987043 1134.7113077118993 9797.6505996659398 10177.403614111245 1464.337289057672 2498.8339629694819 37525.858039777726 1371.4120356664062 1008.1565752774477 5494.1679764837027 206.52900618314743
leaf_count=47365 191099 10534 37289 11972 10279 78695 64764 7379 21748 251693 8761 8489 45268 925
internal_value=5.80132e-06 0.00105814 -0.0129604 -0.0222615 0.00419477 0.00230997 -0.00419975 0.00667261 0.029231 0.000436907 -0.0261516 -0.0344437 0.00306111 0.0326271
internal_weight=110125 103302 8468.39 7063.42 2638.41 94833.9 38053 56780.8 12296.5 44484.4 12763.5 11185.6 43020 1577.94
internal_count=796260 748895 70074 59540 22251 678821 274038 404783 100443 304340 82939 73253 296961 9686
is_linear=0
shrinkage=0.05


Tree=92
num_leaves=15
num_cat=0
split_feature=3 3 33 3 3 11 0 1 3 3 23 4 3 1
split_gain=738.301 3215.73 3823.52 2281.5 2416.86 2265.44 1937.38 3146.33 2549.6 2668.89 2209.96 2124.17 1985.56 1953.68
threshold=3008.5000000000005 3181.0000000000005 -180.34999999999997 3295.0000000000005 3341.5000000000005 0.71500000000000008 0.6150000000000001 0.25905000000000006 2683.5000000000005 2616.0000000000005 0.00040050000000000009 1.0000000180025095e-35 2931.0000000000005 0.35400000000000004
decision_type=2 2 2 2 2 2 2 2 2 2 2 2 2 2
left_child=6 2 -2 -3 -5 -6 13 12 9 10 -9 -11 -8 -1
right_child=1 3 -4 4 5 -7 7 8 -10 11 -12 -13 -14 -15
leaf_value=-0.053418524068037834 0.045759442048925486 0.025699906195444995 -0.033817689276625248 -0.031416937869187381 -0.019293185636507115 0.016836923615746426 -0.0017073971938871132 -0.019763139761972109 0.037477198957030264 -0.085795678030218425 0.025778239054418218 0.041743627726011819 -0.060873796982050879 0.00054028467973551541
leaf_weight=2798.567360393703 1712.6147153303027 8803.8594316355884 12721.209987193346 6051.8318578116596 6518.4620910808444 12973.592257291079 25857.45939207077 3656.4376995898783 11105.336509015411 1267.3774254620075 9812.3869821392 439.66366694122553 1500.1584200412035 4187.5502535961568
leaf_count=17807 12108 74822 88113 38481 37949 118822 187354 22425 83458 5538 65076 3266 8835 32206
internal_value=6.88006e-06 -0.00457203 -0.0243754 0.0037499 -0.00381538 0.00475439 0.00369128 0.00691704 0.0192722 0.00595001 0.0134149 -0.0529463 -0.004952 -0.0210755
internal_weight=109407 48781.6 14433.8 34347.7 25543.9 19492.1 60624.9 53638.8 26281.2 15175.9 13468.8 1707.04 27357.6 6986.12
internal_count=796260 370295 100221 270074 195252 156771 425965 375952 179763 96305 87501 8804 196189 50013
is_linear=0
shrinkage=0.05


Tree=93
num_leaves=15
num_cat=0
split_feature=0 3 3 33 2 2 33 0 1 2 1 3 3 1
split_gain=725.392 765.389 2936.02 3502.88 2167.77 2005.69 2627.21 1851.31 2595.18 2604.46 3634.4 2352.01 2440.31 1831.71
threshold=0.78500000000000014 3008.5000000000005 3181.0000000000005 -180.34999999999997 0.94150000000000011 0.053500000000000006 -183.91499999999996 0.6150000000000001 0.25905000000000006 0.93665000000000009 0.23960000000000004 2683.5000000000005 2616.0000000000005 0.35400000000000004
decision_type=2 2 2 2 2 2 2 2 2 2 2 2 2 2
left_child=1 7 3 -3 5 -4 -7 13 9 10 -9 12 -10 -1
right_child=-2 2 4 -5 -6 6 -8 8 11 -11 -12 -13 -14 -15
leaf_value=-0.05215506501544051 -0.058226198929233766 0.044710422054645843 -0.02176854794684311 -0.032423514890697377 -0.019932471167682347 -0.02826331983687401 0.022847521392453947 0.0021771057637113983 0.012848931886275198 0.024010683302602438 -0.043013532672891638 0.036177357848950112 -0.051048139038187737 0.00051325197610948311
leaf_weight=2724.9313044026494 532.04771291464567 1666.3444624952972 4105.8571959286928 12607.760822623968 7606.4968339540064 2886.8116419948637 19477.68400484696 13760.210082307458 13364.259876832366 6458.9634569063783 6574.9679969660938 10933.583898864686 1682.2539074793458 4187.7032852694392
leaf_count=17807 3000 12108 33192 88113 58230 21497 157155 98181 87501 55479 39529 83458 8804 32206
internal_value=7.35666e-06 0.00029419 -0.00438165 -0.0234187 0.00359264 0.0103529 0.01625 0.00408198 0.00726898 -0.00364902 -0.0124345 0.0185291 0.00570472 -0.0202488
internal_weight=108570 108038 48351 14274.1 34076.8 26470.4 22364.5 59686.9 52774.2 26794.1 20335.2 25980.1 15046.5 6912.63
internal_count=796260 793260 370295 100221 270074 211844 178652 422965 372952 193189 137710 179763 96305 50013
is_linear=0
shrinkage=0.05


Tree=94
num_leaves=15
num_cat=0
split_feature=15 15 3 33 33 33 33 3 33 2 33 23 1 0
split_gain=688.796 1085.24 940.938 871.276 4070.31 1966.16 3182.58 5001.65 1955.51 4345.25 3277.49 1489.62 1383.16 1479.63
threshold=3.5717949193831546 3.5573183671354554 2379.5000000000005 -21.859999999999996 -21.389999999999997 -67.064999999999984 -146.72499999999997 2821.0000000000005 -56.454999999999991 0.94475000000000009 -56.029999999999994 0.0006085000000000001 0.28600000000000009 0.60500000000000009
decision_type=2 2 2 2 2 2 2 2 2 2 2 2 2 2
left_child=1 3 -3 5 -5 6 11 -8 9 -7 -10 -1 -6 -14
right_child=-2 2 -4 4 12 8 7 -9 10 -11 -12 -13 13 -15
leaf_value=0.011416228557803387 0.017241779324710379 0.047276382135802299 -0.046334751188086477 -0.11645806262975621 -0.010045014064298995 0.042107539017562506 0.0069662053034015544 -0.054118569911211223 -0.060738764790111525 -0.034106759786610673 0.0085033255021185958 -0.017979687912340444 -0.033863097382385798 0.033310071054315132
leaf_weight=20652.895431689918 5501.7247951626778 308.17809220403433 2077.9187478125095 836.01671858131886 20699.706249237061 9825.7586695663631 6468.6703690811992 6953.084844134748 1869.7807211577892 2309.7242871634662 19862.72985432297 5445.9619006365538 1035.2941141501069 3936.8993778303266
leaf_count=154630 56007 2293 14095 3565 151249 81570 45395 45076 10407 17980 131934 44898 8854 28307
internal_value=7.82944e-06 -0.000919191 -0.0342429 -0.000123199 -0.00789279 0.00268318 -0.00489295 -0.0246787 0.0115238 0.0276016 0.00254575 0.00528223 -0.00435688 0.0193231
internal_weight=107784 102283 2386.1 99896.5 26507.9 73388.6 39520.6 13421.8 33868 12135.5 21732.5 26098.9 25671.9 4972.19
internal_count=796260 740253 16388 723865 191975 531890 289999 90471 241891 99550 142341 199528 188410 37161
is_linear=0
shrinkage=0.05


Tree=95
num_leaves=15
num_cat=0
split_feature=1 1 0 13 2 1 23 2 1 1 1 23 23 13
split_gain=682.916 1729.9 1487.88 1374.94 1031.1 2784.15 1415.17 1387.84 1266.08 2110.93 1601.07 1245.99 904.563 740.757
threshold=0.35400000000000004 0.34735000000000005 0.54500000000000015 0.049499999999999995 0.053500000000000006 0.28910000000000008 0.0015595000000000003 0.054250000000000007 0.28470000000000001 0.25780000000000008 0.28600000000000009 0.00039650000000000004 0.00057450000000000003 0.32550000000000001
decision_type=2 2 2 2 2 2 2 2 2 2 2 2 2 2
left_child=1 4 13 -4 5 6 12 -6 9 -9 -10 -7 -1 -2
right_child=2 -3 3 -5 7 11 -8 8 10 -11 -12 -13 -14 -15
leaf_value=-0.01582307651316776 -0.020493470034439652 -0.043553631485635444 -0.030252034065488466 0.045699666345816403 0.045512639314441973 -0.041129771715934099 0.053270042318703872 -0.0025042904048591776 -0.054495717325692986 0.017459830194111684 -0.0047895723881297095 0.03814442465164071 -0.048200273249399919 0.046358576984500154
leaf_weight=4141.947743229568 2865.6036821901798 2347.6100286096334 710.82002693414688 3682.55579027161 1783.6847813725471 598.08863436430693 506.82794428616762 34213.424346145242 1732.1601152941585 21600.031877569854 25012.325044523925 2892.2889399901032 4502.2784672901034 484.31548830866814
leaf_count=28853 20702 17427 4468 26422 15088 4567 2784 254616 11940 166100 187364 22988 29451 3387
internal_value=-2.91454e-05 -0.00114404 0.0142725 0.0334108 -0.000117416 -0.013434 -0.0279256 0.00187854 0.000935759 0.00522192 -0.00800908 0.0245597 -0.0326869 -0.0108272
internal_weight=107074 99330.7 7743.29 4393.38 96983.1 12641.4 9151.05 84341.6 82557.9 55813.5 26744.5 3490.38 8644.23 3349.92
internal_count=796157 741178 54979 30890 723751 88643 61088 635108 620020 420716 199304 27555 58304 24089
is_linear=0
shrinkage=0.05


Tree=96
num_leaves=15
num_cat=0
split_feature=33 33 33 33 13 33 23 1 15 23 31 31 5 26
split_gain=674.937 1674.05 711.123 2225.22 1565.94 1491.61 1490.81 1226.16 1459.22 918.23 307.855 225.79 138.755 137.258
threshold=-203.17999999999998 -199.33499999999998 -180.59999999999997 -178.96499999999995 0.11000000000000003 -174.09999999999997 0.00042150000000000005 0.31215000000000009 2.6301797686105899 0.00038350000000000005 0.27150000000000007 0.28500000000000009 656.02500000000009 -0.0019594999999999999
decision_type=2 2 2 2 2 2 2 2 2 2 2 2 2 2
left_child=12 13 4 -4 7 11 -7 8 -3 -9 -6 -5 -1 -2
right_child=1 2 3 5 10 6 -8 9 -10 -11 -12 -13 -14 -15
leaf_value=0.053434997480651641 0.011281659554691736 -0.058777478322984092 -0.051905819856478012 0.019698336899987148 0.021562735570509237 -0.012040467578199116 0.0028860651969606216 0.052993199929423265 0.03297871910428668 -0.057880433224046068 0.046838361696449476 0.053352659414643594 0.01500657791281655 -0.05564388938010352
leaf_weight=677.39090863987803 80.81783889234066 554.93444199115038 2093.4326780214906 778.65451276302338 2658.822046648711 22131.698956124485 68510.70409597829 215.61740615963936 1975.5538240596652 1390.831936083734 2203.1901928372681 1385.3572962880135 359.72470231354237 1461.1696949973702
leaf_count=3953 484 2977 13207 10377 35815 160053 508426 1205 14391 7727 14750 7960 5607 9225
internal_value=-2.78791e-05 -0.000422701 0.000344834 -0.000928969 0.0137778 0.00022097 -0.00075848 -0.00883366 0.0128551 -0.0429966 0.033017 0.0412446 0.0401088 -0.0521357
internal_weight=106478 105441 103899 94899.8 8998.95 92806.4 90642.4 4136.94 2530.49 1606.45 4862.01 2164.01 1037.12 1541.99
internal_count=796157 786597 776888 700023 76865 686816 668479 26300 17368 8932 50565 18337 9560 9709
is_linear=0
shrinkage=0.05


Tree=97
num_leaves=15
num_cat=0
split_feature=1 1 1 3 3 15 13 3 3 2 34 23 22 13
split_gain=641.679 1598.51 1380.25 1343.73 1215.2 1359.61 1212.9 1078.27 1388.15 1048.16 962.347 369.306 321.698 170.673
threshold=0.35400000000000004 0.34735000000000005 0.39135000000000003 2203.0000000000005 3576.5000000000005 2.0613957098106064 0.049499999999999995 3512.5000000000005 3490.5000000000005 0.066400000000000015 0.41650000000000004 0.0012005000000000002 -0.00044249999999999991 0.18050000000000008
decision_type=2 2 2 2 2 2 2 2 2 2 2 2 2 2
left_child=1 4 6 -4 5 10 12 8 -7 -5 11 -1 -2 -9
right_child=2 -3 3 9 -6 7 -8 13 -10 -11 -12 -13 -14 -15
leaf_value=0.025775963287671618 0.064764898823311753 -0.042492917624378235 0.051056431735649499 0.044259208486280267 -0.057713223826575011 -0.00078753069388202447 0.044515250125084754 0.03891389292088622 -0.042552452288702226 -0.041225779070002702 0.03910837384690613 -0.070600260954141694 -0.040876310572767728 0.012818909422675238
leaf_weight=148.23654997348785 81.78966723382473 2278.5654571428895 701.29776699841022 430.17839928716421 907.22418890893459 86779.039641734213 3569.9352289512753 1816.7926069572568 2036.1301672384143 2152.1715685874224 3326.3675724864006 301.35062077641487 601.03033609688282 956.66855480894446
leaf_count=874 373 17427 4152 3147 5097 641463 26422 16058 15230 16790 28051 1341 4095 15637
internal_value=-2.63986e-05 -0.00110176 0.0140354 -0.0103158 -0.000122066 0.000425871 0.0328374 -0.000786349 -0.00174506 -0.0269842 0.0298284 -0.0388247 -0.0282147 0.0299136
internal_weight=106087 98550.4 7536.4 3283.65 96271.8 95364.6 4252.76 91588.6 88815.2 2582.35 3775.95 449.587 682.82 2773.46
internal_count=796157 741178 54979 24089 723751 718654 30890 688388 656693 19937 30266 2215 4468 31695
is_linear=0
shrinkage=0.05


Tree=98
num_leaves=15
num_cat=0
split_feature=0 1 1 11 1 1 3 1 0 33 13 11 23 3
split_gain=652.263 697.412 758.998 2707.12 1528.56 1440.21 947.381 930.983 921.367 713.575 554.898 436.303 406.511 395.608
threshold=0.78500000000000014 0.19830000000000003 0.21260000000000004 0.83600000000000008 0.21960000000000005 0.22825000000000004 1407.0000000000002 0.23130000000000003 0.70500000000000007 -4.7799999999999985 0.022000000000000023 0.74500000000000011 0.00073250000000000019 2734.5000000000005
decision_type=2 2 2 2 2 2 2 2 2 2 2 2 2 2
left_child=1 9 3 10 -4 6 -6 -7 -5 11 13 12 -1 -3
right_child=-2 2 4 8 5 7 -8 -9 -10 -11 -12 -13 -14 -15
leaf_value=0.055355788198491698 -0.056154289953346953 0.014059116526034563 0.046970825534422084 -0.063687857981080551 0.051726175255558053 0.039866603321781616 -0.04598137146030716 0.00010000735995294028 0.043317500001866432 -0.033200072221036304 -0.051094269805824891 0.03501287184674598 -0.057300253429394543 -0.045523546593433689
leaf_weight=116.23627550899982 514.95761016756296 678.37930800020695 1740.3862260356545 227.37470237910748 275.90982605516911 1496.451900023967 2453.7663432061672 88942.426580484957 1740.1193827874959 533.25583226233721 3082.2980217412114 3116.8841268196702 256.85555309057236 472.58394401520491
leaf_count=642 3000 3410 13449 1075 1781 13365 17481 667300 15841 5268 16673 32013 1364 3495
internal_value=-2.46368e-05 0.000250348 -0.000561998 -0.0175101 0.000545303 -0.000321974 -0.0361038 0.000758051 0.0309487 0.0206653 -0.0400326 0.0288965 -0.022197 -0.0104073
internal_weight=105648 105133 101110 6200.76 94908.9 93168.6 2729.68 90438.9 1967.49 4023.23 4233.26 3489.98 373.092 1150.96
internal_count=796157 793157 753870 40494 713376 699927 19262 680665 16916 39287 23578 34019 2006 6905
is_linear=0
shrinkage=0.05


Tree=99
num_leaves=15
num_cat=0
split_feature=33 33 33 33 33 33 3 2 2 3 0 2 9 19
split_gain=613.748 1520.79 643.017 3438.25 1348.42 2448.44 1497.26 1191.62 2268.93 1258.58 721.068 667.623 336.685 141.293
threshold=-203.17999999999998 -199.33499999999998 -22.254999999999995 -20.879999999999995 -24.214999999999996 -24.894999999999996 2821.0000000000005 0.94585000000000008 0.94240000000000013 2791.5000000000005 0.65500000000000014 0.054850000000000003 0.71050000000000002 0.00097604599911253374
decision_type=2 2 2 2 2 2 2 2 2 2 2 2 2 2
left_child=-1 -2 4 10 5 6 -3 8 -5 -9 -4 -6 -13 -7
right_child=1 2 3 7 11 13 -8 9 -10 -11 -12 12 -14 -15
leaf_value=0.038743348106881195 -0.050563845288270452 0.011519837735901605 -0.10854092719937021 -0.0037501324279043784 -0.04109959704709433 -0.055396528173498993 -0.0035006084432999611 0.046651392110949666 0.041533481571943955 -0.043270549782430091 -0.041210437345036877 0.074132237270273391 0.033459560941392685 -0.091053373787809866
leaf_weight=1011.0660906098783 1489.1509703807533 28745.6252621077 852.45724177360535 22805.134474609047 246.73033022880554 892.01268270611763 39236.926179464906 453.07627283781767 3147.9122194126248 2753.6755675636232 745.58371070772409 713.23046001791954 1776.0750124789774 404.11481963098049
leaf_count=9560 9709 205925 3569 173427 1829 4838 304951 3539 26943 23438 5851 3229 17659 1690
internal_value=-2.32792e-05 -0.000399251 0.000327671 -0.00572399 0.00291237 0.00155268 0.00285062 -0.00181039 0.00174257 -0.0305646 -0.0771317 0.0373396 0.0451155 -0.06652
internal_weight=105273 104262 102773 30757.8 72014.7 69278.7 67982.6 29159.8 25953 3206.75 1598.04 2736.04 2489.31 1296.13
internal_count=796157 786597 776888 236767 540121 517404 510876 227347 200370 26977 9420 22717 20888 6528
is_linear=0
shrinkage=0.05


Tree=100
num_leaves=15
num_cat=0
split_feature=0 3 3 33 2 2 2 33 0 33 2 0 1 1
split_gain=593.228 639.964 2928.38 3358.75 2167.65 2020.74 1734.13 2389.85 1740.46 1705.76 1660.35 1604.47 1935.78 2511.36
threshold=0.78500000000000014 3029.5000000000005 3135.0000000000005 -180.34999999999997 0.94550000000000012 0.94150000000000011 0.063350000000000017 -191.69999999999996 0.62500000000000011 -58.244999999999997 0.94585000000000008 0.6150000000000001 0.24980000000000002 0.24180000000000004
decision_type=2 2 2 2 2 2 2 2 2 2 2 2 2 2
left_child=1 11 3 -3 -5 6 8 -8 -4 -7 -11 -1 13 -13
right_child=-2 2 5 4 -6 9 7 -9 -10 10 -12 12 -14 -15
leaf_value=-0.019643226879951261 -0.054473568770877882 0.041697499713144896 -0.035469547347942394 -0.048142668183462071 0.016167779229994225 -0.049740908286034217 -0.054910590982039389 0.029877491532291973 0.0069399959018032562 0.016696595441663294 -0.051252982405167381 0.0051187262204845964 0.015292425168241905 -0.032931176529900484
leaf_weight=6565.6156684905291 497.54549926519394 1552.103891838342 3080.5940674468875 7992.4317109137774 1567.158442184329 2911.7161136195064 897.88973619043827 11154.814237296581 11267.208974964917 3455.5775640942156 1215.0406138338149 18170.00488217175 28811.141610275954 5695.8202772736549
leaf_count=50025 2957 12166 20681 50760 14676 19119 5237 100182 96473 31172 9155 137771 208428 36933
internal_value=-1.23415e-05 0.000247416 -0.0042409 -0.0265231 -0.0375998 0.003045 0.00957917 0.0235606 -0.00216587 -0.0197058 -0.000980905 0.00366385 0.00656886 -0.00396237
internal_weight=104835 104337 45094.5 11111.7 9559.59 33982.8 26400.5 12052.7 14347.8 7582.33 4670.62 59242.6 52677 23865.8
internal_count=795735 792778 359621 77602 65436 282019 222573 105419 117154 59446 40327 433157 383132 174704
is_linear=0
shrinkage=0.05


Tree=101
num_leaves=15
num_cat=0
split_feature=1 1 2 3 15 2 15 15 1 3 2 34 1 33
split_gain=636.758 1407.32 1270.08 1146.8 1222 1011.44 3018.4 2596.77 849.77 1191.52 997.333 834.91 596.582 441.548
threshold=0.35400000000000004 0.34735000000000005 0.066400000000000015 3576.5000000000005 2.0613957098106064 0.93665000000000009 2.4414009612931857 3.53504376687845 0.36130000000000007 2203.0000000000005 0.12220000000000002 0.41650000000000004 0.45415000000000005 -7.339999999999999
decision_type=2 2 2 2 2 2 2 2 2 2 2 2 2 2
left_child=1 3 -2 4 11 6 -6 -7 -4 -10 12 13 -11 -1
right_child=2 -3 8 -5 5 7 -8 -9 9 10 -12 -13 -14 -15
leaf_value=0.047169449598960231 0.046772569161056675 -0.040906543727339012 0.037939612767121572 -0.05685455633369773 -0.051040641087247908 0.012439522354264819 -0.0016961423650319798 -0.039423648637037539 0.049635712797192422 0.045883219413201559 -0.0420657621222887 0.037657128272477837 -0.030285462476421551 -0.067029053724759202
leaf_weight=115.53076484799385 2125.0216079577804 2169.0741704702377 1188.7378454990685 883.95330667495728 3268.5694304481149 24370.342661913484 59749.203834112734 2678.7430584952235 687.17788714915514 666.21824597939849 2204.193746522069 3191.5363207757473 418.4709259942174 315.90242989361286
leaf_count=732 14098 17430 11425 5081 20795 215462 430694 21118 4116 4401 16568 28021 4354 1440
internal_value=-1.32712e-05 -0.00108707 0.0142369 -0.00017376 0.000361078 -0.00078421 -0.00425559 0.00730325 0.000849676 -0.0102399 -0.0227514 0.0288321 0.0164974 -0.0364447
internal_weight=104033 96742.9 7289.82 94573.8 93689.8 90066.9 63017.8 27049.1 5164.8 3976.06 3288.88 3622.97 1084.69 431.433
internal_count=795735 740773 54962 723343 718262 688069 451489 236580 40864 29439 25323 30193 8755 2172
is_linear=0
shrinkage=0.05


Tree=102
num_leaves=15
num_cat=0
split_feature=15 15 33 33 33 33 3 33 2 33 23 3 3 3
split_gain=598.863 844.415 831.572 3151.69 1622.78 2724.86 4287.45 1806.55 3621.19 2876.23 1127.96 928.727 2200.62 1083.84
threshold=3.5717949193831546 3.5573183671354554 -21.859999999999996 -21.389999999999997 -67.064999999999984 -146.72499999999997 2821.0000000000005 -56.454999999999991 0.94475000000000009 -56.029999999999994 0.0006085000000000001 1913.0000000000002 1756.0000000000002 2011.0000000000002
decision_type=2 2 2 2 2 2 2 2 2 2 2 2 2 2
left_child=1 2 4 -4 5 10 -7 8 -6 -9 -1 12 -5 -13
right_child=-2 -3 3 11 7 6 -8 9 -10 -11 -12 13 -14 -15
leaf_value=0.010702107973730416 0.0162318891236088 -0.031476884222631847 -0.10235665819658185 0.009993457711315934 0.040262209862518467 0.0061129411257997285 -0.051519554668746241 -0.058828268240765605 -0.030561593343415561 0.007631168770136078 -0.015667155417024885 0.07616034265070748 -0.066101996677272637 -0.0022141383078512758
leaf_weight=19598.957299832255 5378.3198311403394 2207.5341622903943 854.03930588066578 1933.8385026045144 9358.7269836291671 6367.1121924482286 6543.3093233890831 1777.1810664907098 2235.9465776570141 19380.343947220594 5113.4397693686187 450.76212588697672 1867.5469691753387 20411.737387396395
leaf_count=154560 55876 16351 3537 14807 81486 45338 45325 10354 18046 131945 44816 2193 10612 160489
internal_value=-1.29805e-05 -0.000903615 -0.000199761 -0.00793212 0.00260399 -0.0044801 -0.0230968 0.0107416 0.0266042 0.00204848 0.00524579 -0.00466207 -0.0273915 -0.000520396
internal_weight=103479 98100.5 95892.9 25517.9 70375 37622.8 12910.4 32752.2 11594.7 21157.5 24712.4 24663.9 3801.39 20862.5
internal_count=795735 739859 723508 191638 531870 290039 90663 241831 99532 142299 199376 188101 25419 162682
is_linear=0
shrinkage=0.05


Tree=103
num_leaves=15
num_cat=0
split_feature=1 0 15 33 2 3 2 1 2 23 2 1 1 3
split_gain=582.196 1390.59 2584.76 1784.1 1162.28 1085.1 865.221 3086.91 1670.7 1173.96 1144.16 795.612 785.384 1084.25
threshold=0.35400000000000004 0.6150000000000001 2.8265409023160699 -174.09999999999997 0.066400000000000015 3576.5000000000005 0.053500000000000006 0.28910000000000008 0.054500000000000007 0.0015595000000000003 0.054850000000000003 0.34860000000000008 0.36130000000000007 2203.0000000000005
decision_type=2 2 2 2 2 2 2 2 2 2 2 2 2 2
left_child=1 2 11 -4 -2 6 7 9 -8 -3 -10 -1 -6 -14
right_child=4 5 3 -5 12 -7 8 -9 10 -11 -12 -13 13 -15
leaf_value=0.046620985640788454 0.045508261683219801 -0.030654117397578541 0.033316387208062473 -0.047833328917285277 0.036897878297382107 -0.055386085340848892 0.045755855256603722 0.032840756423750027 -0.051356750429331625 0.050437562758662548 0.0027025090535506523 -0.035507348461096128 0.047594917079011187 -0.022170820931575567
leaf_weight=1486.5254034176469 2054.3243645317852 8269.0492233783007 778.84052171558142 5192.027055259794 1162.4248773530126 852.05890395492315 2245.2559368722141 2954.3717253059149 992.14270599931479 471.68970037996769 72175.177099168301 367.77571515738964 674.7493174597621 3186.6539269536734
leaf_count=11747 14098 58383 7979 36634 11425 5081 18923 24314 6597 2762 565053 3300 4116 25323
internal_value=-1.29221e-05 -0.00103548 -0.0212337 -0.0372478 0.0138247 0.000761438 0.00131072 -0.0113431 0.00327311 -0.0262775 0.0019694 0.0303309 0.000868075 -0.0099789
internal_weight=102863 95784.9 7825.17 5970.87 7078.15 87959.7 87107.7 11695.1 75412.6 8740.74 73167.3 1854.3 5023.83 3861.4
internal_count=795735 740773 59660 44613 54962 681113 676032 85459 590573 61145 571650 15047 40864 29439
is_linear=0
shrinkage=0.05


Tree=104
num_leaves=15
num_cat=0
split_feature=33 33 3 3 33 2 33 3 2 0 1 3 2 1
split_gain=572.595 674.685 549.976 2336.18 2634.32 1687.41 2011.63 1615.06 1521.44 1355.46 2022.16 2039.74 1734.46 1489.35
threshold=9.8450000000000006 9.3300000000000018 3008.5000000000005 3181.0000000000005 -180.34999999999997 0.94075000000000009 -61.274999999999999 3295.0000000000005 0.94550000000000012 0.6150000000000001 0.25905000000000006 2683.5000000000005 0.93665000000000009 0.35400000000000004
decision_type=2 2 2 2 2 2 2 2 2 2 2 2 2 2
left_child=1 2 9 4 -4 7 -7 -5 -6 13 12 -12 -11 -1
right_child=-2 -3 3 5 8 6 -8 -9 -10 10 11 -13 -14 -15
leaf_value=-0.048380542435240238 -0.033903501059660862 0.052526902270433842 0.040454247342460455 0.035421118788663615 -0.036400754856980418 -0.045043636892364097 0.0040407363931119107 0.0033085830972021698 0.021171222089345566 -0.011203507425605903 0.0042143917212782199 0.033336934991667296 0.018613064822800784 0.001347175871047068
leaf_weight=2517.6024541817605 1231.2002887800336 616.86724545061588 1501.0091674476862 5148.5607654117048 10252.810783158988 3410.4359256140888 5380.322812333703 16346.84809583053 1292.1134216412902 19479.059712331742 14586.137123584747 10228.906178027391 6506.5262878648937 3745.9884243682027
leaf_count=17878 12281 5439 12166 48021 73200 25178 49711 134902 11409 137145 96333 83266 56659 32147
internal_value=-1.27658e-05 0.000400345 8.00107e-05 -0.00416677 -0.0218557 0.00345287 -0.0150022 0.0110003 -0.0299571 0.00330483 0.00601072 0.016219 -0.0037377 -0.018641
internal_weight=102244 101013 100396 43332.1 13045.9 30286.2 8790.76 21495.4 11544.9 57064.2 50800.6 24815 25985.6 6263.59
internal_count=795735 783454 778015 354587 96775 257812 74889 182923 84609 423428 373403 179599 193804 50025
is_linear=0
shrinkage=0.05


Tree=105
num_leaves=15
num_cat=0
split_feature=0 1 1 11 1 1 1 23 0 33 13 11 0 23
split_gain=546.188 587.975 655.835 2356.1 1391.47 1193.5 830.069 824.364 823.117 590.334 540.97 395.901 372.231 371.231
threshold=0.78500000000000014 0.19830000000000003 0.21260000000000004 0.83600000000000008 0.21960000000000005 0.22825000000000004 0.23960000000000004 0.00038050000000000003 0.70500000000000007 -4.7799999999999985 0.022000000000000023 0.74500000000000011 0.72500000000000009 0.00073250000000000019
decision_type=2 2 2 2 2 2 2 2 2 2 2 2 2 2
left_child=1 9 3 10 -4 7 -7 -6 -5 11 12 13 -3 -1
right_child=-2 2 4 8 5 6 -8 -9 -10 -11 -12 -13 -14 -15
leaf_value=0.053994372449884621 -0.052984262183645207 0.037221258286085517 0.045581652298311376 -0.060368041974327415 0.050256750508560467 0.01760227700750663 -0.00072799040317294617 -0.043547011209398509 0.041653190016672982 -0.031178021415880254 -0.048945012091325457 0.03314480385921325 -0.026575805192229341 -0.0554820051304388
leaf_weight=111.39252067357302 484.1795009970665 322.06470330059528 1682.8340586014092 224.17065578699112 260.74022048711777 6690.3276480808854 80344.648124378175 2295.8859769552946 1669.6383531056345 500.01103502511978 2985.7691895440221 2960.280360352248 787.51065499335527 253.45066434890032
leaf_count=632 2968 1608 13466 1108 1749 51287 629181 17413 15806 5224 16662 32019 5318 1392
internal_value=-1.1195e-05 0.00024258 -0.000513646 -0.0165417 0.000538081 -0.00030804 0.000681065 -0.0339787 0.0295744 0.019471 -0.0378673 0.027088 -0.00805642 -0.0220515
internal_weight=101573 101089 97263.6 5989.15 91274.4 89591.6 87035 2556.63 1893.81 3825.13 4095.34 3325.12 1109.58 364.843
internal_count=795833 792865 753598 40502 713096 699630 680468 19162 16914 39267 23588 34043 6926 2024
is_linear=0
shrinkage=0.05


Tree=106
num_leaves=15
num_cat=0
split_feature=1 0 33 2 3 23 3 3 3 3 1 3 2 1
split_gain=523.614 1208.69 1604.34 1060.84 993.885 976.815 1057.99 760.575 1604.67 737.293 715.974 1020.28 851.463 715.627
threshold=0.35400000000000004 0.6150000000000001 -174.09999999999997 0.066400000000000015 3576.5000000000005 0.0005015000000000001 3274.5000000000005 3506.0000000000005 3490.5000000000005 3008.5000000000005 0.36130000000000007 2203.0000000000005 0.12220000000000002 0.34955000000000008
decision_type=2 2 2 2 2 2 2 2 2 2 2 2 2 2
left_child=1 2 -1 -2 7 -4 -7 8 9 -3 -5 -12 -13 -8
right_child=3 4 5 10 -6 6 13 -9 -10 -11 11 12 -14 -15
leaf_value=0.029511967069613412 0.044153698948919101 0.0050164437941151137 -0.046933378062648287 0.035739784859520528 -0.05377229035901792 -0.046075222472331742 0.045999422599609249 0.026372776852071296 -0.053230018151574778 -0.0047250830435133185 0.046199372585972585 0.01559434422728995 -0.04009642827656746 -0.02963733722345796
leaf_weight=1331.8807573877275 1983.3237775117159 49952.121202711016 3756.6061917878687 1129.8954515047371 829.88379148393869 981.27559760957956 961.07915230095387 2900.6878758892417 1375.3390819430351 31781.183965101838 672.62837065756321 1024.2465902082622 2080.0266538783908 463.4548736512661
leaf_count=12627 14124 371654 26819 11432 5093 7308 8017 35994 9743 258774 4164 8617 16546 4921
internal_value=-1.05493e-05 -0.00098244 -0.0202481 0.0132956 0.000680226 -0.0310031 -0.00612739 0.00120569 0.000327266 0.00122855 0.000822065 -0.00962457 -0.0217215 0.0213916
internal_weight=101224 94333.5 7494.3 6890.12 86839.2 6162.42 2405.81 86009.3 83108.6 81733.3 4906.8 3776.9 3104.27 1424.53
internal_count=795833 740950 59692 54883 681258 47065 20246 676165 640171 630428 40759 29327 25163 12938
is_linear=0
shrinkage=0.05


Tree=107
num_leaves=15
num_cat=0
split_feature=33 33 33 33 33 33 13 2 11 2 2 23 33 1
split_gain=520.06 2850.48 1240.54 2175.59 1251.37 2401.43 1977.79 1811.06 1666.83 1063.47 1972.81 2618.76 1079.71 997.645
threshold=-22.254999999999995 -20.879999999999995 -24.214999999999996 -24.894999999999996 -67.064999999999984 -90.069999999999979 0.12450000000000007 0.93665000000000009 0.83600000000000008 0.94585000000000008 0.94240000000000013 0.00047650000000000009 -11.169999999999998 0.28600000000000009
decision_type=2 2 2 2 2 2 2 2 2 2 2 2 2 2
left_child=2 -2 3 4 5 7 -6 -1 -8 10 11 -3 -11 -13
right_child=1 9 -4 -5 6 -7 8 -9 -10 12 -12 13 -14 -15
leaf_value=-0.0069676461105354724 -0.071391070702401679 -0.045203426700897477 0.036208688328100244 -0.063850264805892121 0.022469966159915162 -0.041694066121597553 -0.028962419810946806 0.019290517380401224 0.007376539965974334 0.043991730490294728 0.03957761185207441 -0.0041449434801004862 -0.041597915188461537 0.020956306478759311
leaf_weight=23585.084745131433 1558.7544682472944 3238.936768732965 2599.3201918117702 1268.5173519998789 15235.229641932994 3791.3398798927665 4392.9707209728658 9100.3447800688446 11202.748804926872 428.02659300714731 2992.9271997697651 13008.13448413834 2644.9049071595073 5689.8165310956538
leaf_count=176078 9413 22961 22735 6609 96710 26632 26162 87287 117151 3552 26918 96744 23388 53493
internal_value=-1.11001e-05 -0.00558557 0.00230416 0.00101899 0.00224164 -0.00402615 0.0096572 0.000343243 -0.00285946 -0.00192231 0.0014987 -0.00369669 -0.0296751 0.00349348
internal_weight=100737 29561.5 71175.6 68576.2 67307.7 36476.8 30830.9 32685.4 15595.7 28002.7 24929.8 21936.9 3072.93 18698
internal_count=795833 236469 559364 536629 530020 289997 240023 263365 143313 227056 200116 173198 26940 150237
is_linear=0
shrinkage=0.05


Tree=108
num_leaves=15
num_cat=0
split_feature=0 1 1 11 1 1 0 33 33 13 15 0 15 11
split_gain=521.428 522.367 625.162 2139.69 1259.97 1064.99 714.512 585.991 541.262 487.019 370.88 335.307 328.452 261.191
threshold=0.78500000000000014 0.19830000000000003 0.21260000000000004 0.83600000000000008 0.21960000000000005 0.22410000000000005 0.70500000000000007 -149.65999999999997 -4.7799999999999985 0.022000000000000023 2.6301797686105899 0.72500000000000009 2.6301797686105899 0.86950000000000005
decision_type=2 2 2 2 2 2 2 2 2 2 2 2 2 2
left_child=1 8 3 9 -4 -6 -5 -7 10 11 -1 -3 -11 -8
right_child=-2 2 4 6 5 7 13 -9 -10 12 -12 -13 -14 -15
leaf_value=-0.075223633369603859 -0.052133903310662116 0.035238358890670569 0.044155818184866517 -0.057312165647579905 -0.04023370185129177 0.0078514514786502607 0.055297844705610791 -0.0017905158996430481 -0.030368988199245706 0.02345655540441173 0.028952727969362838 -0.025841742291439929 -0.051276836629788485 0.013418867224641688
leaf_weight=87.739827789366245 477.43120131269097 315.70334875583649 1626.9480670690536 213.37225389480591 1634.2570434845984 20684.381617341191 1022.404472284019 66161.120235837996 488.58638913929462 155.19825476035476 3128.7223708294332 778.70673570409417 2772.860324203968 585.63046384230256
leaf_count=427 2968 1608 13466 1108 12845 172147 6231 514638 5224 1231 33616 5318 15431 9575
internal_value=-1.10243e-05 0.000238739 -0.000472615 -0.0163203 0.000555207 -0.000246562 0.0286398 0.000505961 0.0186604 -0.0366789 0.0261087 -0.00822042 -0.047315 0.0400477
internal_weight=100133 99655.6 95950.6 5843.88 90106.7 88479.8 1821.41 86845.5 3705.05 4022.47 3216.46 1094.41 2928.06 1608.03
internal_count=795833 792865 753598 40502 713096 699630 16914 686785 39267 23588 34043 6926 16662 15806
is_linear=0
shrinkage=0.05


Tree=109
num_leaves=15
num_cat=0
split_feature=15 15 0 15 3 33 33 33 33 2 33 2 33 15
split_gain=507.529 736.34 759.484 699.316 789.664 693.901 2675.9 1267.08 2148.74 1644.73 1638.48 3109.65 2426.15 1163.59
threshold=3.5717949193831546 3.5932770349567842 0.63500000000000012 3.5573183671354554 2379.5000000000005 -21.859999999999996 -20.879999999999995 -67.064999999999984 -90.069999999999979 0.93665000000000009 -56.454999999999991 0.94475000000000009 -56.029999999999994 3.53504376687845
decision_type=2 2 2 2 2 2 2 2 2 2 2 2 2 2
left_child=3 -2 -3 5 -5 7 -7 8 9 -1 11 -9 -12 -10
right_child=1 2 -4 4 -6 6 -8 10 13 -11 12 -13 -14 -15
leaf_value=-0.0068011058143620517 0.031337963415520025 0.017769226162094406 -0.041602943888949723 0.046250171929900635 -0.041743641880608376 -0.08184657444462623 -0.0037360815463364848 0.038199115766698155 -0.046644297319258898 0.018341455482874289 -0.056135543742289344 -0.028750678205822229 0.0065077435459460035 0.076634611079087325
leaf_weight=23501.411589760333 2997.5342330746353 1310.6955175772309 914.26776361465454 296.71442572027445 1808.7054061293602 1149.7950580492616 23594.158673953265 8942.2860407866538 3520.8670686371624 8993.6114917173982 1684.1530534550548 2151.6816956140101 18780.71264301613 202.32381296157837
leaf_count=176078 33915 13646 8310 2261 14054 5529 186116 81665 25652 87287 10343 18009 131988 980
internal_value=-1.05242e-05 0.0151632 -0.00662838 -0.000847987 -0.0293412 -0.000199561 -0.00736601 0.00241676 -0.00396481 0.000157608 0.00974052 0.025214 0.00135227 -0.0399433
internal_weight=99848.9 5222.5 2224.96 94626.4 2105.42 92521 24744 67777 36218.2 32495 31558.8 11094 20464.9 3723.19
internal_count=795833 55871 21956 739962 16315 723647 191645 532002 289997 263365 242005 99674 142331 26632
is_linear=0
shrinkage=0.05


Tree=110
num_leaves=15
num_cat=0
split_feature=33 33 0 0 3 1 3 3 3 33 9 9 15 2
split_gain=498.989 1175.19 492.295 521.614 1765.12 2153.95 1018.53 1873.29 1536.73 272.947 135.238 101.692 65.2538 62.0332
threshold=-203.17999999999998 -200.62999999999997 0.78500000000000014 0.64500000000000013 2082.5000000000005 0.29735000000000006 1864.5000000000002 1756.0000000000002 3008.5000000000005 -5.7099999999999991 0.78100000000000014 0.70200000000000007 3.260720023130339 0.94990000000000008
decision_type=2 2 2 2 2 2 2 2 2 2 2 2 2 2
left_child=10 11 3 4 9 -6 7 -5 -8 -3 -1 -2 13 -4
right_child=1 2 12 6 5 -7 8 -9 -10 -11 -12 -13 -14 -15
leaf_value=0.051342258641121463 -0.050215749090354547 0.043858186675486778 -0.02898896657134245 -0.0028153568751556959 -0.050851109345293993 -0.0040283919503133732 0.012083648796210263 -0.062533742874142914 -0.0035989870349164704 -0.038126235864723135 0.012579933876895114 -0.099515267058443047 -0.016441096991975466 -0.074684934238658615
leaf_weight=574.46512685716152 795.94277551025152 1870.9579559080303 105.18163216114044 7943.8511435501277 2804.3963430598378 19776.996627587825 33930.915890660137 1573.1753401011229 28946.657394621521 107.27122414112091 370.0099949836731 120.50181579589844 104.67866558581591 254.1172881424427
leaf_count=3436 5033 11970 1166 56961 15222 167332 268744 9607 247190 886 6114 507 717 1078
internal_value=-8.17428e-06 -0.000355591 0.000174594 0.000420502 -0.00587605 -0.00984353 0.00255659 -0.0126874 0.00486391 0.0394108 0.0361596 -0.0567082 -0.0512002 -0.0613196
internal_weight=99279.1 98334.6 97418.2 96954.2 24559.6 22581.4 72394.6 9517.03 62877.6 1978.23 944.475 916.445 463.978 359.299
internal_count=795963 786413 780873 777912 195410 182554 582502 66568 515934 12856 9550 5540 2961 2244
is_linear=0
shrinkage=0.05


Tree=111
num_leaves=15
num_cat=0
split_feature=33 33 15 15 0 15 3 33 15 15 0 31 10 33
split_gain=472.207 640.95 463.395 667.84 699.317 657.663 728.681 599.274 1366.93 1023.75 520.484 281.386 241.969 133.896
threshold=9.8450000000000006 9.3300000000000018 3.5717949193831546 3.5932770349567842 0.63500000000000012 3.5573183671354554 2379.5000000000005 -6.9249999999999989 3.5315340190116467 2.0613957098106064 0.6150000000000001 0.29250000000000004 0.019999999999999993 -6.3149999999999986
decision_type=2 2 2 2 2 2 2 2 2 2 2 2 2 2
left_child=1 2 5 11 10 7 -7 9 -9 -1 -5 -4 -3 -6
right_child=-2 12 3 4 13 6 -8 8 -10 -11 -12 -13 -14 -15
leaf_value=0.029670435761276162 -0.031745731985504129 0.094075043604259487 0.013126654542544247 -0.029286146315274954 -0.070841738337017512 0.044880763061867168 -0.040830475168172758 -0.022017671200790994 0.02742193922357708 0.00011588494879540744 0.03860679793182184 0.044303776157922956 0.028161161608041319 -0.028018766123922123
leaf_weight=3044.1544418409467 1158.1755644381046 215.51441511511803 1312.3124955818057 413.06974448263645 257.23810028284788 288.50701253861189 1761.6451989039779 7200.5756316594779 1734.86569506675 78148.262391865253 891.13094261288643 1613.8049651943147 393.43126251176 628.95641701668501
leaf_count=27900 12249 886 21521 4427 1255 2269 14049 61829 14018 602337 9184 12408 4588 7043
internal_value=-7.95507e-06 0.000367528 4.74438e-05 0.0146936 -0.00618501 -0.000765533 -0.0287672 -0.000128544 -0.0124185 0.00122401 0.017103 0.0303223 0.0515006 -0.0404557
internal_weight=99061.6 97903.5 97294.5 5116.51 2190.4 92178 2050.15 90127.9 8935.44 81192.4 1304.2 2926.12 608.946 886.195
internal_count=795963 783714 778240 55838 21909 722402 16318 706084 75847 630237 13611 33929 5474 8298
is_linear=0
shrinkage=0.05


Tree=112
num_leaves=15
num_cat=0
split_feature=7 33 33 1 15 1 2 3 33 2 2 33 33 3
split_gain=462.455 563.269 1951.06 1038.67 2748.02 2503.32 1397.92 1354.6 1324.96 1295.38 1163.9 1000.52 932.284 1632.57
threshold=813.50000000000011 -22.254999999999995 -20.879999999999995 0.31060000000000004 2.4414009612931857 0.34090000000000004 0.054050000000000008 3506.0000000000005 -35.034999999999989 0.050150000000000007 0.065400000000000014 -20.649999999999995 -15.009999999999998 2648.0000000000005
decision_type=2 2 2 2 2 2 2 2 2 2 2 2 2 2
left_child=-1 3 -3 4 8 7 9 -5 -2 -6 -8 -4 13 -13
right_child=1 2 11 5 6 -7 10 -9 -10 -11 -12 12 -14 -15
leaf_value=-0.01010293772208181 -0.049417533586206965 -0.063159623795188316 0.074989283320926192 -0.054340723712141305 0.0048945453143026674 0.0067184324911887892 0.028188669548262331 0.01292089084747927 0.028868777705999417 -0.041892239827115541 0.0087099416993163415 0.036297055234374861 0.00016356866136425671 -0.056888063434604431
leaf_weight=10174.73237105459 2943.4004753679037 1368.793935585767 416.68570983409882 3425.476779282093 4341.0055188983679 8671.9317912496626 10402.916620239615 957.80641413852572 661.95840608328581 2244.1449787504971 29179.866683479398 636.62351897358894 21538.407946147025 1795.3490761592984
leaf_count=84383 22146 8901 1995 21899 29326 71197 83701 9886 7865 18461 240815 5210 179652 10526
internal_value=-7.36891e-06 0.00115221 -0.00507493 0.00370496 0.00699745 -0.00884765 0.0102806 -0.0396432 -0.0350434 -0.0110503 0.0138293 -0.00181452 -0.00314993 -0.0324943
internal_weight=98759.1 88584.4 25755.9 62828.5 49773.3 13055.2 46167.9 4383.28 3605.36 6585.15 39582.8 24387.1 23970.4 2431.97
internal_count=795963 711580 206284 505296 402314 102982 372303 31785 30011 47787 324516 197383 195388 15736
is_linear=0
shrinkage=0.05


Tree=113
num_leaves=15
num_cat=0
split_feature=0 1 1 11 1 1 23 0 13 15 11 23 0 13
split_gain=437.36 466.075 532.4 1922.78 1111.54 944.737 664.638 658.071 445.194 334.662 296.273 317.196 289.099 249.844
threshold=0.78500000000000014 0.19830000000000003 0.21260000000000004 0.83600000000000008 0.21960000000000005 0.22410000000000005 0.00042950000000000003 0.70500000000000007 0.022000000000000023 2.6301797686105899 0.74500000000000011 0.00073250000000000019 0.72500000000000009 0.11000000000000003
decision_type=2 2 2 2 2 2 2 2 2 2 2 2 2 2
left_child=1 10 3 8 -4 -6 -7 -5 12 -10 11 -1 -3 -12
right_child=-2 2 4 7 5 6 -8 -9 9 -11 13 -13 -14 -15
leaf_value=0.05180805549038521 -0.049019971587752037 0.033946132537692041 0.042441156228206253 -0.05581886481443539 -0.038518094048729107 -0.0060909454882369226 0.003432201962615049 0.038768789584657792 0.025873527782995218 -0.049199392542655415 0.031997009794685165 -0.049540361636501891 -0.023746025448884822 0.0010943084407199577
leaf_weight=104.82263422757387 452.99231530353427 304.83533249050379 1551.9520106799901 208.04801961779594 1583.1848199106753 26628.313701514155 58732.23304252699 1577.9729720279574 157.00601278245449 2706.0790293887258 2254.7959559075534 292.19362813979387 754.18028024956584 921.29609174653888
leaf_count=626 2961 1589 13457 1109 12973 214385 472482 15840 1230 15389 21246 1881 5270 15525
internal_value=-9.14115e-06 0.000217972 -0.000454345 -0.0152545 0.000500304 -0.000248391 0.000461442 0.0277481 -0.0348369 -0.0450818 0.0179429 -0.0227754 -0.00713783 0.0230333
internal_weight=98229.9 97776.9 94203.8 5708.12 88495.7 86943.7 85360.5 1786.02 3922.1 2863.09 3573.11 397.016 1059.02 3176.09
internal_count=795963 793002 753724 40427 713297 699840 686867 16949 23478 16619 39278 2507 6859 36771
is_linear=0
shrinkage=0.05


Tree=114
num_leaves=15
num_cat=0
split_feature=33 33 33 33 26 33 11 9 9 18 9 7 9 12
split_gain=438.808 584.195 446.416 876.916 603.488 614.788 260.732 211.899 80.6355 48.793 31.8638 27.6909 21.7064 17.2128
threshold=9.8450000000000006 9.3300000000000018 4.2600000000000007 3.7350000000000003 -0.0013644999999999996 -0.82499999999999984 0.71500000000000008 0.71050000000000002 0.75100000000000011 0.0022570544041677749 0.78100000000000014 2381.5000000000005 0.51500000000000012 0.10000000000000005
decision_type=2 2 2 2 2 2 2 2 2 2 2 2 2 2
left_child=1 2 3 4 6 -6 -1 -3 12 -2 -9 -10 -5 -4
right_child=9 7 13 8 5 -7 -8 10 11 -11 -12 -13 -14 -15
leaf_value=-0.049879375766229084 -0.025254947598458467 0.089221965366601097 -0.032395957190841776 0.088631614119875524 0.0012259011833591412 -0.030044788250170974 -0.01388284429860903 0.047269375952766923 0.024205026285307574 -0.049884547162772963 0.016909197289927479 0.05357285544945805 0.062357626301550464 -0.021264206961520482
leaf_weight=723.33614986389875 871.22152472659945 215.4438731521368 826.14205339923501 106.82774691283703 90082.895058006048 1599.5876005478203 1651.7348019704223 131.23858417570591 198.577999740839 261.58403112739325 253.30115384981036 135.00178438425064 306.84834874421358 600.79297656193376
leaf_count=4139 10552 886 8098 428 724788 14487 13577 832 2460 1697 3756 727 1530 8006
internal_value=-8.78708e-06 0.000353173 4.64918e-05 0.000464305 3.56576e-05 0.000680288 -0.0248474 0.0495337 0.0544112 -0.0309462 0.0272803 0.0361029 0.0691624 -0.0277109
internal_weight=97964.5 96831.7 96231.7 94804.8 94057.6 91682.5 2375.07 599.984 747.256 1132.81 384.54 333.58 413.676 1426.94
internal_count=795963 783714 778240 762136 756991 739275 17716 5474 5145 12249 4588 3187 1958 16104
is_linear=0
shrinkage=0.05


Tree=115
num_leaves=15
num_cat=0
split_feature=15 15 2 3 33 2 15 15 1 1 2 3 3 15
split_gain=441.996 645.771 1777.22 1266.65 945.176 804.364 1581.92 1677.09 1668.63 1173.04 1171.04 1127.39 867.074 578.312
threshold=3.5717949193831546 3.538891571506309 0.94175000000000009 2964.5000000000005 -37.059999999999995 0.93665000000000009 3.53504376687845 3.4936202227480657 0.23620000000000002 0.20995000000000003 0.93585000000000018 3576.5000000000005 3029.5000000000005 3.5932770349567842
decision_type=2 2 2 2 2 2 2 2 2 2 2 2 2 2
left_child=1 5 3 -3 -5 6 7 10 -9 -7 -1 12 -11 -2
right_child=13 2 -4 4 -6 9 -8 8 -10 11 -12 -13 -14 -15
leaf_value=0.00017134024885395851 0.029196637886096072 0.038643585871896292 -0.061745600283312711 0.040428542831924409 -0.038548746076562397 -0.025046884982047442 0.061941808335017501 0.054684365311774431 -0.038533571499746816 0.024531717604043546 -0.038983886017023905 -0.056134598201888153 0.0050163484552770057 -0.0052924644263630388
leaf_weight=51553.258821818978 2854.2839104495943 1406.763738244772 1600.9591605588794 480.95715027302504 1782.8278613910079 2540.6503515057266 923.01511834561825 529.30293549597263 5152.4592288695276 9087.6705559715629 1982.899475902319 616.81793682277203 15231.050604954362 2116.8060239218175
leaf_count=385547 33913 12288 9422 3976 15249 23113 4969 3431 34990 89587 13867 3731 139937 21953
internal_value=-1.48412e-05 -0.000792207 -0.0177884 0.00138533 -0.0217684 0.00023039 -0.00300774 -0.0040202 -0.0298487 0.00731813 -0.00127898 0.0106158 0.0123091 0.0145106
internal_weight=97859.7 92888.6 5271.51 3670.55 2263.79 87617.1 60140.9 59217.9 5681.76 27476.2 53536.2 24935.5 24318.7 4971.09
internal_count=795973 740107 40935 31513 19225 699172 442804 437835 38421 256368 399414 233255 229524 55866
is_linear=0
shrinkage=0.05


Tree=116
num_leaves=15
num_cat=0
split_feature=33 33 1 0 15 2 3 3 1 1 1 3 9 11
split_gain=436.376 982.255 413.593 1305.78 2118.75 1016.08 874.508 870.858 680.006 673.106 646.931 842.877 135.349 130.221
threshold=-203.17999999999998 -200.62999999999997 0.35400000000000004 0.6150000000000001 2.8265409023160699 0.066400000000000015 3554.5000000000005 3576.5000000000005 0.25780000000000008 0.34860000000000008 0.35890000000000005 2203.0000000000005 0.68500000000000016 0.84250000000000014
decision_type=2 2 2 2 2 2 2 2 2 2 2 2 2 2
left_child=13 -2 3 4 9 -4 -6 8 -5 -3 -7 -12 -9 -1
right_child=1 2 5 7 6 10 -8 12 -10 -11 11 -13 -14 -15
leaf_value=0.047609213440417783 -0.053695009468517213 0.042609085556756195 0.042896110541593938 -0.0037671590459940085 -0.043942368098390854 0.039544730424781509 0.0313422597160165 -0.044538350221689879 0.0054666522314996665 -0.034468819001243725 0.035008449228473515 -0.021011413236893043 -0.11326676079796008 0.0070853576001380231
leaf_weight=613.47395839169621 854.8147905766964 1352.0066055692732 1915.0503298416734 35012.247318513691 4717.3010703362525 842.08901642262936 420.0170469135046 700.64950823038816 46311.089226853102 358.22416900843382 859.54340948164463 3067.2578819915652 79.761099591851234 292.92633060738444
leaf_count=4090 5515 11739 14124 283548 36655 7576 4414 4740 381281 3325 7967 25235 365 5399
internal_value=-1.40239e-05 -0.000338416 0.000138556 -0.000762788 -0.0217396 0.0121337 -0.0377868 0.000986729 0.00149121 0.0264633 -0.000220299 -0.00874856 -0.0515763 0.0345151
internal_weight=97396.5 96490.1 95635.2 88951.3 6847.55 6683.94 5137.32 82103.7 81323.3 1710.23 4768.89 3926.8 780.411 906.4
internal_count=795973 786484 780969 726067 56133 54902 41069 669934 664829 15064 40778 33202 5105 9489
is_linear=0
shrinkage=0.05


Tree=117
num_leaves=15
num_cat=0
split_feature=33 33 0 3 1 33 3 3 3 1 3 1 3 10
split_gain=402.176 912.301 405.741 1592.54 1890.59 2659.04 1036.58 1599.22 1316.62 2983.25 2480.49 848.771 813.543 328.383
threshold=-203.17999999999998 -200.62999999999997 0.64500000000000013 2082.5000000000005 0.29735000000000006 -56.204999999999991 1864.5000000000002 1756.0000000000002 3008.5000000000005 0.25905000000000006 3135.0000000000005 0.31150000000000005 2298.0000000000005 0.064000000000000071
decision_type=2 2 2 2 2 2 2 2 2 2 2 2 2 2
left_child=-1 -2 3 -3 5 -5 7 11 9 -8 -10 -4 -6 -9
right_child=1 2 6 4 12 -7 8 13 10 -11 -12 -13 -14 -15
leaf_value=0.033466590837548604 -0.052454853847021067 0.038059716903262299 -0.00065068771252458821 0.047205727111279953 -0.039487624400669989 -0.072927419981392183 -0.0034966608663513071 -0.041384587141134306 -0.026495772337430043 0.02650907388182179 0.0060095846614566959 -0.071993256257076796 -0.00078365222751138042 -0.088989656374793419
leaf_weight=888.64122439548373 831.86299795657396 1929.4244143217802 7816.7832591570914 582.29592268168926 1469.8984952941537 2203.1121972389519 16920.286367896944 906.8132351487875 8287.5427058152854 16228.604807287455 20110.886970032007 440.28871783614159 17775.626144777983 603.53816050291061
leaf_count=9489 5515 12883 57701 3750 12442 11525 139080 7120 62918 129661 184466 2136 154841 2446
internal_value=-1.38767e-05 -0.000323484 0.000131738 -0.00549746 -0.00931227 -0.0478125 0.00202304 -0.0131089 0.00442446 0.0111932 -0.00347655 -0.00445569 -0.0037399 -0.0604123
internal_weight=96995.6 96107 95275.1 23960.4 22030.9 2785.41 71314.7 9767.42 61547.3 33148.9 28398.4 8257.07 19245.5 1510.35
internal_count=795973 786484 780969 195441 182558 15275 585528 69403 516125 268741 247384 59837 167283 9566
is_linear=0
shrinkage=0.05


Tree=118
num_leaves=15
num_cat=0
split_feature=33 23 33 0 0 2 2 2 0 1 1 2 33 33
split_gain=405.029 402.507 1120.01 1760.04 1541.08 1641.96 814.575 730.201 601.245 1086.44 3316.93 1522.9 1343.92 1306.24
threshold=10.485000000000001 0.00042950000000000003 -173.65499999999997 0.70500000000000007 0.66500000000000015 0.9476500000000001 0.059150000000000001 0.94205000000000017 0.64500000000000013 0.25780000000000008 0.25585000000000008 0.053500000000000006 -191.69999999999996 -92.509999999999991
decision_type=2 2 2 2 2 2 2 2 2 2 2 2 2 2
left_child=1 2 6 4 7 -6 -1 -4 -3 10 11 -10 -11 -14
right_child=-2 8 3 -5 5 -7 -8 -9 9 12 -12 -13 13 -15
leaf_value=-0.049293981575153828 -0.033547531188797497 -0.0066381055025912716 0.00354642800016408 0.02744144180495503 -0.039948231609327846 0.030386987383811133 0.01619288315261945 -0.034335358341975125 -0.037613293929025911 -0.051249103329275653 -0.073167401944205693 0.0058656795878556621 0.042326745941133753 0.0095855809073879458
leaf_weight=509.32846023514867 892.01283239945769 14526.83711643517 7867.5474179014564 2616.1378406584263 7430.0950046107173 934.00794849172235 6997.8513949997723 1517.3539913371205 2202.0900008007884 809.43895807862282 1549.6399123668671 23562.830360531807 3546.2459481060505 21605.570370823145
leaf_count=3178 8978 124834 64478 20487 52962 10753 62708 12439 16978 5515 8129 195613 29524 179397
internal_value=-1.33489e-05 0.000299337 -0.00475883 -0.0108442 -0.0164875 -0.0320937 0.0117493 -0.00257861 0.00237865 0.00483728 -0.00212375 0.00214946 0.0121612 0.014202
internal_weight=96567 95675 27872.3 20365.1 17749 8364.1 7507.18 9384.9 67802.7 53275.8 27314.6 25764.9 25961.3 25151.8
internal_count=795973 786995 227005 161119 140632 63715 65886 76917 559990 435156 220720 212591 214436 208921
is_linear=0
shrinkage=0.05


Tree=119
num_leaves=15
num_cat=0
split_feature=1 0 15 33 2 3 15 15 2 33 34 1 11 23
split_gain=393.081 983.706 1772.91 1190.19 919.913 812.25 625.663 1336.88 1546.36 917.156 726.142 618.497 603.549 713.533
threshold=0.35400000000000004 0.6150000000000001 2.8265409023160699 -174.09999999999997 0.066400000000000015 3576.5000000000005 2.0613957098106064 2.4414009612931857 0.94135000000000013 -56.454999999999991 0.41650000000000004 0.34860000000000008 0.69500000000000006 0.00045550000000000007
decision_type=2 2 2 2 2 2 2 2 2 2 2 2 2 2
left_child=1 2 11 -4 -2 6 10 8 -8 -9 -3 -1 -6 -14
right_child=4 5 3 -5 12 -7 7 9 -10 -11 -12 -13 13 -15
leaf_value=0.041571386520962844 0.041681438058210514 -0.03719896610561238 0.028293012141999609 -0.042540756688384751 -0.019470672535754605 -0.050559010984261216 -0.046824195511132281 0.0080401954964693864 0.021605340248710782 -0.003108000077762223 0.03414430918446195 -0.033429459029113803 0.043830224718254443 -0.0092706524334979154
leaf_weight=1317.4954312890768 1849.5841085575521 416.29128616303205 681.78901613131166 4551.7858038470149 2147.0548504665494 767.45362593233585 2935.335401583463 32949.274406671524 1148.5748403817415 41922.071569826454 2486.7816966623068 347.26468523591757 1231.9896430298686 1300.2136539518833
leaf_count=11739 14124 2201 7945 36655 18512 5105 20674 285003 15786 328531 24107 3325 9012 13254
internal_value=-1.3917e-05 -0.000877704 -0.0190168 -0.0333127 0.0118302 0.000636728 0.00111677 0.000278555 -0.0275787 0.00179809 0.023913 0.0259253 3.02309e-05 0.0165652
internal_weight=96053 89524.1 6898.33 5233.57 6528.84 82625.8 81858.3 78955.3 4083.91 74871.3 2903.07 1664.76 4679.26 2532.2
internal_count=795973 741071 59664 44600 54902 681407 676302 649994 36460 613534 26308 15064 40778 22266
is_linear=0
shrinkage=0.05


Tree=120
num_leaves=15
num_cat=0
split_feature=15 15 2 3 33 2 15 15 1 1 33 3 3 23
split_gain=402.471 636.873 1565.12 1124.5 847.698 644.641 1423.79 1530.93 1578.29 1074.45 1012.78 971.359 2321.75 654.503
threshold=3.5717949193831546 3.538891571506309 0.94175000000000009 2964.5000000000005 -37.059999999999995 0.93665000000000009 3.53504376687845 3.4936202227480657 0.23620000000000002 0.20995000000000003 -65.664999999999978 3029.5000000000005 3083.0000000000005 0.00098350000000000022
decision_type=2 2 2 2 2 2 2 2 2 2 2 2 2 2
left_child=1 5 3 -3 -5 6 7 10 -9 -7 -1 13 -13 -11
right_child=-2 2 -4 4 -6 9 -8 8 -10 11 -12 12 -14 -15
leaf_value=-0.0084755305247627682 0.014071656884813306 0.036657142619146071 -0.059452191100797414 0.038815225123957124 -0.03760947414334042 -0.024162294513081599 0.059822336715596981 0.053928172610861302 -0.037185744030521141 0.026903198878679636 0.0054747083158197193 -0.054883792044805257 0.0090211676778449504 -0.028145832915194999
leaf_weight=24051.365787733346 4856.8448010459542 1340.2224525138736 1567.1649619489908 459.48272859305143 1723.7447022497654 2541.4925447292626 899.31080083549023 524.91396187245846 5019.2884264066815 8205.0901907682419 28341.256285067648 1584.3576912842691 13802.738086014986 577.90386618673801
leaf_count=187991 55901 12260 9423 3980 15181 23108 4995 3447 34952 84054 211394 11976 131627 5571
internal_value=4.93175e-05 -0.000702083 -0.0178833 0.000606861 -0.0215241 0.000320328 -0.00260418 -0.00357328 -0.0285584 0.00676196 -0.000929295 0.0100137 0.00244077 0.0232808
internal_weight=95495.2 90638.3 5090.61 3523.45 2183.23 85547.7 58836.1 57936.8 5544.2 26711.6 52392.6 24170.1 15387.1 8782.99
internal_count=795860 739959 40844 31421 19161 699115 442779 437784 38399 256336 399385 233228 143603 89625
is_linear=0
shrinkage=0.05


Tree=121
num_leaves=15
num_cat=0
split_feature=7 3 3 33 2 26 2 0 33 2 0 1 2 34
split_gain=370.706 480.639 1484.86 2106.92 1393.23 1322.72 1268.19 1274.99 1207.04 1232.47 1197.53 1391.2 1970.16 1904.98
threshold=779.50000000000011 3008.5000000000005 3135.0000000000005 -180.34999999999997 0.94150000000000011 0.0026485000000000002 0.063350000000000017 0.62500000000000011 -58.244999999999997 0.94585000000000008 0.6150000000000001 0.27105000000000007 0.93665000000000009 0.41650000000000004
decision_type=2 2 2 2 2 2 2 2 2 2 2 2 2 2
left_child=-1 10 3 -3 6 -5 7 -4 -6 -10 -2 12 -12 -13
right_child=1 2 4 5 8 -7 -8 -9 9 -11 11 13 -14 -15
leaf_value=-0.0095836767136445664 -0.018172413775148395 0.038672158873705946 -0.032661007482635195 -0.036228893524782577 -0.043559848770360343 0.012662695238168736 0.02167751203486832 0.0063286277160957086 0.016126211166294698 -0.046822061319489398 -0.0074646553623221564 -0.029432274362403761 0.023810293774793625 0.02674106728889817
leaf_weight=9041.2033431641757 5137.9315510317683 1385.8605104498565 2664.5950859859586 7652.8621372655034 2633.7285280935466 1688.5677229501307 10355.825356509537 9837.7899804003537 3015.639956522733 1047.6438253372908 19481.20212386921 1714.957006059587 6790.8085112571716 12580.142296943814
leaf_count=77864 45941 11852 20204 57605 19170 14649 102900 92387 29756 8662 145296 9434 68570 91570
internal_value=4.70597e-05 0.0010597 -0.00292215 -0.0188561 0.00286125 -0.0273912 0.00873728 -0.00198131 -0.0171946 -0.000104609 0.00456914 0.00744945 0.000619376 0.0200019
internal_weight=95028.8 85987.6 40282.5 10727.3 29555.2 9341.43 22858.2 12502.4 6697.01 4063.28 45705 40567.1 26272 14295.1
internal_count=795860 717996 357185 84106 273079 72254 215491 112591 57588 38418 360811 314870 213866 101004
is_linear=0
shrinkage=0.05


Tree=122
num_leaves=15
num_cat=0
split_feature=1 0 15 0 3 3 13 3 1 15 15 15 34 7
split_gain=395.527 869.252 1616.45 808.517 804.335 766.917 726.335 616.004 547.305 544.944 1287.98 881.541 653.846 623.067
threshold=0.35400000000000004 0.6150000000000001 2.8265409023160699 0.54500000000000015 2203.0000000000005 3576.5000000000005 0.049499999999999995 3554.5000000000005 0.34860000000000008 2.0613957098106064 2.4414009612931857 2.2532604939306951 0.41650000000000004 864.50000000000011
decision_type=2 2 2 2 2 2 2 2 2 2 2 2 2 2
left_child=1 2 8 4 -2 9 -5 -4 -1 12 11 -11 -3 -12
right_child=3 5 7 6 -6 -7 -8 -9 -10 10 13 -13 -14 -15
leaf_value=0.040278286767057643 0.041895368883228895 -0.035633438858992499 -0.037253410938535007 -0.023017725400786494 -0.02242960993075209 -0.049732405321316814 0.037730754040011229 0.028351212432183422 -0.031829813433150091 -0.0037128033635485964 -0.010180666043276616 -0.050993028035977106 0.032634876755458779 0.0035315597109944691
leaf_weight=1276.0323500111699 625.55273415148258 410.56474297493696 4637.6089413613081 588.49142526835203 2176.8281453959644 749.973941847682 3000.455193746835 387.6539909131825 331.4279817789793 1954.5591244697571 9508.9297200217843 1989.1961342990398 2403.725818566978 64324.301589723676
leaf_count=11718 4157 2192 40226 4470 19934 5083 26432 4421 3327 23374 80419 13011 24215 532881
internal_value=4.54842e-05 -0.000827032 -0.0182319 0.0120551 -0.00806988 0.000592219 0.0277693 -0.0321921 0.0254099 0.0010606 0.000278484 -0.0275612 0.0226746 0.00176556
internal_weight=94365.3 87974 6632.72 6391.33 2802.38 81341.3 3588.95 5025.26 1607.46 80591.3 77777 3943.76 2814.29 73833.2
internal_count=795860 740867 59692 54993 24091 681175 30902 44647 15045 676092 649685 36385 26407 613300
is_linear=0
shrinkage=0.05


Tree=123
num_leaves=15
num_cat=0
split_feature=33 33 33 0 0 3 23 5 0 15 2 26 9 9
split_gain=369.491 701.847 361.589 364.362 386.866 1391.25 808.255 126.967 75.4555 63.1023 51.4396 38.9193 27.4491 14.8908
threshold=-203.17999999999998 -200.62999999999997 10.485000000000001 0.78500000000000014 0.64500000000000013 2082.5000000000005 0.00040950000000000009 656.02500000000009 0.65500000000000014 3.260720023130339 0.94990000000000008 0.0030125000000000004 0.58050000000000013 0.56500000000000006
decision_type=2 2 2 2 2 2 2 2 2 2 2 2 2 2
left_child=7 8 3 4 5 -3 -6 13 12 10 -5 -4 -2 -1
right_child=1 2 11 9 6 -7 -8 -9 -10 -11 -12 -13 -14 -15
leaf_value=0.064869038071862617 -0.027526784956508423 0.036251398390983264 -0.028053414772078823 -0.024224896780456289 -0.0075106045040309218 -0.0086202287396422838 0.0054996761107707131 0.0058174644945430034 -0.095205226779955451 -0.009963233039291159 -0.06804356372951513 -0.05945047441113252 -0.049659360373411759 0.042609546198735831
leaf_weight=89.304688349366188 199.99325662851334 1881.0602723993361 740.33241767063737 93.099009174853563 15444.134752236307 21138.161761078984 52575.472786728293 296.71266695484519 77.411890834569931 96.951571442186832 239.99929800629616 113.92383650690317 471.28511241078377 487.87550991028547
leaf_count=401 2256 12838 8333 1176 133093 182518 440433 5614 325 725 1067 604 2912 3565
internal_value=4.3018e-05 -0.000260845 0.000130182 0.000432597 0.000649515 -0.00495332 0.00254563 0.0324015 -0.048473 -0.0454769 -0.0558075 -0.032247 -0.0430705 0.0460643
internal_weight=93945.7 93071.8 92323.1 91468.9 91038.8 23019.2 68019.6 873.893 748.69 430.05 333.098 854.256 671.278 577.18
internal_count=795860 786280 780787 771850 768882 195356 573526 9580 5493 2968 2243 8937 5168 3966
is_linear=0
shrinkage=0.05


Tree=124
num_leaves=15
num_cat=0
split_feature=1 2 0 15 33 3 2 1 2 3 2 1 0 0
split_gain=374.256 842.207 773.398 1505.49 995.148 714.696 543.084 2025.71 1257.27 1050.74 887.475 504.906 501.842 497.973
threshold=0.35400000000000004 0.066400000000000015 0.6150000000000001 2.8265409023160699 -174.09999999999997 3576.5000000000005 0.053500000000000006 0.28910000000000008 0.054500000000000007 1961.0000000000002 0.054850000000000003 0.34860000000000008 0.69500000000000006 0.54500000000000015
decision_type=2 2 2 2 2 2 2 2 2 2 2 2 2 2
left_child=2 -2 3 11 -5 6 7 9 -8 -4 -10 -1 -9 -3
right_child=1 13 5 4 -6 -7 8 12 10 -11 -12 -13 -14 -15
leaf_value=0.039481361105891684 0.040687043987836409 -0.015473249570262105 0.0092310891793391213 0.026384249254802979 -0.039943986783709265 -0.048742103402023368 0.041356384933805196 0.031838916978492053 -0.048672595855715102 -0.032722158592409567 0.0020702789809874229 -0.030774387619111162 -0.08999419671342182 0.017993950232997692
leaf_weight=1251.1315476931632 1802.7803992256522 2373.928882651031 1989.9611734822392 652.34152295440435 4244.7331675887108 729.4337177798152 2029.3094151765108 2611.1998819224536 872.84417603909969 5969.2538017332554 66777.325318582356 321.34870491176844 87.256307438015938 2089.9177084006369
leaf_count=11718 14182 20960 13506 7984 36663 5083 18905 24122 6543 47483 565170 3327 363 19851
internal_value=4.09724e-05 0.0118447 -0.000804059 -0.0174404 -0.031108 0.000523633 0.000971009 -0.00954049 0.00257878 -0.022233 0.00141551 0.025123 0.0278962 0.000195731
internal_weight=93802.8 6266.63 87536.1 6469.55 4897.07 81066.6 80337.2 10657.7 69679.5 7959.21 67650.2 1572.48 2698.46 4463.85
internal_count=795860 54993 740867 59692 44647 681175 676092 85474 590618 60989 571713 15045 24485 40811
is_linear=0
shrinkage=0.05


Tree=125
num_leaves=15
num_cat=0
split_feature=15 15 2 15 1 2 15 2 1 2 2 0 2 1
split_gain=345.294 610.26 1400.47 559.997 715.637 707.573 1379.54 1497.62 1006.52 854.071 702.033 552.592 515.486 505.176
threshold=3.5717949193831546 3.538891571506309 0.94175000000000009 3.53504376687845 0.27890000000000009 0.93665000000000009 3.4936202227480657 0.92185000000000017 0.20995000000000003 0.93585000000000018 0.93720000000000014 0.66500000000000015 0.93500000000000016 0.20050000000000004
decision_type=2 2 2 2 2 2 2 2 2 2 2 2 2 2
left_child=1 3 11 5 -5 6 9 -8 13 -1 -10 12 -3 -7
right_child=-2 2 -4 4 -6 8 7 -9 10 -11 -12 -13 -14 -15
leaf_value=0.0004485347136887916 0.013107463264027189 -0.038441221465554412 -0.057464689871034848 0.058078274179059322 -0.026692369968378222 -0.0077127992397774446 -0.0076191957960851601 -0.062258525928192199 0.039927159408480642 -0.034512748192344851 0.0074280773452934518 0.017220654315020501 0.039987597107170619 -0.0554098863222851
leaf_weight=49536.040881384164 4758.9804673679173 1133.3500428497791 1533.866291821003 872.71071999520063 348.25733557343483 1700.126802239567 3491.6018070168793 1956.9245715066791 1802.3302893675864 1810.6194007471204 21285.651758287102 1970.5296271555126 256.93273813277483 824.21545812487602
leaf_count=385301 55832 9769 9435 4985 4021 18116 28018 10456 16901 13860 212036 19491 2289 5010
internal_value=-1.24822e-05 -0.000717821 -0.0178775 0.000286536 0.0338989 -0.000211513 -0.0033228 -0.0272446 0.00668775 -0.000784358 0.00996523 0.000191153 -0.0239453 -0.0232878
internal_weight=93282.1 88523.2 4894.68 83628.5 1220.97 82407.5 56795.2 5448.53 25612.3 51346.7 23088 3360.81 1390.28 2524.34
internal_count=795520 739688 40984 698704 9006 689698 437635 38474 252063 399161 228937 31549 12058 23126
is_linear=0
shrinkage=0.05


Tree=126
num_leaves=15
num_cat=0
split_feature=33 33 33 33 33 13 23 0 15 26 11 11 34 9
split_gain=335.266 640.904 418.725 1616.93 1008.32 919.625 821.598 799.673 951.512 605.808 267.014 253.56 137.398 129.733
threshold=-203.17999999999998 -199.33499999999998 -180.59999999999997 -178.96499999999995 -174.09999999999997 0.11000000000000003 0.00040050000000000009 0.62500000000000011 2.6301797686105899 0.00050350000000000015 0.90500000000000014 0.82850000000000013 0.83350000000000013 0.70200000000000007
decision_type=2 2 2 2 2 2 2 2 2 2 2 2 2 2
left_child=-1 12 5 -4 11 7 -6 9 -9 -3 13 -5 -2 -7
right_child=1 2 3 4 6 10 -8 8 -10 -11 -12 -13 -14 -15
leaf_value=0.031223361190913235 -0.042165856066068645 -0.056558919998940596 -0.046866016753868103 0.047399454756391506 -0.010337934019945816 0.04275961796181936 0.0019997260721821325 -0.050829885836685768 0.029766141289610394 0.011870893145788588 -0.00095041393884984877 0.0058758001781993169 0.030297530130690715 0.023477658533333584
leaf_weight=851.06505229696631 1061.6147494018078 1031.9951873272657 1868.4295653104782 1381.1458071768284 17237.76487384364 1694.7003675028682 62125.712789550424 466.95741591230035 1695.9338135421276 471.00363919883966 702.51014973223209 501.03704567998648 69.64162927120924 1798.7356656417251
leaf_count=9562 9055 6089 13192 9232 143229 12496 524933 2922 13962 3231 15082 9060 594 22881
internal_value=-1.29951e-05 -0.000301651 0.000163459 -0.000879813 0.000177801 0.0111926 -0.000680026 -0.00710255 0.0123643 -0.0351153 0.0271765 0.0363468 -0.0377026 0.0328325
internal_weight=92958.2 92107.2 90975.9 83114.1 81245.7 7861.84 79363.5 3665.89 2162.89 1503 4195.95 1882.18 1131.26 3493.44
internal_count=795520 785958 776309 699646 686454 76663 668162 26204 16884 9320 50459 18292 9649 35377
is_linear=0
shrinkage=0.05


Tree=127
num_leaves=15
num_cat=0
split_feature=33 33 33 33 3 3 23 15 33 23 33 33 1 2
split_gain=342.156 1975.72 919 1769.75 1030.94 1548.35 3425.57 1386.8 1367.62 1288.21 1259.31 906.551 844.865 1581.62
threshold=-22.254999999999995 -20.879999999999995 -24.214999999999996 -24.894999999999996 2821.0000000000005 2486.0000000000005 0.0011395000000000001 2.7707194825327863 -30.564999999999998 0.00024550000000000006 -34.649999999999991 -20.649999999999995 0.24980000000000002 0.92055000000000009
decision_type=2 2 2 2 2 2 2 2 2 2 2 2 2 2
left_child=2 -2 3 4 5 9 -7 10 -9 -1 -6 -3 13 -13
right_child=1 11 -4 -5 7 6 -8 8 -10 -11 -12 12 -14 -15
leaf_value=-0.053081460147300009 -0.062374844293083834 0.070471169148371135 0.032756724013685685 -0.059670934044385199 -0.011738625249257069 0.031522526610545228 -0.072603790939957266 0.0078379145976243004 -0.051571926825662875 0.0031296644730137257 -0.075282879691702498 0.0041883223687312933 0.0037472618378673432 -0.038851376031880117
leaf_weight=1095.8333277925849 1409.1814568638802 429.24319285154343 2333.7164432480931 1186.8297276496887 14048.469480480999 10323.927473351359 855.20562199503183 19220.797696754336 1020.0091315172613 14567.020060505718 825.4054376333952 4657.6688989326358 16738.376348670572 3940.2110392451286
leaf_count=5758 9415 2178 22736 6556 132614 94934 4024 173707 7453 107496 3606 40606 157043 27394
internal_value=-1.22645e-05 -0.00472873 0.00194519 0.000806379 0.00196497 0.00934195 0.0235563 -0.00367408 0.00484379 -0.000803395 -0.0152654 -0.00157569 -0.00279657 -0.015536
internal_weight=92651.9 27174.7 65477.2 63143.5 61956.7 26842 11179.1 35114.7 20240.8 15662.9 14873.9 25765.5 25336.3 8597.88
internal_count=795520 236636 558884 536148 529592 212212 98958 317380 181160 113254 136220 227221 225043 68000
is_linear=0
shrinkage=0.05


Tree=128
num_leaves=15
num_cat=0
split_feature=33 0 1 33 1 11 1 1 13 13 15 11 35 15
split_gain=329.429 327.328 388.291 425.228 423.789 1583.71 939.634 816.814 546.005 396.835 296.48 162.769 147.959 59.3876
threshold=10.485000000000001 0.78500000000000014 0.19830000000000003 -4.7799999999999985 0.21260000000000004 0.83600000000000008 0.21960000000000005 0.22410000000000005 0.14999999999999997 0.022000000000000023 2.6301797686105899 0.82850000000000013 1.0000000180025095e-35 3.260720023130339
decision_type=2 2 2 2 2 2 2 2 2 2 2 2 2 2
left_child=1 2 3 10 5 9 11 -8 -7 -4 -1 -6 -12 -3
right_child=-2 13 4 -5 6 8 7 -9 -10 -11 12 -13 -14 -15
leaf_value=-0.07072823150393874 -0.03125450347751426 -0.05395834510119394 -0.0052037011074901312 -0.027906486329748688 0.051077402513872938 0.050826338971052924 -0.03666286250871293 0.00069169195876649429 -0.0065065320880678089 -0.041622849973694531 0.015684168681424613 0.014970734480040992 0.038201399897138499 -0.0097091795151022266
leaf_weight=80.743424952030182 836.00990143418312 323.96921030059457 1028.2562025077641 459.49970625340939 1034.4377178773284 976.20677564293146 1490.9439379908144 79057.777941334993 722.60620751604438 2744.3515800014138 1541.9017657861114 447.14635054394603 1385.0205057449639 99.054745033383369
leaf_count=410 8951 2239 6887 5257 6489 6544 12873 677504 10372 16677 20519 7026 13041 731
internal_value=-1.23045e-05 0.000273518 0.000477595 0.0168879 -0.000172665 -0.0136458 0.00072601 2.20482e-07 0.0264403 -0.0316969 0.0237321 0.0401821 0.0263403 -0.0436018
internal_weight=92227.9 91391.9 90968.9 3467.17 87501.7 5471.42 82030.3 80548.7 1698.81 3772.61 3007.67 1481.58 2926.92 423.024
internal_count=795520 786569 783599 39227 744372 40480 703892 690377 16916 23564 33970 13515 33560 2970
is_linear=0
shrinkage=0.05


Tree=129
num_leaves=15
num_cat=0
split_feature=1 2 0 15 33 3 15 15 33 33 34 1 3 2
split_gain=323.923 777.543 771.22 1388.21 877.162 665.663 480.292 1066.01 1249.32 794.762 591.727 464.136 663.594 673.212
threshold=0.35400000000000004 0.066400000000000015 0.6150000000000001 2.8265409023160699 -174.09999999999997 3576.5000000000005 2.0613957098106064 2.4414009612931857 -35.034999999999989 -56.454999999999991 0.41650000000000004 0.35890000000000005 2203.0000000000005 0.12220000000000002
decision_type=2 2 2 2 2 2 2 2 2 2 2 2 2 2
left_child=2 -2 3 -1 -5 6 10 8 -8 -9 -4 -3 -13 -14
right_child=1 11 5 4 -6 -7 7 9 -10 -11 -12 12 13 -15
leaf_value=0.023994331323030884 0.039518757811125467 0.035416920114225696 -0.033848874956337822 0.024432601002726317 -0.039168338440525544 -0.047648421490075643 -0.041196201667884375 0.007506261804872157 0.026738985667695461 -0.003054272157791802 0.031419412673228383 0.031780021799658713 0.015508191390923571 -0.036483283259974165
leaf_weight=1518.9566021934152 1727.5803707428277 761.2746737934649 408.59397611021996 623.34140763804317 4157.175399210304 710.46526702493429 2935.2706114724278 31773.063180785626 879.43373634666204 40556.621355891228 2310.633609097451 828.76307145133615 933.9911091811955 1867.2991736978292
leaf_count=15044 14069 7604 2209 8013 36623 5094 25490 284786 10957 328369 24063 8004 8642 16553
internal_value=-1.17816e-05 0.0111031 -0.000803781 -0.0176445 -0.0308749 0.000529429 0.000963513 0.000226125 -0.0255343 0.00158477 0.0216112 -7.65029e-05 -0.00752076 -0.0191486
internal_weight=91992.5 6118.91 85873.6 6299.47 4780.52 79574.1 78863.6 76144.4 3814.7 72329.7 2719.23 4391.33 3630.05 2801.29
internal_count=795520 54872 740648 59680 44636 680968 675874 649602 36447 613155 26272 40803 33199 25195
is_linear=0
shrinkage=0.05


Tree=130
num_leaves=15
num_cat=0
split_feature=3 3 33 3 2 2 23 27 1 0 3 2 1 33
split_gain=318.401 1530.02 1793.08 1296.12 1763.06 1619.3 1558.36 1099.26 1050.05 882.254 806.648 1085.31 1868.64 1492.8
threshold=3008.5000000000005 3181.0000000000005 -180.34999999999997 3295.0000000000005 0.94150000000000011 0.93665000000000009 0.0012395000000000004 -0.0023854999999999996 0.26675000000000004 0.7350000000000001 2988.5000000000005 0.05945000000000001 0.28910000000000008 -28.774999999999995
decision_type=2 2 2 2 2 2 2 2 2 2 2 2 2 2
left_child=10 2 -2 9 5 8 -7 -4 -5 -3 11 12 -1 -13
right_child=1 3 7 4 -6 6 -8 -9 -10 -11 -12 13 -14 -15
leaf_value=-0.0038861854419341524 0.036279055710281012 0.026426355720265055 0.011000069895084138 0.022621000718097653 -0.031697619228835294 0.035554979259840545 -0.051662238129346019 -0.03251897553190794 -0.015239243791635902 -0.033657650295637692 0.032768552891724277 0.0049696677626180014 0.03994311138460422 -0.015119926281322804
leaf_weight=5310.4406681023538 1329.6754502281547 6717.3505441211164 1737.7363265417516 2335.5475528687239 4355.1598172336817 4866.9583411403 572.29955782368779 8793.8744535967708 8482.9296703841537 672.00691778212786 2120.038713324815 25236.175956148654 4486.1660560704768 14594.607790302485
leaf_count=39420 12147 67771 16601 23478 38675 49398 6245 71565 77403 6860 17365 216983 33328 118910
internal_value=-2.13281e-05 -0.00337978 -0.0184305 0.00299551 -0.00344515 0.00412333 0.0263775 -0.0253382 -0.00706565 0.0209618 0.00256585 0.00127556 0.0161848 -0.00239149
internal_weight=91611 39863.5 11861.3 28002.3 20612.9 16257.7 5439.26 10531.6 10818.5 7389.36 51747.4 49627.4 9796.61 39830.8
internal_count=796149 370143 100313 269830 195199 156524 55643 88166 100881 74631 426006 408641 72748 335893
is_linear=0
shrinkage=0.05


Tree=131
num_leaves=15
num_cat=0
split_feature=15 15 1 1 33 15 1 33 33 33 3 15 33 33
split_gain=316.798 536.17 919.14 818.129 971.007 521.461 632.141 534.684 1356.08 1719.68 1316.53 1578.3 1256.57 555.11
threshold=3.5717949193831546 3.538891571506309 0.28470000000000001 0.33965000000000006 -62.099999999999994 3.53504376687845 0.27890000000000009 -24.894999999999996 -34.044999999999995 -34.649999999999991 3237.0000000000005 3.4962347597865295 -20.879999999999995 -32.689999999999991
decision_type=2 2 2 2 2 2 2 2 2 2 2 2 2 2
left_child=1 5 -3 4 -4 7 -7 8 9 -1 12 -12 -9 -10
right_child=-2 2 3 -5 -6 6 -8 10 13 -11 11 -13 -14 -15
leaf_value=0.0013296123951215405 0.012632889897039168 0.030698647128163351 0.035913029981013728 0.039033344985194035 -0.044879054390179536 0.056224981078780593 -0.025084602343700718 -0.04346862445388551 0.044314221848129665 -0.071260921422422671 0.023214626526932829 -0.02942473606780421 -0.0078815655101224583 0.0084127796504153505
leaf_weight=51022.311982745305 4693.2777142450213 831.08040730655193 423.06502074748278 416.50069473683834 3070.926373437047 845.94759254157543 333.10627913475037 3046.7888363450766 2534.1712419651449 829.0402152761817 5891.5075836479664 1877.7806528545916 13344.944314099848 1872.1538145467639
leaf_count=445989 55877 8277 3975 4083 24708 5008 4021 21653 20380 3718 57740 14924 108196 17600
internal_value=-1.8096e-05 -0.000705799 -0.017051 -0.0271995 -0.0350957 0.000244025 0.0332532 -0.000239978 0.00243184 0.000168843 -0.00646115 0.0104919 -0.0144965 0.029061
internal_weight=91032.6 86339.3 4741.57 3910.49 3493.99 81597.8 1179.05 80418.7 56257.7 51851.4 24161 7769.29 16391.7 4406.33
internal_count=796149 740272 41043 32766 28683 699229 9029 690200 487687 449707 202513 72664 129849 37980
is_linear=0
shrinkage=0.05


Tree=132
num_leaves=15
num_cat=0
split_feature=33 33 2 33 33 2 15 0 33 0 1 15 0 23
split_gain=294.175 1979.32 2157.22 1933.92 1526.96 1084.79 1364.84 1357.11 1543.88 1318.36 1124.26 978.934 890.009 1010.35
threshold=-67.064999999999984 -56.454999999999991 0.94475000000000009 -87.234999999999985 -56.029999999999994 0.069950000000000012 2.5783768579103588 0.58950000000000002 -184.93499999999997 0.74500000000000011 0.31215000000000009 3.53504376687845 0.70500000000000007 0.00043250000000000005
decision_type=2 2 2 2 2 2 2 2 2 2 2 2 2 2
left_child=3 2 -2 5 -3 7 -7 -1 -9 -10 -8 -5 13 -6
right_child=1 4 -4 11 12 6 10 8 9 -11 -12 -13 -14 -15
leaf_value=0.027874356185612528 0.03408770028563806 -0.050259507548264887 -0.021620746428460083 -0.05373035330141962 -0.023337399411261121 -0.02384478860284138 0.025281374914440876 0.026556009419503451 -0.025985515788884406 0.049281571951184808 -0.010013609765925515 0.066231630702451305 0.014645835256963389 -0.00030496539767192315
leaf_weight=2113.7195314653218 8041.6858861409128 1595.0496583804488 2216.7281262017787 2407.4236729815602 5583.5435665398836 2531.0316035635769 9098.7029438316822 1902.886352725327 11037.979255560786 614.06707717850804 3000.1013353597373 182.90379665791988 8010.2138671539724 32332.124998534098
leaf_count=18597 81516 10394 22453 14958 49016 22866 92672 21229 86568 4916 27258 979 71727 271000
internal_value=-1.69238e-05 0.00213181 0.0220496 -0.00379183 -0.00216792 -0.000246641 0.00954434 -0.00938849 -0.0151993 -0.0220185 0.0165294 -0.0452576 -0.000497544 -0.00369682
internal_weight=90668.2 57779.3 10258.4 32888.8 47520.9 30298.5 14629.8 15668.7 13554.9 11652 12098.8 2590.33 45925.9 37915.7
internal_count=796149 506106 103969 290043 402137 274106 142796 131310 112713 91484 119930 15937 391743 320016
is_linear=0
shrinkage=0.05


Tree=133
num_leaves=15
num_cat=0
split_feature=15 15 1 1 33 15 0 15 1 33 33 33 33 33
split_gain=301.185 493.697 836.125 758.564 855.461 480.666 654.098 470.142 579.058 484.09 1243.63 2372.26 1435.32 1202.67
threshold=3.5717949193831546 3.538891571506309 0.28470000000000001 0.33965000000000006 -62.099999999999994 3.5932770349567842 0.63500000000000012 3.53504376687845 0.27890000000000009 -24.894999999999996 -65.664999999999978 -87.234999999999985 -56.454999999999991 -24.214999999999996
decision_type=2 2 2 2 2 2 2 2 2 2 2 2 2 2
left_child=1 7 -3 4 -4 -2 -7 9 -9 10 11 -1 -12 -11
right_child=5 2 3 -5 -6 6 -8 8 -10 13 12 -13 -14 -15
leaf_value=-0.00023438408119315053 0.026271887342238672 0.029517127099559073 0.034155488639071127 0.038049626735666524 -0.04349802711589687 0.018446466788618578 -0.039009956458792711 0.054419049392329361 -0.02432494737615044 -0.056696362514864033 0.027444733063303712 -0.052462877782279552 0.001670671039997613 -0.0036969160506270522
leaf_weight=29997.164754725993 2665.4010534584522 808.603187084198 402.54343234747648 406.33406587690115 2977.6509278342128 1162.1646160185337 863.1503640525043 820.06087655574083 326.30577851086855 1122.7802522107959 8540.5252345092595 2343.9331380575895 14696.830600902438 22901.758291073143
leaf_count=274106 33969 8277 3975 4083 24708 13574 8334 5008 4021 6552 89318 14958 109305 195961
internal_value=-1.48839e-05 -0.000692863 -0.0166343 -0.0264904 -0.0342496 0.0123203 -0.00604107 0.000214322 0.0320049 -0.000243535 0.00232002 -0.00401981 0.0111436 -0.00617406
internal_weight=90035.2 85344.5 4595.13 3786.53 3380.19 4690.72 2025.31 80749.4 1146.37 79603 55578.5 32341.1 23237.4 24024.5
internal_count=796149 740272 41043 32766 28683 55877 21908 699229 9029 690200 487687 289064 198623 202513
is_linear=0
shrinkage=0.05


Tree=134
num_leaves=15
num_cat=0
split_feature=0 1 1 11 1 33 33 3 13 13 33 3 0 1
split_gain=295.691 337.203 386.048 1364.55 854.464 546.446 1715.7 802.93 479.242 360.561 360.504 255.15 212.173 199.227
threshold=0.78500000000000014 0.19830000000000003 0.21260000000000004 0.83600000000000008 0.21905000000000005 -149.65999999999997 -100.08999999999999 2468.0000000000005 0.12450000000000007 0.022000000000000023 -4.7799999999999985 462.00000000000006 0.72500000000000009 0.20050000000000004
decision_type=2 2 2 2 2 2 2 2 2 2 2 2 2 2
left_child=1 10 3 9 -4 7 -7 -6 -5 12 11 -1 -3 -11
right_child=-2 2 4 8 5 6 -8 -9 -10 13 -12 -13 -14 -15
leaf_value=-0.077910666810565021 -0.04181788322044179 0.030753981696002894 0.041534540255352977 0.049043903405460408 0.034763957529106708 -0.038891093349550911 -0.00055267314278637241 0.0033652617049770763 -0.0055664397405536265 -0.018381664619650268 -0.026467039653580767 0.024439878467061305 -0.019655925431193752 -0.048706113159787734
leaf_weight=62.139281094074249 420.92925493046641 294.33526439219713 1245.1262454092503 898.88827812671661 2332.2134957890958 3073.068083692342 57867.512552473694 16030.612798083574 726.28208861500025 757.80006736144423 437.62130424380302 2821.5749727748334 717.06653765588999 1900.1217155009508
leaf_count=264 2990 1601 10813 6214 18850 23829 506174 153743 10731 4567 5208 33770 5305 12090
internal_value=-1.46359e-05 0.000182757 -0.000422069 -0.0135003 0.000437588 -0.000207718 -0.00248604 0.00735329 0.0246399 -0.0303932 0.0158146 0.0222318 -0.00498419 -0.0400613
internal_weight=89585.3 89164.4 85843 5294.49 80548.5 79303.4 60940.6 18362.8 1625.17 3669.32 3321.34 2883.71 1011.4 2657.92
internal_count=796149 793159 753917 40508 713409 702596 530003 172593 16945 23563 39242 34034 6906 16657
is_linear=0
shrinkage=0.05


Tree=135
num_leaves=15
num_cat=0
split_feature=22 33 33 33 2 33 2 15 1 33 33 33 33 2
split_gain=293.772 287.005 1634.96 1583.29 1954.51 1277.11 1055.03 1335.65 1215.99 1408.59 861.971 836.771 2268.08 820.193
threshold=-0.004785499999999999 -67.064999999999984 -90.069999999999979 -56.454999999999991 0.94135000000000013 -56.029999999999994 0.069950000000000012 2.5783768579103588 0.36190000000000005 -184.93499999999997 -94.604999999999976 -53.684999999999995 -51.774999999999991 0.94550000000000012
decision_type=2 2 2 2 2 2 2 2 2 2 2 2 2 2
left_child=-1 2 6 4 -3 -5 8 13 9 -2 -9 -7 -13 -8
right_child=1 3 -4 5 -6 11 7 10 -10 -11 -12 12 -14 -15
leaf_value=-0.025451707691084305 0.025878741019695634 0.03449015465090844 -0.036932511556803514 -0.046616037875932333 -0.014933767760895195 0.037350872300134334 -0.040140457901920779 0.013094466790424628 0.026573109927123664 -0.021211489551844882 0.059669920801862987 -0.061643436954498809 0.0010083724854221263 0.024408839990037571
leaf_weight=1121.8783582672477 1851.7483966723084 7117.5402727872133 3278.0362698733807 1512.7573268935084 2782.2005713805556 1457.8480274043977 1826.9400208890438 10207.122149515897 2091.4578954279423 11148.065037667751 1100.4057950749993 1496.2977141812444 41688.413918856531 673.46804450824857
leaf_count=12496 20802 70644 26631 10151 33352 10101 16337 106028 18697 86022 6285 7935 364513 6521
internal_value=-2.79739e-05 0.000295319 -0.00346854 0.00245588 0.0206002 -0.00143587 0.000327397 0.0103149 -0.00881076 -0.0145036 0.0176275 9.52023e-05 -0.00116257 -0.0227543
internal_weight=89354.2 88232.3 32177.2 56055.1 9899.74 46155.3 28899.2 13807.9 15091.3 12999.8 11307.5 44642.6 43184.7 2500.41
internal_count=796515 784019 287323 496696 103996 392700 260692 135171 125521 106824 112313 382549 372448 22858
is_linear=0
shrinkage=0.05


Tree=136
num_leaves=15
num_cat=0
split_feature=0 1 33 1 11 1 1 1 13 15 2 29 15 0
split_gain=274.908 295.163 329.473 329.412 1255.22 774.577 530.443 531.517 445.414 341.6 629.174 302.145 262.274 192.451
threshold=0.78500000000000014 0.19830000000000003 -4.7799999999999985 0.21260000000000004 0.83600000000000008 0.21905000000000005 0.22410000000000005 0.23960000000000004 0.12450000000000007 2.6301797686105899 0.9295500000000001 10.11845365292317 2.6301797686105899 0.70500000000000007
decision_type=2 2 2 2 2 2 2 2 2 2 2 2 2 2
left_child=1 2 12 4 9 -5 -7 -8 -6 10 -3 -11 -1 -10
right_child=-2 3 -4 5 8 6 7 -9 13 11 -12 -13 -14 -15
leaf_value=-0.066960536525599482 -0.041127486108318956 0.096828350095831017 -0.025775044891671747 0.040213361750022131 0.048047733083032895 -0.028773929513002023 0.013556740018742958 -0.00093505706125944802 -0.04999961861810176 -0.038178356887950071 -0.027594253698384381 0.045367851261638871 0.023780800748992935 0.0098448912172165604
leaf_weight=81.917537815868855 404.87387089803815 145.73894383013248 431.1100492477417 1202.5208664350212 879.99751460552216 1593.3521255403757 6953.6429166123271 70225.135717047378 178.28950930386782 2988.5263281986117 334.89009062945843 112.20343171060085 2743.4993257150054 543.98654647171497
leaf_count=426 2948 652 5231 10802 6226 15641 57613 629820 1077 18279 3964 617 33628 9591
internal_value=-2.59459e-05 0.000162315 0.0149353 -0.000402633 -0.0126173 0.000389086 -0.000218915 0.000370639 0.0241665 -0.0290743 0.0101461 -0.0351538 0.0211477 -0.00493224
internal_weight=88819.7 88414.8 3256.53 85158.3 5183.63 79974.7 78772.1 77178.8 1602.27 3581.36 480.629 3100.73 2825.42 722.276
internal_count=796515 793567 39285 754282 40406 713876 703074 687433 16894 23512 4616 18896 34054 10668
is_linear=0
shrinkage=0.05


Tree=137
num_leaves=15
num_cat=0
split_feature=15 15 1 1 33 3 3 33 19 3 3 11 33 33
split_gain=277.55 452.583 769.507 709.636 754.914 438.248 1347.11 1574.85 1218.35 1212.89 1135.83 1085.04 995.745 1804.82
threshold=3.5717949193831546 3.538891571506309 0.28470000000000001 0.33965000000000006 -62.099999999999994 3202.5000000000005 3008.5000000000005 -180.34999999999997 0.0023858078136213454 3296.5000000000005 3308.5000000000005 0.71500000000000008 -24.894999999999996 -39.374999999999993
decision_type=2 2 2 2 2 2 2 2 2 2 2 2 2 2
left_child=1 5 -3 4 -4 6 12 -8 -9 -7 -11 -12 13 -1
right_child=-2 2 3 -5 -6 9 7 8 -10 10 11 -13 -14 -15
leaf_value=0.00027719468447670115 0.011933159548550449 0.028462202592001364 0.032342136120909026 0.037302476115915667 -0.042231486027018997 0.025171635016579465 0.033973083205648458 -0.03229818402081943 0.027093955557769958 -0.045648515000747888 -0.01556010381178697 0.012063384524118041 -0.0096875588638385135 0.029683805107192648
leaf_weight=25396.131191834807 4600.6651204135269 793.98196845501661 384.44276665151119 397.01025419682264 2889.9577923305333 6070.9889460615814 1250.5530385747552 8026.2634089812636 967.4972394965589 1305.3343377821147 5332.1018497608602 10665.290226124227 13959.555022727698 6566.8831215649843
leaf_count=216052 55732 8315 3991 4070 24715 62949 12204 65424 9331 10225 37824 120610 109078 55995
internal_value=-2.45326e-05 -0.00067942 -0.0161684 -0.0258208 -0.0334752 0.000190149 -0.00220405 -0.0185987 -0.0259089 0.00594337 -0.00080334 0.00285614 0.00145326 0.00631893
internal_weight=88606.7 84006 4465.39 3671.41 3274.4 79540.6 56166.9 10244.3 8993.76 23373.7 17302.7 15997.4 45922.6 31963
internal_count=796515 740783 41091 32776 28706 699692 468084 86959 74755 231608 168659 158434 381125 272047
is_linear=0
shrinkage=0.05


Tree=138
num_leaves=15
num_cat=0
split_feature=22 0 0 3 33 33 33 3 3 3 15 33 12 10
split_gain=260.923 260.165 276.414 1275.42 1306.77 2537.44 839.19 716.348 1417.07 999.229 1509.07 1338.19 699.276 246.519
threshold=-0.004785499999999999 0.78500000000000014 0.64500000000000013 2082.5000000000005 -58.389999999999993 -13.589999999999998 -63.514999999999993 1864.5000000000002 1756.0000000000002 2913.0000000000005 2.7028954204178484 -169.58499999999995 0.059499999999999949 0.064000000000000071
decision_type=2 2 2 2 2 2 2 2 2 2 2 2 2 2
left_child=-1 2 3 -2 6 -6 -5 8 12 11 -11 -9 -4 -10
right_child=1 -3 7 4 5 -7 -8 9 13 10 -12 -13 -14 -15
leaf_value=-0.024106175740139648 0.035044642687620718 -0.040040260702722277 0.012642813802367526 -0.0038130022243648524 -0.057818155903983683 0.0016258022703402805 0.031929126088519243 -0.019025422731356656 -0.038925294789202994 -0.024468169364649781 0.0036224262412715268 0.015874226277397843 -0.018203098743783189 -0.080815704730883064
leaf_weight=1110.4217117279768 1880.4717084318399 398.05899150297046 3810.209723431617 11093.910634808242 3251.2614707648754 4008.5249518826604 1927.4924228638411 3134.6526280324906 843.49461537599564 5953.347330648452 24279.188586411998 22190.398045096546 3548.3406842090189 602.14245462417603
leaf_count=12496 13224 2948 30278 102617 20539 44642 21572 26066 7132 57120 230241 199015 26152 2473
internal_value=-2.34565e-05 0.000284227 0.00046979 -0.0043463 -0.00799878 -0.0249963 0.00147793 0.00212812 -0.0111227 0.00422798 -0.0019092 0.0115544 -0.00223133 -0.056378
internal_weight=88031.9 86921.5 86523.4 22161.7 20281.2 7259.79 13021.4 64361.8 8804.19 55557.6 30232.5 25325.1 7358.55 1445.64
internal_count=796515 784019 781071 202594 189370 65181 124189 578477 66035 512442 287361 225081 56430 9605
is_linear=0
shrinkage=0.05


Tree=139
num_leaves=15
num_cat=0
split_feature=33 33 33 33 33 26 3 7 9 26 26 9 1 7
split_gain=252.503 279.214 263.799 658.393 518.985 361.816 222.36 179.448 67.5068 41.6881 40.5671 26.8375 25.9496 25.4332
threshold=10.485000000000001 9.3300000000000018 4.2600000000000007 3.7350000000000003 -0.82499999999999984 -0.0013644999999999996 1756.0000000000002 2625.5000000000005 0.75100000000000011 0.0015735000000000002 0.0030125000000000004 0.69350000000000012 0.24980000000000002 2381.5000000000005
decision_type=2 2 2 2 2 2 2 2 2 2 2 2 2 2
left_child=1 2 3 4 5 -1 -6 12 -5 -9 -2 -11 -3 -10
right_child=10 7 -4 8 6 -7 -8 9 13 11 -12 -13 -14 -15
leaf_value=-0.020096654149481415 -0.023878435848920007 0.01803615451327702 -0.022844078059461016 0.062994660521647761 0.0096441779134364969 0.00097328942914520994 -0.038314236181463804 0.026424022736776444 0.019260749936973659 0.085973237674929259 -0.057004768711179925 0.05293572920527391 -0.0083244922478514678 0.048999282660030348
leaf_weight=2090.2639863826334 664.56559658795595 272.13972975686193 1248.9142567105591 385.19660943746567 300.57666716724634 80594.713506601751 1232.9450643621385 76.929987479001284 177.85461734235287 117.41860783100128 107.34644294530153 130.69817239046097 142.01158161833882 120.84423071146011
leaf_count=17771 8379 4099 16061 1934 3523 725276 10953 922 2502 472 596 755 2548 724
internal_value=-2.30893e-05 0.000229853 -3.27084e-05 0.000302873 -9.39299e-05 0.000440621 -0.0289142 0.0308265 0.0491602 0.0586283 -0.028492 0.0685987 0.00899732 0.0313044
internal_weight=87662.4 86890.5 86151.3 84902.4 84218.5 82685 1533.52 739.198 683.895 325.047 771.912 248.117 414.151 298.699
internal_count=796515 787540 778744 762683 757523 743047 14476 8796 5160 2149 8975 1227 6647 3226
is_linear=0
shrinkage=0.05


Tree=140
num_leaves=15
num_cat=0
split_feature=15 15 2 3 33 15 2 15 2 15 33 2 2 15
split_gain=266.348 425.84 1043.13 638.836 457.117 456.664 574.472 1052.36 1299.5 695.426 944.696 663.933 497.214 409.2
threshold=3.5717949193831546 3.538891571506309 0.94175000000000009 2964.5000000000005 -37.059999999999995 3.53504376687845 0.93665000000000009 3.4936202227480657 0.92185000000000017 3.511764630913309 -2.7899999999999996 0.93585000000000018 0.94885000000000008 3.5932770349567842
decision_type=2 2 2 2 2 2 2 2 2 2 2 2 2 2
left_child=1 5 3 -3 -5 6 7 11 -9 10 -8 -1 -7 -2
right_child=13 2 -4 4 -6 12 9 8 -10 -11 -12 -13 -14 -15
leaf_value=0.000231670800996026 0.024835924591891372 0.030025774087426477 -0.051672642819688468 0.031371643980653174 -0.030839948363402266 0.053046694270488415 0.0064982805582956202 -0.0059425855015003909 -0.058259531610185225 0.037871002209583858 -0.036034105961266369 -0.03205106709808369 -0.021987984915110958 -0.0054500408633592406
leaf_weight=46710.58934123069 2584.3151155076921 1148.9175426959991 1387.0577336139977 373.55746385455132 1407.6679104715586 793.53518574684858 21063.508381851017 3329.3211162313819 1844.4716772511601 1610.9057976454496 1391.7141224592924 1648.7820768877864 305.80451081320643 1961.9515270963311
leaf_count=385796 34033 12311 9441 3981 15144 5008 222827 27978 10519 15284 14376 13921 4009 21800
internal_value=-1.76554e-05 -0.000662993 -0.0159524 0.000957907 -0.0177919 0.000175761 -0.000277596 -0.00316207 -0.0245945 0.00613868 0.00386209 -0.000869053 0.0321741 0.0117661
internal_weight=87562.1 83015.8 4317.2 2930.14 1781.23 78698.6 77599.3 53533.2 5173.79 24066.1 22455.2 48359.4 1099.34 4546.27
internal_count=796428 740595 40877 31436 19125 699718 690701 438214 38497 252487 237203 399717 9017 55833
is_linear=0
shrinkage=0.05


Tree=141
num_leaves=15
num_cat=0
split_feature=15 15 2 3 15 2 15 1 1 3 15 1 33 15
split_gain=243.243 394.018 968.458 589.244 422.931 520.691 961.521 1242.3 693.059 740.093 642.449 462.047 422.68 377.988
threshold=3.5717949193831546 3.538891571506309 0.94175000000000009 2964.5000000000005 3.53504376687845 0.93665000000000009 3.4936202227480657 0.23620000000000002 0.20995000000000003 3576.5000000000005 3.4875444300167988 0.27890000000000009 -37.059999999999995 3.5932770349567842
decision_type=2 2 2 2 2 2 2 2 2 2 2 2 2 2
left_child=1 4 3 -3 5 6 10 -8 -7 -10 -1 -6 -5 -2
right_child=13 2 -4 12 11 8 7 -9 9 -11 -12 -13 -14 -15
leaf_value=-0.0018320441740809939 0.024051186352235337 0.029098646988526124 -0.050406474622588175 0.030523975950509714 0.051798532164312655 -0.020256608492186856 0.051246950116943628 -0.031700716457107835 0.01010259215207128 -0.049561911337865916 0.032209560414208437 -0.021282903794683936 -0.029996850414444394 -0.0051819649885902607
leaf_weight=46910.626620925963 2536.4456717614084 1126.8220970667899 1351.7120994925499 364.95905663818121 772.56276781111956 2296.0039145499468 500.13489162176847 4624.0905007384717 21111.939354332164 532.77067017555237 1428.0802855119109 300.28493952378631 1375.6970964446664 1960.3237930834293
leaf_count=386666 34033 12311 9441 3981 5008 23099 3444 35053 225651 3737 13051 4009 15144 21800
internal_value=-1.75248e-05 -0.000633359 -0.0155179 0.000929489 0.000166911 -0.000265247 -0.00300948 -0.023604 0.005863 0.00863377 -0.000826282 0.0313433 -0.0173066 0.0113074
internal_weight=87192.5 82695.7 4219.19 2867.48 78476.5 77403.6 53462.9 5124.23 23940.7 21644.7 48338.7 1072.85 1740.66 4496.77
internal_count=796428 740595 40877 31436 699718 690701 438214 38497 252487 229388 399717 9017 19125 55833
is_linear=0
shrinkage=0.05


Tree=142
num_leaves=15
num_cat=0
split_feature=0 3 1 1 3 3 3 1 15 23 23 2 3 23
split_gain=235.385 1184.87 1472.32 1419.25 707.274 1220 984.048 1314.52 1270.27 1260.64 1243.22 867.65 793.221 759.064
threshold=0.64500000000000013 2082.5000000000005 0.29735000000000006 0.28740000000000004 1864.5000000000002 1756.0000000000002 2913.0000000000005 0.27105000000000007 2.7028954204178484 0.00024550000000000006 0.00033650000000000005 0.056450000000000007 3348.5000000000005 0.00058550000000000019
decision_type=2 2 2 2 2 2 2 2 2 2 2 2 2 2
left_child=1 -1 3 -3 5 -2 7 10 12 -9 -6 -12 -8 -10
right_child=4 2 -4 -5 6 -7 8 9 13 -11 11 -13 -14 -15
leaf_value=0.033714166745125833 -0.0035752543819107352 0.0064873648866834686 -0.0028763702031867275 -0.071502566115219504 -0.038324376333290139 -0.054119431922059175 -0.038164758135309035 -0.025847638069737972 0.012637092684015173 0.036193644000603473 -0.043411301109726491 0.010258318936632177 -0.00077027436119967351 -0.0051566245830481673
leaf_weight=1858.3942249082029 7690.0856786742806 908.1937242038548 17604.182809056714 1630.655798971653 1615.4999837502837 1413.1833504512906 3557.9722752720118 935.50215959176421 10588.084559246898 6558.7500113286078 791.33382595330477 15530.543488467112 2357.9535133987665 13811.933407086879
leaf_count=13263 60317 7817 174570 7433 11829 9694 34518 5559 105460 61081 5952 146967 22745 129223
internal_value=-1.66856e-05 -0.00448558 -0.00801004 -0.043605 0.00149945 -0.0114222 0.00360949 0.0108624 -0.00247489 0.0284488 0.00351467 0.007656 -0.0232604 0.00256476
internal_weight=86852.3 22001.4 20143 2538.85 64850.8 9103.27 55747.6 25431.6 30315.9 7494.25 17937.4 16321.9 5915.93 24400
internal_count=796428 203083 189820 15250 593345 70011 523334 231388 291946 66640 164748 152919 57263 234683
is_linear=0
shrinkage=0.05


Tree=143
num_leaves=15
num_cat=0
split_feature=0 1 1 11 1 1 1 0 1 23 33 15 11 18
split_gain=228.424 287.471 293.386 1083.53 690.542 617.833 445.428 404.989 338.521 505.925 275.537 233.641 192.966 182.419
threshold=0.78500000000000014 0.19830000000000003 0.21260000000000004 0.83600000000000008 0.21960000000000005 0.22410000000000005 0.23960000000000004 0.70500000000000007 0.20050000000000004 0.00036750000000000004 -4.7799999999999985 2.6301797686105899 0.74500000000000011 0.00056402821271758362
decision_type=2 2 2 2 2 2 2 2 2 2 2 2 2 2
left_child=1 10 3 8 -4 -6 -7 -5 9 -3 11 -1 -10 -9
right_child=-2 2 4 7 5 6 -8 13 12 -11 -12 -13 -14 -15
leaf_value=-0.064516688180191892 -0.038326439380407688 -0.058103096520954495 0.03599665092904656 -0.048530838011093119 -0.033471709883266643 0.012548394708234007 -0.00087904380513382683 0.054764707675464243 -0.004664948252679873 0.011712664006116529 -0.023394102011164482 0.023071852338051597 -0.045853513531550483 0.017382984426465058
leaf_weight=78.26339840143919 387.2467663474381 357.04772560298443 1335.1036159470677 177.09456541389227 1376.1452521048486 6790.0744057167321 68322.473101722077 530.56255244091153 335.86791148781776 948.89410744607449 408.61733672767878 2686.2698149103671 1854.9612018950284 848.05819405987859
leaf_count=421 2961 1778 13471 1113 12983 57575 629631 3036 1820 7365 5268 33623 12595 12788
internal_value=-1.61664e-05 0.000156285 -0.000409211 -0.0120847 0.000348798 -0.000273478 0.000334794 0.0226285 -0.0275288 -0.00737812 0.0149255 0.02059 -0.0395395 0.0317723
internal_weight=86436.7 86049.4 82876.3 5052.49 77823.8 76488.7 75112.5 1555.72 3496.77 1305.94 3173.15 2764.53 2190.83 1378.62
internal_count=796428 793467 754155 40495 713660 700189 687206 16937 23558 9143 39312 34044 14415 15824
is_linear=0
shrinkage=0.05


Tree=144
num_leaves=15
num_cat=0
split_feature=3 3 15 34 0 33 15 1 15 33 3 33 11 9
split_gain=225.641 573.396 623.579 501.959 427.423 1465.06 1820.46 999.196 970.139 983.932 568.235 317.326 150.274 119.632
threshold=3590.5000000000005 3576.5000000000005 2.0613957098106064 0.41650000000000004 0.64500000000000013 -58.389999999999993 2.8660391719055247 0.31215000000000009 2.4414009612931857 -35.034999999999989 549.00000000000011 -7.339999999999999 0.7895000000000002 0.69350000000000012
decision_type=2 2 2 2 2 2 2 2 2 2 2 2 2 2
left_child=1 2 3 11 5 7 -7 -4 9 -6 -10 -1 -5 -3
right_child=-2 13 4 12 8 6 -8 -9 10 -11 -12 -13 -14 -15
leaf_value=0.043360231739798111 0.034018065933087878 -0.035702884429922435 0.021472218943821265 0.03941544533751052 -0.03931715752003298 -0.058290912047928273 -0.0049841036796187642 -0.0072179038374785278 -0.040534481353249122 0.023483094724642165 0.0035291111155113363 -0.058415579769508341 0.015655459611596055 -0.10997212387191985
leaf_weight=104.68707367777824 484.1775582768023 807.42250390350819 4596.4635118842125 1613.7796750962734 2619.7972575835884 2648.8383068740368 4050.8856225907803 8931.6483959592879 741.01567294821143 818.51353906467557 57334.51490351744 284.61652389168739 1132.7727375626564 58.058315977454185
leaf_count=736 4527 7232 41675 12765 24866 15918 43944 85233 4752 10987 524850 1464 17230 249
internal_value=-1.56197e-05 -0.000207842 0.000205068 0.0220855 -0.000634357 -0.0069394 -0.0260603 0.00253026 0.00143896 -0.0243669 0.00296681 -0.0310431 0.0296169 -0.0406972
internal_weight=86227.2 85743 84877.5 3135.86 81741.7 20227.8 6699.72 13528.1 61513.8 3438.31 58075.5 389.304 2746.55 865.481
internal_count=796428 791901 784420 32195 752225 186770 59862 126908 565455 35853 529602 2200 29995 7481
is_linear=0
shrinkage=0.05


Tree=145
num_leaves=15
num_cat=0
split_feature=22 33 33 33 33 2 33 2 0 15 15 0 0 15
split_gain=235.813 221.893 254.664 1523.47 1300.77 1632.19 1054.45 804.948 1064.39 920.029 769.061 740.759 726.966 494.652
threshold=-0.0051959999999999992 10.485000000000001 -67.064999999999984 -87.234999999999985 -56.454999999999991 0.94135000000000013 -56.029999999999994 0.069950000000000012 0.58950000000000002 2.5783768579103588 3.53504376687845 0.70500000000000007 0.74500000000000011 2.8265409023160699
decision_type=2 2 2 2 2 2 2 2 2 2 2 2 2 2
left_child=-1 2 3 7 5 -4 12 8 -2 -9 -5 -8 -6 -7
right_child=1 -3 4 10 6 13 11 9 -10 -11 -12 -13 -14 -15
leaf_value=-0.026415983882046676 0.025590319254154295 -0.026895787701822806 0.032617152215951697 -0.049446571032048713 -0.054338187827399069 0.0089199818650215427 -0.0024615589055359496 -0.019648517304921405 -0.01318321708753251 0.014667693785863481 0.06047794977768664 0.015345757898464044 0.065735508563086117 -0.034140040750662383
leaf_weight=831.37972273677588 2050.7954649142921 741.14586475864053 6754.8332160450518 2202.2610797062516 1313.9925613068044 1278.4195082373917 35199.014157129452 2352.1097591556609 12922.480318933725 11513.903667161241 171.42253021150827 7001.7065521590412 139.34475839138031 1394.2273878604174
leaf_count=9485 18654 8997 70643 14960 9517 19810 310367 22853 112569 118008 993 64897 755 13554
internal_value=8.21592e-05 0.000341258 0.000580767 -0.00300315 0.00268818 0.0195309 -0.000949179 0.000166035 -0.00787251 0.00884649 -0.0415058 0.00049296 -0.0428219 -0.0135434
internal_weight=85867 85035.7 84294.5 31213 53081.5 9427.48 43654.1 28839.3 14973.3 13866 2373.68 42200.7 1453.34 2672.65
internal_count=796062 786577 777580 288037 489543 104007 385536 272084 131223 140861 15953 375264 10272 33364
is_linear=0
shrinkage=0.05


Tree=146
num_leaves=15
num_cat=0
split_feature=15 15 2 3 3 3 33 3 2 2 2 33 33 33
split_gain=222.873 390.901 853.96 512.009 404.506 1155.39 1419.91 1143.06 1116.24 989.611 1070.27 827.204 1426.65 1279.22
threshold=3.5717949193831546 3.538891571506309 0.94175000000000009 2964.5000000000005 3202.5000000000005 3008.5000000000005 -180.34999999999997 3296.5000000000005 0.94550000000000012 0.94150000000000011 0.93665000000000009 -24.894999999999996 -39.374999999999993 -20.879999999999995
decision_type=2 2 2 2 2 2 2 2 2 2 2 2 2 2
left_child=1 4 3 -3 5 11 -7 -6 -8 10 -9 12 -1 -13
right_child=-2 2 -4 -5 7 6 8 9 -10 -11 -12 13 -14 -15
leaf_value=0.00048915486634798738 0.010995624063858785 0.027127929744228386 -0.048770922142668309 -0.016986559245468463 0.024868480620569771 0.03309371858153564 -0.032068077456516145 -0.0055688226662849276 0.018228501259401463 -0.025681719554564143 0.023607233300849337 -0.039535540328749237 0.027233559514088498 -0.0012016339969351635
leaf_weight=24607.412455610931 4432.7194434180856 1076.1406259611249 1314.8484739661217 1691.3878966495395 5878.1531725116074 1216.8645431064069 7399.6759997792542 8538.469415422529 1296.3061126172543 3217.7541295140982 4974.3851402886212 2724.4053649306297 6253.6121113821864 10815.796439498663
leaf_count=215923 55770 12331 9463 19242 62835 12161 59875 81694 14801 31161 55798 19849 55973 89186
internal_value=7.89608e-05 -0.000518427 -0.0155953 0.000167516 0.00028174 -0.00205757 -0.0174914 0.00590155 -0.0245703 -0.000762429 0.00517163 0.00138816 0.00590865 -0.00891498
internal_weight=85437.9 81005.2 4082.38 2767.53 76922.8 54314.1 9912.85 22608.8 8695.98 16730.6 13512.9 44401.2 30861 13540.2
internal_count=796062 740292 41036 31573 699256 467768 86837 231488 74676 168653 137492 380931 271896 109035
is_linear=0
shrinkage=0.05


Tree=147
num_leaves=15
num_cat=0
split_feature=13 11 0 15 23 1 13 3 2 2 3 15 2 3
split_gain=221.116 633.648 1062.44 1245.78 903.877 652.059 554.582 1147.52 547.043 1739.74 1002.46 944.759 644.122 594.923
threshold=0.040000000000000015 0.74500000000000011 0.62500000000000011 3.1600330193091968 0.00023950000000000005 0.32445000000000007 1.0000000180025095e-35 2468.0000000000005 0.064700000000000021 0.066200000000000023 2821.0000000000005 2.7028954204178484 0.053500000000000006 3274.5000000000005
decision_type=2 2 2 2 2 2 2 2 2 2 2 2 2 2
left_child=6 2 5 4 -4 -2 -1 -8 10 -10 -3 13 -13 -12
right_child=1 8 3 -5 -6 -7 7 -9 9 -11 11 12 -14 -15
leaf_value=0.0061267331369543286 -0.046446099947271613 0.023285779212942673 -0.032025694262941821 -0.015752440745988524 0.034753539329312952 0.00057255758598068185 0.020384446765963737 -0.019590493391198192 -0.056208237779008866 -0.0024085373348699253 -0.051086967549402 -0.011371322731204588 0.013830673602472138 0.016832842008654546
leaf_weight=7152.6706227436662 887.09716971963644 5665.6101126037538 546.62976425886154 1870.8725007362664 6927.5459963232279 4366.3568237312138 2239.0476900860667 9056.0083813257515 1575.8337282836437 32326.168180981651 1397.415866997093 4259.6723861228675 6262.9048624262214 419.04165181517601
leaf_count=52823 5467 54360 3351 18763 49140 41669 14078 69426 9122 340862 9802 47471 73489 6239
internal_value=7.60271e-05 0.00141952 0.0106224 0.0207357 0.0298692 -0.00736774 -0.00476732 -0.011666 -0.00116875 -0.00490941 0.00587475 -0.00211985 0.00362858 -0.0354184
internal_weight=84952.9 66505.1 14598.5 9345.05 7474.18 5253.45 18447.7 11295.1 51906.6 33902 18004.6 12339 10522.6 1816.46
internal_count=796062 659735 118390 71254 52491 47136 136327 83504 541345 349984 191361 137001 120960 16041
is_linear=0
shrinkage=0.05


Tree=148
num_leaves=15
num_cat=0
split_feature=33 33 3 2 33 1 15 2 3 0 2 33 23 3
split_gain=210.933 1217.71 774.918 1750.76 1678.25 1494.01 1590.88 1445.08 1421.27 1153.85 1047.11 755.139 624.276 901.594
threshold=-149.65999999999997 -100.08999999999999 3008.5000000000005 0.062400000000000004 -67.064999999999984 0.28740000000000004 2.7962285914078522 0.072500000000000023 3083.0000000000005 0.72500000000000009 0.94585000000000008 -53.684999999999995 0.00059150000000000012 3093.0000000000005
decision_type=2 2 2 2 2 2 2 2 2 2 2 2 2 2
left_child=12 -2 3 9 -4 6 -5 -7 11 -3 -10 -6 13 -1
right_child=1 2 4 5 8 7 -8 -9 10 -11 -12 -13 -14 -15
leaf_value=-0.0026932762714889352 -0.03163328055020756 0.034416772466118233 -0.042011943862473949 0.018996666265553408 0.038314081968787946 -0.063792766535379838 -0.0071158536680005213 -0.0082176354493553819 0.0074077135484668273 -0.016772140632098614 -0.044323439038383233 -0.036384159755677103 -0.012603898227022023 0.021172963464925514
leaf_weight=8008.830103199929 3150.734589420259 6511.4099230058491 2958.4903278425336 10745.115261550993 374.40251136571169 1604.5630352571607 12758.456689877436 4315.287059571594 16304.378850895911 1324.7972167506814 1040.5317736081779 3504.8248681388795 4190.4834883417934 7821.8540063351393
leaf_count=71718 26625 57446 26885 97418 3474 8026 108523 43541 174707 12181 9111 31599 46022 78786
internal_value=7.24346e-05 -0.00131743 0.000237202 0.00476093 -0.00673277 -0.000832427 0.00482202 -0.023282 -0.00181493 0.0257626 0.00430409 -0.0291739 0.00455645 0.00909896
internal_weight=84614.2 64593 61442.3 37259.6 24182.6 29423.4 23503.6 5919.85 21224.1 7836.21 17344.9 3879.23 20021.2 15830.7
internal_count=796062 599536 572911 327135 245776 257508 205941 51567 218891 69627 183818 35073 196526 150504
is_linear=0
shrinkage=0.05


Tree=149
num_leaves=15
num_cat=0
split_feature=2 2 3 3 33 23 23 0 1 2 23 3 33 3
split_gain=218.297 775.154 664.905 1327.66 1547.1 939.928 913.903 915.348 861.499 1191.15 931.454 843.378 804.031 627.924
threshold=0.94510000000000016 0.94475000000000009 3191.0000000000005 3030.5000000000005 -180.34999999999997 0.0012395000000000004 0.00045950000000000006 0.66500000000000015 0.28125000000000006 0.053800000000000008 0.00062750000000000013 3117.5000000000005 -28.774999999999995 3303.5000000000005
decision_type=2 2 2 2 2 2 2 2 2 2 2 2 2 2
left_child=1 2 3 6 -5 8 7 -1 9 -4 -10 -6 -8 -2
right_child=13 -3 5 4 11 -7 12 -9 10 -11 -12 -13 -14 -15
leaf_value=0.0037386880929060869 0.012874651423612297 -0.046136501190401719 -0.03622888689670211 0.032172143654180342 -0.042923110844427903 -0.032147895746923498 0.011654601117024444 -0.024226935386133287 0.013044045668119165 0.028499047898479041 -0.016019514028062495 -0.009166775434897351 -0.0047079042152581539 -0.017681821715793768
leaf_weight=5353.3562877960503 8449.9044925216585 934.7154675014317 785.58022120967507 1185.254460696131 4553.3157628960907 1417.267986247316 17949.954637719318 6453.0079757776111 6710.0795268826187 7454.7436123751104 4679.0637489911169 3117.0676622875035 12905.729762444273 2098.8044265136123
leaf_count=49229 92843 6826 7966 12161 37533 17299 161429 49023 73002 75795 51542 32233 107371 21810
internal_value=6.87336e-05 -0.000896628 -0.000313822 -0.00337298 -0.0209904 0.00717429 0.000284027 -0.0115466 0.0100135 0.0223279 0.00110367 -0.0292056 0.00481081 0.00679493
internal_weight=84047.8 73499.1 72564.4 51517.7 8855.64 21046.7 42662 11806.4 19629.5 8240.32 11389.1 7670.38 30855.7 10548.7
internal_count=796062 681409 674583 448979 81927 225604 367052 98252 208305 83761 124544 69766 268800 114653
is_linear=0
shrinkage=0.05


Tree=150
num_leaves=15
num_cat=0
split_feature=2 2 2 33 11 13 13 23 0 0 23 0 2 33
split_gain=202.344 714.944 481.01 1357.71 543.012 487.512 425.402 378.726 315.587 646.169 428.492 1340.06 521.492 340.73
threshold=0.94510000000000016 0.94475000000000009 0.94585000000000008 -11.169999999999998 0.7895000000000002 0.040000000000000015 0.050000000000000024 0.00042550000000000004 0.74500000000000011 0.72500000000000009 0.00045550000000000007 0.66500000000000015 0.052150000000000009 -32.689999999999991
decision_type=2 2 2 2 2 2 2 2 2 2 2 2 2 2
left_child=1 8 5 4 -4 7 -6 -2 9 10 11 -1 -12 -10
right_child=2 -3 3 -5 6 -7 -8 -9 13 -11 12 -13 -14 -15
leaf_value=0.0046858011555029081 -0.041516057701597997 -0.045083857305805969 0.037023134584044257 -0.033833738824908373 -0.048281506139730632 0.033650226681033679 0.0082230809079719656 0.044050932245008036 0.028123969329376233 -0.022309815172378681 0.022974086794278217 -0.020882644042545254 0.0014521949784626234 -0.022852527497596264
leaf_weight=12586.940990120173 435.66680707782507 904.76670433208346 1654.7925013415515 2148.9804998077452 370.20102439820766 2388.092521764338 3315.4489385299385 183.79222664237022 1741.3097507879138 3367.3894840311259 3014.8389641232789 8643.5621059946716 42372.571304067969 403.73516218736768
leaf_count=119072 3455 6780 12859 23451 1860 24939 46442 1483 19639 37333 31239 73704 389700 3967
internal_value=1.69539e-05 -0.00091599 0.00650807 -0.000274622 0.0132299 0.0233978 0.00254638 -0.0161255 -0.000361909 -0.00094093 0.000139252 -0.00572391 0.00288182 0.0185287
internal_weight=83532.1 73035.1 10497 7489.42 5340.44 3007.55 3685.65 619.459 72130.3 69985.3 66617.9 21230.5 45387.4 2145.04
internal_count=795923 681434 114489 84612 61161 29877 48302 4938 674654 651048 613715 192776 420939 23606
is_linear=0
shrinkage=0.05


Tree=151
num_leaves=15
num_cat=0
split_feature=22 11 7 3 3 23 3 1 2 1 0 33 1 23
split_gain=206.245 219.515 202.933 411.99 678.267 984.202 838.61 904.314 835.024 606.331 553.834 429.911 377.683 373.357
threshold=-0.004785499999999999 0.84250000000000014 634.50000000000011 1581.0000000000002 1864.5000000000002 0.00047350000000000002 1940.0000000000002 0.23620000000000002 0.089100000000000013 0.31150000000000005 0.64500000000000013 -5.7099999999999991 0.20995000000000003 0.00027350000000000003
decision_type=2 2 2 2 2 2 2 2 2 2 2 2 2 2
left_child=1 -1 -2 9 5 12 7 -6 -7 11 -8 13 -5 -4
right_child=2 -3 3 4 6 8 10 -9 -10 -11 -12 -13 -14 -15
leaf_value=-0.047550749084621896 -0.0092955079543628263 -0.0018002074939101683 -0.068741457959728594 0.018918145379971205 -0.063394747904569157 -0.022426911538658292 -0.006907747446421148 0.048797503722405128 0.046037490532207188 -0.06052321744128502 0.0031485579091468695 -0.038010332138341055 -0.0570549867707493 0.030657698809619185
leaf_weight=466.5387143548578 5163.8698260970414 598.43435944244266 97.352966859936714 183.45048678666353 203.48458783328533 1166.1831728536636 19005.42861497961 1525.9057686440647 720.38293762877584 234.74519956111908 48963.853943498805 270.54371339827776 1507.4262584447861 3095.5892083793879
leaf_count=2691 51376 9822 420 2798 984 10637 184373 11340 5723 1219 480850 2460 8612 22618
internal_value=1.62463e-05 -0.021845 0.000299717 0.00094343 0.000121638 -0.0211112 0.00121149 0.0355938 0.00371719 0.0172258 0.000336629 0.022497 -0.0488117 0.027625
internal_weight=83203.2 1064.97 82138.2 76974.3 73276.1 3577.44 69698.7 1729.39 1886.57 3698.23 67969.3 3463.49 1690.88 3192.94
internal_count=795923 12513 783410 732034 705317 27770 677547 12324 16360 26717 665223 25498 11410 23038
is_linear=0
shrinkage=0.05


Tree=152
num_leaves=15
num_cat=0
split_feature=13 26 11 0 1 2 3 15 3 3 3 13 1 0
split_gain=202.585 641.204 536.912 559.817 1547.11 545.959 813.466 790.68 539.645 947.136 839.771 573.193 489.926 922.516
threshold=0.040000000000000015 -0.00045249999999999994 0.7895000000000002 0.64500000000000013 0.29610000000000009 0.92730000000000012 3447.5000000000005 2.8265409023160699 1864.5000000000002 1756.0000000000002 2115.0000000000005 0.094000000000000097 0.35890000000000005 0.62500000000000011
decision_type=2 2 2 2 2 2 2 2 2 2 2 2 2 2
left_child=1 -1 5 4 -4 12 7 -7 9 -5 -10 -12 13 -2
right_child=2 -3 3 8 -6 6 -8 -9 10 -11 11 -13 -14 -15
leaf_value=-0.028920692196383897 -0.027587235582115656 -0.0010093235371176562 -0.054599955045504328 -0.0035756489457700472 -0.0015550764973233568 0.036311835022483092 -0.020875793520894439 0.0012925090356300448 0.034351862142009575 -0.054958603443369072 -0.025536100195738532 0.0031468978593262227 0.021971876536184973 0.0050911619426955877
leaf_weight=2367.8924829848111 2807.070845849812 15701.142496135086 1815.9096737504005 4883.5380156263709 5655.1605389807373 4626.6335525214672 1170.3957799449563 2473.6114220656455 2047.8312677983195 1098.4937939345837 1873.9936091005802 24669.170568238944 2471.265913516283 9363.3847639951855
leaf_count=16862 25949 119317 10380 42806 73240 36441 12248 21269 19352 7000 16558 297170 22850 74481
internal_value=1.56872e-05 -0.00466716 0.00131833 -0.00203745 -0.0144487 0.00747615 0.0177454 0.0241119 0.000644591 -0.013012 0.00350196 0.00112174 0.0016753 -0.00244616
internal_weight=83025.5 18069 64956.5 42044.1 7471.07 22912.4 8270.64 7100.24 34573 5982.03 28591 26543.2 14641.7 12170.5
internal_count=795923 136179 659744 466506 83620 193238 69958 57710 382886 49806 333080 313728 123280 100430
is_linear=0
shrinkage=0.05


Tree=153
num_leaves=15
num_cat=0
split_feature=33 33 1 1 1 3 1 2 33 33 15 3 13 1
split_gain=192.169 236.313 220.758 1992.15 964.749 880.19 752.456 1480.55 665.189 1000.1 893.49 632.93 332.152 246.362
threshold=10.485000000000001 9.3300000000000018 0.25780000000000008 0.25585000000000008 0.26550000000000001 549.00000000000011 0.26840000000000003 0.92730000000000012 -12.975 -79.334999999999994 3.4795640780011685 2468.0000000000005 0.21000000000000005 0.25745000000000001
decision_type=2 2 2 2 2 2 2 2 2 2 2 2 2 2
left_child=1 2 3 8 5 -4 7 -6 9 -1 -10 -8 -7 -5
right_child=-2 -3 4 13 6 12 11 -9 10 -11 -12 -13 -14 -15
leaf_value=-0.010814589013675503 -0.025724371822887844 0.029337340997786794 -0.098008027604758741 -0.070172374161623918 -0.053779729429967921 0.03652971851118255 0.014526106785916218 0.027290773533000797 0.0035004067711403432 0.011189100721228558 -0.036257018156325385 -0.001247783552867232 0.00021575631127389536 -0.019112467148716412
leaf_weight=8010.0676980167627 718.74855360016227 691.82459266483784 140.15561494231224 1184.6510667204857 1679.6056328564882 3218.8005552925169 7666.5879795029759 847.1464490108192 2910.2648438215256 14534.109302291647 2746.9737245030701 37296.089231735095 782.83755549229681 295.19514564797282
leaf_count=77857 8991 8696 589 5392 10673 25864 64856 9955 30386 134333 21899 375686 16486 4260
internal_value=1.49564e-05 0.000240587 -7.01076e-06 -0.0034431 0.0019683 0.0251113 -5.01699e-05 -0.0265991 -0.00047569 0.00337106 -0.0158048 0.00144185 0.0294258 -0.0599891
internal_weight=82723.1 82004.3 81312.5 29681.3 51631.2 4141.79 47489.4 2526.75 28201.4 22544.2 5657.24 44962.7 4001.64 1479.85
internal_count=795923 786932 778236 274127 504109 42939 461170 20628 264475 212190 52285 440542 42350 9652
is_linear=0
shrinkage=0.05


Tree=154
num_leaves=15
num_cat=0
split_feature=13 26 11 33 2 33 0 1 1 0 1 2 3 33
split_gain=188.722 587.541 482.682 567.895 750.303 831.911 1018.11 796.297 621.819 519.212 1419.34 496.884 481.142 475.958
threshold=0.040000000000000015 -0.00045249999999999994 0.7895000000000002 -6.129999999999999 0.089100000000000013 -67.064999999999984 0.59500000000000008 0.22955000000000003 0.28470000000000001 0.64500000000000013 0.29610000000000009 0.058750000000000004 2880.5000000000005 -79.334999999999994
decision_type=2 2 2 2 2 2 2 2 2 2 2 2 2 2
left_child=1 12 3 4 5 6 -2 -6 -9 10 -4 -7 -1 -3
right_child=2 13 9 -5 7 11 -8 8 -10 -11 -12 -13 -14 -15
leaf_value=-0.0028038728448183492 0.025280308347038302 -0.012191257876511985 -0.052765542622932406 -0.017847679074280073 -0.031886670829477791 0.030428117464360745 -0.01939524249020886 0.036289404212755443 0.00817207184702279 0.0006838631337000951 -0.0016211624463855962 -0.0038523016483895038 -0.048357444899574886 0.0057831364691428638
leaf_weight=1053.4996628724039 1653.6309585720301 5925.1158355399966 1784.4228996634483 2066.3106538839638 666.45461880415678 2929.971469135955 5571.9651486054063 4875.3606722503901 3295.5151733905077 34276.329789126292 5656.1157931890339 1653.614838603884 1288.6759360730648 9732.4200273640454
leaf_count=8756 14992 47716 10380 21767 4931 26929 44965 36128 30795 382886 73240 12731 8106 71601
internal_value=1.36839e-05 -0.00451268 0.00127822 0.00714333 0.00964452 0.001399 -0.0091707 0.0206627 0.0249492 -0.00191506 -0.0138874 0.018061 -0.0278687 -0.00101876
internal_weight=82429.4 17999.7 64429.7 22712.8 20646.5 11809.2 7225.6 8837.33 8170.88 41716.9 7440.54 4583.59 2342.18 15657.5
internal_count=795923 136179 659744 193238 171471 99617 59957 71854 66923 466506 83620 39660 16862 119317
is_linear=0
shrinkage=0.05


Tree=155
num_leaves=15
num_cat=0
split_feature=22 0 1 2 2 0 15 33 3 2 15 1 11 9
split_gain=188.802 189.915 255.612 809.384 619.625 604.097 1006.87 589.938 465.206 416.601 356.595 353.623 177.851 72.2183
threshold=-0.0051959999999999992 0.46500000000000002 0.35400000000000004 0.91930000000000012 0.93180000000000007 0.6150000000000001 2.8265409023160699 -174.09999999999997 3576.5000000000005 0.94085000000000008 2.0613957098106064 0.34860000000000008 0.84250000000000014 0.68500000000000016
decision_type=2 2 2 2 2 2 2 2 2 2 2 2 2 2
left_child=12 -2 5 -4 -5 6 11 -8 10 -6 -7 -3 -1 -10
right_child=1 2 3 4 9 8 7 -9 13 -11 -12 -13 -14 -15
leaf_value=-0.050949410117614183 -0.028222809886144687 0.033856872393962865 0.035367636313950707 -0.034199108202652546 0.039065701832784211 0.020032488879789166 0.019951904247461686 -0.035177963993736842 -0.035888190043366859 -0.010171655320117309 0.00069587519642639619 -0.027712242427388747 -0.0035994065294384365 -0.088085866035599147
leaf_weight=348.87598600611091 581.65313750505447 1104.3187546171248 2062.4423358365893 1145.4169403500855 819.3377400226891 2472.0930559784174 557.93388644605875 3722.292593754828 538.56677931547165 902.97906631417572 67037.632112760097 295.56198245286942 459.39629668369889 75.54572694003582
leaf_count=1948 6444 11701 19102 10249 7053 25680 8007 36570 4742 12221 640812 3347 7593 344
internal_value=3.77821e-06 0.00024281 0.000447927 0.0114796 -0.00570101 -0.000269572 -0.0159525 -0.0279914 0.00100078 0.0132524 0.0013836 0.0208565 -0.0240409 -0.0423226
internal_weight=82124 81315.8 80734.1 4930.18 2867.73 75803.9 5680.11 4280.23 70123.8 1722.32 69509.7 1399.88 808.272 614.113
internal_count=795813 786272 779828 48625 29523 731203 59625 44577 671578 19274 666492 15048 9541 5086
is_linear=0
shrinkage=0.05


Tree=156
num_leaves=15
num_cat=0
split_feature=0 1 1 11 1 33 33 3 13 15 2 33 33 15
split_gain=185.953 210.202 282.977 891.2 599.643 367.935 1224.76 555.907 344.889 329.453 494.386 254.176 231.379 206.741
threshold=0.78500000000000014 0.19830000000000003 0.21260000000000004 0.83600000000000008 0.21905000000000005 -149.65999999999997 -100.08999999999999 2468.0000000000005 0.14999999999999997 2.6301797686105899 0.9295500000000001 -188.92499999999998 -4.7799999999999985 2.6301797686105899
decision_type=2 2 2 2 2 2 2 2 2 2 2 2 2 2
left_child=1 12 3 9 -4 7 -7 -6 -5 10 -3 -11 13 -1
right_child=-2 2 4 8 5 6 -8 -9 -10 11 -12 -13 -14 -15
leaf_value=-0.062825889587458023 -0.035097056813938349 0.090445356165689134 0.036941834708911284 0.0423472474458279 0.03020508107120148 -0.034365841859312483 -0.00038234869855996738 0.0028912437878748491 -0.006521108996005171 0.044818467564708087 -0.022834897056202202 -0.03522486534814738 -0.02258817646953204 0.020870675768760758
leaf_weight=75.881339132785797 375.49887144565582 142.8317144215107 1107.7182473130524 807.54910161718726 2131.3303099609911 2791.3378400728106 52802.865868555382 14783.26349298656 652.88495482131839 102.7315681874752 295.23393327742815 2805.9208064898849 394.86815284192562 2554.757179196924
leaf_count=418 2995 659 10815 6589 18865 23775 505793 153983 10278 696 3946 18165 5199 33637
internal_value=3.25157e-06 0.000165115 -0.000333801 -0.0120871 0.000433705 -0.00012408 -0.00208869 0.00633309 0.0205018 -0.0263084 0.0141124 -0.0323963 0.013097 0.0184541
internal_weight=81824.7 81449.2 78423.7 4807.15 73616.5 72508.8 55594.2 16914.6 1460.43 3346.72 438.066 2908.65 3025.51 2630.64
internal_count=795813 792818 753564 40333 713231 702416 529568 172848 16867 23466 4605 18861 39254 34055
is_linear=0
shrinkage=0.05


Tree=157
num_leaves=15
num_cat=0
split_feature=15 15 2 3 15 1 33 2 15 2 15 33 2 15
split_gain=183.437 331.174 674.977 389.37 359.412 393.087 350.826 346.683 754.781 1190.94 575.476 699.693 543.597 289.881
threshold=3.5717949193831546 3.538891571506309 0.94175000000000009 2964.5000000000005 3.53504376687845 0.27890000000000009 -37.059999999999995 0.93665000000000009 3.4936202227480657 0.92185000000000017 3.511764630913309 -2.7899999999999996 0.93585000000000018 3.5932770349567842
decision_type=2 2 2 2 2 2 2 2 2 2 2 2 2 2
left_child=1 4 3 -3 7 -6 -5 8 12 -10 11 -9 -1 -2
right_child=13 2 -4 6 5 -7 -8 10 9 -11 -12 -13 -14 -15
leaf_value=0.00049383941706358802 0.021610330205277695 0.023866439125298136 -0.045580170300197828 0.028774013490508184 0.049370515523487014 -0.019641557213859493 -0.027597414621903078 0.0051567603437964876 -0.0028488626355474356 -0.054603136426616107 0.034872478608306362 -0.032771372144924246 -0.030129919035422031 -0.0043711105947091562
leaf_weight=43626.943020021543 2402.6115454975516 1005.5288718864322 1220.3907052837312 350.45382257550955 725.75190299004316 288.22618068009615 1297.8866347298026 19588.095350798219 3120.0964452512562 1726.6521894857287 1499.1501829922199 1296.3564637154341 1498.792475041002 1940.6786973662674
leaf_count=385370 33942 12308 9397 4006 4970 4012 15223 222769 27990 10429 15310 14384 13781 21922
internal_value=3.24314e-06 -0.000558946 -0.014806 -0.000653155 0.000193378 0.0297536 -0.0156113 -0.000220911 -0.00253723 -0.021287 0.00495037 0.00280231 -0.000523353 0.0100014
internal_weight=81587.6 77244.3 3874.26 2653.87 73370.1 1013.98 1648.34 72356.1 49972.5 4846.75 22383.6 20884.5 45125.7 4343.29
internal_count=795813 739949 40934 31537 699015 8982 19229 690033 437570 38419 252463 237153 399151 55864
is_linear=0
shrinkage=0.05


Tree=158
num_leaves=15
num_cat=0
split_feature=22 7 0 14 1 0 15 1 1 1 23 11 15 23
split_gain=175.599 184.883 301.211 242.526 271.56 216.058 303.878 269.302 1882.04 1026.52 231.173 181.917 277.428 127.283
threshold=-0.004785499999999999 670.50000000000011 0.50500000000000012 0.21050000000000002 0.40750000000000003 0.74500000000000011 2.6301797686105899 0.25780000000000008 0.25585000000000008 0.26550000000000001 0.00044650000000000007 0.84250000000000014 3.53504376687845 0.00023450000000000004
decision_type=2 2 2 2 2 2 2 2 2 2 2 2 2 2
left_child=11 3 -3 4 13 7 -7 8 -4 -9 -8 12 -1 -2
right_child=1 2 5 -5 -6 6 10 9 -10 -11 -12 -13 -14 -15
leaf_value=-0.063553665470772111 -0.054096135796079831 -0.029207166633262255 3.3618660241797713e-05 0.0098970227150668132 0.041385407248939042 0.07167055368061033 -0.024845571213353526 0.028268781851204568 -0.058480067862013124 0.00084496643199678866 0.018638492898525382 -0.0021084513005174233 0.035026130674802168 -0.014898111984610378
leaf_weight=363.85405950993299 218.53555674478412 819.67225407063961 23005.139461055398 1378.876135520637 209.37880758196115 225.25802166759968 376.85729263164103 3704.3153525497764 1461.4198010079563 43278.922479307279 1615.7005212083459 591.22852069884539 88.710039302706718 3932.0484476052225
leaf_count=1824 1372 9005 216163 20030 1419 1175 4174 39490 9722 426508 19234 9847 867 34983
internal_value=2.36745e-06 0.000267483 0.000933728 -0.00837991 -0.0141602 0.00126913 0.0166381 0.000792055 -0.00346171 0.00300721 0.0104134 -0.0203725 -0.0442269 -0.0169632
internal_weight=81269.9 80226.1 74487.3 5738.84 4359.96 73667.6 2217.82 71449.8 24466.6 46983.2 1992.56 1043.79 452.564 4150.58
internal_count=795813 783275 725471 57804 37774 716466 24583 691883 225885 465998 23408 12538 2691 36355
is_linear=0
shrinkage=0.05


Tree=159
num_leaves=15
num_cat=0
split_feature=33 33 33 33 33 23 33 23 15 2 11 11 11 3
split_gain=175.835 351.68 202.723 1096.72 763.638 633.459 718.32 437.082 421.417 320.821 254.627 224.347 130.685 128.199
threshold=-203.17999999999998 -200.62999999999997 -180.59999999999997 -178.96499999999995 -174.09999999999997 0.00057150000000000007 -184.69499999999996 0.00025950000000000002 2.3502401828962087 0.9295500000000001 0.82850000000000013 0.59500000000000008 0.84250000000000014 2831.0000000000005
decision_type=2 2 2 2 2 2 2 2 2 2 2 2 2 2
left_child=12 -2 5 -4 10 8 9 -6 13 -7 -5 -10 -1 -3
right_child=1 2 3 4 7 6 -8 -9 11 -11 -12 -13 -14 -15
leaf_value=0.038789627237071383 -0.039289219421191401 0.026550654928218037 -0.040878944844074401 0.044316229728349366 -0.023969323046100662 0.020909921887652633 -0.060183151099521964 5.7404001371308328e-05 -0.020253199846513577 -0.018535278872430682 0.00048860334182063787 0.026672471087108129 -0.0067410836430148646 -0.044531812074643934
leaf_weight=499.65855048969388 571.79030679166317 79.276931552216411 1662.6938739791512 1284.0009890422225 1947.6541722044349 1097.5387964099646 589.25993594899774 67135.918790036812 271.98990013450384 971.83339831791818 446.67498379945755 3992.8220987077802 230.1544343046844 316.09311420470476
leaf_count=4133 5518 1067 13229 9311 15710 13086 3449 652524 2330 13396 9098 45300 5442 2220
internal_value=2.0648e-06 -0.000219813 6.01947e-05 -0.000740661 0.000201828 0.00799083 -0.0114841 -0.000620009 0.0191013 0.00238538 0.0330053 0.0236794 0.0244321 -0.0302757
internal_weight=81097.4 80367.5 79795.8 72476.9 70814.2 7318.81 2658.63 69083.6 4660.18 2069.37 1730.68 4264.81 729.813 395.37
internal_count=795813 786238 780720 699872 686643 80848 29931 668234 50917 26482 18409 47630 9575 3287
is_linear=0
shrinkage=0.05


Tree=160
num_leaves=15
num_cat=0
split_feature=15 15 2 3 15 1 33 2 15 2 2 2 3 3
split_gain=169.016 305.652 632.754 365.24 334.095 367.933 323.889 309.437 683.032 1122.08 543.018 1275.09 521.069 275.589
threshold=3.5717949193831546 3.538891571506309 0.94175000000000009 2964.5000000000005 3.53504376687845 0.27890000000000009 -37.059999999999995 0.93665000000000009 3.4936202227480657 0.92185000000000017 0.93720000000000014 0.93735000000000013 2525.5000000000005 3295.0000000000005
decision_type=2 2 2 2 2 2 2 2 2 2 2 2 2 2
left_child=1 4 3 -3 7 -6 -5 8 12 -10 -9 -12 -1 -2
right_child=13 2 -4 6 5 -7 -8 10 9 -11 11 -13 -14 -15
leaf_value=-0.0079414996980985697 0.015565581059755635 0.023345283226662076 -0.044513588448944853 0.027971312903589382 0.048201343909214496 -0.018962258445449069 -0.026805413096991568 0.033194917426196617 -0.0025739317051561052 -0.053321909895911949 -0.062152412157714276 0.0049295902765781651 0.0034065723822318539 -0.017405437701665055
leaf_weight=15421.508674053475 3528.822110729292 990.61756332591176 1193.613323520869 342.25848829001188 710.57473911345005 285.89707331731915 1274.4978568777442 1553.5158379971981 3105.2640207372606 1677.672513473779 734.41791365295649 19907.70936537534 29400.121566647664 772.43243984691799
leaf_count=126292 45211 12289 9423 3997 4992 4047 15271 16949 27988 10409 3617 231895 273035 10724
internal_value=4.55276e-08 -0.000541527 -0.0143637 -0.000560437 0.0001802 0.0289315 -0.0152085 -0.000218861 -0.00241453 -0.0203751 0.00468817 0.00254262 -0.0004979 0.00964428
internal_weight=80898.9 76597.7 3800.99 2607.37 72796.7 996.472 1616.76 71800.2 49604.6 4782.94 22195.6 20642.1 44821.6 4301.25
internal_count=796139 740204 40980 31557 699224 9039 19268 690185 437724 38397 252461 235512 399327 55935
is_linear=0
shrinkage=0.05


Tree=161
num_leaves=15
num_cat=0
split_feature=0 15 3 1 0 3 0 1 1 0 0 3 3 33
split_gain=167.452 516.637 893.436 632.76 510.276 433.581 399.246 321.667 831.646 452.79 407.164 363.085 244.011 231.581
threshold=0.6150000000000001 2.6301797686105899 3444.0000000000005 0.40095000000000008 0.46500000000000002 3576.5000000000005 0.54500000000000015 0.31875000000000003 0.31690000000000007 0.63500000000000012 0.64500000000000013 3207.5000000000005 3053.5000000000005 -186.07499999999996
decision_type=2 2 2 2 2 2 2 2 2 2 2 2 2 2
left_child=1 6 3 13 -5 7 -1 8 9 11 -11 -2 -9 -3
right_child=5 2 -4 4 -6 -7 -8 12 -10 10 -12 -13 -14 -15
leaf_value=-0.022912113391298797 0.0074551483120953183 0.01152666820012224 0.022743483633432249 -0.02604050017283091 0.038101211810135205 -0.041429475240771903 0.021067628849213309 0.033997410996270676 -0.06035238607431035 -0.013692052876002872 0.0013667465845290348 0.041896100612616505 -0.0039007894020399547 -0.032686855736313143
leaf_weight=659.44381907582283 2330.6370065696537 317.27156902477145 1415.8976123519242 550.19445333629847 710.22149676829576 600.26751152426004 2371.5628463085741 1281.8474438115954 553.63339946419001 4859.8890941254795 58768.273935735226 1139.2698022276163 635.14205047860742 4442.2806485667825
leaf_count=7130 20162 5515 14679 6479 6299 5082 24893 14014 2915 47218 579598 9098 7621 45436
internal_value=-6.73011e-07 -0.00590014 -0.0129923 -0.0213976 0.0101023 0.000879338 0.0114987 0.00124445 0.000672122 0.00117573 0.000216543 0.018764 0.0214413 -0.0297394
internal_weight=80635.8 10466.9 7435.87 6019.97 1260.42 70169 3031.01 69568.7 67651.7 67098.1 63628.2 3469.91 1916.99 4759.55
internal_count=796139 110431 78408 63729 12778 685708 32023 680626 658991 656076 626816 29260 21635 50951
is_linear=0
shrinkage=0.05


Tree=162
num_leaves=15
num_cat=0
split_feature=0 2 2 3 1 2 3 3 33 1 23 1 33 23
split_gain=167.987 201.736 596.507 584.893 797.403 718.402 527.691 1229.96 1223.09 803.647 776.624 672.629 423.481 457.422
threshold=0.78500000000000014 0.94510000000000016 0.94475000000000009 3303.5000000000005 0.27690000000000009 0.94810000000000005 3191.0000000000005 3030.5000000000005 -180.34999999999997 0.27105000000000007 0.0012395000000000004 0.28125000000000006 -4.1249999999999991 0.00023450000000000004
decision_type=2 2 2 2 2 2 2 2 2 2 2 2 2 2
left_child=1 2 6 5 -5 -3 7 9 -9 -1 11 -8 13 -7
right_child=-2 3 -4 4 -6 12 10 8 -10 -11 -12 -13 -14 -15
leaf_value=-0.0057856070040703846 -0.034015300695060528 0.033043597099519005 -0.042351538546959278 -0.045150306560578453 0.018497790955753591 -0.060730818974584301 0.020369135879070875 0.029118778070340003 -0.027667243433207686 0.0083278394791200215 -0.029716472241479514 0.0011733009954529861 -0.022695111275098812 0.014900976989612003
leaf_weight=22492.190618574619 361.2559368275106 2854.5230018012226 852.46494907140732 1121.7907626181841 876.51230358332396 212.41958151012659 7849.5421041920781 1087.6588759962469 7393.178114162758 18287.110108885914 1375.2692847810686 10901.119769768789 1321.6286542564631 3371.5123715698719
leaf_count=201189 2966 29976 6810 9145 12692 1055 83749 12150 70092 164032 17304 124417 17792 42770
internal_value=-9.90933e-07 0.000152656 -0.00078324 0.00688895 -0.0172329 0.0131007 -0.000272479 -0.00305959 -0.0203842 0.000543446 0.00654922 0.00920927 0.00149563 0.0104167
internal_weight=80358.2 79996.9 70238.5 9758.39 1998.3 7760.08 69386.1 49260.1 8480.84 40779.3 20125.9 18750.7 4905.56 3583.93
internal_count=796139 793173 679743 113430 21837 91593 672933 447463 82242 365221 225470 208166 61617 43825
is_linear=0
shrinkage=0.05


Tree=163
num_leaves=15
num_cat=0
split_feature=33 33 33 2 33 2 33 0 33 0 0 15 33 33
split_gain=168.177 1184.27 1126.43 1308.25 850.19 613.611 844.949 668.033 893.155 926.264 590.825 571.16 549.48 1800.26
threshold=-67.064999999999984 -90.069999999999979 -56.454999999999991 0.94135000000000013 -56.029999999999994 0.069950000000000012 -94.604999999999976 0.58950000000000002 -184.93499999999997 0.74500000000000011 0.74500000000000011 2.5783768579103588 -53.684999999999995 -51.774999999999991
decision_type=2 2 2 2 2 2 2 2 2 2 2 2 2 2
left_child=1 5 3 -2 10 7 11 -1 -9 -10 -4 -7 -6 -14
right_child=2 -3 4 -5 12 6 -8 8 9 -11 -12 -13 13 -15
leaf_value=0.021068082671933636 0.029993640246640599 -0.033409145063804151 -0.051033787788759138 -0.012854075703774321 0.030721044251142107 -0.018913274896953096 0.052460913489866062 0.021996233455467168 -0.020887322114063248 0.045922500452389721 0.060785752279475726 0.009817386884181746 -0.057464154325108201 0.00058002356588476237
leaf_weight=1824.2711777035147 6348.1649731937796 2891.0254384130239 1240.9529123082757 2476.3269487693906 1373.1867416836321 2123.7546418923885 997.74449658021331 1702.1141867525876 9396.8797752801329 549.01604446768761 130.47402793169022 9324.3524877615273 1384.1806676238775 38183.165139539167
leaf_count=18706 70738 26545 9557 33355 11852 22867 6331 21224 81454 4937 741 107910 7899 372023
internal_value=-1.07396e-06 -0.00305638 0.00172022 0.0179697 -0.00166877 0.000329416 0.00833368 -0.00706502 -0.0114713 -0.017199 -0.0403919 0.0044874 -0.000371526 -0.00145067
internal_weight=79945.6 28809.2 51136.5 8824.49 42312 25918.1 12445.9 13472.3 11648 9945.9 1371.43 11448.1 40940.5 39567.3
internal_count=796139 289974 506165 104093 402072 263429 137108 126321 107615 86391 10298 130777 391774 379922
is_linear=0
shrinkage=0.05


Tree=164
num_leaves=15
num_cat=0
split_feature=0 15 3 3 3 2 33 15 15 33 34 33 33 3
split_gain=172.957 472.159 815.635 401.798 361.932 341.955 336.865 311.425 588.709 654.762 421.272 388.458 854.913 598.918
threshold=0.6150000000000001 2.6301797686105899 3444.0000000000005 3576.5000000000005 2082.5000000000005 0.89110000000000011 -5.7099999999999991 2.0613957098106064 2.4414009612931857 -35.034999999999989 0.41650000000000004 -28.774999999999995 -28.174999999999994 3053.5000000000005
decision_type=2 2 2 2 2 2 2 2 2 2 2 2 2 2
left_child=1 6 4 7 5 -3 -1 10 9 -9 -2 13 -13 -10
right_child=3 2 -4 -5 -6 -7 -8 8 11 -11 -12 12 -14 -15
leaf_value=0.018136564385635445 -0.030627265404210902 -0.044551527636314495 0.021619525363853229 -0.040445507681741794 -0.025118720707958397 0.041817861912563953 -0.028052309166888112 -0.033308056929837536 0.0095888493233296616 0.020049596641916714 0.027285745690311464 -0.095243069485505163 -0.0023727303777327461 -0.0031853362612451401
leaf_weight=2480.1685880478472 368.92462977766991 160.43073909729719 1381.581858959049 582.73692671954632 5306.3360620141029 400.4955568946898 469.37599798291922 2394.5268488582224 24153.914091687649 756.53846926428378 2106.9002467989922 250.30112792551517 23891.290383117273 14796.735792772844
leaf_count=26633 2185 1268 14679 5082 59288 3173 5390 25582 224291 10979 24204 1061 234697 157627
internal_value=-5.10677e-07 -0.0060799 -0.0129425 0.000894133 -0.0210811 0.0171118 0.0107856 0.00124475 0.000594013 -0.0204972 0.0186552 0.00164742 -0.003336 0.00473614
internal_weight=79500.3 10198.4 7248.84 69301.9 5867.26 560.926 2949.54 68719.1 66243.3 3151.07 2475.82 63092.2 24141.6 38950.6
internal_count=796139 110431 78408 685708 63729 4441 32023 680626 654237 36561 26389 617676 235758 381918
is_linear=0
shrinkage=0.05


Tree=165
num_leaves=15
num_cat=0
split_feature=0 2 2 3 1 2 3 3 33 1 23 1 33 23
split_gain=163.206 186.321 537.593 522.045 713.094 657.608 517.237 1095 1070.18 713.938 699.319 628.927 384.941 427.012
threshold=0.78500000000000014 0.94510000000000016 0.94475000000000009 3303.5000000000005 0.27690000000000009 0.94810000000000005 3191.0000000000005 3030.5000000000005 -180.34999999999997 0.27105000000000007 0.0012395000000000004 0.28125000000000006 -4.1249999999999991 0.00023450000000000004
decision_type=2 2 2 2 2 2 2 2 2 2 2 2 2 2
left_child=1 2 6 5 -5 -3 7 9 -9 -1 11 -8 13 -7
right_child=-2 3 -4 4 -6 12 10 8 -10 -11 -12 -13 -14 -15
leaf_value=-0.0056214161992716909 -0.033584528997294492 0.032001812748149366 -0.040927325609577674 -0.043570411495207698 0.017537836386884741 -0.059473133275667028 0.019958492167086998 0.027606752788205353 -0.026447368865520439 0.0077614957124171107 -0.027939545059812412 0.001266913384796119 -0.021912559897099233 0.014316136193516849
leaf_weight=22284.495619293302 359.84967298619449 2775.6758124530315 822.28565496951342 1076.9460372217 857.41468140855432 208.20413119345903 7741.2325992658734 1048.3766850866377 7229.7723223567009 18026.995507577434 1369.1774818897247 10749.5917121768 1290.4479513689876 3336.5767940562218
leaf_count=201059 2968 29928 6808 9123 12693 1053 83913 12189 70047 163844 17323 124479 17714 42865
internal_value=6.85469e-06 0.000160263 -0.000742155 0.00670923 -0.0164844 0.0126042 -0.000259352 -0.00303809 -0.0196015 0.000363326 0.0065391 0.00909226 0.00146849 0.00998054
internal_weight=79177 78817.2 69271.9 9545.27 1934.36 7610.9 68449.6 48589.6 8278.15 40311.5 19860 18490.8 4835.23 3544.78
internal_count=796006 793038 679662 113376 21816 91560 672854 447139 82236 364903 225715 208392 61632 43918
is_linear=0
shrinkage=0.05


Tree=166
num_leaves=15
num_cat=0
split_feature=0 15 3 3 3 2 33 33 15 15 33 34 15 3
split_gain=169.565 434.623 754.358 375.939 330.091 313.766 311.11 302.395 275.328 538.635 607.627 377.355 347.741 921.424
threshold=0.6150000000000001 2.6301797686105899 3444.0000000000005 3576.5000000000005 2082.5000000000005 0.89110000000000011 -5.7099999999999991 -180.59999999999997 2.0613957098106064 2.4414009612931857 -35.034999999999989 0.41650000000000004 2.5983350594391563 1318.5000000000002
decision_type=2 2 2 2 2 2 2 2 2 2 2 2 2 2
left_child=1 6 4 8 5 -3 -1 -6 11 10 -10 -2 13 -11
right_child=3 2 -4 -5 7 -7 -8 -9 9 12 -12 -13 -14 -15
leaf_value=0.017423069280749184 -0.028693810971419632 -0.044097009719962867 0.020765956538462124 -0.039657662170839984 0.002240210655764976 0.040784536852697187 -0.027191120184472225 -0.029833205511138078 -0.032269133229988797 -0.049255779457225875 0.019575400330507475 0.026215580307048736 0.0010291207504689451 0.044715509452315984
leaf_weight=2433.7200291901827 369.33747757971287 151.75766038149595 1362.5577934160829 566.75537546724081 884.11882493644953 384.57692731171846 465.40323612838984 4353.4957525674254 2343.1446040794253 330.54695739224553 744.71932464279234 2044.6789525784552 61114.191935319453 1236.019670303911
leaf_count=26663 2208 1221 14713 5081 11471 3135 5461 47860 25463 2396 10930 24074 605497 9833
internal_value=6.43409e-06 -0.00606478 -0.0126967 0.000892682 -0.0205936 0.0167633 0.0102604 -0.0244192 0.00122981 0.000621072 -0.0197652 0.0178138 0.0016254 0.0248856
internal_weight=78785 10035.6 7136.51 68749.4 5773.95 536.335 2899.12 5237.61 68182.6 65768.6 3087.86 2414.02 62680.8 1566.57
internal_count=796006 110524 78400 685482 63687 4356 32124 59331 680401 654119 36393 26282 617726 12229
is_linear=0
shrinkage=0.05


Tree=167
num_leaves=15
num_cat=0
split_feature=10 7 3 1 11 13 33 33 1 10 3 2 2 1
split_gain=173.13 416.686 364.19 750.304 370.346 642.606 1098.63 504.923 354.54 303.415 257.209 249.941 340.995 249.04
threshold=0.14999999999999997 616.50000000000011 3447.5000000000005 0.28270000000000001 0.84250000000000014 0.14949999999999999 -138.59999999999997 -67.064999999999984 0.29120000000000007 0.039999999999999959 3515.0000000000005 0.051050000000000005 0.051900000000000009 0.21960000000000005
decision_type=2 2 2 2 2 2 2 2 2 2 2 2 2 2
left_child=1 -1 4 13 5 7 -7 -3 -5 -6 -10 -2 -13 -4
right_child=11 2 3 8 9 6 -8 -9 10 -11 -12 12 -14 -15
leaf_value=-0.017035141998486131 0.020344416161369679 -0.002686443208322036 0.048822445406092235 0.029670022299837586 0.026948226020655393 0.016540764457213 -0.026539166045280983 0.0086588100948713879 -0.026601729996354448 0.005420397542006925 0.0088976644089736878 -0.074491474925638415 -0.0053373374410139026 -0.038633756279751068
leaf_weight=2982.4257703460753 944.82349463179708 16366.682234382257 84.998494505882263 972.95288513600826 2775.2973178066313 2191.9403561353683 4555.552136477083 24468.716986393556 921.05247923731804 3989.5284782033414 1143.7975225225091 180.29963383078575 15027.864092132077 1881.5414407812059
leaf_count=25833 12903 138379 685 10862 24875 24972 40490 202885 8554 53281 15678 787 218290 17532
internal_value=5.69968e-06 0.00120111 0.00211751 -0.0107896 0.00330601 0.00174973 -0.0125445 0.00411168 0.0047876 0.0142525 -0.00693781 -0.00460739 -0.00615768 -0.0348514
internal_weight=78487.5 62334.5 59352.1 5004.34 54347.7 47582.9 6747.49 40835.4 3037.8 6764.83 2064.85 16153 15208.2 1966.54
internal_count=796006 564026 538193 53311 484882 406726 65462 341264 35094 78156 24232 231980 219077 18217
is_linear=0
shrinkage=0.05


Tree=168
num_leaves=15
num_cat=0
split_feature=33 33 33 15 33 3 2 2 3 1 15 7 7 31
split_gain=162.1 207.824 172.657 730.55 579.951 464.422 370.679 422.226 365.504 270.665 166.481 147.255 140.255 136.796
threshold=10.485000000000001 9.3300000000000018 -3.8299999999999996 3.5315340190116467 -4.0599999999999996 3029.5000000000005 0.94535000000000013 0.94150000000000011 3450.0000000000005 0.24565000000000001 3.6963395997825512 2625.5000000000005 3362.5000000000005 0.28500000000000009
decision_type=2 2 2 2 2 2 2 2 2 2 2 2 2 2
left_child=1 2 4 9 6 10 7 -1 -8 12 -5 -3 -4 -11
right_child=-2 11 3 5 -6 -7 8 -9 -10 13 -12 -13 -14 -15
leaf_value=0.00017070466359770598 -0.024205624516985921 0.0063603488116160539 -0.0028368254659290842 0.032205733126802291 0.039844569310623162 -0.021090137090267982 0.012952097786728886 -0.014244764643296029 -0.063930406276338017 -0.045442585093609239 -0.022210688025684922 0.053530501741438544 0.079280926024262954 -0.021071661261256484
leaf_weight=58471.750886391848 685.20965241268277 360.31837089732289 479.65920984745026 1449.0693322550505 929.77996083721519 733.69184961542487 6672.8707113172859 5562.7361938767135 158.15683380514383 1158.3068895749748 155.58101814240217 305.88400043919683 58.219197541475296 1145.4985606651753
leaf_count=565077 8925 6554 7125 15406 8623 9960 82837 61513 731 9046 2038 2148 387 15636
internal_value=5.18084e-06 0.000218879 -2.17955e-05 -0.00883763 0.000614278 0.0118617 9.95077e-05 -0.0010816 0.0111711 -0.0258704 0.0269287 0.0280231 0.00606457 -0.0333263
internal_weight=78326.7 77641.5 76975.3 5180.03 71795.3 2338.34 70865.5 64034.5 6831.03 2841.68 1604.65 666.202 537.878 2303.81
internal_count=796006 787081 778379 59598 718781 27404 710158 626590 83568 32194 17444 8702 7512 24682
is_linear=0
shrinkage=0.05


Tree=169
num_leaves=15
num_cat=0
split_feature=10 8 23 3 2 3 3 3 1 15 1 2 3 2
split_gain=156.898 380.308 341.744 763.722 516.949 359.51 559.32 911.458 739.52 491.459 426.514 293.748 252.343 224.962
threshold=0.14999999999999997 0.17125000000000004 0.0011395000000000001 2616.0000000000005 0.94305000000000005 1581.0000000000002 1913.0000000000002 1940.0000000000002 0.27950000000000008 3.5341157718557406 0.21685000000000001 0.93585000000000018 3515.0000000000005 0.051050000000000005
decision_type=2 2 2 2 2 2 2 2 2 2 2 2 2 2
left_child=1 -1 5 11 12 9 8 -8 -7 10 -3 -4 -5 -2
right_child=13 2 3 4 -6 6 7 -9 -10 -11 -12 -13 -14 -15
leaf_value=-0.016319613080995929 0.019529007767276313 0.0081128753125325453 0.02854612749484018 -0.042900912747142 0.046344581355927804 -0.030404689376057031 0.058114180019685824 0.0024795618038371266 0.036687898292655105 -0.047278343312212992 0.048788191526143547 -0.047355237873126399 0.0060719953586714876 -0.0058472988853178936
leaf_weight=2967.169212481007 926.50874630361795 1409.5143451429904 1070.7229670807719 1907.1925209797919 207.66719767451286 2444.6838948838413 747.33838471025229 48895.017679477111 493.55809970386326 245.56581762433052 1187.3871961012483 144.60579331591725 305.09102827124298 15197.627011481673
leaf_count=25833 12903 9391 10783 14511 1479 19422 4352 457643 3657 1599 8626 888 5842 219077
internal_value=4.97019e-06 0.00114724 0.00202482 -0.012826 -0.0290666 0.00299893 0.00206261 0.00331723 -0.0191338 0.0203185 0.0267121 0.0195119 -0.0361472 -0.00438904
internal_weight=78149.6 62025.5 59058.3 3635.28 2419.95 55423.1 52580.6 49642.4 2938.24 2842.47 2596.9 1215.33 2212.28 16124.1
internal_count=796006 564026 538193 33503 21832 504690 485074 461995 23079 19616 18017 11671 20353 231980
is_linear=0
shrinkage=0.05


Tree=170
num_leaves=15
num_cat=0
split_feature=1 2 1 1 2 23 33 2 0 1 33 15 33 33
split_gain=157.33 1138.59 949.645 751.617 547.439 467.613 482.609 617.693 636.383 428.641 403.284 914.805 759.981 722.05
threshold=0.30950000000000005 0.058950000000000009 0.32445000000000007 0.30695000000000006 0.063950000000000021 0.00033150000000000003 -39.374999999999993 0.93165000000000009 0.69500000000000006 0.34735000000000005 -28.774999999999995 2.4414009612931857 -28.174999999999994 -34.044999999999995
decision_type=2 2 2 2 2 2 2 2 2 2 2 2 2 2
left_child=3 -2 -3 5 -4 6 7 -1 -9 -6 11 -7 -12 -13
right_child=1 2 4 -5 9 10 -8 8 -10 -11 12 13 -14 -15
leaf_value=-0.034272505025824532 0.016544828283965366 -0.048324963803923295 -0.034277624807405857 0.030383042654949146 0.023058481988254432 -0.025217030488662379 0.01425557784157524 0.021159539292280583 -0.036592503837749583 -0.007997061987055288 -0.090136188365188039 0.0053312226660735245 -0.0024600971376968314 0.034988945786927725
leaf_weight=3000.965042360127 4229.5454682633281 1717.6621372029185 1485.1264461986721 2108.3033843934536 1472.6841653883457 2293.9615252185613 1315.0024556219578 1371.1115892548114 731.36043147556484 4524.4329611454159 249.63318346440792 27291.96795462817 23999.065397495404 2219.0344482734799
leaf_count=25966 53166 12495 14643 20251 18383 28124 14693 16141 5616 49892 1060 279102 234949 21383
internal_value=-2.79229e-06 -0.00492681 -0.0147982 0.00102116 -0.0071011 3.02108e-05 -0.0127534 -0.019713 0.00106928 -0.000370639 0.00149402 0.00519715 -0.00336306 0.0075614
internal_weight=78009.9 13429.5 9199.91 64580.4 7482.24 62472.1 6418.44 5103.44 2102.47 5997.12 56053.7 31805 24248.7 29511
internal_count=795864 148579 95413 647285 82918 627034 62416 47723 21757 68275 564618 328609 236009 300485
is_linear=0
shrinkage=0.05


Tree=171
num_leaves=15
num_cat=0
split_feature=10 7 23 3 2 3 3 3 1 15 22 2 3 1
split_gain=150.339 332.294 331.17 732.073 457.956 316.32 534.019 855.666 668.431 443.97 413.312 262.254 237.935 226.154
threshold=0.14999999999999997 598.50000000000011 0.0011395000000000001 2616.0000000000005 0.94305000000000005 1581.0000000000002 1913.0000000000002 1940.0000000000002 0.27950000000000008 3.5341157718557406 -0.0020074999999999993 0.93585000000000018 3515.0000000000005 0.32845000000000008
decision_type=2 2 2 2 2 2 2 2 2 2 2 2 2 2
left_child=1 13 5 11 12 9 8 -8 -7 10 -3 -4 -5 -1
right_child=-2 2 3 4 -6 6 7 -9 -10 -11 -12 -13 -14 -15
leaf_value=-0.020227559162409706 -0.0043063749667144689 -0.042830851135655601 0.027605747272211531 -0.041998492491114398 0.044463119732082612 -0.02938831711733322 0.056720139256958561 0.002397947134226937 0.035070064217139561 -0.044867051866987091 0.030668808046658766 -0.045828702084314436 0.0057149512541133721 0.031587773987593055
leaf_weight=2513.7344243656844 16091.627373132855 207.40284918621182 1055.4071743823588 1884.7430776506662 195.54276575893164 2443.6588497441262 735.77682466059923 48684.5959828794 481.34226004593074 249.18145957589149 2446.8267973400652 137.31647004559636 303.31121253222227 229.74961695075035
leaf_count=21736 232101 1254 10807 14568 1459 19728 4399 458353 3642 1702 17215 867 5850 2183
internal_value=-3.24063e-06 0.00112144 0.00191472 -0.0128305 -0.0288324 0.00286921 0.00197818 0.00320682 -0.0187801 0.018933 0.0249241 0.0191482 -0.0353844 -0.0158874
internal_weight=77660.2 61568.6 58825.1 3576.32 2383.6 55248.8 52345.4 49420.4 2925 2903.41 2654.23 1192.72 2188.05 2743.48
internal_count=795864 563763 539844 33551 21877 506293 486122 462752 23370 20171 18469 11674 20418 23919
is_linear=0
shrinkage=0.05


Tree=172
num_leaves=15
num_cat=0
split_feature=33 33 33 33 2 2 3 2 2 2 10 7 9 13
split_gain=150.595 189.231 160.117 535.873 310.159 370.132 344.583 294.064 918.826 199.536 187.421 132.703 123.335 101.799
threshold=10.485000000000001 9.3300000000000018 -3.8299999999999996 -4.0599999999999996 0.94535000000000013 0.94475000000000009 3450.0000000000005 0.94585000000000008 0.8882000000000001 0.068550000000000014 0.11050000000000006 2581.5000000000005 0.72050000000000003 0.06950000000000002
decision_type=2 2 2 2 2 2 2 2 2 2 2 2 2 2
left_child=1 2 3 4 5 -1 -6 8 9 -4 -10 -3 -9 -5
right_child=-2 11 7 13 6 -7 -8 12 10 -11 -12 -13 -14 -15
leaf_value=-0.00039828501321668508 -0.023469829599273139 0.0055645852065857974 -0.0061590975076316092 0.084218365248943355 0.012050465551620003 -0.025494531932998596 -0.062196513889071769 -0.013658259912833037 0.050902456466317483 -0.034292100158583728 0.010462276380462567 0.050276888521741572 -0.04472259987794959 0.03263135825061269
leaf_weight=62011.679129159078 677.59680179879069 350.33472404256463 1439.9954673517495 108.68991538882256 6580.3596925195307 1504.745360661298 159.97355499118567 632.38927008956671 713.4118775986135 1120.8472112901509 478.84308931417763 315.24326296150684 646.00893696770072 794.45772086828947
leaf_count=612177 8978 6430 19815 438 82761 14270 755 10171 4889 11499 8310 2291 4928 8152
internal_value=-3.18282e-06 0.000203737 -2.81639e-05 0.000581331 8.93563e-05 -0.000992871 0.0102874 -0.00864802 -0.00159304 -0.0184734 0.0346628 0.0267464 -0.0293582 0.0388483
internal_weight=77534.6 76857 76191.4 71159.9 70256.8 63516.4 6740.33 5031.5 3753.1 2560.84 1192.25 665.578 1278.4 903.148
internal_count=795864 786886 778165 718553 709963 626447 83516 59612 44513 31314 13199 8721 15099 8590
is_linear=0
shrinkage=0.05


Tree=173
num_leaves=15
num_cat=0
split_feature=0 2 2 0 11 15 23 15 13 0 13 2 15 0
split_gain=151.761 451.778 875.395 422.845 433.345 399.749 343.847 635.482 349.744 916.671 455.808 326.649 246.338 294.047
threshold=0.62500000000000011 0.058950000000000009 0.063950000000000021 0.63500000000000012 0.72850000000000004 3.5932770349567842 0.00024550000000000006 2.7707194825327863 0.14949999999999999 0.64500000000000013 0.040000000000000015 0.055150000000000012 2.6301797686105899 0.54500000000000015
decision_type=2 2 2 2 2 2 2 2 2 2 2 2 2 2
left_child=1 11 -3 4 -2 6 7 -5 10 -10 -8 -1 13 -4
right_child=3 2 12 5 -6 -7 8 -9 9 -11 -12 -13 -14 -15
leaf_value=-0.0048608437125744822 0.038999848256546329 -0.039756652191066749 -0.018591957032155826 -0.047442104790706992 -0.00017996875784666755 -0.035627122532147865 -0.0031684979009742285 0.02280374170232724 -0.034034561294471015 -0.00045451468389762629 0.0083524466314548931 0.031800984705375485 -0.0084411717502145232 0.021931147534736017
leaf_weight=1181.9934186078608 1444.6945270001888 1976.933476485312 607.76463997364044 950.10407982207835 1379.6930982172489 773.8461961299181 13541.262982811779 486.88304297626019 2246.8101656138897 21279.362410249189 23455.970118883997 1250.0269286036491 5096.6338841002434 1698.6224478930235
leaf_count=15599 9625 17578 7197 6376 17385 8279 108003 4387 23762 278033 212056 14096 53505 19983
internal_value=-3.15512e-06 -0.00522007 -0.0101992 0.000936804 0.0198615 8.47581e-05 0.000530834 -0.0236413 0.00110478 -0.00366163 0.0041357 0.0139834 -0.00230563 0.0112524
internal_weight=77370.6 11812 9379.95 65558.6 2824.39 62734.2 61960.4 1436.99 60523.4 23526.2 36997.2 2432.02 7403.02 2306.39
internal_count=795864 127958 98263 667906 27010 640896 632617 10763 621854 301795 320059 29695 80685 27180
is_linear=0
shrinkage=0.05


Tree=174
num_leaves=15
num_cat=0
split_feature=3 3 3 2 33 2 1 13 2 3 0 27 0 33
split_gain=153.907 864.322 804.405 743.116 741.609 722.334 574.24 753.947 554.411 665.215 553.465 485.504 457.203 424.234
threshold=3191.0000000000005 3295.0000000000005 3029.5000000000005 0.94150000000000011 -180.34999999999997 0.93665000000000009 0.26675000000000004 0.18000000000000002 0.94550000000000012 3117.5000000000005 0.7350000000000001 -0.0011774999999999999 0.72500000000000009 -59.504999999999988
decision_type=2 2 2 2 2 2 2 2 2 2 2 2 2 2
left_child=2 10 -1 5 -4 6 12 -8 9 -6 -2 -7 -3 -11
right_child=1 3 4 -5 8 11 7 -9 -10 13 -12 -13 -14 -15
leaf_value=0.0012857828633695712 0.025407283930976132 0.031303333314227848 0.025806179084664527 -0.022831744723933518 -0.038125440111124759 -0.001301962642262241 -0.021429420982973759 0.015444314247882779 0.013219243464062336 -0.034955352054644118 -0.027459313413816445 0.032635298905717591 -0.027509500182651428 0.005757268937164617
leaf_weight=45306.355324620381 5144.3791864365339 1558.8172291852534 993.96816249936819 3470.1438355520368 4095.3530546668917 1711.4396622236818 5212.9563765507191 1888.364338234067 1091.9310504756868 933.10121468640864 547.70431583374739 2742.6205984391272 419.25495155155659 2035.5367416031659
leaf_count=436030 60970 18163 12127 38605 37747 29582 50420 27121 14683 8964 6824 26039 5288 23301
internal_value=-3.47074e-06 0.00345574 -0.00144517 -0.00218977 -0.0149675 0.00310321 -0.00498747 -0.011624 -0.0199369 -0.0250622 0.02032 0.0195954 0.0188371 -0.00704025
internal_weight=77151.9 22695.7 54456.2 17003.6 9149.89 13533.5 9079.39 7101.32 8155.92 7063.99 5692.08 4454.06 1978.07 2968.64
internal_count=795864 263012 532852 195218 96822 156613 100992 77541 84695 70012 67794 55621 23451 32265
is_linear=0
shrinkage=0.05


Tree=175
num_leaves=15
num_cat=0
split_feature=3 3 3 33 11 3 4 10 3 0 0 0 1 34
split_gain=144.858 789.672 731.654 677.361 532.141 443.236 459.823 436.512 423.538 461.828 604.772 419.119 805.293 822.581
threshold=3191.0000000000005 3295.0000000000005 3029.5000000000005 -180.34999999999997 0.7895000000000002 3080.0000000000005 1.0000000180025095e-35 0.040500000000000043 3341.5000000000005 0.67500000000000016 0.66500000000000015 0.6150000000000001 0.27105000000000007 0.41650000000000004
decision_type=2 2 2 2 2 2 2 2 2 2 2 2 2 2
left_child=2 4 11 -4 -2 -5 -7 -8 9 10 -3 -1 -13 -14
right_child=1 8 3 5 -6 6 7 -9 -10 -11 -12 12 13 -15
leaf_value=-0.013225749065210591 0.036200481518225226 -0.029900574521351177 0.024950354087402732 -0.035348781281896238 0.0053182045018446839 -0.024268315052887818 -0.014786087779945485 0.027920745141146227 0.0021194091070546824 -0.039656617750979437 0.021980968954702584 -0.0023046011303285607 -0.019507659723336509 0.017077699118924535
leaf_weight=4547.7310893815011 2596.0699613280594 1086.703725811094 973.25522948987782 2781.8089208938181 3014.7984022703022 2840.2933673597872 1262.030383579433 1137.5571825392544 13200.467315360904 1401.0055249519646 1162.458223246038 26778.985739335418 1756.5893403440714 12252.591414609924
leaf_count=50063 21449 13210 12146 27431 46335 32988 11248 12916 156759 12259 12986 258697 12045 115395
internal_value=-1.66252e-05 0.0033608 -0.00141292 -0.0144392 0.0196074 -0.0192185 -0.0106545 0.00545999 -0.00204903 -0.0171234 -0.0030863 0.00117159 0.00277687 0.0124902
internal_weight=76792.3 22461.5 54330.8 8994.95 5610.87 8021.69 5239.88 2399.59 16850.6 3650.17 2249.16 45335.9 40788.2 14009.2
internal_count=795927 262998 532929 96729 67784 84583 57152 24164 195214 38455 26196 436200 386137 127440
is_linear=0
shrinkage=0.05


Tree=176
num_leaves=15
num_cat=0
split_feature=33 3 3 3 2 33 2 23 0 2 3 0 23 2
split_gain=140.548 166.006 677.475 668.109 708.733 622.57 581.592 775.901 569.901 500.075 601.441 499.108 407.171 509.726
threshold=10.485000000000001 3191.0000000000005 3029.5000000000005 3295.0000000000005 0.94150000000000011 -180.34999999999997 0.93665000000000009 0.0012395000000000004 0.65500000000000014 0.94550000000000012 3117.5000000000005 0.7350000000000001 0.00023450000000000004 0.058750000000000004
decision_type=2 2 2 2 2 2 2 2 2 2 2 2 2 2
left_child=1 2 12 11 6 -4 8 -8 -5 10 -7 -3 -1 -14
right_child=-2 3 5 4 -6 9 7 -9 -10 -11 -12 -13 13 -15
leaf_value=-0.03342414135655071 -0.022906916435823297 0.023804955853138923 0.024186581036882912 -0.016800192736561789 -0.021443163060169076 -0.03639417887657391 0.026358158397556505 -0.039983736098981669 0.009195626858293263 0.01315870788524607 -0.0063746010724476127 -0.026531697335416313 0.012569934167734165 -0.00085098596098458581
leaf_weight=834.33106161095202 664.63476856797934 5001.3498290739954 954.28319587558508 4133.3601397611201 3427.7544739842415 3903.5336076524109 3907.2609754502773 496.67012355476618 4303.0620611887425 1072.9493845626712 2914.077857080847 546.15587898716331 8841.3989559486508 35405.309852443635
leaf_count=6683 8906 60979 12146 43835 38541 37642 49473 6247 50516 14714 32227 6805 80528 346685
internal_value=-1.61643e-05 0.000184733 -0.00130411 0.00386499 -0.00124467 -0.0139563 0.00414748 0.0188755 -0.00354087 -0.0185696 -0.0235631 0.0188489 0.00117826 0.00183081
internal_weight=76406.1 75741.5 53925.9 21815.6 16268.1 8844.84 12840.4 4403.93 8436.42 7890.56 6817.61 5547.51 45081 44246.7
internal_count=795927 787021 530625 256396 188612 96729 150071 55720 94351 84583 69869 67784 433896 427213
is_linear=0
shrinkage=0.05


Tree=177
num_leaves=15
num_cat=0
split_feature=10 13 13 26 3 1 2 1 1 23 33 33 33 23
split_gain=139.887 382.138 501.122 489.533 470.421 334.188 675.256 934.779 341.657 333.711 269.681 572.54 434.634 400.128
threshold=0.040500000000000043 0.049499999999999995 0.049999999999999968 -0.00040149999999999995 2924.5000000000005 0.27105000000000007 0.94135000000000013 0.24645000000000003 0.27830000000000005 0.0011505000000000003 -79.334999999999994 -56.454999999999991 -90.069999999999979 0.00036550000000000005
decision_type=2 2 2 2 2 2 2 2 2 2 2 2 2 2
left_child=1 3 9 4 -1 6 7 -4 -7 -3 12 -12 -5 -13
right_child=-2 2 5 10 -6 8 -8 -9 -10 -11 11 13 -14 -15
leaf_value=-0.00017438669016405569 -0.0024438919079043161 0.040288488360777461 0.0034968391276328573 -0.0037496972519131077 -0.043163005208075429 0.043586209440128816 0.024801306213376763 -0.030249957980433523 0.0077949678879604412 -0.048829923016363137 0.033803078435230068 0.032351165573385056 -0.045924151440607103 -0.004040352532604023
leaf_weight=1156.0141963046044 33319.849962124601 1414.0570418052375 6170.1360306106508 5287.9020040165633 1415.6627990845591 708.85949481278658 1928.2201517596841 3074.4331763274968 11206.897145301104 113.39050975441933 1454.2907552048564 842.72879350185394 690.58809835463762 7275.8682484906167
leaf_count=10144 414962 10004 54197 47066 9968 5200 20330 27386 115959 685 13324 7786 5139 53777
internal_value=-1.53575e-05 0.00187796 0.00593466 -0.00363215 -0.0238396 0.00409967 -0.00211255 -0.00772642 0.00992451 0.03367 -0.000290376 0.00491298 -0.00862204 -0.000262478
internal_weight=76058.9 42739 24616 18123.1 2571.68 23088.5 11172.8 9244.57 11915.8 1527.45 15551.4 9572.89 5978.49 8118.6
internal_count=795927 380965 233761 147204 20112 223072 101913 81583 121159 10689 127092 74887 52205 61563
is_linear=0
shrinkage=0.05


Tree=178
num_leaves=15
num_cat=0
split_feature=13 13 33 23 3 23 3 2 1 1 3 3 2 1
split_gain=132.839 349.781 344.716 292.766 363.799 260.942 742.982 411.819 389.398 1331.94 906.099 841.452 651.012 1254.99
threshold=0.21050000000000005 0.22950000000000001 -27.879999999999995 0.00050850000000000016 2203.0000000000005 0.0011395000000000001 2424.0000000000005 0.94305000000000005 0.25780000000000008 0.25585000000000008 3237.0000000000005 2924.5000000000005 0.92840000000000011 0.27105000000000007
decision_type=2 2 2 2 2 2 2 2 2 2 2 2 2 2
left_child=5 2 -2 -3 -5 8 -7 -8 9 10 11 -1 13 -10
right_child=1 3 -4 4 -6 6 7 -9 12 -11 -12 -13 -14 -15
leaf_value=0.00034805180211947874 0.0046038412170188213 -0.011489453040313128 -0.037939820602834545 0.024294748077144851 -0.0011588229418193863 0.021858113375390939 -0.032670433836388492 0.043316342333262696 -0.029274646211772955 -0.051815112593777524 0.023353015786927927 -0.027493058323369762 0.013924196808949359 0.0049197743604127075
leaf_weight=15428.942203316838 729.18298989906907 4414.3092244882137 1371.8371689878404 1806.2560144923627 6299.0639037508518 1127.6224551871419 2349.266027694568 192.86656942591071 3161.307202603668 1325.1731094047427 3444.9531973320991 3293.0751694664359 13221.613845672458 17742.519554397091
leaf_count=138427 11982 59879 12585 22987 108608 10016 22971 1444 23641 9691 36774 32004 138724 166194
internal_value=-1.47211e-05 -0.00429714 -0.023175 -0.00112892 0.00451369 0.00100689 -0.0119204 -0.026904 0.00183028 -0.00312385 -0.000212792 -0.00454913 0.00524072 -0.000251598
internal_weight=75908 14620.6 2101.02 12519.6 8105.32 61287.3 3669.76 2542.13 57617.6 23492.1 22167 18722 34125.4 20903.8
internal_count=795927 216041 24567 191474 131595 579886 34431 24415 545455 216896 207205 170431 328559 189835
is_linear=0
shrinkage=0.05


Tree=179
num_leaves=15
num_cat=0
split_feature=1 2 1 1 2 3 3 23 3 3 33 2 0 33
split_gain=144.057 999.441 809.407 568.861 420.097 380.966 579.908 375.511 630.629 557.28 403.448 393.253 365.891 352.637
threshold=0.30950000000000005 0.058950000000000009 0.32445000000000007 0.30695000000000006 0.063950000000000021 3073.0000000000005 2203.0000000000005 0.00033150000000000003 2748.0000000000005 2831.0000000000005 -38.969999999999992 0.94640000000000013 0.66500000000000015 -28.774999999999995
decision_type=2 2 2 2 2 2 2 2 2 2 2 2 2 2
left_child=3 -2 -3 7 -4 6 -6 8 10 -10 -1 -11 -5 -9
right_child=1 2 4 12 5 -7 -8 13 9 11 -12 -13 -14 -15
leaf_value=-0.040122127209940892 0.015667212875505772 -0.046044550180050263 -0.031779555190044308 0.036248179756158433 0.023435779830124577 0.011583598773123776 -0.02769543817428434 0.0049227627699566442 0.032598893558271558 -0.019969720933118398 0.055729859521286285 0.022825987000456155 -0.02220798326324127 -0.003184905536496108
leaf_weight=1895.4846457708627 4062.5994165316224 1636.3078029416502 1385.5291994996369 1703.8939749449492 754.64391521550715 2916.145016880706 2090.4479660280049 31054.165167925879 975.15017360076308 2465.2914957627654 116.44378012418747 686.11973677575588 317.50929225981236 23606.276067091152
leaf_count=14171 53101 12478 14615 15933 8817 36321 23095 328938 10118 28483 690 8900 4231 236036
internal_value=-1.44932e-05 -0.00483904 -0.0143242 0.000972049 -0.00706109 -0.00111606 -0.0141328 0.000104464 -0.0116211 -0.000430726 -0.034572 -0.0106519 0.0270656 0.00142129
internal_weight=75666 12845.7 8783.07 62820.3 7146.77 5761.24 2845.09 60798.9 6138.49 4126.56 2011.93 3151.41 2021.4 54660.4
internal_count=795927 148427 95326 647500 82848 68233 31912 627336 62362 47501 14861 37383 20164 564974
is_linear=0
shrinkage=0.05


Tree=180
num_leaves=15
num_cat=0
split_feature=0 2 2 0 15 11 3 3 2 15 3 3 15 31
split_gain=133.747 406.094 696.19 350.221 341.238 336.794 328.64 434.539 381.521 300.221 293.907 287.479 307.868 244.272
threshold=0.62500000000000011 0.058950000000000009 0.063950000000000021 0.63500000000000012 3.5932770349567842 0.72850000000000004 3073.0000000000005 2082.5000000000005 0.93795000000000017 3.5717949193831546 3001.0000000000005 3576.5000000000005 2.0613957098106064 0.29250000000000004
decision_type=2 2 2 2 2 2 2 2 2 2 2 2 2 2
left_child=1 10 -3 5 9 -2 7 -4 -8 11 -1 12 -5 -11
right_child=3 2 6 4 -6 -7 8 -9 -10 13 -12 -13 -14 -15
leaf_value=0.033994650948758455 0.03619546515186816 -0.037223505157985955 0.017679410439804387 0.017860398553731237 -0.033515659243335584 0.00061614950000347338 0.028183391231927125 -0.020774666322358231 -0.0075932218305621692 0.00020663544350805574 -0.0018191575705418577 -0.036965201473736269 -0.00060298337669649786 0.033316087479605815
leaf_weight=1001.6121446453035 1346.3841073811054 1847.7108740322292 955.01932486519217 2353.5052523054183 746.04766024276614 1314.4443477839231 1455.9149653166533 3182.8386693242937 1526.2895352840424 1012.5150360763073 1338.0688615180552 526.41373210772872 55455.956124732271 1238.342275056988
leaf_count=10542 9579 17559 8298 26410 8343 17368 17175 35528 19731 21386 19153 5094 567227 12345
internal_value=-2.409e-05 -0.00503706 -0.00987696 0.000861691 9.12435e-05 0.01862 -0.0027799 -0.0118992 0.00987331 0.000505124 0.0135135 -0.000186256 0.000148717 0.018423
internal_weight=75301.1 11307.5 8967.77 63993.6 61332.8 2660.83 7120.06 4137.86 2982.2 60586.7 2339.68 58335.9 57809.5 2250.86
internal_count=795738 127986 98291 667752 640805 26947 80732 43826 36906 632462 29695 598731 593637 33731
is_linear=0
shrinkage=0.05


Tree=181
num_leaves=15
num_cat=0
split_feature=14 7 3 3 15 2 13 2 3 33 3 3 35 3
split_gain=127.417 282.684 274.361 339.469 398.747 326.306 306.672 454.675 479.411 429.908 382.68 726.867 596.648 263.124
threshold=0.14950000000000002 634.50000000000011 1581.0000000000002 1501.5000000000002 3.4513620057867764 0.9345500000000001 0.040000000000000015 0.056450000000000007 3191.0000000000005 -13.429999999999998 2298.0000000000005 2608.5000000000005 1.0000000180025095e-35 967.50000000000011
decision_type=2 2 2 2 2 2 2 2 2 2 2 2 2 2
left_child=1 -1 3 4 5 -3 7 9 -9 -4 12 -12 -8 -6
right_child=-2 2 6 -5 13 -7 10 8 -10 -11 11 -13 -14 -15
leaf_value=-0.013774855099753692 -0.0039590028213721739 0.039339804548592441 -0.032577594963980126 0.053681874885375541 0.06302138980540882 -0.0053007415832540001 -0.016035239800189904 -0.007489018568492079 0.014202093122345853 0.012208889528341879 0.022644271267373978 0.0023067799121455593 0.019532299706363738 -0.036960332714381754
leaf_weight=3047.0243206880987 16138.729986159131 1020.2558897547424 2338.9139125607908 515.80478260666132 74.554446756839752 683.59371644631028 4978.4509641584009 8030.7277025543153 3730.5633970201015 694.9871230237186 5268.7272767145187 26442.057694328949 1544.9241628590971 555.47971444949508
leaf_count=27661 236658 6624 21074 3925 347 4943 39204 66093 32006 4809 50304 282324 15473 4293
internal_value=-2.27548e-05 0.00105531 0.00186401 0.0169773 0.00886336 0.0214305 0.00105182 -0.0050606 -0.000608754 -0.0223181 0.00341711 0.0056859 -0.00761165 -0.025121
internal_weight=75064.8 58926.1 55879 2849.69 2333.88 1703.85 53029.4 14795.2 11761.3 3033.9 38234.2 31710.8 6523.38 630.034
internal_count=795738 559080 531419 20132 16207 11567 511287 123982 98099 25883 387305 332628 54677 4640
is_linear=0
shrinkage=0.05


Tree=182
num_leaves=15
num_cat=0
split_feature=1 2 1 1 2 2 23 3 3 22 1 33 15 3
split_gain=127.285 855.627 744.512 499.38 355.777 335.265 327.389 576.989 514.627 370.445 362.977 319.786 901.19 806.177
threshold=0.30950000000000005 0.058950000000000009 0.32445000000000007 0.30695000000000006 0.063950000000000021 0.9486500000000001 0.00033150000000000003 2748.0000000000005 2831.0000000000005 0.00069950000000000014 0.25115000000000004 -56.454999999999991 2.7028954204178484 2877.0000000000005
decision_type=2 2 2 2 2 2 2 2 2 2 2 2 2 2
left_child=3 -2 -3 6 -4 -5 7 9 -9 -1 -10 12 13 -8
right_child=1 2 4 5 -6 -7 11 8 10 -11 -12 -13 -14 -15
leaf_value=-0.041779262447584009 0.014470197607569877 -0.04451116311436417 -0.029906846852564575 0.034835433677729254 -0.0010631443994625631 -0.021497225370021081 0.004567884470454405 0.031806795124746184 0.024345078404947908 0.02231836951013394 -0.018575247384883743 -0.0017580628837186646 0.013848908653609927 -0.029044486562800773
leaf_weight=1697.2293006666005 4001.3921230733395 1581.6221659108996 1318.2064503878355 1640.9528765976429 5655.4548455607146 314.71774362027645 4961.3919721692801 958.252795195207 613.68402487784624 259.86998607777059 2494.9740336704999 33043.109863564372 13596.616906387731 2785.3076974954456
leaf_count=12357 53192 12515 14621 15904 68338 4270 55675 10159 7647 2510 29647 319198 156192 33513
internal_value=-2.14138e-05 -0.00461432 -0.0135404 0.000903319 -0.00651572 0.0257694 9.8286e-05 -0.0109614 -0.000226669 -0.0332675 -0.0101018 0.00132331 0.0060938 -0.00751758
internal_weight=74922.8 12556.7 8555.28 62366.1 6973.66 1955.67 60410.4 6024.01 4066.91 1957.1 3108.66 54386.4 21343.3 7746.7
internal_count=795738 148666 95474 647072 82959 20174 626898 62320 47453 14867 37294 564578 245380 89188
is_linear=0
shrinkage=0.05


Tree=183
num_leaves=15
num_cat=0
split_feature=10 13 13 26 23 11 1 1 1 13 13 5 0 1
split_gain=133.353 321.152 422.471 418.064 316.852 288.81 564.881 772.608 654.357 270.413 409.051 259.404 226.287 641.83
threshold=0.040500000000000043 0.049499999999999995 0.049999999999999968 -0.00042749999999999998 0.0011505000000000003 0.83600000000000008 0.22730000000000003 0.23715000000000003 0.19980000000000003 0.12450000000000007 0.15999999999999998 122.81500000000001 0.64500000000000013 0.29610000000000009
decision_type=2 2 2 2 2 2 2 2 2 2 2 2 2 2
left_child=1 3 4 11 -3 6 8 -8 -4 -7 -11 -1 13 -2
right_child=12 2 5 -5 -6 9 7 -9 -10 10 -12 -13 -14 -15
leaf_value=0.003351909862583529 -0.041157302964267867 0.038279357355994546 0.021768984130948979 -0.00018196838604241905 -0.048269255339175941 0.039279635788499676 0.054356941313570745 0.0017732819044856661 -0.039691805355642158 -0.019584245578066442 0.01778164563553588 -0.032801580057829204 6.6805675856779188e-05 -0.0035017359587349558
leaf_weight=693.98496484197676 1340.3919608164579 1360.2201771661639 595.74257725477219 15254.582924077287 114.57840937376022 903.90104950964451 733.58141277357936 14588.585103861988 1585.3818823099136 955.20317433029413 3139.4334428366274 1740.2399669513106 24302.71895563975 7262.7361258994788
leaf_count=4886 8662 9924 6785 127449 701 7739 4226 146936 12686 13355 31401 14662 309399 96927
internal_value=-2.09428e-05 0.00185809 0.00562852 -0.00325262 0.0315525 0.0039293 0.000902155 0.00429118 -0.0229045 0.0145292 0.00906461 -0.0224947 -0.00240017 -0.00936899
internal_weight=74571.3 41665.4 23976.6 17688.8 1474.8 22501.8 17503.3 15322.2 2181.12 4998.54 4094.64 2434.22 32905.8 8603.13
internal_count=795738 380750 233753 146997 10625 223128 170633 151162 19471 52495 44756 19548 414988 105589
is_linear=0
shrinkage=0.05


Tree=184
num_leaves=15
num_cat=0
split_feature=11 2 13 13 3 23 23 3 15 3 3 13 13 1
split_gain=125.816 311.043 358.168 478.307 539.256 322.844 374.069 419.752 389.789 324.946 311.388 295.261 496.256 442.652
threshold=0.7895000000000002 0.94940000000000013 0.040000000000000015 1.0000000180025095e-35 2468.0000000000005 0.00072850000000000009 0.00062950000000000018 3410.0000000000005 3.1600330193091968 3097.5000000000005 2988.5000000000005 0.094000000000000097 0.11000000000000003 0.20050000000000004
decision_type=2 2 2 2 2 2 2 2 2 2 2 2 2 2
left_child=1 2 3 -1 -5 6 8 -8 -4 -7 -6 13 -13 -2
right_child=11 -3 5 4 10 9 7 -9 -10 -11 -12 12 -14 -15
leaf_value=0.0065461162471248426 0.0020290293587224362 0.027015606364597045 0.010177714501498519 0.014413080192956916 -0.028726149165940958 0.027746349713395835 -0.0024665010029604664 -0.047910969930090787 -0.011952177841790479 -0.0028254126862581126 -0.008368283810688661 0.022119375628128584 -0.002192117157006021 -0.034055963541153603
leaf_weight=5984.0830067936331 1694.0679285116494 1211.3544542565942 10306.384300535545 1643.2952081672847 3304.0523546952754 2807.0223024711013 1819.4822909794748 704.919657766819 2465.7879356648773 1258.9884973578155 4353.2015303634107 2241.8820465430617 32924.341425834224 1705.3045109063387
leaf_count=48873 14755 11784 103555 11292 28519 21606 16171 5067 25864 15916 37718 21179 419164 14275
internal_value=-2.00833e-05 0.0021119 0.00124113 -0.00448066 -0.0115754 0.00575785 0.00242913 -0.0151579 0.00590527 0.0182804 -0.0171528 -0.00200242 -0.000642177 -0.0160736
internal_weight=74424.2 35858.6 34647.2 15284.6 9300.55 19362.6 15296.6 2524.4 12772.2 4066.01 7657.25 38565.6 35166.2 3399.37
internal_count=795738 326365 314581 126402 77529 188179 150657 21238 129419 37522 66237 469373 440343 29030
is_linear=0
shrinkage=0.05


Tree=185
num_leaves=15
num_cat=0
split_feature=0 3 1 33 3 3 3 12 33 33 2 2 15 33
split_gain=124.586 627.029 679.668 1100.93 366.395 352.882 833.374 468.214 403.162 723.161 1340.72 949.283 857.313 671.431
threshold=0.64500000000000013 2082.5000000000005 0.29735000000000006 -56.204999999999991 2298.0000000000005 1864.5000000000002 1756.0000000000002 0.059499999999999949 -61.654999999999994 -92.509999999999991 0.057700000000000008 0.055250000000000007 2.4974295509100419 -56.454999999999991
decision_type=2 2 2 2 2 2 2 2 2 2 2 2 2 2
left_child=1 -1 3 -3 -4 6 7 -2 9 10 -7 -11 -12 -10
right_child=5 2 4 -5 -6 8 -8 -9 13 11 12 -13 -14 -15
leaf_value=0.026258048882800613 0.010284154098298665 0.037493851483882699 -0.02992435765215733 -0.050986516868902654 -0.00028236137479236686 -0.02894974782359995 -0.046684996049988804 -0.015831047002850956 0.024062455413748272 0.03031501956974101 -0.028424742784140901 -0.033132518023904878 0.018218213067703777 0.0031055420867960168
leaf_weight=1606.7803558781743 3723.6521137077361 442.97227634489536 1129.8858522623777 1702.4535665437579 13464.674336047843 2583.6695533860475 1213.1157803088427 3183.6410827245563 4423.0150542072952 715.41838643699884 1133.8226468097419 3348.3762236852199 7509.6050505097955 28121.484848799184
leaf_count=13299 32817 3731 12443 11479 162492 24951 9605 27427 58318 9089 13576 35094 92444 289602
internal_value=-9.26197e-07 -0.00357648 -0.00644028 -0.0327168 -0.00257738 0.00117143 -0.00846564 -0.00175266 0.00280741 -0.00388922 0.00265271 -0.0219623 0.0120995 0.00595379
internal_weight=74302.6 18346.8 16740 2145.43 14594.6 55955.8 8120.41 6907.29 47835.4 15290.9 11227.1 4063.79 8643.43 32544.5
internal_count=796367 203444 190145 15210 174935 592923 69849 60244 523074 175154 130971 44183 106020 347920
is_linear=0
shrinkage=0.05


Tree=186
num_leaves=15
num_cat=0
split_feature=10 13 26 3 13 33 1 2 1 1 1 2 2 0
split_gain=130.816 283.704 381.962 396.769 369.551 259.541 258.622 528.797 765.709 290.938 247.122 220.362 331.382 372.979
threshold=0.040500000000000043 0.049499999999999995 -0.00042749999999999998 2924.5000000000005 0.049999999999999968 -22.254999999999995 0.27105000000000007 0.94135000000000013 0.24645000000000003 0.27830000000000005 0.27355000000000007 0.05050000000000001 0.053500000000000006 0.65500000000000014
decision_type=2 2 2 2 2 2 2 2 2 2 2 2 2 2
left_child=1 2 3 -1 5 -3 7 8 -6 -8 -7 -2 -13 -14
right_child=11 4 -4 -5 6 10 9 -9 -10 -11 -12 12 13 -15
leaf_value=0.00087124590141251254 0.013336412220315515 0.043881436922293342 -9.0964528952050362e-06 -0.039987308974766773 0.0034093094954747469 0.045199329720512077 0.041237939899825181 0.022541549496049824 -0.027952160683225837 0.0070991291303011406 -0.032317034144789529 -0.027167790525637288 -0.0099133931717754614 0.0018988877146677121
leaf_weight=1085.9583995770663 2091.6265382803977 1008.5209759064019 15166.872940940782 1311.9305422119796 5968.6439754888415 167.41825115680695 662.19448491185904 1854.8760596849024 2887.9600768685341 10819.484752399847 266.10475840047002 1403.6235455349088 10363.678015118465 18815.133589765057
leaf_count=9746 25544 6804 127726 9819 54173 1111 5226 20372 27262 116390 2744 14946 137045 237459
internal_value=-1.66283e-06 0.00187207 -0.00294089 -0.021484 0.00544887 0.0299752 0.00385509 -0.0017331 -0.00681723 0.00906839 -0.00237818 -0.00236432 -0.00343818 -0.0022966
internal_weight=73874 41200 17564.8 2397.89 23635.2 1442.04 22193.2 10711.5 8856.6 11481.7 433.523 32674.1 30582.4 29178.8
internal_count=796367 381373 147291 19565 234082 10659 223423 101807 81435 121616 3855 414994 389450 374504
is_linear=0
shrinkage=0.05


Tree=187
num_leaves=15
num_cat=0
split_feature=33 33 1 1 1 3 1 2 1 33 23 3 13 1
split_gain=119.38 143.211 128.875 1214.73 534.291 651.823 524.76 920.958 456.359 853.404 502.026 416.557 243.166 191.819
threshold=10.485000000000001 9.3300000000000018 0.25780000000000008 0.25585000000000008 0.26550000000000001 549.00000000000011 0.26840000000000003 0.92730000000000012 0.24980000000000002 -32.689999999999991 0.00033650000000000005 2203.0000000000005 0.21000000000000005 0.25745000000000001
decision_type=2 2 2 2 2 2 2 2 2 2 2 2 2 2
left_child=1 2 3 8 5 -4 7 -6 9 -1 -10 -8 -7 -5
right_child=-2 -3 4 13 6 12 11 -9 10 -11 -12 -13 -14 -15
leaf_value=0.0051256743632727758 -0.021425083492033675 0.02363270169864054 -0.08652717039019972 -0.059750895641792534 -0.047753284947356367 0.030365690646844634 0.015233478737080159 0.021413051511399078 -0.03445623635883395 -0.014494998008047162 0.027297149201217487 -0.00061066177434251987 -0.0014392266283388953 -0.010509846482417012
leaf_weight=13908.836861332878 644.47491104155779 645.48320204764605 139.15022486448288 1033.4201914742589 1409.3611491173506 2870.287227127701 4712.4339242428541 730.74208377674222 381.6395757496357 9212.7595678269863 2387.6585010588169 34651.232157150283 760.10642792470753 244.64047759212554
leaf_count=150423 8953 8731 592 5421 10557 25930 45259 9973 3562 83026 27751 395428 16479 4282
internal_value=-1.51484e-06 0.000187423 -2.15136e-05 -0.00274386 0.00161219 0.0196353 -2.4788e-05 -0.0241364 -0.000394809 -0.00269218 0.0187859 0.00128616 0.0237067 -0.050327
internal_weight=73732.2 73087.8 72442.3 27169 45273.3 3769.54 41503.8 2140.1 25890.9 23121.6 2769.3 39363.7 3630.39 1278.06
internal_count=796367 787414 778683 274465 504218 43001 461217 20530 264762 233449 31313 440687 42409 9703
is_linear=0
shrinkage=0.05


Tree=188
num_leaves=15
num_cat=0
split_feature=10 13 13 33 33 23 33 33 33 15 11 1 1 1
split_gain=124.292 267.428 328.245 286.425 873.746 545.435 496.271 462.912 394.816 345.464 269.915 489.519 709.164 582.214
threshold=0.040500000000000043 0.049499999999999995 0.049999999999999968 -14.034999999999998 -21.859999999999996 0.00094450000000000014 -6.3149999999999986 -79.334999999999994 -28.774999999999995 3.497385124232657 0.83600000000000008 0.22730000000000003 0.23715000000000003 0.19980000000000003
decision_type=2 2 2 2 2 2 2 2 2 2 2 2 2 2
left_child=1 3 -3 4 5 7 9 -1 -7 -5 11 13 -13 -4
right_child=-2 2 10 6 -6 8 -8 -9 -10 -11 -12 12 -14 -15
leaf_value=-0.0073302648023406015 -0.0023073515333035975 0.028779568681046721 0.020568030824152435 0.040408714603531598 -0.043412556196803571 -0.013617704867416761 -0.0074984419081724736 0.013472359730738934 -0.067341664036735069 -0.020744529720638102 0.014190459331245023 0.052799058289692315 0.0016135617452884975 -0.038148752348349912
leaf_weight=5728.0952652525157 32554.234083361924 1402.1928609721363 585.66607416048646 1360.0602124109864 1408.343106534332 1331.5712057203054 1906.349014557898 5015.920167516917 460.0924226641655 278.10919554531574 4891.7476756200194 710.11644984036684 14337.098670376465 1511.8205550722778
leaf_count=54745 414994 10659 6787 9403 9648 9032 19500 40439 2511 2013 52745 4225 147055 12611
internal_value=-1.64601e-06 0.00183236 0.00532357 -0.00284668 -0.00607282 -0.00187751 0.00984467 0.00238162 -0.0274168 0.0300262 0.00383093 0.000875069 0.00402947 -0.0217535
internal_weight=73481.4 40927.2 23438.6 17488.5 13944 12535.7 3544.52 10744 1791.66 1638.17 22036.4 17144.7 15047.2 2097.49
internal_count=796367 381373 234082 147291 116375 106727 30916 95184 11543 11416 223423 170678 151280 19398
is_linear=0
shrinkage=0.05


Tree=189
num_leaves=15
num_cat=0
split_feature=0 1 1 11 1 15 2 0 1 1 33 33 15 5
split_gain=120.045 135.558 204.378 570.274 439.783 305.201 310.555 254.985 254.279 295.393 195.253 161.89 157.185 128.731
threshold=0.78500000000000014 0.19830000000000003 0.21260000000000004 0.83600000000000008 0.21905000000000005 2.6301797686105899 0.9295500000000001 0.70500000000000007 0.22410000000000005 0.23960000000000004 -188.92499999999998 -4.7799999999999985 2.6301797686105899 663.28500000000008
decision_type=2 2 2 2 2 2 2 2 2 2 2 2 2 2
left_child=1 11 3 5 -4 6 -3 -5 -6 -10 -7 12 -1 -14
right_child=-2 2 4 7 8 10 -8 -9 9 -11 -12 -13 13 -15
leaf_value=-0.057862698796423341 -0.029795254099152596 0.077774556402092687 0.033102467005054044 -0.044045257247744406 -0.021864877357629459 0.042137828163590088 -0.015029392472448633 0.024241097212908815 0.010734135118223147 -0.00077738277524880435 -0.031282232179284795 -0.019834987809340784 0.025547783467783372 0.000292288891272113
leaf_weight=70.636751886457205 336.44641424529254 141.43932077288628 1012.2798537425697 154.34073024988174 1315.6555836088955 93.772571377456188 248.19475766643882 1190.821838952601 6173.1655981987715 57294.260136274621 2573.7861189059913 371.6615530140698 1639.9800728186965 728.7575295008719
leaf_count=412 3002 652 10819 1105 15581 695 3980 15802 57648 629549 18204 5228 18229 15461
internal_value=-1.77921e-06 0.000135559 -0.000295587 -0.0107254 0.000402284 -0.0226622 0.0186703 0.0164034 -0.000108729 0.000342301 -0.0286998 0.0109018 0.0155855 0.0177781
internal_weight=73345.2 73008.8 70197.7 4402.36 65795.4 3057.19 389.634 1345.16 64783.1 63467.4 2667.56 2811.04 2439.37 2368.74
internal_count=796367 793365 754035 40438 713597 23531 4632 16907 702778 687197 18899 39330 34102 33690
is_linear=0
shrinkage=0.05


Tree=190
num_leaves=15
num_cat=0
split_feature=10 7 3 1 3 3 3 33 33 33 15 23 1 0
split_gain=115.326 252.675 237.32 589.637 281.87 250.239 592.828 538.036 532.986 426.035 535.262 529.79 185.363 185.248
threshold=0.14999999999999997 598.50000000000011 3447.5000000000005 0.28270000000000001 3469.0000000000005 3191.0000000000005 3008.5000000000005 -180.34999999999997 -100.08999999999999 -183.91499999999996 3.538891571506309 0.00061650000000000019 0.40750000000000003 0.70500000000000007
decision_type=2 2 2 2 2 2 2 2 2 2 2 2 2 2
left_child=1 12 5 -4 -5 6 8 -8 -3 11 -11 -7 -1 -2
right_child=13 2 3 4 -6 9 7 -9 -10 10 -12 -13 -14 -15
leaf_value=-0.017118618747232098 -0.0058391017467203932 -0.0081084599161718608 -0.031074852544103887 -0.020925282413348005 0.014843331000273692 0.028892143639235007 0.027397336063067153 -0.017016269851877645 0.007388711766737702 0.016662141578199684 -0.015320941613767841 -0.038370221584945373 0.045897870966186721 0.010779771310471994
leaf_weight=2485.4145100936294 13673.577228015289 7247.3812567554414 1836.8810943029821 750.35687844455242 2070.0755687933415 425.32739670947194 763.78435677289963 6353.9458124246448 23662.930453440174 9448.1628284659237 1518.3286447785795 938.68210212141275 122.35016087442636 1911.1210274323821
leaf_count=23038 199972 71956 18277 8341 26749 4756 8810 68592 205631 100455 17903 8772 791 32265
internal_value=1.48539e-05 0.00104691 0.00176776 -0.00903058 0.00532693 0.00276644 0.000759428 -0.01225 0.00375516 0.00895615 0.0122339 -0.0173958 -0.0141604 -0.00380111
internal_weight=73208.3 57623.6 55015.9 4657.31 2820.43 50358.5 38028 7117.73 30910.3 12330.5 10966.5 1364.01 2607.76 15584.7
internal_count=796308 564071 540242 53367 35090 486875 354989 77402 277587 131886 118358 13528 23829 232237
is_linear=0
shrinkage=0.05


Tree=191
num_leaves=15
num_cat=0
split_feature=0 1 15 2 1 3 33 3 15 15 33 15 1 15
split_gain=116.977 302.72 514.477 295.308 253.641 342.228 252.564 248.465 220.905 329.827 484.504 286.954 732.974 297.64
threshold=0.6150000000000001 0.35400000000000004 2.8265409023160699 0.066400000000000015 0.35890000000000005 2203.0000000000005 -174.09999999999997 3576.5000000000005 2.0613957098106064 2.4414009612931857 -35.034999999999989 2.5983350594391563 0.19980000000000003 2.6667018695222073
decision_type=2 2 2 2 2 2 2 2 2 2 2 2 2 2
left_child=1 2 -1 -3 -5 -6 -4 8 -2 10 -10 12 -11 -13
right_child=7 3 6 4 5 -7 -8 -9 9 11 -12 13 -14 -15
leaf_value=0.015165436266889593 0.016360795803405544 0.029420494618921485 0.011191780714696981 0.026366670573738871 0.022160864055128522 -0.018546055523587249 -0.028375413617342551 -0.034642889796284944 -0.02839913245626241 -0.045817217048867688 0.018715367899139652 -0.0090358043128325287 0.041311317414153649 0.0020667434440386121
leaf_weight=1145.6351435445249 2270.088167257607 917.48433820903301 462.64168991521001 624.533586807549 678.22465881146491 2161.845089957118 3142.3051643744111 491.37540822848678 2101.5024508945644 304.85456273332238 736.95548371225595 6866.6806556358933 1157.9942174628377 49925.83430752717
leaf_count=15006 26248 10008 8009 7627 8004 25272 36668 5070 25514 2395 10964 76823 9886 528814
internal_value=1.40215e-05 -0.00527886 -0.0140217 0.00419927 -0.00248038 -0.00882458 -0.0232974 0.000771023 0.00104571 0.000476611 -0.0161665 0.00128756 0.023152 0.000724341
internal_weight=72988 9132.67 4750.58 4382.09 3464.6 2840.07 3604.95 63855.3 63363.9 61093.8 2838.46 58255.4 1462.85 56792.5
internal_count=796308 110594 59683 50911 40903 33276 44677 685714 680644 654396 36478 617918 12281 605637
is_linear=0
shrinkage=0.05


Tree=192
num_leaves=15
num_cat=0
split_feature=14 13 26 3 13 33 11 11 1 1 13 13 2 3
split_gain=119.447 248.126 321.374 361.286 286.239 245.407 236.77 439.152 437.284 223.972 215.925 342.513 211.204 746.196
threshold=0.040500000000000008 0.049499999999999995 -0.00042749999999999998 2924.5000000000005 0.049999999999999968 -22.254999999999995 0.83600000000000008 0.82850000000000013 0.23060000000000003 0.27355000000000007 0.12450000000000007 0.16500000000000001 0.064150000000000013 2468.0000000000005
decision_type=2 2 2 2 2 2 2 2 2 2 2 2 2 2
left_child=1 2 3 -1 5 -3 7 8 -6 -7 -8 -12 13 -2
right_child=12 4 -4 -5 6 9 10 -9 -10 -11 11 -13 -14 -15
leaf_value=0.0015363512072727281 0.033948968231317267 0.041329844649977319 -2.3504112671561236e-05 -0.038095659851398643 -0.019025343338210141 0.043181453664875864 0.036619479012784076 -0.024818281400854604 0.0066693170796734841 -0.032605558348231804 -0.016587886676156259 0.017175240937169399 -0.0051802295636776199 -0.0021369165038601142
leaf_weight=1056.3559276200831 1687.4590041898191 955.13204281404614 14873.4635284096 1261.9414840228856 1886.0926555208862 154.54175128787756 839.19535889849067 1498.4751141872257 13558.36756176874 263.6661785505712 1001.7927294187248 3001.5156085658818 21203.847024058923 9481.261538606137
leaf_count=9749 16949 6818 127604 9809 18260 1087 7741 13714 138749 2708 15103 29836 273012 125169
internal_value=1.3171e-05 0.0018282 -0.0027225 -0.0200376 0.00520638 0.0273452 0.00381064 0.00102391 0.00353136 -0.00459611 0.0135606 0.00872611 -0.00224916 0.00331548
internal_weight=72723.1 40350.5 17191.8 2318.3 23158.8 1373.34 21785.4 16942.9 15444.5 418.208 4842.5 4003.31 32372.6 11168.7
internal_count=796308 381178 147162 19558 234016 10613 223403 170723 157009 3795 52680 44939 415130 142118
is_linear=0
shrinkage=0.05


Tree=193
num_leaves=15
num_cat=0
split_feature=1 1 1 33 0 23 3 3 15 1 33 33 33 33
split_gain=110.031 446.726 401.591 636.493 300.249 277.956 511.855 422.542 332.297 300.079 282.447 681.725 451.481 381.264
threshold=0.30950000000000005 0.30695000000000006 0.31875000000000003 -13.589999999999998 0.66500000000000015 0.00033150000000000003 2748.0000000000005 2831.0000000000005 3.5207687006297159 0.25115000000000004 -164.21499999999997 -114.74999999999999 -169.58499999999995 -56.454999999999991
decision_type=2 2 2 2 2 2 2 2 2 2 2 2 2 2
left_child=1 5 3 -2 -3 6 8 -8 -1 -9 12 -12 -7 -13
right_child=2 4 -4 -5 -6 10 7 9 -10 -11 11 13 -14 -15
leaf_value=-0.036968795878389422 -0.047451524742138901 0.033444079508135355 -0.00019993243337603297 0.0085939837779703283 -0.020607824019612073 0.002852284038495293 0.029948706233563077 0.022887685768333527 0.052056000430090447 -0.016881250339039304 -0.02789771388004187 0.0089125292747178949 0.031861283887219448 -0.0016239624323340055
leaf_weight=1771.3702387865633 1224.945396695286 1595.1889251023531 10142.249385870993 863.73023112490773 306.17114138975739 4883.5975450407714 906.51767723634839 591.1444833651185 111.32663194835186 2398.9412914570421 2111.1709476187825 11714.238788245246 1849.0275299325585 32146.234783310443
leaf_count=14237 8573 16034 126958 13045 4242 69505 10095 7651 702 29808 19390 138353 18570 319145
internal_value=1.30741e-05 0.000889023 -0.00431152 -0.0242757 0.0247396 0.000113576 -0.0102958 4.75858e-05 -0.0317021 -0.00901837 0.00125503 -0.000145735 0.0108196 0.00119013
internal_weight=72615.9 60384.9 12230.9 2088.68 1901.36 58483.6 5779.3 3896.6 1882.7 2990.09 52704.3 45971.6 6732.63 43860.5
internal_count=796308 647732 148576 21618 20276 627456 62493 47554 14939 37459 564963 476888 88075 457498
is_linear=0
shrinkage=0.05


Tree=194
num_leaves=15
num_cat=0
split_feature=10 13 26 13 23 11 11 0 13 3 3 3 3 15
split_gain=113.255 238.305 292.642 260.921 261.226 247.7 404 230.954 215.22 443.016 304.224 244.175 492.342 361.244
threshold=0.039999999999999959 0.049499999999999995 -0.0010434999999999999 0.050000000000000024 0.0011505000000000003 0.83600000000000008 0.82850000000000013 0.7350000000000001 1.0000000180025095e-35 2468.0000000000005 3191.0000000000005 2486.0000000000005 2468.0000000000005 2.9311048556253598
decision_type=2 2 2 2 2 2 2 2 2 2 2 2 2 2
left_child=1 2 -1 4 -3 6 7 -5 11 -10 -11 12 -4 -13
right_child=-2 3 8 5 -6 -7 -8 -9 9 10 -12 13 -14 -15
leaf_value=-0.028807909158161133 -0.0021185011667063428 0.03342567765212659 0.0016263377467948458 0.0049128973077402086 -0.047189395073550057 0.014174549859684846 -0.024288593792822371 -0.023435092681351768 0.014203845373053645 -0.019813648234287086 0.00057523987759964298 0.02369282170764651 -0.072529436725399313 -0.0091692975251736718
leaf_weight=1004.4064544755965 33490.849153256044 1216.3494316004217 1851.2155511714518 13986.101615894586 109.45221471786499 4565.5835175756365 1440.0953120011836 757.30131295323372 2190.8358067721128 4402.5721606556326 3130.4264807347208 2759.1743555720896 254.51394771039486 1199.8916486948729
leaf_count=8146 426594 9764 15389 144084 687 49801 13400 7088 15508 41613 27992 25284 1115 9843
internal_value=1.25083e-05 0.00184871 -0.00264003 0.00526343 0.0267674 0.00388927 0.000987585 0.00345664 -0.000975171 -0.00558544 -0.0113409 0.00641656 -0.00733969 0.0137332
internal_weight=72358.8 38867.9 16793 22074.9 1325.8 20749.1 16183.5 14743.4 15788.6 9723.83 7533 6064.8 2105.73 3959.07
internal_count=796308 369714 144890 224824 10451 214373 164572 151172 136744 85113 69605 51631 16504 35127
is_linear=0
shrinkage=0.05


Tree=195
num_leaves=15
num_cat=0
split_feature=33 33 23 33 33 23 3 3 10 15 11 34 15 11
split_gain=110.403 627.511 363.139 356.595 338.485 264.391 323.683 375.63 279.722 198.301 190.018 183.611 165.503 132.659
threshold=-180.83499999999995 -178.96499999999995 0.00057150000000000007 -184.69499999999996 -174.09999999999997 0.00025950000000000002 462.00000000000006 967.50000000000011 0.080000000000000057 2.3502401828962087 0.84250000000000014 0.83350000000000013 2.6301797686105899 0.85950000000000004
decision_type=2 2 2 2 2 2 2 2 2 2 2 2 2 2
left_child=2 -2 9 12 10 8 -7 -8 -6 -1 -3 -10 -4 -14
right_child=1 4 3 -5 5 6 7 -9 11 -11 -12 -13 13 -15
leaf_value=-0.021908434653009737 -0.0318190549384764 0.035218189969861792 -0.02057143612637987 -0.047226106748590735 -0.033634458120409973 -0.046469439058653694 0.030257938978274498 -0.00012369547586214423 0.025738100553329497 0.019506584188188025 -0.0065752238511669354 -0.046080014080225537 0.016192992196846143 -0.0099574121622913805
leaf_weight=314.20464392751455 1576.2270851638168 1043.6462722197175 715.45148714631796 458.66742914170027 1162.695135679096 370.52258913218975 1035.1638487875462 58853.71872706525 413.44382420182228 3597.1969286501408 367.77120718732476 113.30341573804617 1408.8976148590446 739.43230224959552
leaf_count=3248 16563 9785 10101 3432 10069 2186 7219 642864 4980 45421 8444 809 14435 15715
internal_value=-4.64506e-06 -0.000657359 0.00585453 -0.00630048 0.000117907 -0.000433735 0.000113217 0.000401493 -0.0199414 0.0161792 0.0243284 0.0102842 0.000255645 0.00719226
internal_weight=72170.3 64936.5 7233.85 3322.45 63360.3 61948.8 60259.4 59888.9 1689.44 3911.4 1411.42 526.747 2863.78 2148.33
internal_count=795271 702919 92352 43683 686356 668127 652269 650083 15858 48669 18229 5789 40251 30150
is_linear=0
shrinkage=0.05


Tree=196
num_leaves=15
num_cat=0
split_feature=0 3 1 33 3 3 3 33 33 2 2 15 33 33
split_gain=110.006 532.915 636.117 987.235 313.982 292.456 783.134 357.289 620.715 1119.76 836.917 614.381 549.844 632.771
threshold=0.64500000000000013 2082.5000000000005 0.29735000000000006 -56.204999999999991 2298.0000000000005 1864.5000000000002 1756.0000000000002 -61.654999999999994 -92.509999999999991 0.057700000000000008 0.055250000000000007 2.4974295509100419 -56.454999999999991 -51.774999999999991
decision_type=2 2 2 2 2 2 2 2 2 2 2 2 2 2
left_child=1 -1 3 -3 -4 6 -2 8 9 -7 -10 -11 -9 -14
right_child=5 2 4 -5 -6 7 -8 12 10 11 -12 -13 13 -15
leaf_value=0.024578030756202057 -0.0011672644999417728 0.036019869788423024 -0.028010833654465151 -0.049380686896476927 -0.00014663611925539187 -0.027245224724884467 -0.045317745035195631 0.022341132795179356 0.029114688008261919 -0.024990144212704082 -0.031409748448725607 0.01640127956863249 -0.019229860748326933 0.0056152711057448059
leaf_weight=1552.2927137725055 6696.7733784224838 425.37009654194117 1095.4962602555752 1653.9974502082914 13093.415402332321 2450.3012990411371 1181.520082000643 4254.4778415076435 692.76545846834779 1023.691743504256 3252.0152184925973 7211.7519617732614 2861.3338955845684 24550.427672320977
leaf_count=13259 60090 3739 12487 11496 162059 24941 9602 58429 9028 13381 35053 92450 24860 264397
internal_value=-4.55133e-06 -0.00341227 -0.00608319 -0.0319097 -0.00229815 0.0011164 -0.00778907 0.00263185 -0.00383021 0.00242724 -0.0207802 0.011256 0.00561748 0.00302179
internal_weight=71995.6 17820.6 16268.3 2079.37 14188.9 54175.1 7878.29 46296.8 14630.5 10685.7 3944.78 8235.44 31666.2 27411.8
internal_count=795271 203040 189781 15235 174546 592231 69692 522539 174853 130772 44081 105831 347686 289257
is_linear=0
shrinkage=0.05


Tree=197
num_leaves=15
num_cat=0
split_feature=13 13 33 23 3 2 2 1 3 0 3 3 34 34
split_gain=112.042 298.647 240.048 228.785 526.974 353.477 295.908 277.483 740.862 738.795 734.747 669.508 618.063 614.476
threshold=0.21050000000000005 0.22950000000000001 -24.894999999999996 0.0011395000000000001 2424.0000000000005 0.94305000000000005 0.93585000000000018 0.27105000000000007 3234.5000000000005 0.66500000000000015 2846.5000000000005 3450.0000000000005 0.41650000000000004 0.41650000000000004
decision_type=2 2 2 2 2 2 2 2 2 2 2 2 2 2
left_child=3 2 -2 7 6 -6 -5 8 9 -1 13 -10 -11 -9
right_child=1 -3 -4 4 5 -7 -8 10 11 12 -12 -13 -14 -15
leaf_value=-0.043114158256883951 0.0014926667798099355 -0.0010327636765882396 -0.034634716249954976 0.029245657432807923 -0.029907554262016772 0.041935888860354036 -0.046390866757793074 -0.011560138319708462 0.026065260323069151 0.011683368860387532 0.00039749806268369545 -0.023251745312074058 -0.0078181595660117616 0.02649522265644922
leaf_weight=1220.1723792999983 711.83674525097013 12105.440204139799 1298.4604329057038 888.03351655229926 2220.5709523446858 185.42533271759748 151.25384914875031 1304.793793477118 3682.7709780298173 5337.3071264587343 18968.007280401886 846.24168830364943 17014.559366991743 5670.1278465557843
leaf_count=9934 12506 191171 12071 9032 22905 1447 973 9796 42468 57184 211668 9132 155521 49463
internal_value=-5.12806e-06 -0.00399656 -0.0218427 0.00097492 -0.0115175 -0.0243692 0.0182344 0.00177132 -0.00167108 -0.00522971 0.00550009 0.0168501 -0.00316144 0.0193762
internal_weight=71605 14115.7 2010.3 57489.3 3445.28 2406 1039.29 54044 28101.1 23572 25942.9 4529.01 22351.9 6974.92
internal_count=795271 215748 24577 579523 34357 24352 10005 545166 274239 222639 270927 51600 212705 59259
is_linear=0
shrinkage=0.05


Tree=198
num_leaves=15
num_cat=0
split_feature=14 23 3 2 0 13 1 3 22 1 1 1 3 3
split_gain=109.73 216.13 260.61 251.664 243.108 511.539 481.578 743.364 421.517 651.516 375.697 650.993 710.983 481.668
threshold=0.040500000000000008 0.0011505000000000003 2616.0000000000005 0.93585000000000018 0.66500000000000015 0.094000000000000097 0.26745000000000008 3234.5000000000005 -0.00056049999999999991 0.24025000000000002 0.29150000000000004 0.27105000000000007 3237.0000000000005 3576.5000000000005
decision_type=2 2 2 2 2 2 2 2 2 2 2 2 2 2
left_child=1 4 3 -3 10 6 7 -6 -7 -10 11 12 -1 -13
right_child=-2 2 -4 -5 5 8 -8 -9 9 -11 -12 13 -14 -15
leaf_value=-0.036460150756810708 -0.0021827616729922319 0.027852331851171065 -0.024800307570269173 -0.047189799381708641 -0.005913295268582178 0.030174314873173076 -0.021944154565546995 0.031663816367288537 0.024531540454209529 -0.014994554612678027 0.0015091340863708116 0.031025387574346582 0.044498370703158978 -0.030773035654498921
leaf_weight=951.27445426955819 31938.733456149697 540.53064000606537 1538.0102847181261 140.73247170448303 9781.0016575232148 1985.6931334193796 3560.4144675061107 1520.644080426544 1850.0141123831272 2388.3702792488039 10246.187037792057 4199.4163474105299 379.21936739981174 340.82362307608128
leaf_count=8790 414671 4835 15391 904 86215 16571 34476 14173 19903 26594 106105 40293 2850 3500
internal_value=-4.47986e-06 0.0017603 -0.0133973 0.0123458 0.00266453 -0.000869117 -0.00590886 -0.000857034 0.0111649 0.00225838 0.00728765 0.0173727 -0.0133836 0.0263858
internal_weight=71361.1 39422.3 2219.27 681.263 37203.1 21086.1 14862.1 11301.6 6224.08 4238.38 16116.9 5870.73 1330.49 4540.24
internal_count=795271 380600 21130 5739 359470 197932 134864 100388 63068 46497 161538 55433 11640 43793
is_linear=0
shrinkage=0.05


Tree=199
num_leaves=15
num_cat=0
split_feature=0 1 15 2 1 3 33 3 15 15 33 15 1 15
split_gain=108.102 262.801 452.311 257.615 231.45 295.557 224.462 216.471 188.593 236.055 405.331 252.519 630.01 230.946
threshold=0.6150000000000001 0.35400000000000004 2.8265409023160699 0.066400000000000015 0.35890000000000005 2203.0000000000005 -174.09999999999997 3576.5000000000005 2.0613957098106064 2.4414009612931857 -35.034999999999989 2.5983350594391563 0.19980000000000003 2.6667018695222073
decision_type=2 2 2 2 2 2 2 2 2 2 2 2 2 2
left_child=1 2 -1 -3 -5 -6 -4 8 -2 10 -10 12 -11 -13
right_child=7 3 6 4 5 -7 -8 -9 9 11 -12 13 -14 -15
leaf_value=0.01408488818047684 0.015353352155970203 0.027895507810495941 0.010426660745372053 0.02552750144872952 0.020378869093661944 -0.017716201472429013 -0.027186289478250483 -0.033014721505054023 -0.025736107934549141 -0.043479800551335074 0.017947540413093398 -0.0080508229949174861 0.03937115767167855 0.0018175237914436334
leaf_weight=1130.7919996250421 2203.9798220582306 879.74922667443752 456.00462015718222 606.38870784640312 670.26282932236791 2117.1108926665038 3044.8915225099772 471.46636004373431 1973.8499323744327 289.521458953619 726.36629601381719 6749.6567718852311 1104.5228506065905 48740.442378548905
leaf_count=14959 26309 9991 8010 7553 8001 25291 36536 5088 25335 2394 10986 76796 9898 528124
internal_value=-3.76771e-06 -0.00515644 -0.0134069 0.00378562 -0.00246491 -0.00855531 -0.0222869 0.00073324 0.000990802 0.000459517 -0.0139848 0.0011452 0.0221624 0.000617154
internal_weight=71165 8905.2 4631.69 4273.51 3393.76 2787.37 3500.9 62259.8 61788.3 59584.4 2700.22 56884.1 1394.04 55490.1
internal_count=795271 110341 59505 50836 40845 33292 44546 684930 679842 653533 36321 617212 12292 604920
is_linear=0
shrinkage=0.05


Tree=200
num_leaves=15
num_cat=0
split_feature=10 7 3 23 34 3 22 11 13 13 0 29 1 2
split_gain=114.424 196.812 214.324 222.788 219.078 252.336 191.534 189.372 221.809 204.869 174.462 162.397 161.281 143.838
threshold=0.14999999999999997 598.50000000000011 1305.0000000000002 0.00028450000000000008 0.83350000000000013 1034.5000000000002 -0.005798499999999999 0.83600000000000008 0.14949999999999999 0.12450000000000007 0.70500000000000007 10.265260227130119 0.32845000000000008 0.064150000000000013
decision_type=2 2 2 2 2 2 2 2 2 2 2 2 2 2
left_child=1 12 3 -3 5 -5 -4 8 -8 -9 11 13 -1 -2
right_child=10 2 6 4 -6 -7 7 9 -10 -11 -12 -13 -14 -15
leaf_value=-0.016369714287718554 0.0020702393280402397 -0.054028374486480207 -0.048240144509271207 -0.016758169655193247 0.060070781125183881 0.036574785307641765 0.0012984581011239679 0.029441661243420954 -0.009940301254550617 0.0053106732616745042 0.01040440595158496 -0.039562557892170225 0.029047282420950529 -0.0088500399824445637
leaf_weight=2321.3301285132766 4710.9059804528952 91.288256958127022 195.04466761648655 387.48742241412401 355.62336777150631 518.37960051186383 37398.818244017661 985.443479180336 4973.9830586798489 8180.0460842847824 1891.2123322822154 347.16980596631765 213.35445148684084 8378.0652794055641
leaf_count=21665 72768 483 1314 2470 1944 4759 358236 10943 55099 104550 32182 3061 2178 124191
internal_value=1.13384e-05 0.00106542 0.00171533 0.0213612 0.0268206 0.0137621 0.00120157 0.00138877 -2.08377e-05 0.00790545 -0.00381375 -0.0058151 -0.0125458 -0.00491969
internal_weight=70948.2 55620.8 53086.1 1352.78 1261.49 905.867 51733.3 51538.3 42372.8 9165.49 15327.4 13436.1 2534.68 13089
internal_count=795843 563641 539798 9656 9173 7229 530142 528828 413335 115493 232202 200020 23843 196959
is_linear=0
shrinkage=0.05


Tree=201
num_leaves=15
num_cat=0
split_feature=10 3 3 3 3 3 3 34 15 33 15 33 1 3
split_gain=107.241 208.629 396.954 303.158 491.575 474.689 895.133 449.896 370.506 366.79 322.85 519.035 457.24 287.072
threshold=0.039999999999999959 3447.5000000000005 3512.5000000000005 3191.0000000000005 3008.5000000000005 2949.5000000000005 2924.5000000000005 0.41650000000000004 3.538891571506309 -180.34999999999997 2.7707194825327863 -64.484999999999985 0.30950000000000005 3576.5000000000005
decision_type=2 2 2 2 2 2 2 2 2 2 2 2 2 2
left_child=1 3 -3 4 5 6 -1 -7 10 -6 11 -5 -12 -4
right_child=-2 2 13 8 9 7 -8 -9 -10 -11 12 -13 -14 -15
leaf_value=0.0037917626997857855 -0.0020727240033930148 -0.028014129027527174 0.025129687663155667 -0.015256138511533632 0.029015883209529515 -0.037504739537332112 -0.043529352667481314 0.035307808188179947 -0.017077646905927012 -0.018032367214438957 0.035385796435301847 0.02467496357205488 -0.0036083225905952083 -0.019579797986824358
leaf_weight=18543.925324937329 32994.201099058613 1592.3511394783854 924.08929965645075 1706.7124847695231 455.59742208570242 240.66160533949733 1056.172914352268 1785.9520997349173 1002.9499284848571 4556.3757742494345 2857.451898958534 1555.2904068175703 1020.1347669325769 587.02050437778234
leaf_count=165273 426297 16221 11753 18908 5041 2275 8673 15398 11616 53415 25550 15168 12895 7360
internal_value=1.13032e-05 0.00182631 -0.010595 0.00293466 0.000353844 0.00362363 0.0012416 0.0266599 0.0113778 -0.0137551 0.0153754 0.00378279 0.0251272 0.00776126
internal_weight=70878.9 37884.7 3103.46 34781.2 26638.7 21626.7 19600.1 2026.61 8142.54 5011.97 7139.59 3262 3877.59 1511.11
internal_count=795843 369546 35334 334212 250075 191619 173946 17673 84137 58456 72521 34076 38445 19113
is_linear=0
shrinkage=0.05


Tree=202
num_leaves=15
num_cat=0
split_feature=33 33 33 15 33 3 3 2 3 2 2 31 7 5
split_gain=99.1853 118.13 112.525 444.704 396.907 274.531 223.296 217.701 245.403 242.706 107.9 101.546 100.234 94.2341
threshold=10.485000000000001 9.3300000000000018 -3.8299999999999996 3.5315340190116467 -4.0599999999999996 3029.5000000000005 3469.0000000000005 0.94535000000000013 3450.0000000000005 0.94475000000000009 0.92210000000000014 0.28500000000000009 2603.5000000000005 41.865000000000002
decision_type=2 2 2 2 2 2 2 2 2 2 2 2 2 2
left_child=1 2 4 6 7 10 11 9 -9 -1 -5 -4 -3 -8
right_child=-2 12 3 5 -6 -7 13 8 -10 -11 -12 -13 -14 -15
leaf_value=-0.000365897718806695 -0.019875841925938893 0.003782490861013866 -0.038888968493889203 0.0063118458390843237 0.03499040332772909 -0.017092846266056658 0.087132864646095806 0.01043238718408078 -0.055775772321671781 -0.021581558053125165 0.03384677356847874 -0.016945536842979572 0.04408384552051247 0.0034061362589619796
leaf_weight=56241.945393908769 621.36402448639274 344.21085753664374 1095.1913145147264 634.07117561995983 825.03807954490185 663.12743458896875 36.376204282045364 6143.6939886193722 143.12232302129269 1381.0586681626737 810.72974152490497 1017.0493301339447 279.53710967302322 427.25342844426632
leaf_count=612399 8925 6481 9895 8844 8557 9959 211 82678 746 14338 8656 15273 2209 6672
internal_value=1.10758e-05 0.000187526 -7.13136e-06 -0.00749091 0.000534358 0.00953987 -0.0214277 8.94964e-05 0.00892426 -0.000874413 0.021764 -0.0283245 0.021848 0.00999268
internal_weight=70663.8 70042.4 69418.7 4683.8 64734.9 2107.93 2575.87 63909.8 6286.82 57623 1444.8 2112.24 623.748 463.63
internal_count=795843 786918 778228 59510 718718 27459 32051 710161 83424 626737 17500 25168 8690 6883
is_linear=0
shrinkage=0.05


Tree=203
num_leaves=15
num_cat=0
split_feature=10 7 3 23 22 3 1 3 34 3 0 29 33 1
split_gain=98.3013 183.569 211.565 186.848 178.736 163.522 456.677 232.433 159.69 179.178 149.418 146.721 137.107 129.453
threshold=0.14999999999999997 634.50000000000011 1305.0000000000002 0.00028450000000000008 -0.005798499999999999 3447.5000000000005 0.28270000000000001 3191.0000000000005 0.83350000000000013 1034.5000000000002 0.70500000000000007 10.265260227130119 -3.9549999999999996 0.31535000000000007
decision_type=2 2 2 2 2 2 2 2 2 2 2 2 2 2
left_child=1 13 3 -3 -4 7 -7 -6 9 -5 11 12 -2 -1
right_child=10 2 4 8 5 6 -8 -9 -10 -11 -12 -13 -14 -15
leaf_value=-0.01451325364285036 -0.002972056553762635 -0.052889667025364108 -0.047065507527401171 -0.011760579608150541 0.00020844452637415697 -0.027935539555937944 0.005024433569436171 0.0083950280442723277 0.058690134105547555 0.035592904509556093 0.0097254379135414421 -0.037692603040537648 -0.021318154191128785 0.023211711133459448
leaf_weight=2643.5509955398738 11987.83019547537 77.060352295637131 191.12768444046378 338.68801684677601 34976.157741613686 1722.605248209089 2694.9726458322257 11527.812275620177 301.3207897990942 486.78696009330451 1865.439793985337 342.15869932994246 1112.8359977062792 248.71504536271095
leaf_count=24959 180008 418 1314 2181 342059 18161 34999 130420 1675 4588 32182 3061 16951 2867
internal_value=1.04135e-05 0.000993432 0.00167134 0.0223885 0.00118334 0.00136453 -0.00782843 0.00223782 0.027541 0.0161649 -0.0035348 -0.00537496 -0.00453062 -0.0112685
internal_weight=70517.1 55208.8 52316.5 1203.86 51112.7 50921.5 4417.58 46504 1126.8 825.475 15308.3 13442.8 13100.7 2892.27
internal_count=795843 563641 535815 8862 526953 525639 53160 472479 8444 6769 232202 200020 196959 27826
is_linear=0
shrinkage=0.05


Tree=204
num_leaves=15
num_cat=0
split_feature=10 13 26 3 13 23 11 1 1 1 2 2 1 1
split_gain=92.5585 198.68 237.816 342.669 226.98 218.957 204.934 344.162 610.329 439.488 191.508 296.75 287.67 466.809
threshold=0.039999999999999959 0.049499999999999995 -0.00040149999999999995 2924.5000000000005 0.050000000000000024 0.0011505000000000003 0.83600000000000008 0.23060000000000003 0.23715000000000003 0.19980000000000003 0.05050000000000001 0.053500000000000006 0.29505000000000009 0.29555000000000003
decision_type=2 2 2 2 2 2 2 2 2 2 2 2 2 2
left_child=1 2 3 -1 5 -3 7 9 -9 -6 -2 -12 -13 -14
right_child=10 4 -4 -5 6 -7 -8 8 -10 -11 11 12 13 -15
leaf_value=0.0033401575306708006 0.012657515016723129 0.031487029909956936 -3.5647266145000738e-05 -0.035827291991817591 0.019058697673666431 -0.044653526642233148 0.013118560168067296 0.051375280368698983 0.0013171871699887061 -0.034451006329024911 -0.02502912615150886 0.0011425988108829546 -0.045587830633055361 -0.0058506938809859358
leaf_weight=1046.0095865279436 2106.9821438007057 1171.0566704422235 13995.762611469254 1197.8429719973356 537.12107637897134 102.61335457861423 4396.0887391138822 638.48867893591523 13103.370267540216 1343.0752308852971 1446.7522692270577 21558.392286092043 826.66995479539037 6967.9259798415005
leaf_count=10036 26339 9819 124843 9924 6353 692 49728 3987 141902 12262 15808 283315 5560 95275
internal_value=9.9554e-06 0.0017071 -0.0024584 -0.0175694 0.00488419 0.0253497 0.00358194 0.000898237 0.0036434 -0.0191645 -0.0019257 -0.00292337 -0.00183373 -0.0100656
internal_weight=70438.2 37531.4 16239.6 2243.85 21291.8 1273.67 20018.1 15622.1 13741.9 1880.2 32906.7 30799.7 29353 7794.6
internal_count=795843 369546 144803 19960 224743 10511 214232 164504 145889 18615 426297 399958 384150 100835
is_linear=0
shrinkage=0.05


Tree=205
num_leaves=15
num_cat=0
split_feature=1 2 1 1 2 0 3 3 2 1 1 1 2 2
split_gain=87.9276 655.647 584.11 352.192 306.616 260.96 254.254 391.536 250.576 232.872 331.164 607.609 715.086 377.389
threshold=0.30950000000000005 0.058950000000000009 0.32445000000000007 0.30695000000000006 0.063950000000000021 0.66500000000000015 3073.0000000000005 2203.0000000000005 0.93795000000000017 0.30285000000000006 0.29610000000000009 0.29505000000000009 0.94510000000000016 0.053500000000000006
decision_type=2 2 2 2 2 2 2 2 2 2 2 2 2 2
left_child=3 -2 -3 9 -4 -5 7 -6 -8 10 11 13 -13 -1
right_child=1 2 4 5 6 -7 8 -9 -10 -11 -12 12 -14 -15
leaf_value=-0.010901884011982986 0.013107767331703185 -0.04075792552921037 -0.02797031381209596 0.031149545261137064 0.019539987332466965 -0.019787744952598628 0.025395861551260553 -0.023598238707600167 -0.004789121414487096 -0.019852823723248477 0.019235051800418013 -0.052954223148363892 0.01630467828759689 0.0023584499128090994
leaf_weight=6089.6503973919898 3834.4963188357651 1448.8152433373034 1254.6123568378389 1495.1278090588748 727.47368214093149 302.20514495298266 1357.0205318406224 1898.5889654904604 1393.459616471082 1424.997017364949 2289.5713006108999 1115.5750243216753 559.57605638355017 45123.987331766635
leaf_count=64542 53254 12481 14590 15930 8733 4270 17040 23048 19261 18584 26863 6259 8525 502466
internal_value=-3.72381e-06 -0.00391824 -0.0119983 0.000794891 -0.0057142 0.0225843 -0.000520328 -0.0116478 0.0101038 0.000102971 0.00061837 -0.000187586 -0.029819 0.000781688
internal_weight=70315.2 11914.5 8079.97 58400.7 6631.16 1797.33 5376.54 2626.06 2750.48 56603.4 55178.4 52888.8 1675.15 51213.6
internal_count=795846 148407 95153 647439 82672 20200 68082 31781 36301 627239 608655 581792 14784 567008
is_linear=0
shrinkage=0.05


Tree=206
num_leaves=15
num_cat=0
split_feature=33 33 23 33 33 23 3 3 10 11 15 15 33 11
split_gain=90.597 515.867 286.486 317.403 266.227 223.383 277.188 302.693 226.527 167.062 155.707 135.422 126.655 120.671
threshold=-180.83499999999995 -178.96499999999995 0.00057150000000000007 -184.69499999999996 -174.09999999999997 0.00025950000000000002 462.00000000000006 967.50000000000011 0.070500000000000076 0.84250000000000014 2.3502401828962087 2.6301797686105899 -173.08999999999997 0.85950000000000004
decision_type=2 2 2 2 2 2 2 2 2 2 2 2 2 2
left_child=2 -2 10 11 9 8 -7 -8 -6 -3 -1 -4 -10 -13
right_child=1 4 3 -5 5 6 7 -9 12 -11 -12 13 -14 -15
leaf_value=-0.019753630633181477 -0.029731241023028484 0.032875640801287499 -0.018476772541752114 -0.044938381924771183 -0.031772349181990227 -0.043605735445982237 0.027643318696975411 -9.5778616279540993e-05 -0.050943060639188992 -0.0066307686592914908 0.01786632439011147 0.015739717923467126 0.018981519224655005 -0.0092960129408685178
leaf_weight=298.92683850042522 1484.116641735658 979.13655931130052 691.69334482774138 439.94477744400501 1085.2158649228513 360.27409283444285 1000.5547529645264 57244.090832535177 75.970132291316986 368.18048739433289 3432.610390599817 1379.046407699585 435.50024994835258 739.24453265592456
leaf_count=3298 16414 9824 10250 3448 9825 2210 7244 643297 440 8497 45385 14422 5518 15774
internal_value=-4.30978e-06 -0.000602893 0.0054 -0.00545306 9.95206e-05 -0.000392442 0.000110302 0.000380784 -0.0188441 0.0220801 0.0148522 0.000730338 0.0085875 0.00700268
internal_weight=70014.5 63033 6981.47 3249.93 61548.9 60201.6 58604.9 58244.6 1596.69 1347.32 3731.54 2809.98 511.47 2118.29
internal_count=795846 703269 92577 43894 686855 668534 652751 650541 15783 18321 48683 40446 5958 30196
is_linear=0
shrinkage=0.05


Tree=207
num_leaves=15
num_cat=0
split_feature=33 33 33 33 2 2 2 11 2 10 2 9 7 13
split_gain=88.4398 107.518 101.694 361.719 235.265 611.588 195.55 227.945 222.707 151.807 136.262 98.8407 89.9633 80.2491
threshold=10.485000000000001 9.3300000000000018 -3.8299999999999996 -4.0599999999999996 0.94585000000000008 0.8882000000000001 0.94535000000000013 0.77500000000000013 0.94475000000000009 0.11050000000000006 0.068550000000000014 0.72050000000000003 2625.5000000000005 0.094000000000000097
decision_type=2 2 2 2 2 2 2 2 2 2 2 2 2 2
left_child=1 2 3 6 5 10 8 -8 -1 -7 -4 -6 -3 -5
right_child=-2 12 4 13 11 9 7 -9 -10 -11 -12 -13 -14 -15
leaf_value=-0.00035911882661222286 -0.018973448346957272 0.0042534033072795189 -0.0045097728011111666 0.073509856051869091 -0.012140782281682184 0.046037265450887564 0.022285614755755641 0.0018272710216981403 -0.020785375213463159 0.0082378325070092198 -0.029064963710116999 -0.040800581724462028 0.042577962016605901 0.02754345662843536
leaf_weight=55665.423531761393 608.99722039699554 354.18808227404952 1311.4261157885194 110.0244824141264 613.58078490197659 638.65939753130078 2021.4782332740724 4170.2005824800581 1367.1061248891056 454.79332624189556 992.54294090904295 590.34463966265321 269.68070610240102 691.88655302673578
leaf_count=612320 8911 6583 19839 466 10194 4899 20182 63266 14295 8260 11496 4913 2132 8090
internal_value=-4.25043e-06 0.000162592 -2.52654e-05 0.000490719 -0.00720486 -0.000474388 6.74417e-05 0.00850683 -0.000848785 0.0303178 -0.0150889 -0.0261963 0.0208242 0.0338586
internal_weight=69860.3 69251.3 68627.5 64026.1 4601.35 3397.42 63224.2 6191.68 57032.5 1093.45 2303.97 1203.93 623.869 801.911
internal_count=795846 786935 778220 718619 59601 44494 710063 83448 626615 13159 31335 15107 8715 8556
is_linear=0
shrinkage=0.05


Tree=208
num_leaves=15
num_cat=0
split_feature=22 6 2 2 3 1 23 3 15 34 15 18 2 10
split_gain=86.1148 116.287 99.7878 866.312 671.297 777.855 924.762 595.762 414.41 423.987 372.736 353.87 377.494 323.522
threshold=-0.004785499999999999 0.064238401150268201 0.062400000000000004 0.06270000000000002 2964.5000000000005 0.23805000000000001 0.00024550000000000006 3021.5000000000005 2.6301797686105899 0.83350000000000013 2.7962285914078522 0.00025585683331710184 0.068350000000000008 0.064000000000000071
decision_type=2 2 2 2 2 2 2 2 2 2 2 2 2 2
left_child=1 -1 4 -4 5 8 -7 -6 -2 -10 11 -5 -13 -8
right_child=2 -3 3 10 7 6 13 -9 9 -11 -12 12 -14 -15
leaf_value=-0.05034814466659291 0.047249803345452146 -0.0062006749558012452 -0.054330942883313742 0.016793835468192891 -0.03729703575479195 -0.038984809784082836 0.037646648950578177 -0.00086396995639904473 -0.03034236263764592 0.0432555090720931 -0.0052130593558277526 -0.015379588878165358 0.0037579589824266292 0.014954332662398937
leaf_weight=187.36050594598055 248.96047778613865 730.30798359587789 751.09171467646956 4336.7147569078952 1253.8368185162544 578.53417330235243 3366.6163553521037 10670.34379745461 1621.8393274396658 222.44703168049455 20806.453292666003 2979.9965106360614 19039.566689822823 2944.6566392388195
leaf_count=1009 2457 11512 4600 43838 11964 4697 28147 140859 16107 1410 221546 30940 236360 40400
internal_value=-3.99007e-06 -0.0152188 0.000198908 -0.00105876 0.00308114 0.0134035 0.0215133 -0.00469522 -0.0132893 -0.0214636 -0.000210259 0.00373911 0.00116794 0.0270595
internal_weight=69738.7 917.668 68821.1 47913.8 20907.2 8983.05 6889.81 11924.2 2093.25 1844.29 47162.7 26356.3 22019.6 6311.27
internal_count=795846 12521 783325 537284 246041 93218 73244 152823 19974 17517 532684 311138 267300 68547
is_linear=0
shrinkage=0.05


Tree=209
num_leaves=15
num_cat=0
split_feature=13 13 23 3 23 3 2 1 1 3 3 2 1 3
split_gain=86.8059 238.599 190.276 305.404 182.682 443.364 338.524 264.306 984.476 501.739 509.113 378.016 920.504 752.831
threshold=0.21050000000000005 0.22950000000000001 0.00046650000000000006 2203.0000000000005 0.0011395000000000001 2616.0000000000005 0.94305000000000005 0.25780000000000008 0.25585000000000008 3237.0000000000005 2924.5000000000005 0.92840000000000011 0.27105000000000007 2964.5000000000005
decision_type=2 2 2 2 2 2 2 2 2 2 2 2 2 2
left_child=4 -2 -3 -4 7 -6 -7 8 9 10 -1 12 -9 -14
right_child=1 2 3 -5 5 6 -8 11 -10 -11 -12 -13 13 -15
leaf_value=0.00052332797756241944 -0.019851275899300632 -0.01123968204237783 0.019395405372996426 -0.0023888628302207084 0.013099960404027389 -0.030729995013861325 0.04112112728013928 -0.026026634480872713 -0.046842864664564471 0.018578469636360579 -0.022271015077196255 0.011540364651200221 0.0178658462970008 -0.0042277504103381165
leaf_weight=14394.875795422122 1930.5163050983101 3244.3568711914122 2130.937455592677 6566.4298678245395 1248.9210174195468 1908.7010205108672 179.24706487357616 2846.9972657561302 1189.9308006148785 3068.2955009993166 2951.8728473484516 11934.045909613371 6539.3192395418882 9395.1756824404001
leaf_count=138483 24432 48555 27661 115421 13894 19053 1431 23661 9661 36704 31910 138739 59412 106829
internal_value=-4.02007e-06 -0.00354274 -0.000906132 0.00294865 0.000877987 -0.0104647 -0.02456 0.00160141 -0.00263589 -5.89781e-05 -0.00335566 0.00458188 0.000160318 0.00483924
internal_weight=69529.6 13872.2 11941.7 8697.37 55657.4 3336.87 2087.95 52320.5 21605 20415 17346.7 30715.5 18781.5 15934.5
internal_count=795846 216069 191637 143082 579777 34378 20484 545399 216758 207097 170393 328641 189902 166241
is_linear=0
shrinkage=0.05


Tree=210
num_leaves=15
num_cat=0
split_feature=0 1 15 2 1 3 33 3 1 15 2 23 15 3
split_gain=94.1276 236.972 382.67 211.429 204.273 240.554 194.043 188.9 163.826 733.279 605.98 812.474 563.628 492.937
threshold=0.6150000000000001 0.35400000000000004 2.8265409023160699 0.066400000000000015 0.35890000000000005 2148.0000000000005 -174.09999999999997 3576.5000000000005 0.27105000000000007 2.7707194825327863 0.94120000000000015 0.00094450000000000014 2.2532604939306951 2468.0000000000005
decision_type=2 2 2 2 2 2 2 2 2 2 2 2 2 2
left_child=1 2 -1 -3 -5 -6 -4 8 -2 12 11 -11 -10 -14
right_child=7 3 6 4 5 -7 -8 -9 9 10 -12 -13 13 -15
leaf_value=0.012828945429940447 -0.0013656790648246275 0.026105253960250787 0.0094992346073971765 0.024508026415003308 0.021514868436977985 -0.015554316015791847 -0.025777561918573829 -0.03153422906673084 0.013123108822980213 0.01801982544676398 -0.013767203341278723 -0.0091328191928581638 0.032250592343281863 -0.023432275034039614
leaf_weight=1098.2882939204574 33975.961866274476 842.93702447041869 449.09602753818035 594.91494062915444 551.62717441096902 2116.6617035064846 2950.8108882512897 451.40287974476814 1919.2218828462064 13266.069230871275 2553.5766861978918 3477.0630434174091 434.49456496536732 4652.3404538538307
leaf_count=15036 376877 10047 8028 7585 6048 27175 36624 5070 24301 150647 34678 39940 4433 49200
internal_value=-6.98784e-06 -0.00490133 -0.0128291 0.00378348 -0.00198321 -0.00789032 -0.0211177 0.000686457 0.000927797 0.00389033 0.00892069 0.012381 -0.00996464 -0.0186756
internal_weight=69334.5 8604.34 4498.2 4106.14 3263.2 2668.29 3399.91 60730.1 60278.7 26302.8 19296.7 16743.1 7006.06 5086.84
internal_count=795689 110543 59688 50855 40808 33223 44652 685146 680076 303199 225265 190587 77934 53633
is_linear=0
shrinkage=0.05


Tree=211
num_leaves=15
num_cat=0
split_feature=33 33 23 33 33 23 3 3 10 11 15 34 2 11
split_gain=92.8515 484.174 236.16 263.99 232.362 196.037 246.97 264.666 196.908 148.818 140.031 139.655 126.973 140.985
threshold=-180.83499999999995 -178.96499999999995 0.00057150000000000007 -184.69499999999996 -174.09999999999997 0.00025950000000000002 462.00000000000006 967.50000000000011 0.070500000000000076 0.84250000000000014 2.3502401828962087 0.83350000000000013 0.9295500000000001 0.85950000000000004
decision_type=2 2 2 2 2 2 2 2 2 2 2 2 2 2
left_child=2 -2 10 12 9 8 -7 -8 -6 -3 -1 -10 13 -4
right_child=1 4 3 -5 5 6 7 -9 11 -11 -12 -13 -14 -15
leaf_value=-0.019113686162258326 -0.028944230245911723 0.031381837177037859 0.022650942960916871 -0.041698849369217812 -0.030420113423224482 -0.041840896504218003 0.025977159621840436 -0.0001153516665405534 0.021576383962165491 -0.005860750108224436 0.017038615631264586 -0.042129668750633287 -0.010591865271141161 -0.0086056936404591191
leaf_weight=290.83602312393486 1472.5672540329397 945.59606379643083 951.18219529092312 413.12337381392717 1038.8437132649124 349.13437759131193 988.77720256894827 56491.726707253605 393.90501894056797 374.40219446085393 3377.9369380809367 109.95918245986104 1267.8587426263839 581.10406179539859
leaf_count=3294 16544 9860 9907 3473 9760 2179 7240 642946 5117 8519 45442 858 18807 11743
internal_value=-6.40472e-06 -0.000616476 0.00550425 -0.00439265 7.08818e-05 -0.000390431 7.88438e-05 0.000333535 -0.0179804 0.0208188 0.0141723 0.0076681 0.00111266 0.0107974
internal_weight=69047 62164.9 6882.04 3213.27 60692.3 59372.3 57829.6 57480.5 1542.71 1320 3668.77 503.864 2800.14 1532.29
internal_count=795689 703023 92666 43930 686479 668100 652365 650186 15735 18379 48736 5975 40457 21650
is_linear=0
shrinkage=0.05


Tree=212
num_leaves=15
num_cat=0
split_feature=0 1 15 2 1 34 3 33 2 1 15 1 34 3
split_gain=88.5394 217.353 344.367 189.643 187.381 228.225 174.111 173.688 155.038 149.796 654.271 584.829 640.372 592.422
threshold=0.6150000000000001 0.35400000000000004 2.8265409023160699 0.066400000000000015 0.35890000000000005 0.22500000000000003 3576.5000000000005 -174.09999999999997 0.071300000000000016 0.27105000000000007 2.7707194825327863 0.28470000000000001 0.41650000000000004 2616.0000000000005
decision_type=2 2 2 2 2 2 2 2 2 2 2 2 2 2
left_child=1 2 -1 -3 -5 -6 9 -4 -7 -2 -11 12 -12 -13
right_child=6 3 7 4 5 8 -8 -9 -10 10 11 13 -14 -15
leaf_value=0.011937272709929879 -0.0012947991922378328 0.025062036899434054 0.0087252013040895523 0.02374899510129181 0.024706241470469063 0.0090637599069807399 -0.030643580370756304 -0.02491370861036157 -0.021893442113134171 -0.0094344698277070288 -0.047101757452946411 0.022554300287391978 0.027456556441030885 -0.0022287613225431351
leaf_weight=1089.7470980547369 33942.78482041508 819.43253460898995 442.4926736690104 583.66941165551543 453.50738759711385 536.39162028767169 440.74085573107004 2887.2969378046691 1643.4148021209985 6917.1003677714616 306.26504629850388 3092.9556362815201 4804.6806163657457 10940.933720741421
leaf_count=15036 376877 10047 8028 7585 4855 7211 5070 36624 21157 77934 2167 29508 53602 139988
internal_value=-6.13808e-06 -0.0047982 -0.012459 0.00358984 -0.00188018 -0.00756153 0.000664248 -0.0204433 -0.0142756 0.000894258 0.00374526 0.00850717 0.0229879 0.00323335
internal_weight=68901.4 8455.95 4419.54 4036.42 3216.98 2633.31 60445.5 3329.79 2179.81 60004.7 26061.9 19144.8 5110.95 14033.9
internal_count=795689 110543 59688 50855 40808 33223 685146 44652 28368 680076 303199 225265 55769 169496
is_linear=0
shrinkage=0.05


Tree=213
num_leaves=15
num_cat=0
split_feature=10 7 11 11 13 23 1 22 7 2 2 1 1 1
split_gain=90.8107 170.838 219.929 220.906 230.489 218.15 295.056 205.228 176.429 166.527 219.412 205.409 277.749 259.689
threshold=0.070500000000000076 634.50000000000011 0.83600000000000008 0.82850000000000013 0.14949999999999999 0.0011175000000000002 0.2758500000000001 0.0030925000000000002 2451.5000000000005 0.05050000000000001 0.051600000000000007 0.28690000000000004 0.28555000000000003 0.28470000000000001
decision_type=2 2 2 2 2 2 2 2 2 2 2 2 2 2
left_child=1 -1 3 5 -5 7 -7 -3 -4 -2 -11 12 13 -12
right_child=9 2 8 4 -6 6 -8 -9 -10 10 11 -13 -14 -15
leaf_value=-0.012097266456743562 0.013774457918990924 0.003018772827096517 0.014878124147550532 0.0093996683539290613 -0.031804203773281095 0.01274555911373261 -0.028525780020504446 -0.032636138034161558 -0.01799333081425997 -0.056029823382776969 0.00014157808515685014 -0.0091948783431036706 0.028726932874675204 -0.036756833320508546
leaf_weight=2223.032691154629 1505.831197720021 31877.853030495346 4567.6133986469358 512.15933438017964 1005.8813010994345 651.5271512567997 1291.1150685995817 408.66299940645695 448.17349327169359 196.04562024772167 14196.789996145293 8468.2025796901435 824.33038941770792 493.31934439763427
leaf_count=21988 21564 318290 54889 4903 9720 6394 11935 3979 4965 1158 200437 122357 8591 4519
internal_value=-5.39781e-06 0.00140008 0.0021362 0.000760475 -0.0179031 0.00158824 -0.0146842 0.00256738 0.0119407 -0.00235763 -0.00336238 -0.00293162 0.000487078 -0.00109778
internal_weight=68670.5 42986 40763 35747.2 1518.04 34229.2 1942.64 32286.5 5015.79 25684.5 24178.7 23982.6 15514.4 14690.1
internal_count=795689 437063 415075 355221 14623 340598 18329 322269 59854 358626 337062 335904 213547 204956
is_linear=0
shrinkage=0.05


Tree=214
num_leaves=15
num_cat=0
split_feature=33 33 33 23 33 23 0 3 33 3 33 11 15 15
split_gain=85.5022 445.399 211.935 207.666 242.885 185.451 405.486 358.541 234.252 206.321 194.996 137.567 126.126 116.177
threshold=-180.83499999999995 -178.96499999999995 -174.09999999999997 0.00057150000000000007 -184.69499999999996 0.00042150000000000005 0.70500000000000007 1305.0000000000002 3.4550000000000005 462.00000000000006 -146.72499999999997 0.84250000000000014 2.3502401828962087 2.6301797686105899
decision_type=2 2 2 2 2 2 2 2 2 2 2 2 2 2
left_child=3 -2 11 12 13 6 7 -4 -8 -7 -11 -3 -1 -5
right_child=1 2 5 4 -6 9 8 -9 -10 10 -12 -13 -14 -15
leaf_value=-0.018102155952039907 -0.027969498384373043 0.030455528363661402 0.033398516281195299 -0.016959884248978162 -0.04029008066416051 -0.039055611447729122 0.021450190037702998 -0.010585188589251154 -0.039124438874017599 0.019526378853495202 0.00086737938561707185 -0.0053900961365397626 0.016278043156337976 0.0069906555890319466
leaf_weight=289.95712285675108 1450.5223620999604 921.56400847434998 482.61676172167063 665.46958768367767 402.52279121801257 316.18195840343833 1746.1766468547285 11541.95285916701 175.5660127364099 1446.8530997633934 43329.46561457403 377.1620463412255 3324.080687860027 2116.1325352359563
leaf_count=3294 16544 9860 4251 10217 3473 2018 18302 135875 1543 18681 487430 8519 45442 30240
internal_value=-5.47546e-06 -0.000591055 6.71716e-05 0.00531675 -0.00399338 -0.000372353 -0.00541126 -0.0088196 0.0159145 0.0011861 0.00147035 0.020046 0.0135193 0.00126033
internal_weight=68586.2 61788.1 60337.5 6798.16 3184.12 59038.8 13946.3 12024.6 1921.74 45092.5 44776.3 1298.73 3614.04 2781.6
internal_count=795689 703023 686479 92666 43930 668100 159971 140126 19845 508129 506111 18379 48736 40457
is_linear=0
shrinkage=0.05


Tree=215
num_leaves=15
num_cat=0
split_feature=10 33 7 3 3 33 3 15 3 1 0 29 33 1
split_gain=83.2156 151.913 175.674 166.861 303.354 272.496 255.931 698.224 485.611 136.768 126.954 127.776 120.854 106.857
threshold=0.14999999999999997 -203.17999999999998 579.50000000000011 1581.0000000000002 1501.5000000000002 -38.969999999999992 2298.0000000000005 3.53504376687845 2608.5000000000005 0.32845000000000008 0.70500000000000007 10.265260227130119 -3.9549999999999996 0.23490000000000003
decision_type=2 2 2 2 2 2 2 2 2 2 2 2 2 2
left_child=1 -1 9 4 5 -4 7 -5 -8 -3 11 12 -2 -12
right_child=10 2 3 6 -6 -7 8 -9 -10 -11 13 -13 -14 -15
leaf_value=0.032703512239420508 -0.0027408230734830472 -0.016854521877122372 0.021383675832151561 -0.012981496412448454 0.048790389745926928 -0.012743536534471016 0.014664442205856984 0.038222144349123022 -0.00022190346248215023 0.028184577585691928 -0.0047199419490848837 -0.03564244252423273 -0.020261123842575664 0.019592785016568803
leaf_weight=373.56248886883259 11755.784202942625 2022.4088618028909 1265.5061505865306 6712.6671594716609 491.68843617290258 1087.4676821529865 6532.1853187531233 738.99090632610023 33956.19839704223 183.79085853695869 799.36331370286644 331.53279200941324 1074.1233286429197 1039.6138740777969
leaf_count=3598 179931 19513 9812 61092 4030 8226 65456 6855 382733 1906 17602 3045 16862 14613
internal_value=9.79475e-06 0.000934667 0.00071065 0.0013107 0.0130761 0.00561132 0.000612538 -0.00790312 0.00217981 -0.0131014 -0.00328045 -0.00499987 -0.00420777 0.00902489
internal_weight=68364.9 53364.5 52990.9 50784.7 2844.66 2352.97 47940 7451.66 40488.4 2206.2 15000.4 13161.4 12829.9 1838.98
internal_count=795274 563221 559623 538204 22068 18038 516136 67947 448189 21419 232053 199838 196793 32215
is_linear=0
shrinkage=0.05


Tree=216
num_leaves=15
num_cat=0
split_feature=0 33 33 0 33 33 33 33 15 2 11 15 2 33
split_gain=84.0935 349.433 701.28 491.945 328.285 297.782 248.874 223.422 216.37 205.225 176.88 285.915 170.618 241.914
threshold=0.64500000000000013 -58.389999999999993 -13.589999999999998 0.63500000000000012 -39.214999999999996 -63.514999999999993 -6.3149999999999986 -149.65999999999997 3.6252960762084516 0.10450000000000002 0.65500000000000014 3.425339069390287 0.058300000000000012 -164.94499999999996
decision_type=2 2 2 2 2 2 2 2 2 2 2 2 2 2
left_child=1 5 3 4 -3 7 -4 12 -8 -9 11 -2 -1 -14
right_child=10 2 6 -5 -6 -7 8 9 -10 -11 -12 -13 13 -15
leaf_value=0.019702360448533723 0.048856599064927175 -0.028275022840695049 0.01909528066121564 -0.051952711917681131 0.02142309960871866 0.022115839792170924 -0.018743261845507932 0.00240778493178289 0.020465758493845472 -0.034321072529269157 0.00067831267821925401 -0.02521525660698903 -0.0046535694038645692 0.025570514028265254
leaf_weight=1203.2091590873897 447.62794196605682 917.7007635384798 1403.1663090623915 1395.3321008607745 520.77011323347688 1626.0708155296743 1387.2678102310747 670.95671126618981 471.32086425274611 877.89132514595985 51061.135790485889 183.66948483884335 5333.2567314449698 755.78841503709555
leaf_count=16029 2677 10524 19350 8353 6396 21919 20252 9847 6488 8453 588497 1138 65828 9523
internal_value=1.01248e-05 -0.00309036 -0.0126071 -0.0308016 -0.0102826 0.0024518 0.00320062 -0.00116506 -0.00879965 -0.0184111 0.00100355 0.0273056 0.00249814 -0.000901718
internal_weight=68255.2 16562.7 6095.56 2833.8 1438.47 10467.2 3261.75 8841.1 1858.59 1548.85 51692.4 631.297 7292.25 6089.05
internal_count=795274 202962 71363 25273 16920 131599 46090 109680 26740 18300 592312 3815 91380 75351
is_linear=0
shrinkage=0.05


Tree=217
num_leaves=15
num_cat=0
split_feature=1 2 1 27 1 15 3 15 0 34 9 3 1 2
split_gain=81.9794 478.648 403.713 290.901 199.977 186.266 163.956 160.962 189.437 183.667 147.872 124.763 114.016 113.261
threshold=0.30820000000000003 0.058950000000000009 0.30695000000000006 -0.00056749999999999997 0.32445000000000007 3.5983648778348312 3576.5000000000005 2.0613957098106064 0.64500000000000013 0.41650000000000004 0.72050000000000003 549.00000000000011 0.30450000000000005 0.93180000000000007
decision_type=2 2 2 2 2 2 2 2 2 2 2 2 2 2
left_child=2 10 5 4 -3 6 7 9 -9 -1 -2 -5 -7 -6
right_child=1 3 -4 11 13 12 -8 8 -10 -11 -12 -13 -14 -15
leaf_value=-0.020586384141330336 0.019342879707168331 -0.039589711476219279 0.030493173768185201 0.03769382681754857 -0.022165870606476411 -0.012611287951342559 -0.030141666838041509 -0.010290562551012216 0.0010516920872090678 0.020358269793754748 -0.0014262348838656167 -0.0029920795388618899 -0.060848286433346256 -0.0029675722911539078
leaf_weight=322.46966382116079 2224.7341341972351 980.91955697908998 1121.9840698763728 198.0315804630518 1742.8878429308534 366.5575752556324 433.27045137435198 3986.6043495088816 48061.057182265446 1815.3158452920616 1393.9669127576053 3846.0459273643792 183.9477529078722 1373.7680669631809
leaf_count=2193 28508 8834 12047 1773 20326 6067 5066 43344 545141 24120 24484 51046 949 21376
internal_value=9.18848e-06 -0.00378756 0.000802409 -0.0105125 -0.0199016 0.00019853 0.00049023 0.00073522 0.000182911 0.0141814 0.0113426 -0.000998877 -0.0287375 -0.013704
internal_weight=68051.6 11760.4 56291.2 8141.65 4097.58 55169.2 54618.7 54185.4 52047.7 2137.79 3618.7 4044.08 550.505 3116.66
internal_count=795274 156347 638927 103355 50536 626880 619864 614798 588485 26313 52992 52819 7016 41702
is_linear=0
shrinkage=0.05


Tree=218
num_leaves=15
num_cat=0
split_feature=10 3 3 3 3 1 34 33 2 15 33 2 2 2
split_gain=78.7304 161.642 359.785 241.876 335.359 397.544 554.019 524.525 361.565 311.522 285.024 422.228 344.319 250.702
threshold=0.070500000000000076 3447.5000000000005 3512.5000000000005 3191.0000000000005 3008.5000000000005 0.27105000000000007 0.41650000000000004 -28.774999999999995 0.054750000000000007 3.538891571506309 -51.774999999999991 0.94075000000000009 0.053800000000000008 0.94550000000000012
decision_type=2 2 2 2 2 2 2 2 2 2 2 2 2 2
left_child=1 3 -3 4 5 7 -7 -1 -6 10 11 -5 -12 -10
right_child=-2 2 -4 9 8 6 -8 -9 13 -11 12 -13 -14 -15
leaf_value=0.0043441867905661107 -0.0021907273868735288 -0.025206712099659745 0.0073414205427202277 0.012348096185667073 0.015368524411539143 -0.014218463529313125 0.017375742627690566 -0.014834901221670214 -0.02205118541679011 -0.015300078252441011 -0.024881625181351487 -0.026441895458567979 0.031310857832687077 0.01313101583607796
leaf_weight=10565.114536959678 25442.76062415354 1719.4256675057113 1677.1187001168728 4061.3589302096516 1041.0650731287897 1729.0584535337985 7023.8294256757945 5380.2833906877786 3823.6646338403225 1111.3676552474499 304.50273732841015 847.91181555017829 2597.4416662566364 583.57065273448825
leaf_count=100636 358421 17933 22857 47210 16716 15569 69243 44250 41298 12881 3832 9760 26666 8002
internal_value=8.72935e-06 0.00132651 -0.00913561 0.00223607 9.57531e-05 0.00257263 0.0111345 -0.00212726 -0.0111323 0.00946744 0.0129915 0.00564802 0.0254139 -0.0173924
internal_weight=67908.5 42465.7 3396.54 39069.2 30146.6 24698.3 8752.89 15945.4 5448.3 8922.58 7811.22 4909.27 2901.94 4407.24
internal_count=795274 436853 40790 396063 295714 229698 84812 144886 66016 100349 87468 56970 30498 49300
is_linear=0
shrinkage=0.05


Tree=219
num_leaves=15
num_cat=0
split_feature=1 2 1 15 3 1 2 23 3 15 3 2 33 33
split_gain=78.7008 429.854 364.558 279.807 265.315 187.769 191.093 181.234 364.241 272.934 256.179 218.312 204.308 574.952
threshold=0.30820000000000003 0.058950000000000009 0.30695000000000006 2.6301797686105899 3444.0000000000005 0.40095000000000008 0.89110000000000011 0.00033150000000000003 2748.0000000000005 3.5207687006297159 2831.0000000000005 0.94640000000000013 -28.774999999999995 -34.044999999999995
decision_type=2 2 2 2 2 2 2 2 2 2 2 2 2 2
left_child=2 -2 7 -3 5 -5 -7 8 9 -1 -10 -12 13 -9
right_child=1 3 -4 4 -6 6 -8 12 10 -11 11 -13 -14 -15
leaf_value=-0.03295302743181025 0.010653820657671117 0.0051393935976116155 0.02941689543085188 -0.02384720094973827 0.011601970354964578 -0.019124456016600139 0.031611904976363452 0.0018939311593028159 0.025278832298047199 0.050073207483264638 -0.014489157348634249 0.01928788431844632 -0.0024910717087178618 0.028678434424636204
leaf_weight=1581.4338067602366 3599.1020672675222 2192.200880330056 1090.146852593869 4380.719485681504 769.34409508109093 422.08456361293793 331.06024632230401 25836.147448576987 804.36603279970586 105.50596359372139 2109.1627088487148 618.60969400778413 21714.033911725506 2171.9073324203491
leaf_count=14171 52992 30449 12047 53167 10203 5971 3565 304152 10090 708 28368 8778 236154 24459
internal_value=8.05562e-06 -0.00372277 0.000786735 -0.0101144 -0.0157791 -0.0198824 0.00317899 0.000218601 -0.00864507 -0.0277577 0.000483581 -0.00682871 0.00114899 0.00397105
internal_weight=67725.8 11694.5 56031.3 8095.41 5903.21 5133.86 753.145 54941.2 5219.08 1686.94 3532.14 2727.77 49722.1 28008.1
internal_count=795274 156347 638927 103355 72906 62703 9536 626880 62115 14879 47236 37146 564765 328611
is_linear=0
shrinkage=0.05


Tree=220
num_leaves=15
num_cat=0
split_feature=12 1 2 1 2 1 1 23 3 3 1 2 5 33
split_gain=82.799 126.293 318.612 385.52 200.99 181.502 282.012 242.903 221.263 210.52 177.042 138.983 122.709 126.499
threshold=0.22000000000000008 0.30950000000000005 0.058950000000000009 0.32445000000000007 0.063950000000000021 0.30675000000000002 0.30450000000000005 0.00024850000000000008 2748.0000000000005 1581.0000000000002 0.34735000000000005 0.9486500000000001 208.97500000000002 -164.21499999999997
decision_type=2 2 2 2 2 2 2 2 2 2 2 2 2 2
left_child=1 5 12 -4 -5 6 7 8 -1 -9 -6 -7 -3 -14
right_child=-2 2 3 4 10 11 -8 9 -10 -11 -12 -13 13 -15
leaf_value=-0.039943547019913962 0.0045878896689129098 0.028237834918236112 -0.040244784969642712 -0.027515215338357171 0.014561759995665606 0.022087643109914103 -0.060945863419547101 0.010960539751270384 0.010149357410883641 -0.00055228836777601001 -0.0087256109708189929 -0.024688671261426182 0.015418896366481978 -0.0079792258629281677
leaf_weight=698.6496649030596 8559.4188944045454 567.61522160843015 1053.2736197672784 952.83854011446238 1152.2425975687802 1421.8471818380058 190.51212726533413 4374.9277815390378 321.98985049501061 42968.078351745382 2797.4611831512302 178.68071569502354 1032.4398815967143 1311.1060949545354
leaf_count=5609 106838 5465 8998 11122 17632 19055 993 38901 4351 499947 36752 2237 16015 22482
internal_value=-7.79976e-06 -0.000674281 -0.00617499 -0.0128013 -0.00690456 0.000298215 -0.000247902 -8.67787e-06 -0.0241409 0.000511623 -0.00193182 0.0168644 0.00738143 0.00232894
internal_weight=67581.1 59021.7 8866.98 5955.82 4902.54 50154.7 48554.2 48363.6 1020.64 47343 3949.7 1600.53 2911.16 2343.55
internal_count=796397 689559 118466 74504 65506 571093 549801 548808 9960 538848 54384 21292 43962 38497
is_linear=0
shrinkage=0.05


Tree=221
num_leaves=15
num_cat=0
split_feature=33 33 1 2 33 0 13 3 33 23 3 15 3 35
split_gain=78.3009 612.894 559.2 708.519 553.002 471.448 368.865 336.783 680.233 459.072 384.418 455.251 322.546 787.952
threshold=-56.454999999999991 -51.774999999999991 0.21960000000000005 0.93100000000000016 -61.654999999999994 0.69500000000000006 0.21000000000000005 2821.0000000000005 -146.72499999999997 0.00036550000000000005 2579.5000000000005 2.6301797686105899 1913.0000000000002 1.0000000180025095e-35
decision_type=2 2 2 2 2 2 2 2 2 2 2 2 2 2
left_child=4 2 -2 -4 7 -5 -6 9 -9 10 11 -1 13 -3
right_child=1 12 3 5 6 -7 -8 8 -10 -11 -12 -13 -14 -15
leaf_value=0.025874543787007473 0.02094471547518563 -0.024570623228846632 -0.047830860252070673 0.037253173305045295 0.024061791663463949 -0.039260652921850936 -0.0060017670438890589 0.0015479186498372499 -0.020608592412459489 0.013432795527949674 0.027827237700978946 -0.027776702774883057 0.0026904809267611351 0.015354606459609191
leaf_weight=486.02134557068348 627.1754964068532 3538.6580378711224 1952.3153453841805 509.62904710695148 4010.8009701576084 332.6465175114572 1368.341857874766 10460.282720947638 5179.2899747435004 6691.5990561582148 562.00143920816481 2118.7764241583645 27716.599489461631 1898.8422574847937
leaf_count=6200 7974 33773 14910 4313 47943 2934 26218 147039 63775 76155 6493 20208 322310 16152
internal_value=-8.03738e-06 -0.00157325 -0.0217198 -0.0312952 0.00184605 0.00703389 0.0164143 -0.00122736 -0.00578964 0.00601032 -0.00967366 -0.0177655 0.000506098 -0.0106282
internal_weight=67453 36575.9 3421.77 2794.59 30877.1 842.276 5379.14 25498 15639.6 9858.4 3166.8 2604.8 33154.1 5437.5
internal_count=796397 402366 30131 22157 394031 7247 74161 319870 210814 109056 32901 26408 372235 49925
is_linear=0
shrinkage=0.05


Tree=222
num_leaves=15
num_cat=0
split_feature=12 1 1 33 15 11 18 34 15 33 15 3 33 33
split_gain=82.0105 115.871 259.996 268.221 201.094 240.292 228.685 180.752 141.26 148.304 135.003 165.382 146.175 141.163
threshold=0.22000000000000008 0.30950000000000005 0.31875000000000003 -13.589999999999998 3.5983648778348312 0.65500000000000014 3.5724841421279506e-05 0.41650000000000004 3.5727776372294477 -28.774999999999995 2.7707194825327863 2291.5000000000005 -3.9549999999999996 -5.7099999999999991
decision_type=2 2 2 2 2 2 2 2 2 2 2 2 2 2
left_child=1 4 3 -3 5 6 -1 -8 9 -7 13 -12 -13 -4
right_child=-2 2 10 -5 -6 8 7 -9 -10 -11 11 12 -14 -15
leaf_value=-0.034429381424761513 0.0045779769518514372 -0.042567678555322751 0.011850593202969608 0.0040592768059004381 -0.033121413647183837 0.001870603086135099 -0.0059066088151930735 0.040296848719736433 0.017833111260978186 -0.0038574944766259682 0.031000458153605977 -0.012554315443691269 0.014342708328556192 -0.024277508648517812
leaf_weight=160.20930249243975 8511.9839894138277 875.51679811999202 2143.6528549455106 476.12861090898514 447.08410107716918 28127.543663380668 278.0139390155673 886.71249046735466 1083.0154557675123 18887.627802919596 269.89810812845826 4104.89286875166 575.92754720523953 309.30551669746637
leaf_count=1089 106838 6832 30494 8727 4972 336961 2504 6435 16222 202910 2792 56433 9278 3910
internal_value=-8.16361e-06 -0.000674043 -0.00597917 -0.0261439 0.000257347 0.00055936 0.0215645 0.0292688 -1.93007e-05 -0.000430576 -0.00229753 -0.00705005 -0.00924467 0.00729422
internal_weight=67137.5 58625.5 8755.32 1351.65 49870.2 49423.1 1324.94 1164.73 48098.2 47015.2 7403.68 4950.72 4680.82 2452.96
internal_count=796397 689559 118466 15559 571093 566121 10028 8939 556093 539871 102907 68503 65711 34404
is_linear=0
shrinkage=0.05


Tree=223
num_leaves=15
num_cat=0
split_feature=14 22 7 3 3 22 3 15 3 2 0 1 33 15
split_gain=74.0827 145.357 136.397 138.764 275.65 258.689 212.964 366.601 326.552 142.852 110.176 133.057 276.883 367.254
threshold=0.14950000000000002 -0.005798499999999999 579.50000000000011 1581.0000000000002 1407.0000000000002 -0.0018754999999999998 1864.5000000000002 3.53504376687845 1940.0000000000002 0.92730000000000012 0.70500000000000007 0.24980000000000002 -24.894999999999996 2.9588524255452335
decision_type=2 2 2 2 2 2 2 2 2 2 2 2 2 2
left_child=1 -1 -3 4 5 -4 7 -5 -8 -6 11 12 -2 -14
right_child=10 2 3 6 9 -7 8 -9 -10 -11 -12 -13 13 -15
leaf_value=-0.044154545895905242 0.0071396827208125603 -0.011090322417193335 -0.054718394792573427 -0.019801261847143599 0.052566433784065739 0.0089914369021464706 0.028997070574648245 0.046975566763287228 0.0010612067822749021 -0.0068104386330040392 0.0084612672195514289 -0.0021974220919675287 0.023397878239906855 -0.037804871977772742
leaf_weight=178.36462411284447 926.51369432732463 2215.0837281774729 173.62837779521942 2184.7718597836792 521.59982294589281 1922.836535807699 1071.9411260075867 226.78075836226344 43211.548604523763 125.67617857083678 1820.6198385190219 10771.686933171004 298.07033819332719 1377.9690907523036
leaf_count=1322 13510 21720 1154 20981 3400 14671 8252 1856 483496 2651 32278 175105 3801 12200
internal_value=-7.8897e-06 0.00089213 0.00104776 0.00159163 0.0125194 0.00371266 0.000949503 -0.0135199 0.0017375 0.0410385 -0.00307799 -0.00464887 -0.0147947 -0.0269197
internal_weight=67027.1 51832.2 51653.9 49438.8 2743.74 2096.46 46695 2411.55 44283.5 647.276 15194.9 13374.2 2602.55 1676.04
internal_count=796397 559503 558181 536461 21876 15825 514585 22837 491748 6051 236894 204616 29511 16001
is_linear=0
shrinkage=0.05


Tree=224
num_leaves=15
num_cat=0
split_feature=12 3 2 2 3 3 1 23 33 2 1 0 33 13
split_gain=72.9446 114.955 112.067 543.512 487.816 510.972 474.079 601.951 455.372 297.607 261.057 333.342 311.236 249.592
threshold=0.22000000000000008 1676.0000000000002 0.062400000000000004 0.06270000000000002 2964.5000000000005 3021.5000000000005 0.23805000000000001 0.00024550000000000006 -159.01999999999995 0.054350000000000002 0.26360000000000006 0.72500000000000009 -7.339999999999999 0.19000000000000003
decision_type=2 2 2 2 2 2 2 2 2 2 2 2 2 2
left_child=2 -2 4 -4 6 -6 8 -8 -1 -10 11 -7 -12 -9
right_child=1 -3 3 -5 5 10 7 13 9 -11 12 -13 -14 -15
leaf_value=0.049622475535740486 -0.017815204326978834 0.0058422629252526774 -0.05182307675202108 -0.0014164596652786752 -0.038906971738354119 0.02934288950844758 -0.035339455693271592 0.030706141156625111 -0.03716390754280674 0.011436699504497043 -0.00027551047308590137 -0.048719942030719332 -0.028879436939699556 0.0078493122849170715
leaf_weight=262.7525671068579 548.78378148749471 7963.6028408557177 541.91861748695374 40034.111956739798 977.22857787832618 1136.7824611421674 472.73521877452731 3760.5732073970139 1000.6138421334326 459.62960928305984 6771.7761796172708 155.36210861802101 1106.268317848444 1750.3555494435132
leaf_count=2449 5763 101075 3688 472430 8677 14243 4273 33998 7585 6031 92827 992 12588 29778
internal_value=-7.29442e-06 0.0043169 -0.000637271 -0.0020898 0.0026638 -0.00453871 0.0121473 0.0188019 -0.0109624 -0.0218665 -0.00087584 0.0199539 -0.00429251 0.0234467
internal_weight=66942.5 8512.39 58430.1 40576 17854.1 10147.4 7706.66 5983.66 1723 1460.24 9170.19 1292.14 7878.04 5510.93
internal_count=796397 106838 689559 476118 213441 129327 84114 68049 16065 13616 120650 15235 105415 63776
is_linear=0
shrinkage=0.05


Tree=225
num_leaves=15
num_cat=0
split_feature=10 33 7 23 0 23 1 1 1 23 15 0 1 33
split_gain=71.6866 137.528 144.404 128.852 193.105 267.77 171.246 903.715 514.525 139.752 118.854 102.016 104.402 345.612
threshold=0.14999999999999997 -203.17999999999998 579.50000000000011 0.0011505000000000003 0.66500000000000015 0.0013915000000000002 0.25780000000000008 0.25585000000000008 0.26550000000000001 0.0013075000000000003 2.3502401828962087 0.70500000000000007 0.24600000000000002 -24.894999999999996
decision_type=2 2 2 2 2 2 2 2 2 2 2 2 2 2
left_child=1 -1 10 6 5 -5 7 -4 -8 -6 -3 12 13 -2
right_child=11 2 3 4 9 -7 8 -9 -10 -11 -12 -13 -14 -15
leaf_value=0.03177148223157758 0.011337834266699499 0.029424022665305472 0.00095284266930775448 -0.031008124865349609 0.028713925163644329 0.031216688257890719 0.02688064309955638 -0.044943237790653165 0.0022870374382576645 -0.0057958690039984521 -0.015338323618864251 0.0080611321634920484 -0.00255973290162765 -0.029230753193833059
leaf_weight=357.60180395841599 828.07061474025249 160.11610043793917 17583.758624389768 1218.6684070713818 403.72506068646908 201.38938267529011 2320.0658306442201 1142.1294669136405 25502.406511439011 1072.4623885564506 1994.2667872719467 1806.7125991471112 10719.304097298533 1434.0390105508268
leaf_count=3552 11519 1769 181753 11613 4199 2108 21902 9661 293215 14167 19695 32288 176184 12418
internal_value=1.08613e-06 0.000875299 0.000661115 0.00121325 -0.00901927 -0.022182 0.00184994 -0.00184668 0.00433794 0.00364358 -0.0120103 -0.00307036 -0.00461965 -0.0143803
internal_weight=66744.7 51956.6 51599 49444.6 2896.25 1420.06 46548.4 18725.9 27822.5 1476.19 2154.38 14788.1 12981.4 2262.11
internal_count=796043 563634 560082 538618 32087 13721 506531 191414 315117 18366 21464 232409 200121 23937
is_linear=0
shrinkage=0.05


Tree=226
num_leaves=15
num_cat=0
split_feature=3 3 2 2 2 3 33 18 3 0 0 15 33 33
split_gain=71.432 349.267 433.176 296.537 336.176 292.599 328.599 288.183 273.284 306.537 261.241 240.178 226.697 765.394
threshold=3191.0000000000005 3295.0000000000005 0.94120000000000015 0.063350000000000017 0.062400000000000004 3029.5000000000005 -180.34999999999997 0.00034387218133977176 3105.5000000000005 0.69500000000000006 0.67500000000000016 3.5932770349567842 -24.894999999999996 -24.094999999999995
decision_type=2 2 2 2 2 2 2 2 2 2 2 2 2 2
left_child=5 -2 3 4 11 12 -7 -5 9 -8 -4 -3 -1 -14
right_child=1 2 10 7 -6 6 8 -9 -10 -11 -12 -13 13 -15
leaf_value=0.0033745405591200958 0.014237435703828761 0.0025026172281884325 -0.0079415986324735677 0.035156707941530994 -0.036778089173230326 0.019376975858453434 -0.028450012309676281 0.0059746265677146915 -0.0027993597780465846 0.014304612384163235 -0.038641573909457001 -0.046613859264853938 -0.047792354077642756 -0.001299544902889363
leaf_weight=26297.326442640275 4811.186336459592 5854.1783716380596 2257.1608648188412 1126.6274190098047 674.50543000921607 848.10464412905276 3204.6066433507949 3395.9140266161412 3148.3231972232461 482.27065709605813 999.88971542939544 259.84789004921913 953.71656680107117 12309.811939995736
leaf_count=301624 67762 79138 34203 10936 6102 12129 36797 54146 40793 7080 8726 1933 6591 128083
internal_value=9.84548e-07 0.00255725 -0.00130025 0.00332636 -0.00328149 -0.00104759 -0.00997627 0.0132449 -0.0136186 -0.0228572 -0.0173672 0.000414424 0.000686518 -0.00464295
internal_weight=66623.5 19379.3 14568.1 11311.1 6788.53 47244.2 7683.31 4522.54 6835.2 3686.88 3257.05 6114.03 39560.9 13263.5
internal_count=796043 262946 195184 152255 87173 533097 96799 65082 84670 43877 42929 81071 436298 134674
is_linear=0
shrinkage=0.05


Tree=227
num_leaves=15
num_cat=0
split_feature=0 1 15 3 15 15 33 15 1 15 34 33 2 2
split_gain=67.8137 160.715 237.129 150.121 145.869 188.663 330.758 190.403 500.304 189.163 156.563 199.22 141.013 128.701
threshold=0.6150000000000001 0.35400000000000004 2.8265409023160699 3576.5000000000005 2.0613957098106064 2.4414009612931857 -35.034999999999989 2.5983350594391563 0.19980000000000003 2.6667018695222073 0.41650000000000004 -7.339999999999999 0.9295500000000001 0.066400000000000015
decision_type=2 2 2 2 2 2 2 2 2 2 2 2 2 2
left_child=1 2 -1 4 10 6 12 8 -7 -9 11 -2 -6 -3
right_child=3 13 -4 -5 5 7 -8 9 -10 -11 -12 -13 -14 -15
leaf_value=0.009562653543495522 0.040534093091530138 0.021714808751898199 -0.018023483598000042 -0.029090457699000496 -0.036699626991620084 -0.040529530509328664 0.016515010517404258 -0.007601775796759325 0.035978758080960016 0.0016120131798552748 0.019503207302278197 -0.04509018929494716 -0.0092658688273578715 -0.0014473392387479532
leaf_weight=1038.5541884638369 98.293169468641281 746.01648173853755 3116.421243743971 422.85723386332393 995.99726460874081 270.27305105701089 697.47157712467015 6344.2388058789074 1019.0343453846872 45675.089817034081 1782.8478603288531 219.38534311950207 884.38141715526581 3056.9730499256402
leaf_count=15055 748 9946 44628 5071 9980 2369 10914 76864 9863 528476 24127 1484 15657 40861
internal_value=-3.30323e-07 -0.00433034 -0.0111281 0.000589612 0.000806097 0.000319905 -0.0128907 0.000958752 0.0199387 0.000488294 0.0137411 -0.0185927 -0.0237981 0.00309673
internal_weight=66367.8 7957.96 4154.98 58409.9 57987 55886.5 2577.85 53308.6 1289.31 52019.3 2100.53 317.679 1880.38 3802.99
internal_count=796043 110490 59683 685553 680482 654123 36551 617572 12232 605340 26359 2232 25637 50807
is_linear=0
shrinkage=0.05


Tree=228
num_leaves=15
num_cat=0
split_feature=10 13 12 33 33 23 33 13 33 33 33 33 33 33
split_gain=71.3281 143.381 182.589 299.567 377.525 242.396 323.69 173.993 184.248 161.383 338.528 150.45 245.71 149.508
threshold=0.040500000000000043 0.049499999999999995 0.059499999999999949 -13.304999999999998 -6.3149999999999986 0.00094450000000000014 -19.919999999999998 0.049999999999999968 -22.254999999999995 -22.254999999999995 -14.034999999999998 -79.334999999999994 -90.069999999999979 -11.169999999999998
decision_type=2 2 2 2 2 2 2 2 2 2 2 2 2 2
left_child=1 2 9 5 -5 6 -4 8 -3 11 -11 12 -1 -12
right_child=-2 7 3 4 -6 -7 -8 -9 -10 10 13 -13 -14 -15
leaf_value=0.0038850976394435195 -0.0017970572933089107 0.035659845613065295 -0.00359432896260602 0.039945333756650381 -0.0096243129013799944 -0.035236765862635834 -0.043088396077953568 0.0030931442068285182 -0.0069224095863400399 -0.037864625116756472 0.042603505668897479 0.015842945753491343 -0.049919143522338401 -0.0017366152689321452
leaf_weight=2697.1439097188413 30112.32633382827 835.24839283898473 4356.75275269337 674.709920309484 891.57037337869406 1004.5582587905228 588.84253196418285 19351.268037896603 364.99701046198606 674.19490053132176 220.39451177418232 2814.1402540281415 230.21056462451816 1379.6535247471184
leaf_count=26104 415064 6908 47638 5038 10953 7354 4651 223178 3836 4828 1590 24062 1456 13383
internal_value=-3.92559e-07 0.00149895 -0.00212653 -0.00772479 0.0117301 -0.0128461 -0.00829743 0.00423897 0.022711 0.00312304 -0.00814925 0.00758814 -0.000347691 0.00437318
internal_weight=66196 36083.7 15532.2 7516.43 1566.28 5950.15 4945.6 20551.5 1200.25 8015.74 2274.24 5741.49 2927.35 1600.05
internal_count=796043 380979 147057 75634 15991 59643 52289 233922 10744 71423 19801 51622 27560 14973
is_linear=0
shrinkage=0.05


Tree=229
num_leaves=15
num_cat=0
split_feature=1 1 3 1 23 1 33 33 2 23 2 33 15 1
split_gain=68.134 715.893 848.998 525.528 372.641 369.957 561.621 758.397 463.985 452.379 403.535 331.452 285.486 261.218
threshold=0.23960000000000004 0.23490000000000003 2648.0000000000005 0.23145000000000002 0.00086450000000000014 0.24980000000000002 -28.774999999999995 -5.8849999999999989 0.94575000000000009 0.00045950000000000006 0.94585000000000008 -19.919999999999998 3.4962347597865295 0.23060000000000003
decision_type=2 2 2 2 2 2 2 2 2 2 2 2 2 2
left_child=1 3 -3 12 -4 6 8 -8 9 -2 -9 -5 13 -1
right_child=5 2 4 11 -6 -7 7 10 -10 -11 -12 -13 -14 -15
leaf_value=-0.0036865450136648391 -0.028870826922909754 0.041633413117020346 -0.034124221309585936 0.025520169736766532 0.037745979960454618 0.00082561663967624767 -0.049771610452356937 0.018507928890060643 0.028638381913851083 0.013886222548085995 -0.031365164923420827 -0.05454270648329982 0.038405371228172142 0.025972861027172278
leaf_weight=9578.2610626649112 1395.8550103474408 2157.4322880767286 691.85408303514123 157.8332834392786 243.8481378108263 44291.328919546679 1698.7423184551299 971.73065504617989 1132.3882386498153 1110.8630105424672 696.01232551783323 712.94127610325813 471.07407460361719 804.63883832842112
leaf_count=119486 14603 18428 6953 1936 2086 554978 11799 12780 12851 14730 7611 4232 3760 9810
internal_value=-4.5131e-07 0.00298599 0.0243826 -0.00265887 -0.0153925 -0.000863133 -0.0115397 -0.0262584 0.00207664 -0.00992306 -0.00230664 -0.0400296 0.000339589 -0.00138782
internal_weight=66114.8 14817.9 3093.13 11724.7 935.702 51296.9 7005.59 3366.49 3639.11 2506.72 1667.74 870.775 10854 10382.9
internal_count=796043 166691 27467 139224 9039 629352 74374 32190 42184 29333 20391 6168 133056 129296
is_linear=0
shrinkage=0.05


Tree=230
num_leaves=15
num_cat=0
split_feature=10 11 11 23 15 15 1 33 33 33 3 2 3 2
split_gain=69.2726 147.965 230.879 164.31 209.686 408.71 257.706 208.567 900.079 357.166 138.228 135.87 503.222 378.021
threshold=0.039999999999999959 0.83100000000000007 0.82850000000000013 0.00099350000000000024 2.7707194825327863 3.4962347597865295 0.2758500000000001 -20.649999999999995 -14.034999999999998 -20.879999999999995 1034.5000000000002 0.064150000000000013 2468.0000000000005 0.066200000000000023
decision_type=2 2 2 2 2 2 2 2 2 2 2 2 2 2
left_child=1 2 3 7 6 -6 -5 9 -9 -1 -3 12 -2 -13
right_child=11 10 -4 4 5 -7 -8 8 -10 -11 -12 13 -14 -15
leaf_value=0.0043636408183478186 0.029136390031727064 -0.020750296058847168 -0.020392817831284354 0.021048444943818381 -0.036765977241509339 0.016362451771893237 -0.031637823707746156 -0.038549329863766198 0.0046811201208797615 0.065654478239557432 0.012674037406452838 -0.032764576268374111 -0.0016539625282733742 -0.0024836474442414048
leaf_weight=19058.386354716495 1556.9635155890137 334.83899130485952 1291.8259426075965 834.93174626305699 1225.0703080892563 513.73692201450467 321.34534658491611 1550.4453502818942 5387.8008085284382 240.596928358078 4045.9485910627991 1088.2296291254461 8980.895330497995 19453.229426534846
leaf_count=201206 17330 3326 13488 7917 10235 7454 3387 12496 59799 1167 49116 10841 128188 270094
internal_value=-4.42791e-06 0.00152763 0.00029054 0.00120778 -0.0100963 -0.021069 0.00640473 0.00245513 -0.00497973 0.00512808 0.0101189 -0.00172014 0.00289553 -0.004088
internal_weight=65884.2 34804.9 30424.1 29132.3 2895.08 1738.81 1156.28 26237.2 6938.25 19299 4380.79 31079.3 10537.9 20541.5
internal_count=796044 369591 317149 303661 28993 17689 11304 274668 72295 202373 52442 426453 145518 280935
is_linear=0
shrinkage=0.05


Tree=231
num_leaves=15
num_cat=0
split_feature=13 15 15 2 33 33 1 1 23 1 1 1 7 0
split_gain=65.5509 188.275 256.364 157.71 127.38 138.383 125.245 572.721 577.544 538.279 465.891 314.598 205.399 124.882
threshold=0.21050000000000005 2.6667018695222073 2.6090018179979402 0.94120000000000015 -203.17999999999998 -200.62999999999997 0.25865000000000005 0.25585000000000008 0.00092750000000000005 0.26550000000000001 0.26840000000000003 0.25420000000000004 454.50000000000006 0.60500000000000009
decision_type=2 2 2 2 2 2 2 2 2 2 2 2 2 2
left_child=4 2 -2 13 -1 -6 7 11 -9 12 -11 -7 -8 -3
right_child=1 3 -4 -5 5 6 9 8 -10 10 -12 -13 -14 -15
leaf_value=0.029133767896825105 -0.0030010917348093019 -0.012144737830997558 -0.04023147613638739 -0.012134346193966895 -0.027893401881137286 -0.0010940495386869531 -0.05296552354786585 -0.047341905775728936 0.028500241688993091 -0.023128532859088828 0.0027695057896993248 0.031322835272195086 0.029774543284006201 0.0047393929096582587
leaf_weight=393.33866563625634 1185.8542675320059 1276.0123106930405 757.81911191344261 2377.1113530322909 423.2563306633383 19460.250797513872 77.692233141511679 1209.7551660258323 316.65975022315979 1861.6639976724982 25822.867575949058 778.26936806738377 2103.6087611801922 7723.9244872033596
leaf_count=4202 24065 18026 7553 40040 5558 206627 579 10088 3626 18847 299896 8678 21878 126381
internal_value=-4.86482e-06 -0.00313705 -0.0175182 -0.000680027 0.000790661 0.000576435 0.000809877 -0.00207484 -0.0316074 0.00291214 0.0010279 0.000152686 0.0268253 0.00234545
internal_weight=65768.1 13320.7 1943.67 11377 52447.4 52054 51630.8 21764.9 1526.41 29865.8 27684.5 20238.5 2181.3 8999.94
internal_count=796044 216065 31618 184447 579979 575777 570219 229019 13714 341200 318743 215305 22457 144407
is_linear=0
shrinkage=0.05


Tree=232
num_leaves=15
num_cat=0
split_feature=33 33 7 33 15 33 3 3 2 2 13 2 5 31
split_gain=64.3595 80.238 73.5209 70.4855 275.176 254.516 169.875 167.029 155.215 175.172 170.013 95.1382 78.1264 77.6797
threshold=10.485000000000001 9.3300000000000018 2649.5000000000005 -3.8299999999999996 3.5315340190116467 -4.0599999999999996 3029.5000000000005 3469.0000000000005 0.94535000000000013 0.94475000000000009 0.15999999999999998 0.92210000000000014 53.375000000000007 0.28500000000000009
decision_type=2 2 2 2 2 2 2 2 2 2 2 2 2 2
left_child=1 3 -3 5 7 8 11 13 9 -1 -10 -6 -9 -5
right_child=-2 2 -4 4 6 -7 -8 12 10 -11 -12 -13 -14 -15
leaf_value=-0.00034703477503828878 -0.016543609600888215 0.0037619304184191107 0.038943059946836438 -0.033964804457319697 0.0027083770227287287 0.029722689957347115 -0.01400434896342196 0.075083398865083417 0.014085198458763513 -0.018961404235271404 -0.0035049865551920849 0.029631353299499348 0.0031459557624797761 -0.013889098839314299
leaf_weight=52127.751786509529 582.8773507848382 363.87429352104664 250.8234552256763 971.6312310565263 585.94123538769782 731.70802279561758 613.84192845970392 41.464871466159821 3794.1147624645382 1295.1941886581481 2153.1774375606328 745.73230161890388 410.50678890570998 956.23648511432111
leaf_count=612069 8989 6725 2067 9932 8785 8561 9909 245 41121 14320 42608 8691 6647 15375
internal_value=-4.46986e-06 0.000143772 0.0181214 -2.77795e-05 -0.00619249 0.000415886 0.00775558 -0.0175949 5.46449e-05 -0.000798359 0.00771684 0.0177862 0.0097608 -0.0240083
internal_weight=65624.9 65042 614.698 64427.3 4325.35 60101.9 1945.52 2379.84 59370.2 53422.9 5947.29 1331.67 451.972 1927.87
internal_count=796044 787055 8792 778263 59584 718679 27385 32199 710118 626389 83729 17476 6892 25307
is_linear=0
shrinkage=0.05


Tree=233
num_leaves=15
num_cat=0
split_feature=1 2 1 1 2 23 3 3 2 23 3 3 11 13
split_gain=64.5819 332.488 294.368 220.283 196.53 176.985 157.58 248.915 158.295 138.651 383.21 138.622 143.987 402.736
threshold=0.30820000000000003 0.058950000000000009 0.30695000000000006 0.32445000000000007 0.063950000000000021 0.00032350000000000006 3073.0000000000005 2203.0000000000005 0.93795000000000017 0.00025950000000000002 2748.0000000000005 3576.5000000000005 0.73250000000000004 0.040000000000000015
decision_type=2 2 2 2 2 2 2 2 2 2 2 2 2 2
left_child=2 -2 9 5 -5 -3 7 -6 -8 10 -1 12 13 -11
right_child=1 3 -4 4 6 -7 8 -9 -10 11 -12 -13 -14 -15
leaf_value=-0.038212319739754787 0.0094408072358926967 0.0042680002091288584 0.027149348813639451 -0.023474188186300891 0.016407841619503576 -0.033360726542733345 0.021182817698389471 -0.019424437715646704 -0.0039363165199931991 -0.00031282086255429573 0.011678751467122045 -0.028587902563402892 -0.00067455722342080313 0.018945374741796986
leaf_weight=812.00556669197977 3466.2189703769982 405.77713278308511 1032.7343731746078 1125.8437826931477 671.69299688562751 1358.8539416249841 1237.6065098829567 1739.9518290758133 1271.447608474642 9122.5022266209126 731.55955670028925 402.42696005478501 38275.376094337553 3864.7886107321829
leaf_count=6880 53088 6173 12112 14577 8760 14535 17131 23171 19235 81148 9563 4881 483652 41138
internal_value=-4.24757e-06 -0.00344697 0.000711537 -0.00916598 -0.00462977 -0.0247082 -0.000317826 -0.00944414 0.0084542 0.000198352 -0.0145676 0.000639534 0.000869033 0.00541818
internal_weight=65518.8 11277.4 54241.4 7811.17 6046.54 1764.63 4920.7 2411.64 2509.05 53208.7 1543.57 51665.1 51262.7 12987.3
internal_count=796044 156670 639374 103582 82874 20708 68297 31931 36366 627262 16443 610819 605938 122286
is_linear=0
shrinkage=0.05


Tree=234
num_leaves=15
num_cat=0
split_feature=12 11 3 33 23 11 33 3 15 15 3 23 2 1
split_gain=62.2742 102.513 185.824 145.322 166.501 283.244 121.57 101.695 368.737 371.318 334.221 397.437 505.201 320.514
threshold=0.22000000000000008 0.84250000000000014 3181.0000000000005 -180.59999999999997 0.00074150000000000008 0.81500000000000006 -6.9249999999999989 1581.0000000000002 3.5341157718557406 3.4875444300167988 1864.5000000000002 0.00045950000000000006 0.079450000000000007 0.20995000000000003
decision_type=2 2 2 2 2 2 2 2 2 2 2 2 2 2
left_child=7 2 3 -2 -5 -6 -4 8 9 -1 11 13 -13 -9
right_child=1 -3 6 4 5 -7 -8 10 -10 -11 -12 12 -14 -15
leaf_value=0.0038279032673383495 0.019080942809076584 0.013632101989187219 0.018144286426169397 -0.01598450293602725 -0.0029908752289310846 0.071994551848324748 -0.012141986612234243 0.017617094640192697 -0.0352994097807455 0.040929288930585249 -0.00032195393183601225 -0.030787317981820758 0.025651738185166414 -0.056102620110840253
leaf_weight=3549.0331732369959 522.50197321362793 2085.2601742204279 1789.7518244683743 2530.7551291808486 846.9823002666235 147.82923275977373 406.54118272289634 178.91120969317853 479.53744499385357 832.49615793675184 49538.9056980405 807.17134489491582 779.13007545098662 837.04523769021034
leaf_count=32559 6945 25823 22335 34471 9779 655 6753 2843 4113 7267 620042 8890 8932 4637
internal_value=-4.50826e-06 0.00403373 0.000828256 -0.005525 -0.00917213 0.00815809 0.0125379 -0.000594614 0.00632202 0.010878 -0.00123946 -0.0187052 -0.00306676 -0.04312
internal_weight=65331.9 8329.62 6244.36 4048.07 3525.57 994.812 2196.29 57002.2 4861.07 4381.53 52141.2 2602.26 1586.3 1015.96
internal_count=796044 106761 80938 51850 44905 10434 29088 689283 43939 39826 645344 25302 17822 7480
is_linear=0
shrinkage=0.05


Tree=235
num_leaves=15
num_cat=0
split_feature=0 3 1 33 3 0 3 3 22 3 35 3 3 0
split_gain=64.5737 302.922 383.318 576.747 184.868 206.146 167.287 159.215 192.614 189.7 430.047 409.493 358.405 250.325
threshold=0.64500000000000013 2082.5000000000005 0.29735000000000006 -56.204999999999991 549.00000000000011 0.71050000000000002 2298.0000000000005 849.00000000000011 -0.00083449999999999985 1913.0000000000002 1.0000000180025095e-35 1940.0000000000002 1756.0000000000002 0.71550000000000014
decision_type=2 2 2 2 2 2 2 2 2 2 2 2 2 2
left_child=1 -1 3 -3 5 -2 -4 8 -6 10 12 -11 -9 -12
right_child=4 2 6 -5 7 -7 -8 9 -10 11 13 -13 -14 -15
leaf_value=0.019639179998669022 -0.069607147649988516 0.02977921717873824 -0.021930679744257994 -0.041562405551276868 -0.035880396462895668 -0.0073850527468437817 -0.0002119648725834996 -0.0073956830350216107 0.041944752002490163 0.038306580560036184 0.02634437569242587 0.0014912968510981369 -0.040681749559308769 -0.0045765047300881248
leaf_weight=1371.912255814299 189.15509969368577 356.18915940821171 960.76719932630658 1383.0262336097658 96.580834973603487 448.83549864962697 11473.381413958967 2499.0705537423491 447.80379921942949 769.28461136482656 1106.8704068399966 41316.55069517158 1195.5444560013711 1601.4531063996255
leaf_count=13284 926 3763 12451 11458 736 4148 162469 25614 3734 7551 10620 511702 10610 17114
internal_value=1.82605e-05 -0.0027941 -0.00496565 -0.0269509 0.000898431 -0.025841 -0.0018903 0.0012464 0.0281335 0.000944481 -0.00707337 0.00216433 -0.0181676 0.00806112
internal_weight=65216.4 15545.3 14173.4 1739.22 49671.1 637.991 12434.1 49033.2 544.385 48488.8 6402.94 42085.8 3694.62 2708.32
internal_count=796180 203425 190141 15221 592755 5074 174920 587681 4470 583211 63958 519253 36224 27734
is_linear=0
shrinkage=0.05


Tree=236
num_leaves=15
num_cat=0
split_feature=33 33 2 33 33 33 33 15 26 11 3 33 33 3
split_gain=65.8624 450.74 633.487 583.003 471.928 715.616 443.744 454.903 307.57 224.686 221.001 558.016 356.538 284.988
threshold=-67.064999999999984 -56.454999999999991 0.93870000000000009 -51.774999999999991 -53.684999999999995 -54.779999999999994 -87.234999999999985 3.53504376687845 1.0000000180025095e-35 0.86950000000000005 2821.0000000000005 -146.72499999999997 -100.08999999999999 3093.0000000000005
decision_type=2 2 2 2 2 2 2 2 2 2 2 2 2 2
left_child=6 2 9 4 5 8 10 -8 -3 -2 12 13 -1 -12
right_child=1 3 -4 -5 -6 -7 7 -9 -10 -11 11 -13 -14 -15
leaf_value=-0.00049677372817230744 0.031743431211618621 0.008530981993438427 -0.0064189844331571811 0.00088458027911530969 -0.047582303897306139 0.030210405639274199 -0.035065755016938149 0.054391579849218455 -0.044326518655539153 0.008316562012832587 -0.011214362866552044 -0.023950914816465375 0.022819619012251866 0.0068427531358591911
leaf_weight=5485.040291223675 3037.5984129197896 382.21799637377262 2775.8574307989329 31888.084933279082 1120.523261539638 792.31110430508852 1535.8802119866014 156.51022239774466 982.70427320152521 1543.716350145638 3164.509344374761 2796.5435104686767 2338.4691821672022 7059.511073436588
leaf_count=61788 30272 5004 45690 371931 7906 8422 14947 998 8851 28031 45699 36993 28267 101381
internal_value=1.69662e-05 0.00117511 0.0124295 -0.00117949 -0.0212595 -0.00758514 -0.00216829 -0.0267901 -0.0295253 0.0238499 -0.000169049 -0.00415985 0.00647276 0.00125371
internal_weight=65059.5 42523 7357.17 35165.8 3277.76 2157.23 22536.5 1692.39 1364.92 4581.31 20844.1 13020.6 7823.51 10224
internal_count=796180 506107 103993 402114 30183 22277 290073 15945 13855 58303 274128 184073 90055 147080
is_linear=0
shrinkage=0.05


Tree=237
num_leaves=15
num_cat=0
split_feature=12 3 3 3 23 33 33 1 1 1 12 33 5 2
split_gain=67.3498 138.251 103.987 558.373 255.128 202.275 541.861 358.809 889.186 597.9 173.014 166.541 159.216 156.527
threshold=0.20200000000000004 1676.0000000000002 1699.0000000000002 1864.5000000000002 0.00054750000000000013 -67.064999999999984 -87.234999999999985 0.24305000000000002 0.24565000000000001 0.23490000000000003 0.049999999999999968 -61.274999999999999 656.02500000000009 0.089100000000000013
decision_type=2 2 2 2 2 2 2 2 2 2 2 2 2 2
left_child=2 -2 10 4 -4 6 12 9 -9 -7 -1 13 -5 -12
right_child=1 -3 3 5 -6 7 -8 8 -10 -11 11 -13 -14 -15
leaf_value=0.012719908497939537 -0.018467736884299497 0.0053690534001608926 -0.052608664492790704 0.002867786480739396 -0.0092872246518819618 0.00013196711947167686 -0.03933441723425915 -0.05559116626091179 0.00058011724710621147 0.029887760472274479 -0.017652534606728432 -0.01969224271187409 -0.007567566299626606 0.020176042764469458
leaf_weight=3469.6391272153705 650.88937473110855 9274.9868416786194 746.26451146602631 6933.4189621992409 624.07478570751846 4350.4835042078048 1079.672254703939 725.60401177406311 24155.080607486889 2758.6372505873442 411.64572743140161 1045.335067871958 7730.5433253757656 814.14333384856582
leaf_count=32184 6829 118474 4325 81871 8719 56476 9066 4483 304220 27792 4801 8736 119861 8343
internal_value=1.58699e-05 0.00380579 -0.000670042 -0.00141447 -0.0328815 -0.000511041 -0.00515065 0.00177233 -0.00105824 0.0116787 0.00569734 -0.00503126 -0.00263353 0.00747201
internal_weight=64770.4 9925.88 54844.5 49103.8 1370.34 47733.4 15743.6 31989.8 24880.7 7109.12 5740.76 2271.12 14664 1225.79
internal_count=796180 125303 670877 616813 13044 603769 210798 392971 308703 84268 54064 21880 201732 13144
is_linear=0
shrinkage=0.05


Tree=238
num_leaves=15
num_cat=0
split_feature=31 0 1 2 2 2 15 2 3 2 1 23 0 1
split_gain=64.1038 141.681 283.941 180.04 168.8 324.716 248.907 436.814 240.791 348.405 312.75 281.034 177.454 179.837
threshold=0.26300000000000007 0.64500000000000013 0.29610000000000009 0.073000000000000023 0.92055000000000009 0.92210000000000014 3.4949291323639406 0.93705000000000016 2821.0000000000005 0.053800000000000008 0.27950000000000008 0.00061650000000000019 0.65500000000000014 0.26195000000000007
decision_type=2 2 2 2 2 2 2 2 2 2 2 2 2 2
left_child=1 2 3 -1 8 -6 -7 -8 12 10 -10 -11 -3 -14
right_child=-2 4 -4 -5 5 6 7 -9 9 11 -12 -13 13 -15
leaf_value=-0.052318803193998981 0.0014140929862969916 -0.022615699550579883 -0.0038296383622429646 -0.0039365272080418151 -0.046564536781235254 0.0020459512830656112 -0.044288794321869017 -0.0038483724277832802 -0.044363485588549093 -0.014756718378832086 -0.00041712609396962996 0.014089927179268975 0.0068196353987139595 0.025538792323076098
leaf_weight=563.42292413115501 36109.100421622396 371.46707808598876 3680.2037251200527 291.8971738666296 438.03596089407802 8294.8412806279957 880.92622470483184 2758.2905229218304 832.02821535617113 1253.9503914900124 788.44302106648684 2584.139095377177 3867.3048726432025 1920.0696123261005
leaf_count=3176 398621 7680 63127 3460 2973 132865 7395 34536 6088 17420 11741 35938 47549 23611
internal_value=1.45538e-05 -0.00175709 -0.00986116 -0.0358097 -0.000224871 -0.00428909 -0.00273701 -0.0136385 0.00410337 -0.0035428 -0.0229827 0.00466524 0.0108801 0.0130304
internal_weight=64634.1 28525 4535.52 855.32 23989.5 12372.1 11934.1 3639.22 11617.4 5458.56 1620.47 3838.09 6158.84 5787.37
internal_count=796180 397559 69763 6636 327796 177769 174796 41931 150027 71187 17829 53358 78840 71160
is_linear=0
shrinkage=0.05


Tree=239
num_leaves=15
num_cat=0
split_feature=10 33 33 22 3 1 1 3 35 3 15 15 3 15
split_gain=61.4436 112.83 122.42 104.438 95.7129 110.849 171.476 93.0435 403.47 273.809 92.4339 86.0705 78.412 70.7599
threshold=0.17999999999999999 -203.17999999999998 -200.62999999999997 -0.0051959999999999992 2203.0000000000005 0.23245000000000002 0.22730000000000003 2298.0000000000005 1.0000000180025095e-35 2468.0000000000005 3.53504376687845 3.5495242412257118 2298.0000000000005 2.9311048556253598
decision_type=2 2 2 2 2 2 2 2 2 2 2 2 2 2
left_child=1 -1 -3 10 5 6 -2 8 -5 -9 -4 13 -6 -7
right_child=4 2 3 7 12 11 -8 9 -10 -11 -12 -13 -14 -15
leaf_value=0.02817477853811054 0.0083742515253896338 -0.026643579338942833 -0.044269678632439219 -0.010698587369138765 -0.035214330474788731 -0.0008054889505091662 -0.048387962052938313 0.019765645246883397 0.0078455500243425052 0.0010748373420321779 0.02574722476611669 -0.016972238630849703 -0.0050387504320141916 0.025137853808700223
leaf_weight=370.92583746090531 359.19953673519194 411.89302168041468 223.91673375666142 7044.1956017334014 220.93427174910903 364.06625951267779 211.21214931458235 2063.7238189000636 5025.8355466108769 38739.708337530494 59.627805083990097 204.1972852833569 8280.3474981430918 945.03593237325549
leaf_count=4061 5133 5466 1801 65719 2434 7106 1338 25304 48579 463648 725 4505 149065 11296
internal_value=1.35063e-05 0.000697003 0.000506687 0.000717114 -0.00346948 0.00613389 -0.0126485 0.000879438 -0.002977 0.00202021 -0.0295416 0.0132139 -0.00582337 0.0179234
internal_weight=64524.8 53939.8 53568.9 53157 10585 2083.71 570.412 52873.5 12070 40803.4 283.545 1513.3 8501.28 1309.1
internal_count=796180 615303 611242 605776 180877 29378 6471 603250 114298 488952 2526 22907 151499 18402
is_linear=0
shrinkage=0.05


Tree=240
num_leaves=15
num_cat=0
split_feature=1 2 1 1 33 2 2 33 23 3 3 1 1 23
split_gain=59.0069 295.084 260.7 193.978 287.635 147.019 155.42 163.745 129.098 276.506 131.412 123.964 181.242 169.27
threshold=0.30820000000000003 0.058950000000000009 0.30695000000000006 0.32845000000000008 -29.895 0.93180000000000007 0.93795000000000017 -170.75999999999996 0.00024850000000000008 2748.0000000000005 3576.5000000000005 0.30345000000000005 0.29610000000000009 0.00053750000000000011
decision_type=2 2 2 2 2 2 2 2 2 2 2 2 2 2
left_child=2 -2 8 4 -3 -5 -7 -8 9 -1 11 12 -10 -13
right_child=1 3 -4 5 -6 6 7 -9 10 -11 -12 13 -14 -15
leaf_value=-0.036325084834290658 0.0088679647270779264 -0.036168181963480477 0.025972483203919195 -0.012462800685563269 -0.00048782802989099923 0.022476328358563502 0.016019139117206399 -0.013593410263474057 0.00049938616384360599 0.013716091202859708 -0.027693005492637077 -0.035547263764867679 0.015061332832986996 0.0047217354780253714
leaf_weight=691.85413038916886 3428.1919963173568 1319.8667180426419 999.62060171365738 2487.5915213376284 987.33965976908803 824.07729311287403 718.07843552157283 1333.7605546079576 47551.625067733228 459.20777076855302 407.9316477663815 544.24457601085305 2237.2190505806357 501.2413763590157
leaf_count=6195 53039 12277 12078 33939 15512 11179 11169 19630 566476 6221 5076 5241 30303 8225
internal_value=-9.85584e-06 -0.00332703 0.000679698 -0.00877726 -0.0208999 -0.0035622 0.00413675 -0.00322968 0.000197084 -0.0163621 0.000569086 0.000795935 0.00115374 -0.0162423
internal_weight=64491.9 11098.9 53392.9 7670.71 2307.21 5363.51 2875.92 2051.84 52393.3 1151.06 51242.3 50834.3 49788.8 1045.49
internal_count=796560 156745 639815 103706 27789 75917 41978 30799 627737 12416 615321 610245 596779 13466
is_linear=0
shrinkage=0.05


Tree=241
num_leaves=15
num_cat=0
split_feature=12 3 11 3 15 2 2 15 1 2 1 15 11 18
split_gain=59.3798 124.351 92.8485 152.232 154.046 259.297 108.333 101.581 90.8071 202.353 259.7 165.84 178.539 178.102
threshold=0.20200000000000004 1676.0000000000002 0.84250000000000014 3181.0000000000005 2.8265409023160699 0.066200000000000023 0.052150000000000009 2.7028954204178484 0.30950000000000005 0.058950000000000009 0.32445000000000007 3.5983648778348312 0.65500000000000014 3.5724841421279506e-05
decision_type=2 2 2 2 2 2 2 2 2 2 2 2 2 2
left_child=8 -2 3 4 5 -3 -6 -4 11 -10 -11 12 13 -1
right_child=1 2 7 -5 6 -7 -8 -9 9 10 -12 -13 -14 -15
leaf_value=-0.032698093610702354 -0.017722208361798237 -0.014973474484581091 -0.033930696917964666 0.011819017619048 0.018472595676224526 0.017255964823063633 -0.018894040637091294 0.016532741038307808 0.005596737236335826 -0.0356653743766671 -0.0062317668604097206 -0.031356826723065064 -4.081317343704772e-05 0.026306437032943497
leaf_weight=144.9997440315783 641.89387515746057 1035.1961085051298 104.7021056022495 2621.2520294655114 220.20600344613194 1571.0520842615515 1623.4899625740945 2061.3841603267938 2691.4708956535906 902.57207174599171 4414.5899389572442 412.76837756484747 44786.603102818131 1078.9490139372647
leaf_count=1045 6841 13420 896 34415 2945 18292 22733 25624 42666 8692 62216 4685 543199 8891
internal_value=-9.96209e-06 0.00355628 0.00503508 0.00226055 -0.00337003 0.00445442 -0.0144303 0.014092 -0.000657225 -0.0055741 -0.0112286 0.00019101 0.000474098 0.0193141
internal_weight=64311.1 9879.18 9237.28 7071.2 4449.94 2606.25 1843.7 2166.09 54432 8008.63 5317.16 46423.3 46010.6 1223.95
internal_count=796560 125166 118325 91805 57390 31712 25678 26520 671394 113574 70908 557820 553135 9936
is_linear=0
shrinkage=0.05


Tree=242
num_leaves=15
num_cat=0
split_feature=33 33 1 1 23 1 1 15 1 3 1 2 3 2
split_gain=59.4866 69.2582 70.1163 507.476 508.428 286.482 514.234 307.496 260.857 412.264 329.68 572.893 239.575 218.519
threshold=10.485000000000001 9.3300000000000018 0.25865000000000005 0.25585000000000008 0.00092750000000000005 0.24980000000000002 0.24810000000000001 3.2062302460526388 0.26550000000000001 549.00000000000011 0.26840000000000003 0.92730000000000012 2203.0000000000005 0.071850000000000011
decision_type=2 2 2 2 2 2 2 2 2 2 2 2 2 2
left_child=1 2 3 5 13 6 -1 -7 9 -4 11 -10 -12 -5
right_child=-2 -3 8 4 -6 7 -8 -9 10 -11 12 -13 -14 -15
leaf_value=-0.00022942553714202967 -0.016012301495687692 0.017016886831967341 -0.070814532500559857 0.0031826987901221512 0.024816453765641292 -0.013277607844961063 -0.033800051962610551 0.026589894992976607 -0.040698680093380173 0.019945755690960271 0.012770075613317869 0.01707852882317255 -0.00027222891734320201 -0.055206229528778697
leaf_weight=19331.188617147505 575.45888609811664 601.66009805351496 131.00914242863655 191.49970754608512 327.12117942050099 661.87122852727771 1212.1631852090359 1795.7100270017982 1212.814680930227 2739.9985506590456 3992.6911327242851 663.8030922152102 29802.084089299664 981.18537692353129
leaf_count=219219 8964 8730 599 4303 4142 9648 14121 21728 10594 37880 45370 9989 395457 5816
internal_value=-1.01024e-05 0.00013461 -2.65349e-05 -0.00211795 -0.0302971 -0.000280363 -0.00221042 0.0158527 0.00130294 0.0158019 0.000135954 -0.0202617 0.00126869 -0.0456718
internal_weight=64220.3 63644.8 63043.1 24500.7 1499.81 23000.9 20543.4 2457.58 38542.4 2871.01 35671.4 1876.62 33794.8 1172.69
internal_count=796560 787596 778866 278977 14261 264716 233340 31376 499889 38479 461410 20583 440827 10119
is_linear=0
shrinkage=0.05


Tree=243
num_leaves=15
num_cat=0
split_feature=13 3 23 15 15 3 3 23 3 15 2 1 1 23
split_gain=63.7176 159.291 258.524 183.015 211.548 140.148 134.492 102.858 256.895 216.325 193.668 166.082 478.105 474.622
threshold=0.21050000000000005 2203.0000000000005 0.00041650000000000004 2.6667018695222073 2.6090018179979402 1034.5000000000002 1305.0000000000002 0.0011395000000000001 2424.0000000000005 3.0942332504800478 0.93585000000000018 0.25865000000000005 0.25585000000000008 0.00092750000000000005
decision_type=2 2 2 2 2 2 2 2 2 2 2 2 2 2
left_child=7 2 6 4 -3 -4 -2 11 10 -10 -9 12 -1 -14
right_child=1 3 5 -5 -6 -7 -8 8 9 -11 -12 -13 13 -15
leaf_value=4.6676963988916407e-05 0.024858378915179842 -0.0064430657152839124 -0.038016466880399898 -0.0032649349658203583 -0.045132451026354825 0.018550026340229193 -0.035437157577096187 0.023890379240698357 -0.030187402618634254 0.002719865012397597 -0.04180511044217404 0.0038933874583266647 -0.044356863607020347 0.026556190068803949
leaf_weight=19115.459545159712 117.0922413431108 857.62639798037708 115.63012737594545 8831.673742396757 600.79988026060164 2036.0277647841722 438.87827498838305 765.2193999029696 1312.4097269494087 806.1424985639751 131.35772072896361 27452.686428727582 1147.869742533192 296.93408109620214
leaf_count=207403 1438 18224 991 156201 4969 29784 4525 9015 13010 11354 959 324994 10119 3574
internal_value=-1.01502e-05 -0.00313545 0.00765499 -0.00597478 -0.0223832 0.0155085 -0.0227362 0.000785921 -0.00817192 -0.0176661 0.0142617 0.00134847 -0.00204957 -0.0297821
internal_weight=64025.8 12997.7 2707.63 10290.1 1458.43 2151.66 555.971 51028.1 3015.13 2118.55 896.577 48012.9 20560.3 1444.8
internal_count=796560 216132 36738 179394 23193 30775 5963 580428 34338 24364 9974 546090 221096 13693
is_linear=0
shrinkage=0.05


Tree=244
num_leaves=15
num_cat=0
split_feature=10 3 3 3 3 1 34 33 2 1 0 3 2 3
split_gain=60.5928 118.352 258.768 173.346 236.47 291.253 423.137 394.52 273.67 219.859 274.484 195.342 192.03 173.234
threshold=0.070500000000000076 3447.5000000000005 3512.5000000000005 3191.0000000000005 3008.5000000000005 0.27105000000000007 0.41650000000000004 -28.774999999999995 0.054750000000000007 0.26675000000000004 0.7350000000000001 3230.0000000000005 0.93685000000000007 3576.5000000000005
decision_type=2 2 2 2 2 2 2 2 2 2 2 2 2 2
left_child=1 3 -3 4 5 7 -7 -1 -6 10 -5 -11 -13 -4
right_child=-2 2 13 9 8 6 -8 -9 -10 11 -12 12 -14 -15
leaf_value=0.0039376817311978091 -0.0019824219858962776 -0.022032344984045285 0.018967938471687342 0.026371674286135238 0.014030397934956175 -0.013135673215055824 0.015643947255068614 -0.013256685546498174 -0.015244065632153742 0.02871278489299868 -0.017840361855831509 -0.008902230631411082 0.0111318123201881 -0.015200869012516159
leaf_weight=9923.1113222483546 24200.164763910696 1625.5693503953516 1002.8119511473924 2366.5694991890341 989.30082242749631 1591.8836545869708 6458.9276995752007 5025.5481619480997 4134.4036977142096 634.96817792952061 412.12555903196335 2936.2338682655245 2018.1398659832776 588.59376832097769
leaf_count=100847 358896 17927 14807 28662 16694 15592 69267 44206 49389 7026 5641 36125 23346 8135
internal_value=-1.03094e-05 0.0011916 -0.00800192 0.00200209 0.000122282 0.0022863 0.00995327 -0.00184289 -0.0095915 0.00831967 0.0198139 0.00260515 -0.000741401 0.00633018
internal_weight=63908.4 39708.2 3216.98 36491.2 28123.2 22999.5 8050.81 14948.7 5123.7 8368.04 2778.7 5589.34 4954.37 1591.41
internal_count=796560 437664 40869 396795 295995 229912 84859 145053 66083 100800 34303 66497 59471 22942
is_linear=0
shrinkage=0.05


Tree=245
num_leaves=15
num_cat=0
split_feature=0 33 33 3 1 3 0 33 3 22 3 3 35 3
split_gain=61.845 247.514 451.241 485.359 185.876 157.93 184.477 152.44 139.769 176.156 162.533 379.109 342.742 300.614
threshold=0.64500000000000013 -58.389999999999993 -13.589999999999998 2082.5000000000005 0.29385000000000006 549.00000000000011 0.71050000000000002 -6.3149999999999986 849.00000000000011 -0.00087049999999999985 1913.0000000000002 1929.5000000000002 1.0000000180025095e-35 1756.0000000000002
decision_type=2 2 2 2 2 2 2 2 2 2 2 2 2 2
left_child=1 4 3 -3 -1 6 -2 -4 9 -7 12 -12 13 -10
right_child=5 2 7 -5 -6 8 -8 -9 10 -11 11 -13 -14 -15
leaf_value=0.028441502875980396 -0.066239049173873965 0.026157096065021746 0.014995602658404855 -0.035809949886643974 0.00023955086932377244 -0.036940791892292817 -0.0066178737581104354 -0.0077973493424019491 -0.0068581936247554993 0.039895868156915412 0.053324296890251845 0.0016098234228703102 0.0069948958726042251 -0.038118658983023405
leaf_weight=624.85919177159667 183.22983898594975 370.03421830758452 1278.2120879516006 2161.1726602874696 8971.5791842285544 89.836083091795444 443.95713858120143 1721.2918258588761 2423.0909989383072 437.5714356712997 357.38977095484734 40855.7993642129 2645.5541250947863 1126.5756289176643
leaf_count=6098 927 4577 19424 20704 125691 676 4129 26735 25673 3827 2174 516895 27771 10549
internal_value=1.23665e-05 -0.00277927 -0.0112039 -0.0267504 0.00207616 0.000881952 -0.0240437 0.00191584 0.00120813 0.0268034 0.000923329 0.00205841 -0.00662758 -0.0167803
internal_weight=63690.2 15127.1 5530.71 2531.21 9596.44 48563 627.187 2999.5 47935.8 527.408 47408.4 41213.2 6195.22 3549.67
internal_count=795850 203229 71440 25281 131789 592621 5056 46159 587565 4503 583062 519069 63993 36222
is_linear=0
shrinkage=0.05


Tree=246
num_leaves=15
num_cat=0
split_feature=33 33 15 33 2 33 1 2 23 1 1 1 1 15
split_gain=59.9795 367.442 401.732 363.741 546.736 507.143 435.555 512.505 348.948 230.844 785.601 647.218 627.781 404.846
threshold=-67.064999999999984 -87.234999999999985 3.53504376687845 -56.454999999999991 0.93870000000000009 -51.774999999999991 0.21960000000000005 0.93100000000000016 0.00030950000000000004 0.24180000000000004 0.23490000000000003 0.23145000000000002 0.24565000000000001 3.4795640780011685
decision_type=2 2 2 2 2 2 2 2 2 2 2 2 2 2
left_child=1 -1 -3 4 -2 6 -5 -8 -9 10 11 -7 13 -11
right_child=3 2 -4 5 -6 9 7 8 -10 12 -12 -13 -14 -15
leaf_value=-0.00028742764175100345 0.022289195512984437 -0.033166154140383701 0.052839869438749312 0.018441603780370745 -0.0060798343065629713 0.0040284384136841439 -0.043510430557076013 -0.03644120684305463 0.03298690962820304 0.019324457663361109 0.032103424914823868 -0.049514300926344484 0.00050131219108255512 -0.046908001052404905
leaf_weight=20403.203430222347 4412.3517471849918 1454.5164028629661 149.66305297613144 594.86804778128862 2761.0497848000377 5054.6191931478679 1806.9631408266723 299.45938922837377 457.10078609734774 288.60341976583004 2411.2891710959375 635.24506226554513 21646.098749803379 1149.3446347154677
leaf_count=274052 58203 14870 993 7967 45631 54744 14933 2836 4408 3305 22942 4227 278021 8718
internal_value=1.11646e-05 -0.00209906 -0.0251394 0.00112976 0.01137 -0.00100916 -0.0201009 -0.0290451 0.0055049 0.00092448 0.00818612 -0.00195011 -0.00162395 -0.0336144
internal_weight=63524.4 22007.4 1604.18 41517 7173.4 34343.6 3158.39 2563.52 756.56 31185.2 8101.15 5689.86 23084 1437.95
internal_count=795850 289915 15863 505935 103834 402101 30144 22177 7244 371957 81913 58971 290044 12023
is_linear=0
shrinkage=0.05


Tree=247
num_leaves=15
num_cat=0
split_feature=12 11 2 2 1 2 2 6 22 1 0 1 23 2
split_gain=64.9724 115.664 134.398 177.315 171.619 109.605 116.343 87.6963 94.5227 124.201 98.581 94.6259 206.205 89.095
threshold=0.20200000000000004 0.84250000000000014 0.91565000000000007 0.91865000000000008 0.29990000000000006 0.94150000000000011 0.9376000000000001 0.35325101901820222 -5.1499999999999991e-05 0.21260000000000004 0.70500000000000007 0.25780000000000008 0.00078450000000000015 0.068350000000000008
decision_type=2 2 2 2 2 2 2 2 2 2 2 2 2 2
left_child=7 2 4 -4 -2 6 -5 -1 9 -9 11 12 -10 -11
right_child=1 -3 3 5 -6 -7 -8 8 10 13 -12 -13 -14 -15
leaf_value=0.00078083131753366609 -0.013359446542423967 0.013464335737903971 0.068543589328294782 0.0026738496492086719 0.0082843399472594444 -0.0074751419207385239 0.026038318625935836 -0.020050515405405808 -0.023106774593258217 -0.0016244372879452699 0.0044242720017497331 -0.0052456846994585306 0.013041560170113934 0.0096016008004988357
leaf_weight=35356.992704205215 2534.9886879790574 2338.2962290551513 116.78646175563335 1309.8661982733756 1433.8475303649902 1045.1798067726195 898.0614316239953 695.78681754879653 2255.6558129880577 5538.5434200149029 1575.6724366918206 5074.4728283826262 478.06937618926167 2595.6486823819578
leaf_count=390553 31870 29471 514 17500 21562 13791 10460 10612 23813 87988 26989 87608 7551 35568
internal_value=9.9674e-06 0.0037805 0.000694851 0.00803784 -0.00554004 0.00586364 0.012178 -0.000671146 -0.00348973 0.000223472 -0.00698373 -0.00928586 -0.016785 0.0019579
internal_weight=63247.9 9677.03 7338.73 3369.89 3968.84 3253.11 2207.93 53570.8 18213.8 8829.98 9383.87 7808.2 2733.73 8134.19
internal_count=795850 125168 95697 42265 53432 41751 27960 670682 280129 134168 145961 118972 31364 123556
is_linear=0
shrinkage=0.05


Tree=248
num_leaves=15
num_cat=0
split_feature=10 22 7 3 23 3 3 15 34 1 15 11 2 11
split_gain=59.8935 93.4108 86.1016 124.834 150.296 149.28 335.978 236.594 145.604 104.197 82.1728 82.0995 66.5491 135.027
threshold=0.17999999999999999 -0.0051959999999999992 579.50000000000011 1305.0000000000002 0.00028450000000000008 1407.0000000000002 1581.0000000000002 2.6301797686105899 0.83350000000000013 0.40750000000000003 3.53504376687845 0.96950000000000014 0.9326000000000001 0.82850000000000013
decision_type=2 2 2 2 2 2 2 2 2 2 2 2 2 2
left_child=1 10 9 4 -4 7 -7 -5 -6 12 -1 -2 -3 -14
right_child=11 2 3 5 8 6 -8 -9 -10 -11 -12 -13 13 -15
leaf_value=-0.042728721977336119 -0.0057932560182174129 -0.017638892205816877 -0.047697346350241254 0.016460994772533228 0.010791651752399482 0.036761611571006277 0.00073502240985839668 -0.040258258630516533 0.050386182118272504 0.03694065963415219 0.024641651483955366 0.0049666598414716753 0.030733653973651878 -0.015069029040041898
leaf_weight=214.61782655864954 8155.8855127748102 1402.512722292915 84.549452573060989 282.56484204530716 879.2830620277673 655.97929594665766 47542.63528290391 525.98235297203064 315.44272022694349 117.87530802935362 57.279768403619528 2265.0957938972861 249.60417957231402 452.39675763249397
leaf_count=1787 137813 14990 521 2095 7955 6583 566003 4052 2101 952 712 42939 2707 4640
internal_value=9.52461e-06 0.000693457 0.000844845 0.00127049 0.016689 0.000867979 0.00122542 -0.0204369 0.0212491 -0.00878601 -0.0285322 -0.00345446 -0.0113488 0.00121868
internal_weight=63201.7 52780.7 52508.8 50286.4 1279.28 49007.2 48198.6 808.547 1194.73 2222.39 271.898 10421 2104.51 702.001
internal_count=795850 615098 612599 589310 10577 578733 572586 6147 10056 23289 2499 180752 22337 7347
is_linear=0
shrinkage=0.05


Tree=249
num_leaves=15
num_cat=0
split_feature=0 33 33 3 1 1 1 3 34 11 2 2 3 2
split_gain=60.2721 217.646 407.074 440.254 172.08 258.955 140.801 478.767 360.434 452.723 428.466 327 357.672 491.845
threshold=0.64500000000000013 -58.389999999999993 -13.589999999999998 2082.5000000000005 0.31215000000000009 0.31875000000000003 0.27105000000000007 3008.5000000000005 0.41650000000000004 0.73250000000000004 0.94175000000000009 0.053500000000000006 3237.0000000000005 0.94585000000000008
decision_type=2 2 2 2 2 2 2 2 2 2 2 2 2 2
left_child=1 4 3 -3 -1 -6 11 8 9 -8 -10 -2 -13 -14
right_child=6 2 -4 -5 5 -7 7 -9 10 -11 -12 12 13 -15
leaf_value=0.011301946427869719 -0.016677234432000292 0.02513483187999151 0.0016871165355315607 -0.034610462335620006 -0.037005278245173648 2.957662981921298e-05 -0.040398135417283515 -0.0025925625671071166 0.023596356210597618 0.027955440328874745 -0.019015838770696125 -0.0019013876664354765 0.019512386176090957 -0.031815513878004055
leaf_weight=3171.4515099544078 3049.4588341470808 361.48956585675478 2974.3088653944433 2094.7224751338363 513.10912798717618 5878.2751463763416 609.50383944064379 9882.8300352059305 5451.3955632727593 401.88959564082325 661.41928148083389 23609.467296540737 3970.9755256362259 528.79520763456821
leaf_count=42050 35802 4577 46159 20704 4771 84968 4810 130264 67797 4624 9469 276098 58081 5676
internal_value=9.26015e-06 -0.00275914 -0.0107531 -0.0258169 0.00178053 -0.00294416 0.000871029 0.00453015 0.0144108 -0.0132369 0.0189854 -0.0011262 0.000560922 0.01348
internal_weight=63159.1 14993.4 5430.52 2456.21 9562.84 6391.38 48165.7 17007 7124.21 1011.39 6112.81 31158.7 28109.2 4499.77
internal_count=795850 203229 71440 25281 131789 89739 592621 216964 86700 9434 77266 375657 339855 63757
is_linear=0
shrinkage=0.05


Tree=250
num_leaves=15
num_cat=0
split_feature=31 11 11 23 15 15 33 33 23 1 33 0 1 33
split_gain=59.8696 163.227 175.368 178.591 216.707 416.446 204.018 856.366 405.341 154.62 122.327 121.255 226.324 150.35
threshold=0.26300000000000007 0.83100000000000007 0.82850000000000013 0.00093350000000000019 3.488954450760851 2.7707194825327863 -20.649999999999995 -14.034999999999998 0.00074550000000000018 0.26360000000000006 -124.50999999999998 0.64500000000000013 0.29610000000000009 -56.204999999999991
decision_type=2 2 2 2 2 2 2 2 2 2 2 2 2 2
left_child=11 2 3 6 5 -5 8 -8 -2 -6 -4 12 13 -1
right_child=1 -3 10 4 9 -7 7 -9 -10 -11 -12 -13 -14 -15
leaf_value=0.011666000578454325 0.0022089973949231852 0.010617902987330579 0.010510657748733309 0.0048825335058730913 0.0465346938530775 -0.033063957119593181 -0.040569699723617847 0.0038813309221655632 0.023999299041204226 -0.00038436357454122073 -0.027128915766506129 -0.00030531128105204357 -0.0040054627647259913 -0.043849150695719617
leaf_weight=150.13000647723675 16638.454664971679 4201.4262000713497 280.26562606729567 1325.5756717473269 241.61562515795231 1590.472091216594 1359.2204233817756 5340.142074611038 2448.1306218355894 641.88581665232778 938.58199612796307 23463.770120218396 3596.3971300702542 649.05452350899577
leaf_count=1925 194638 52838 4298 14048 1651 13137 11565 63627 23230 9740 9557 327919 63136 4705
internal_value=-3.42141e-06 0.0013731 0.000112166 0.000877921 -0.00924205 -0.0158147 0.00236912 -0.00513772 0.00500403 0.0124506 -0.0184738 -0.00173305 -0.00935416 -0.0334203
internal_weight=62865.1 35005.8 30804.3 29585.5 3799.55 2916.05 25785.9 6699.36 19086.6 883.501 1218.85 27859.4 4395.58 799.185
internal_count=796014 398329 345491 331636 38576 27185 293060 75192 217868 11391 13855 397685 69766 6630
is_linear=0
shrinkage=0.05


Tree=251
num_leaves=15
num_cat=0
split_feature=12 3 3 3 23 2 33 3 33 33 33 33 2 22
split_gain=57.5869 107.649 83.4573 208.108 268.708 379.213 206.924 194.042 171.399 447.997 252.791 601.348 529.911 149.729
threshold=0.20200000000000004 1676.0000000000002 1581.0000000000002 1864.5000000000002 0.00045950000000000006 0.079450000000000007 -124.50999999999998 1407.0000000000002 -67.064999999999984 -87.234999999999985 -56.454999999999991 -56.029999999999994 0.93870000000000009 -0.0014844999999999999
decision_type=2 2 2 2 2 2 2 2 2 2 2 2 2 2
left_child=2 -2 7 4 6 -6 -4 13 9 -5 12 -12 -10 -1
right_child=1 -3 3 8 5 -7 -8 -9 10 -11 11 -13 -14 -15
leaf_value=-0.028957549384080596 -0.016610601178955835 0.0049587551706801805 0.0045909823554113665 -0.0025699319676937872 -0.028132687633368604 0.023388918196839643 -0.051798646362073902 0.025566227356945134 0.02157742769499877 -0.036979432492628063 -0.050302248479275113 0.00056290707404874931 -0.0084319158715615503 0.0040041157974535614
leaf_weight=386.57366118580103 618.31014964729548 8955.3864715062082 216.37314638867974 14404.581099420786 719.98127566277981 708.49295052886009 655.3987713009119 977.91186804696918 3998.9304232168943 1012.3139408491552 595.37077301740646 24019.857656011358 2327.0175675339997 3161.0454429620877
leaf_count=2948 6857 118316 3118 201781 8322 8654 4019 12374 55412 9078 3911 293125 40287 27812
internal_value=-4.26413e-06 0.00356556 -0.000646878 -0.00125093 -0.0159301 -0.00257921 -0.0378039 0.0058477 -0.000522526 -0.00482958 0.00162353 -0.000667572 0.0105384 0.000411665
internal_weight=62757.5 9573.7 53183.8 48658.3 2300.25 1428.47 871.772 4525.53 46358.1 15416.9 30941.2 24615.2 6325.95 3547.62
internal_count=796014 125173 670841 627707 24113 16976 7137 43134 603594 210859 392735 297036 95699 30760
is_linear=0
shrinkage=0.05


Tree=252
num_leaves=15
num_cat=0
split_feature=13 3 3 15 15 13 33 3 35 15 15 3 3 3
split_gain=58.633 138.839 199.134 141.138 178.654 138.469 96.2204 110.121 441.713 542.367 416.228 327.551 653.717 531.899
threshold=0.21050000000000005 2203.0000000000005 2095.5000000000005 2.6667018695222073 2.6090018179979402 0.25950000000000001 -203.17999999999998 2298.0000000000005 1.0000000180025095e-35 3.53504376687845 2.8367657241247248 2608.5000000000005 2670.5000000000005 2770.5000000000005
decision_type=2 2 2 2 2 2 2 2 2 2 2 2 2 2
left_child=6 2 5 4 -3 -2 -1 8 9 10 -8 -9 -13 -14
right_child=1 3 -4 -5 -6 -7 7 11 -10 -11 -12 12 13 -15
leaf_value=0.026350161029832533 -0.018661982715514846 -0.005921774837357046 0.027007237428247573 -0.0032845591801707007 -0.042100764314956039 0.0098096369042345189 -0.0021498287487141305 0.012392487867196296 0.0074974638274301108 0.033908449879619142 -0.029826396917697329 -0.031247554378259726 0.023991983718585064 -0.0004669865771907517
leaf_weight=364.82420195825398 748.70947595871985 861.91522894054651 857.43414714932442 8737.7081462703645 564.78085802868009 993.70062348991632 2433.6548841111362 6169.1801575254649 4781.6947582401335 563.26195027679205 3074.7512719351798 1608.7686610035598 2411.1017368342727 28441.527513206005
leaf_count=4186 9385 18196 10283 156248 4978 17064 23663 70683 46875 5321 27722 13839 29178 358393
internal_value=-4.45728e-06 -0.00302814 0.00728253 -0.00566544 -0.0202458 -0.00242492 0.00076979 0.000581144 -0.0038688 -0.0128202 -0.0175989 0.00183137 -0.000175764 0.00144453
internal_weight=62613 12764.2 2599.84 10164.4 1426.7 1742.41 49848.8 49483.9 10853.4 6071.67 5508.41 38630.6 32461.4 30852.6
internal_count=796014 216154 36732 179422 23174 26449 579860 575674 103581 56706 51385 472093 401410 387571
is_linear=0
shrinkage=0.05


Tree=253
num_leaves=15
num_cat=0
split_feature=12 11 3 15 2 3 33 11 6 15 1 15 15 1
split_gain=54.4833 101.249 157.8 130.414 158.661 139.861 120.81 113.186 76.296 96.6505 177.809 135.772 99.8823 226.083
threshold=0.20200000000000004 0.84250000000000014 3181.0000000000005 2.8265409023160699 0.066200000000000023 1773.5000000000002 -6.9249999999999989 0.72850000000000004 0.3472283751724648 3.5315340190116467 0.26050000000000006 3.511764630913309 3.4949291323639406 0.24545000000000003
decision_type=2 2 2 2 2 2 2 2 2 2 2 2 2 2
left_child=8 2 3 4 7 -6 -4 -2 -1 11 -11 12 -10 -14
right_child=1 -3 6 -5 5 -7 -8 -9 9 10 -12 -13 13 -15
leaf_value=0.00075333374488400552 0.038879182003456608 0.012598663901651628 0.015599362381301388 -0.014978642598498366 -0.021983034250784295 0.017075124165065483 -0.012875464028682308 -0.018999742136501397 -0.0014984896309712791 -0.047143157119130252 -0.0072863845732652355 0.021086203373078399 0.021566570441084891 -0.029005404768172784
leaf_weight=34524.712119158357 92.868169402703643 2305.1266260128468 2103.702588679269 1901.5108590610325 270.66607834026217 1493.2530618365854 452.55864904820919 924.43379611335695 13892.020826870576 317.78195606172085 2338.0240109544247 625.20006542652845 292.91628582030535 899.22866330854595
leaf_count=385365 1084 29404 26943 26894 2840 18007 7406 12595 217494 2143 43462 8504 3930 9943
internal_value=-4.27951e-06 0.00347274 0.000566617 -0.00488764 0.00201183 0.0110809 0.0105579 -0.0137127 -0.000631722 -0.00323548 -0.0120571 -0.00174405 -0.00269043 -0.0165788
internal_weight=62434 9544.12 7238.99 4682.73 2781.22 1763.92 2556.26 1017.3 52889.9 18365.2 2655.81 15709.4 15084.2 1192.14
internal_count=796014 125173 95769 61420 34526 20847 34349 13679 670841 285476 45605 239871 231367 13873
is_linear=0
shrinkage=0.05


Tree=254
num_leaves=15
num_cat=0
split_feature=33 33 15 33 2 33 33 33 26 1 1 1 1 15
split_gain=55.577 298.991 336.295 290.239 456.534 444.892 413.348 490.673 232.151 203.774 703.073 546.806 529.441 356.409
threshold=-67.064999999999984 -87.234999999999985 3.53504376687845 -56.454999999999991 0.93870000000000009 -51.774999999999991 -53.684999999999995 -54.779999999999994 1.0000000180025095e-35 0.24180000000000004 0.23490000000000003 0.23145000000000002 0.24565000000000001 3.4795640780011685
decision_type=2 2 2 2 2 2 2 2 2 2 2 2 2 2
left_child=1 -1 -3 4 -2 6 7 8 -5 10 11 -7 13 -11
right_child=3 2 -4 5 -6 9 -8 -9 -10 12 -12 -13 -14 -15
leaf_value=-0.00043759778885695607 0.020605932970047713 -0.030941919739719794 0.050226792179393978 0.0093598976327399896 -0.0055116212927289656 0.0036458920305300758 -0.044547790886046407 0.026989927786057907 -0.038382518229879203 0.018462780122086193 0.030831156615810242 -0.046880158080246148 0.00049186199399202932 -0.044595398233218939
leaf_weight=20264.705870255828 4256.6357041671872 1379.0128482244909 140.53127495199442 356.72290547192097 2756.7767363656312 4961.7017951514572 1046.7500864490867 726.22932187654078 889.25547619536519 282.2474036552012 2345.9068006314337 600.15991582721472 21274.724488431588 1086.344191506505
leaf_count=274325 58395 14938 974 4947 45653 54710 7917 8431 8811 3241 23020 4259 277703 8690
internal_value=-4.45717e-06 -0.00204168 -0.0234324 0.00108908 0.0103399 -0.000843617 -0.019154 -0.00567472 -0.0247142 0.000965815 0.0078757 -0.00180693 -0.00144736 -0.0315904
internal_weight=62367.7 21784.2 1519.54 40583.5 7013.41 33570 3018.96 1972.21 1245.98 30551.1 7907.77 5561.86 22643.3 1368.59
internal_count=796014 290237 15912 505777 104048 401729 30106 22189 13758 371623 81989 58969 289634 11931
is_linear=0
shrinkage=0.05


Tree=255
num_leaves=15
num_cat=0
split_feature=13 3 23 15 15 3 23 2 2 3 3 0 3 3
split_gain=60.1642 119.745 177.619 129.745 167.865 110.102 103.004 95.2945 208.081 198.67 270.073 602.172 265.383 207.203
threshold=0.21050000000000005 2203.0000000000005 0.00041650000000000004 2.6667018695222073 2.6090018179979402 1034.5000000000002 0.00033950000000000007 0.94510000000000016 0.94475000000000009 3191.0000000000005 2924.5000000000005 0.67500000000000016 2677.5000000000005 3295.0000000000005
decision_type=2 2 2 2 2 2 2 2 2 2 2 2 2 2
left_child=7 2 6 4 -3 -4 -2 8 9 10 12 -12 -1 -11
right_child=1 3 5 -5 -6 -7 -8 -9 -10 13 11 -13 -14 -15
leaf_value=-0.0019051008438823011 0.025953673262853111 -0.0056394776186239389 -0.035649282623822297 -0.0032205173166666504 -0.04073027045241287 0.015984118054083223 -0.03083560910026354 0.0065500768115808548 -0.030401262258827024 0.016703910220387259 -0.00051613657422553436 -0.029261158235574188 0.011402888969687266 0.0019224171531595929
leaf_weight=16468.801926430315 99.054673213511705 863.7542604804039 108.99358045682311 8714.0337741151452 562.86486795730889 1928.3893309831619 410.28760688006878 6260.2056737057865 557.34513138607144 3146.8033839687705 5891.359743623063 2637.5636643953621 4849.1201858092099 9613.5091905836016
leaf_count=166483 1197 18167 991 156162 5013 29805 4746 81742 6056 40490 75294 26429 58229 125242
internal_value=-3.32837e-06 -0.00307472 0.00661803 -0.005509 -0.0194862 0.0132203 -0.0197885 0.000785106 -5.10086e-05 0.000346074 -0.00188635 -0.00940575 0.00112206 0.00556776
internal_weight=62112.1 12687.4 2546.73 10140.7 1426.62 2037.38 509.342 49424.7 43164.5 42607.2 29846.8 8528.92 21317.9 12760.3
internal_count=796046 216081 36739 179342 23180 30796 5943 579965 498223 492167 326435 101723 224712 165732
is_linear=0
shrinkage=0.05


Tree=256
num_leaves=15
num_cat=0
split_feature=0 1 1 11 1 15 2 1 1 23 29 11 15 5
split_gain=58.8671 81.9335 145.01 248.4 228.186 202.148 191.154 158.91 251.59 226.077 152.697 139.326 87.8347 113.563
threshold=0.78500000000000014 0.19785000000000003 0.21260000000000004 0.83600000000000008 0.21905000000000005 2.6301797686105899 0.9295500000000001 0.22825000000000004 0.23960000000000004 0.00038050000000000003 10.11845365292317 0.86950000000000005 2.7962285914078522 724.71500000000015
decision_type=2 2 2 2 2 2 2 2 2 2 2 2 2 2
left_child=1 12 3 5 -4 6 -3 9 -9 -6 -7 -5 13 -1
right_child=-2 2 4 11 7 10 -8 8 -10 -11 -12 -13 -14 -15
leaf_value=0.021018638521527765 -0.022791512046373922 0.064236369458465989 0.026076167951084091 0.027211520502724174 0.036074014626352464 -0.025680246088681014 -0.010921238797059404 0.011567543138046203 -0.00058295468064720841 -0.021334236511909719 0.03782464242855605 -0.0060875742964071273 -0.011114595210609313 -0.0071134805632072431
leaf_weight=1420.3750817514956 282.01111975871027 134.49185954034328 852.32868844643235 571.12270586192608 192.98290230706334 2303.3629566803575 227.71461859531701 4674.5536318570375 48071.137695783749 1534.2023130021989 98.62883859872818 697.88312736153603 429.72981581836939 479.88347915187478
leaf_count=17804 2948 659 10766 6338 1770 19123 3978 51247 629421 20093 623 13717 6326 11233
internal_value=-3.55916e-06 0.000100654 -0.000260376 -0.00941328 0.000406886 -0.0178206 0.0169958 5.19545e-06 0.000493895 -0.0149181 -0.0230712 0.00889982 0.00929781 0.0139143
internal_weight=61970.4 61688.4 59358.4 4033.2 55325.2 2764.2 362.206 54472.9 52745.7 1727.19 2401.99 1269.01 2329.99 1900.26
internal_count=796046 793098 757735 44438 713297 24383 4637 702531 680668 21863 19746 20055 35363 29037
is_linear=0
shrinkage=0.05


Tree=257
num_leaves=15
num_cat=0
split_feature=31 11 11 2 2 2 7 33 0 0 33 3 33 33
split_gain=56.0563 137.253 152.847 115.912 109.953 467.867 238.145 230.265 130.948 104.149 181.916 148.183 125.422 121.099
threshold=0.26300000000000007 0.83100000000000007 0.82850000000000013 0.94990000000000008 0.8882000000000001 0.91865000000000008 1072.5000000000002 -28.774999999999995 0.68500000000000016 0.64500000000000013 -58.389999999999993 2082.5000000000005 -13.589999999999998 -60.249999999999993
decision_type=2 2 2 2 2 2 2 2 2 2 2 2 2 2
left_child=9 2 4 -4 6 -6 -2 -7 -8 10 -1 -12 -13 -11
right_child=1 -3 3 -5 5 7 8 -9 -10 13 11 12 -14 -15
leaf_value=-0.00075996073631696764 -0.021057528067696459 0.0098944827014628024 -0.022309528845048832 0.031986968478863169 0.048487579906275266 0.0069406380567754618 -0.0023048150703523971 -0.0073154741955034647 0.0098664509129787019 -0.0055808093056033013 0.015376891047397635 -0.040662080754990511 -0.010645024836302894 0.0021524155735771484
leaf_weight=2682.9746378175914 1476.6108158305287 4127.5217083897442 1082.7543180976063 108.01874985732138 571.34214429557323 8605.7313507739455 11476.615109423175 4222.0141242537647 2736.7732265274972 7490.3224181169644 230.09548621624708 816.2655258923769 606.72871520742774 15617.816689606756
leaf_count=47757 18282 52800 12995 926 3513 100768 131301 48378 29377 112295 3581 6411 12009 215653
internal_value=-3.11644e-06 0.00134121 0.000175268 -0.0173819 0.000894033 0.00422048 -0.00194673 0.00224848 3.88025e-05 -0.00168853 -0.00879906 -0.0218457 -0.0278652 -0.000354262
internal_weight=61851.6 34407.4 30279.9 1190.77 29089.1 13399.1 15690 12827.7 14213.4 27444.2 4336.06 1653.09 1422.99 23108.1
internal_count=796046 398340 345540 13921 331619 152659 178960 149146 160678 397706 69758 22001 18420 327948
is_linear=0
shrinkage=0.05


Tree=258
num_leaves=15
num_cat=0
split_feature=33 33 9 33 15 33 15 3 2 0 2 33 9 13
split_gain=54.8846 107.028 83.5145 58.9264 182.497 164.398 143.868 130.877 125.062 164.408 124.266 105.904 71.0807 67.0382
threshold=9.8450000000000006 9.3300000000000018 0.72050000000000003 -3.8299999999999996 3.5315340190116467 -4.0599999999999996 3.53504376687845 3469.0000000000005 0.94535000000000013 0.74500000000000011 0.94475000000000009 -1.8049999999999999 0.71050000000000002 0.10999999999999997
decision_type=2 2 2 2 2 2 2 2 2 2 2 2 2 2
left_child=1 3 -3 5 7 8 -6 12 10 -10 -1 -8 -5 -7
right_child=-2 2 -4 4 6 13 11 -9 9 -11 -12 -13 -14 -15
leaf_value=-0.00028565797403199545 -0.013457275033446731 0.052444907776599915 0.0065523313329415595 -0.011748376244921725 0.030032802544032535 0.062069576435240949 0.017530124693539508 0.0091229371889039023 0.010585707308161021 -0.013515806202352662 -0.016367606688198682 -0.01159912967464004 -0.031556784740863389 0.018352867694587383
leaf_weight=48850.750163657591 748.74169467017055 169.9569745734334 237.77322241663933 939.57602942734957 459.74362275376916 104.27571034431458 462.02321416698396 439.03875671699643 4910.0771457254887 826.62218525446951 1231.3839398436248 960.58456476032734 874.57421671412885 549.88959736935794
leaf_count=612471 12274 976 4441 15826 5182 507 7171 6866 73860 9601 14256 15141 9439 8035
internal_value=-3.26804e-06 0.00016185 0.0256902 -9.9281e-06 -0.00577105 0.00041197 0.00572039 -0.015371 0.000119902 0.00711266 -0.000681101 -0.0021382 -0.0212989 0.0253299
internal_weight=61765 61016.3 407.73 60608.5 4135.54 56473 1882.35 2253.19 55818.8 5736.7 50082.1 1422.61 1814.15 654.165
internal_count=796046 783772 5417 778355 59625 718730 27494 32131 710188 83461 626727 22312 25265 8542
is_linear=0
shrinkage=0.05


Tree=259
num_leaves=15
num_cat=0
split_feature=13 3 3 15 15 13 2 3 2 33 2 3 3 3
split_gain=55.7044 101.273 166.734 113.439 152.422 108.07 85.3776 197.087 202.838 294.562 184.375 179.696 235.491 492.24
threshold=0.21050000000000005 2203.0000000000005 2095.5000000000005 2.6667018695222073 2.6090018179979402 0.25950000000000001 0.94510000000000016 3403.5000000000005 0.94585000000000008 -4.1249999999999991 0.94475000000000009 3191.0000000000005 2924.5000000000005 2936.5000000000005
decision_type=2 2 2 2 2 2 2 2 2 2 2 2 2 2
left_child=6 2 5 4 -3 -2 10 8 -8 -10 11 12 -1 -14
right_child=1 3 -4 -5 -6 -7 7 -9 9 -11 -12 -13 13 -15
leaf_value=0.0010217226524920687 -0.017385566999524534 -0.0052845526041806357 0.024775899981982992 -0.0030607445571236985 -0.038995273106382095 0.0081232794188108703 0.026113822366354969 -0.024737379380910588 0.011905892239967658 -0.016651410796370093 -0.029100662748348702 0.0053137402763981569 -0.057720403807760418 -0.0058707010900178941
leaf_weight=21173.342630639672 729.15969979576766 866.21083079278469 805.07880596444011 8687.0412191785872 547.0347765404731 964.04762437567115 1307.357064858079 473.74401934072375 3137.3556929044425 1267.8076943233609 538.60569832101464 12694.196532418951 485.51660378277302 7976.374939231202
leaf_count=224712 9395 18167 10235 156162 5013 17109 15900 5323 41078 19441 6056 165732 2803 98920
internal_value=-2.98733e-06 -0.0029686 0.00604489 -0.0051981 -0.018335 -0.00286218 0.000758672 0.00624968 0.00881985 0.0036869 -3.37453e-05 0.000336174 -0.00179597 -0.00884632
internal_weight=61652.9 12598.6 2498.29 10100.3 1413.25 1693.21 49054.3 6186.26 5712.52 4405.16 42868 42329.4 29635.2 8461.89
internal_count=796046 216081 36739 179342 23180 26504 579965 81742 76419 60519 498223 492167 326435 101723
is_linear=0
shrinkage=0.05


Tree=260
num_leaves=15
num_cat=0
split_feature=33 33 2 33 33 33 33 15 0 7 33 1 2 23
split_gain=55.1282 271.599 418.616 401.991 386 424.451 269.237 309.736 208.659 200.778 175.097 540.724 488.548 400.23
threshold=-67.064999999999984 -56.454999999999991 0.93870000000000009 -51.774999999999991 -53.684999999999995 -54.779999999999994 -87.234999999999985 3.53504376687845 0.74500000000000011 2341.5000000000005 -28.774999999999995 0.25675000000000003 0.057350000000000005 0.0007555000000000002
decision_type=2 2 2 2 2 2 2 2 2 2 2 2 2 2
left_child=6 2 9 4 5 8 -1 -8 -3 -2 11 12 -5 -13
right_child=1 3 -4 10 -6 -7 7 -9 -10 -11 -12 13 -14 -15
leaf_value=-0.00050774676238872474 0.01137330896603847 -0.034606652020978831 -0.0051694518152762894 -0.030438026729790263 -0.04347933610691538 0.025726115368054012 -0.0299206507260408 0.048435826024857041 0.014179919814176968 0.033842598630408859 -0.0011780831654073403 -0.016107877363274129 0.030368903740583143 0.017403714447618845
leaf_weight=20082.439915888943 2587.5285916924477 931.11653966829181 2719.3654445670545 374.53286632150412 1009.9659619256854 700.2765626385808 1345.1328630149364 139.07678414881229 286.56550370156765 1614.6496965698898 22982.594118161127 2584.7528150696307 2793.9024686571211 1359.5035250838846
leaf_count=274031 42199 9897 45572 2758 7855 8421 14981 998 3858 16269 287810 31987 29893 19661
internal_value=1.05761e-05 0.00111044 0.010116 -0.000777105 -0.0184631 -0.00528838 -0.00202654 -0.0225755 -0.0231252 0.0200075 0.000943595 0.0077991 0.0231803 -0.00455698
internal_weight=61511.4 39944.8 6921.54 33023.2 2927.92 1917.96 21566.6 1484.21 1217.68 4202.18 30095.3 7112.69 3168.44 3944.26
internal_count=796190 506180 104040 402140 30031 22176 290010 15979 13755 58468 372109 84299 32651 51648
is_linear=0
shrinkage=0.05


Tree=261
num_leaves=15
num_cat=0
split_feature=12 1 2 1 2 15 1 3 3 2 23 2 34 33
split_gain=60.4841 75.3659 195.173 202.11 140.045 123.334 139.385 315.14 346.892 233.21 409.474 308.781 191.359 100.98
threshold=0.22000000000000008 0.30950000000000005 0.058950000000000009 0.32445000000000007 0.063950000000000021 3.5983648778348312 0.27105000000000007 2468.0000000000005 2579.5000000000005 0.053500000000000006 0.00056550000000000014 0.060300000000000006 0.22500000000000003 -164.21499999999997
decision_type=2 2 2 2 2 2 2 2 2 2 2 2 2 2
left_child=1 5 13 -4 -5 6 9 12 -9 10 -1 -11 -8 -3
right_child=-2 2 3 4 -6 -7 7 8 -10 11 -12 -13 -14 -15
leaf_value=0.011406215576033937 0.0041437295988465935 0.016886086204891553 -0.032658314436158478 -0.024244409953234285 -0.0019990050616346027 -0.027268144826756758 -0.012348695522840309 -0.028078490155137244 0.0029370099321821405 0.021024393955402541 -0.033609379352990292 -0.0019091229015565819 0.024443252179836037 -0.0025518627481498912
leaf_weight=787.88656456861645 7734.1544435396791 1182.8036513403058 865.58306663110852 876.77577490359545 3662.9898043349385 404.71688629314303 413.35338830575347 961.56260224059224 14415.711083041504 1567.5825711302459 1407.5568828396499 23022.277013650164 2434.9003778416663 1535.3513036072254
leaf_count=9778 106794 17879 9010 11136 54269 5037 4376 8794 192942 19555 12572 289335 28767 25946
internal_value=1.05813e-05 -0.000586492 -0.00502207 -0.0105178 -0.00629575 0.00020691 0.000454013 0.00382709 0.000997397 -0.00184113 -0.0174547 -0.000447051 0.0191036 0.00590686
internal_weight=61273.2 53539.1 8123.5 5405.35 4539.77 45415.5 45010.8 18225.5 15377.3 26785.3 2195.44 24589.9 2848.25 2718.15
internal_count=796190 689396 118240 74415 65405 571156 566119 234879 201736 331240 22350 308890 33143 43825
is_linear=0
shrinkage=0.05


Tree=262
num_leaves=15
num_cat=0
split_feature=10 33 33 22 3 33 33 11 23 23 1 3 33 9
split_gain=58.7871 83.5433 106.689 82.0529 67.7455 171.978 71.7605 57.7006 54.2503 59.8795 111.549 66.5694 53.4377 50.7749
threshold=0.17999999999999999 -203.17999999999998 -200.62999999999997 -0.005798499999999999 462.00000000000006 -129.53999999999996 -67.064999999999984 0.96550000000000014 0.00032350000000000006 0.00061350000000000011 0.24980000000000002 2137.0000000000005 -24.894999999999996 0.64050000000000018
decision_type=2 2 2 2 2 2 2 2 2 2 2 2 2 2
left_child=1 -1 13 -4 5 -5 -6 8 -2 10 12 -11 -10 -3
right_child=7 2 3 4 6 -7 -8 -9 9 11 -12 -13 -14 -15
leaf_value=0.025150122137248772 0.0084506236319734796 -0.0099853660837172457 -0.034683682391457714 0.035278944069945993 -0.0015023954841009478 -0.03878083669227856 0.0024557850063208777 0.003535383599366919 -0.0086862230499934936 0.013977712503433798 -0.006340690427769885 -0.0050171539976367092 -0.035380460646045837 -0.045711284102852717
leaf_weight=346.98350047320127 641.79321938939393 238.45323733240366 162.81651776283979 105.95590819045901 17934.499267365783 300.47490083053708 31673.29439269565 2287.4346512276679 274.53479983471334 541.56058459542692 2743.0373534336686 3107.2898864019662 591.67355154082179 170.60531722381711
leaf_count=4073 11251 4207 1504 1259 229850 2128 371012 44568 5413 8251 47958 57852 5529 1335
internal_value=9.70403e-06 0.000703208 0.000535471 0.000742821 0.000858218 -0.0194696 0.0010248 -0.00345755 -0.00548239 -0.00671451 -0.0112808 -0.00219764 -0.026922 -0.024893
internal_weight=61120.4 50933.1 50586.1 50177 50014.2 406.431 49607.8 10187.3 7899.89 7258.1 3609.25 3648.85 866.208 409.059
internal_count=796190 615368 611295 605753 604249 3387 600862 180822 136254 125003 58900 66103 10942 5542
is_linear=0
shrinkage=0.05


Tree=263
num_leaves=15
num_cat=0
split_feature=31 13 12 26 1 13 2 0 3 5 6 0 3 1
split_gain=55.168 129.419 138.662 109.018 150.005 128.567 208.798 178.894 112.505 102.131 99.5033 156.267 144.042 206.662
threshold=0.27150000000000007 0.049499999999999995 0.019999999999999966 -0.00048049999999999997 0.21960000000000005 0.034500000000000038 0.9436500000000001 0.66500000000000015 1676.0000000000002 215.29500000000004 0.22224548824317128 0.65500000000000014 3303.5000000000005 0.26840000000000003
decision_type=2 2 2 2 2 2 2 2 2 2 2 2 2 2
left_child=10 2 9 4 8 6 -5 -7 -4 -2 11 -1 13 -13
right_child=1 -3 3 5 -6 7 -8 -9 -10 -11 -12 12 -14 -15
leaf_value=-0.0098972025297783487 0.011117775610166261 0.0039874055424254807 -0.025862688970584188 -0.0039374266915298368 -0.028604226361598085 0.0082110837588627427 0.022637805862087568 -0.031778561266279433 0.028246819959540561 -0.009797290554830319 -0.0037140176122812904 0.0036141644553383313 -0.011526855322600778 0.024385692900715704
leaf_weight=2039.7183300610632 2541.4106966517866 19516.553105579689 156.32375255413353 5864.6571822632104 1016.8866647183895 425.0479499977082 845.5938628371805 817.35445817187428 248.86951138451695 757.6136891618371 18878.751822942868 5369.2973077297211 1062.5267748273909 1541.1067806966603
leaf_count=25483 22383 246884 1355 62333 10005 4764 9327 8923 3394 8755 308225 54998 12631 16730
internal_value=9.03394e-06 0.00143261 -0.00250158 -0.00560405 -0.0183543 -0.00332388 -0.000588255 -0.0180978 0.00737012 0.00631453 -0.00157708 0.00245208 0.00561148 0.00824676
internal_weight=61081.7 32190.3 12673.8 9374.73 1422.08 7952.65 6710.25 1242.4 405.193 3299.02 28891.4 10012.6 7972.93 6910.4
internal_count=796190 378123 131239 100101 14754 85347 71660 13687 4749 31138 418067 109842 84359 71728
is_linear=0
shrinkage=0.05


Tree=264
num_leaves=15
num_cat=0
split_feature=12 3 3 15 15 3 23 2 1 15 2 33 33 1
split_gain=50.7088 86.6356 71.0887 202.562 279.588 173.74 227.92 294.982 227.805 153.658 174.536 137.012 344.059 204.46
threshold=0.20200000000000004 1676.0000000000002 1565.0000000000002 3.5341157718557406 3.4875444300167988 1864.5000000000002 0.00045950000000000006 0.079450000000000007 0.20995000000000003 3.4513620057867764 0.080150000000000013 -67.064999999999984 -87.234999999999985 0.24305000000000002
decision_type=2 2 2 2 2 2 2 2 2 2 2 2 2 2
left_child=2 -2 3 4 9 6 8 -8 -4 10 -1 12 -7 -13
right_child=1 -3 5 -5 -6 11 7 -9 -10 -11 -12 13 -14 -15
leaf_value=0.027450748901736818 -0.015112374615627889 0.0046585709853579496 0.015963283577137829 -0.028739786401084395 0.036590089755144897 -0.0024373980789608261 -0.026244859403219984 0.019179315896829745 -0.048850129443771623 -0.038514988684083117 -0.001251633722182669 0.0092478970981430177 -0.033888128819886426 -0.00071775935986732474
leaf_weight=691.36246139928699 591.5544132553041 8728.0968341305852 170.59956929460168 391.3737395554781 742.82448665052652 14227.938781160861 686.47762681357563 745.36642653122544 659.43601143360138 212.81203589588404 2263.3056122418493 6596.6694904509932 926.0917171984911 23415.444944027811
leaf_count=6783 6844 118412 2802 3924 7242 201656 8337 10025 4356 2262 21424 84110 9083 308930
internal_value=8.49239e-06 0.00340348 -0.000603156 0.00555136 0.00898413 -0.00116138 -0.0146841 -0.00259898 -0.0355285 0.00250914 0.00546514 -0.00048414 -0.00435962 0.00147272
internal_weight=61049.4 9319.65 51729.7 4301.68 3910.3 47428 2261.88 1431.84 830.036 3167.48 2954.67 45166.1 15154 30012.1
internal_count=796190 125256 670934 41635 37711 629299 25520 18362 7158 30469 28207 603779 210739 393040
is_linear=0
shrinkage=0.05


Tree=265
num_leaves=15
num_cat=0
split_feature=31 11 23 23 1 1 13 0 0 1 15 15 1 15
split_gain=51.8847 112.573 108.604 169.797 346.077 221.109 214.655 212.614 586.784 220.492 159.217 345.908 184.334 155.08
threshold=0.26300000000000007 0.85950000000000004 0.00093350000000000019 0.00074550000000000018 0.23490000000000003 0.22675000000000003 0.14949999999999999 0.66500000000000015 0.68500000000000016 0.30950000000000005 2.7707194825327863 3.488954450760851 0.2758500000000001 3.3058000285655358
decision_type=2 2 2 2 2 2 2 2 2 2 2 2 2 2
left_child=-1 2 3 7 5 -5 -6 9 -9 -2 12 13 -4 -12
right_child=1 -3 10 4 6 -7 -8 8 -10 -11 11 -13 -14 -15
leaf_value=-0.0016394341786703367 0.010200147689969448 0.0114571256530712 0.019669593859116929 0.0067301651885540246 0.025843006209835991 -0.041328566735113176 -0.017508868664909836 -0.019003766413421927 0.0052106467511607137 -0.002729770978924977 -0.022261992766867123 0.0069621599500670761 -0.014283412195228794 -0.06268053374359954
leaf_weight=27027.484792387113 7147.1792923565954 2523.5639635287225 938.93866991996765 555.32604256644845 2409.2667894475162 420.47158034145832 323.85813760012388 4444.6434210147709 5723.65471371077 6120.7613155823201 1209.5634424053133 1072.79605332762 695.97262668609619 295.22856599837542
leaf_count=397183 80041 32080 9971 6124 24002 3001 3923 48558 69930 83510 11850 14750 9289 1438
internal_value=-5.53302e-06 0.00129785 0.000480232 0.0016394 0.0115798 -0.0139805 0.0207056 6.6237e-05 -0.00537375 0.00423535 -0.00698927 -0.0147307 0.005216 -0.0301954
internal_weight=60908.7 33881.2 31357.7 27145.2 3708.92 975.798 2733.12 23436.2 10168.3 13267.9 4212.5 2577.59 1634.91 1504.79
internal_count=795650 398467 366387 319089 37050 9125 27925 282039 118488 163551 47298 28038 19260 13288
is_linear=0
shrinkage=0.05


Tree=266
num_leaves=15
num_cat=0
split_feature=13 3 3 15 15 13 2 2 1 3 2 1 34 1
split_gain=50.2862 89.1598 148.369 99.8597 139.466 82.9819 82.5423 165.167 185.869 439.978 494.453 418.278 291.071 403.28
threshold=0.21050000000000005 2203.0000000000005 2095.5000000000005 2.6667018695222073 2.6090018179979402 0.25950000000000001 0.94510000000000016 0.94475000000000009 0.27105000000000007 3234.5000000000005 0.053800000000000008 0.23960000000000004 0.41650000000000004 0.28125000000000006
decision_type=2 2 2 2 2 2 2 2 2 2 2 2 2 2
left_child=6 2 5 4 -3 -2 7 8 9 11 -11 -1 -10 -14
right_child=1 3 -4 -5 -6 -7 -8 -9 12 10 -12 -13 13 -15
leaf_value=0.0010971628154759657 -0.015736897918796594 -0.0049269507688325768 0.023647963321464949 -0.0029021711373064083 -0.037367773589892704 0.0069601919752935934 0.0061712476093336724 -0.027956806550300441 -0.010755937098037988 -0.021318584930873755 0.023226524634645664 -0.014448410783677769 0.021170649892112568 0.0023171575621685789
leaf_weight=9071.366796027869 705.07182658836246 870.71968421339989 784.82800990156829 8653.0433455314487 534.71726888231933 938.75549226626754 6082.0369986314327 523.85857240110636 3007.0202580243349 807.53057322651148 2724.6121972426772 8273.3989413697273 3539.1048461068422 14283.048258345574
leaf_count=102001 9389 18177 10241 155758 5038 17126 81847 6068 34188 11228 36371 84829 42123 181266
internal_value=-5.61872e-06 -0.00283401 0.005764 -0.00491007 -0.0172713 -0.00277543 0.000725437 -5.88921e-05 0.000291592 -0.00304248 0.0130422 -0.00631807 0.00363331 0.00606116
internal_weight=60799.1 12487.1 2428.66 10058.5 1405.44 1643.83 48312 42229.9 41706.1 20876.9 3532.14 17344.8 20829.2 17822.2
internal_count=795650 215729 36756 178973 23215 26515 579921 498074 492006 234429 47599 186830 257577 223389
is_linear=0
shrinkage=0.05


Tree=267
num_leaves=15
num_cat=0
split_feature=0 1 1 11 15 4 1 29 1 3 1 13 3 15
split_gain=46.8176 68.5474 158.216 235.161 183.384 172.244 172.099 143.348 140.002 190.309 184.064 118.596 88.6408 127.756
threshold=0.78500000000000014 0.19830000000000003 0.21260000000000004 0.83600000000000008 2.6301797686105899 1.0000000180025095e-35 0.21905000000000005 10.11845365292317 0.22730000000000003 1581.0000000000002 0.23960000000000004 0.12450000000000007 1672.5000000000002 2.6301797686105899
decision_type=2 2 2 2 2 2 2 2 2 2 2 2 2 2
left_child=1 12 3 4 5 -3 -4 -6 9 -8 -10 -5 13 -1
right_child=-2 2 6 11 7 -7 8 -9 10 -11 -12 -13 -14 -15
leaf_value=-0.046190458550484211 -0.020421072234487279 0.061420437487333626 0.023380898820506573 0.02660501201397272 -0.026156423934912684 -0.011024974765029612 0.033626899713019881 0.036565723404728523 0.010004656679557494 -0.021099357737210552 -0.00041367630083635217 -0.0062351798952099595 0.0025404973986698116 0.030795269923941933
leaf_weight=59.099850475788116 279.40931167826056 128.05947706103325 804.37002479471266 517.57748858630657 2183.4052221830934 227.96456988342106 179.65073462203145 94.975263141095638 4658.5411463156343 1367.1347280181944 47118.479084426537 586.17577287554741 1828.395883532241 601.81866937875748
leaf_count=426 2968 650 10822 6229 18327 3968 1762 623 53584 17841 628931 10680 32409 6430
internal_value=-4.95314e-06 8.95945e-05 -0.000259901 -0.0102084 -0.0183256 0.0150431 0.000427174 -0.0235403 8.08821e-05 -0.0147414 0.000523711 0.00916542 0.00821361 0.0239052
internal_weight=60635.1 60355.6 57866.3 3738.16 2634.4 356.024 54128.2 2278.38 53323.8 1546.79 51777 1103.75 2489.31 660.919
internal_count=795650 792682 753417 40477 23568 4618 712940 18950 702118 19603 682515 16909 39265 6856
is_linear=0
shrinkage=0.05


Tree=268
num_leaves=15
num_cat=0
split_feature=9 11 33 33 33 33 33 33 11 3 15 0 13 3
split_gain=49.0353 114.824 107.496 308.952 265.428 202.577 197.564 479.954 148.785 133.748 99.2885 93.9548 131.555 91.8084
threshold=0.71050000000000002 0.85950000000000004 -56.889999999999993 -67.064999999999984 -54.779999999999994 -90.069999999999979 -53.684999999999995 -52.204999999999991 0.62450000000000017 2548.0000000000005 2.6826018834518894 0.69500000000000006 0.19500000000000003 3029.5000000000005
decision_type=2 2 2 2 2 2 2 2 2 2 2 2 2 2
left_child=1 2 3 5 -4 8 -6 -8 -1 -5 -3 12 -12 -14
right_child=-2 10 4 9 6 -7 7 -9 -10 -11 11 -13 13 -15
leaf_value=-0.015320237418615067 -0.0015038831718633811 -0.026844926947594785 -0.037881355451444484 -0.0029968173152583335 0.02651237813116418 -0.018390002252155303 -0.046172140269572559 -0.00048285195127341276 0.0044180043889963305 0.026489998914024229 0.048875898598820904 -0.0026298780129151485 0.022845034450494805 -0.0056167558617087219
leaf_weight=1054.057873275131 28685.813769359142 153.95952565222979 512.36761575564742 487.03870216757059 612.89122885838151 1287.1107336115092 601.33579178899527 12975.019369734451 10122.724548615515 1827.3630766421556 332.55974508821964 578.47391150519252 873.78133121319115 419.22174065560102
leaf_count=12939 417406 1633 4396 6403 7162 17569 4243 148030 126174 21309 2100 9014 10361 6911
internal_value=-4.54515e-06 0.00134635 0.00049711 0.00350854 -0.00253003 0.000393207 -0.00125325 -0.00250689 0.00255641 0.020285 0.0119632 0.0146752 0.0208331 0.0136173
internal_weight=60523.7 31837.9 29479.9 14778.3 14701.6 12463.9 14189.2 13576.4 11176.8 2314.4 2358 2204.04 1625.56 1293
internal_count=795650 378244 348225 184394 163831 156682 159435 152273 139113 27712 30019 28386 19372 17272
is_linear=0
shrinkage=0.05


Tree=269
num_leaves=15
num_cat=0
split_feature=33 3 3 2 0 15 3 33 3 2 33 33 33 3
split_gain=45.4721 53.5299 192.619 253.529 199.42 195.744 172.423 259.918 204.91 230.972 178.969 293.833 465.497 314.754
threshold=13.065000000000001 3191.0000000000005 3295.0000000000005 0.94120000000000015 0.67500000000000016 3.5932770349567842 3029.5000000000005 -180.34999999999997 3080.0000000000005 0.93470000000000009 -100.08999999999999 -24.894999999999996 -24.094999999999995 2486.0000000000005
decision_type=2 2 2 2 2 2 2 2 2 2 2 2 2 2
left_child=1 6 -3 5 -5 -4 10 -8 -9 -10 -1 13 -13 -12
right_child=-2 2 3 4 -6 -7 7 8 9 -11 11 12 -14 -15
leaf_value=-0.0061247182974658579 -0.016222437729701434 0.011425569385626859 0.0042969472933960381 -0.0051260966186239196 -0.033446840245650471 -0.041544603779570276 0.018351259374659736 -0.023942906721059636 -0.015836493538785048 0.0077780808233831981 -0.0023445777808840142 -0.040534020927767582 -0.00085458672672590163 0.012251780499377293
leaf_weight=7756.8791743312031 429.02520050480962 4447.4055227544159 9784.0884249955416 2151.5779581982642 874.0395916365087 238.44610127806664 831.10356529429555 2146.3332243282348 2241.0523978769779 1924.6800451092422 5833.8862457387149 792.81447191163898 10898.688745053485 10065.876585585997
leaf_count=98864 6648 67869 143512 34284 8725 1923 12149 27491 33004 24150 68164 6570 128174 134123
internal_value=-4.23321e-06 0.000111786 0.00243947 -0.000623461 -0.0133082 0.00320593 -0.00084663 -0.00793182 -0.0113927 -0.004926 0.000585167 0.00247157 -0.00354562 0.00689615
internal_weight=60415.9 59986.9 17495.6 13048.2 3025.62 10022.5 42491.3 7143.17 6312.07 4165.73 35348.1 27591.3 11691.5 15899.8
internal_count=795650 789002 256313 188444 43009 145435 532689 96794 84645 57154 435895 337031 134744 202287
is_linear=0
shrinkage=0.05


Tree=270
num_leaves=15
num_cat=0
split_feature=1 2 1 27 3 23 3 1 15 15 34 15 3 31
split_gain=47.7781 229.031 177.406 155.092 117.499 112.269 253.226 110.839 100.415 124.634 121.484 98.1941 80.0492 76.8803
threshold=0.30820000000000003 0.058950000000000009 0.30695000000000006 -0.00061149999999999996 3576.5000000000005 0.00025950000000000002 2748.0000000000005 0.32445000000000007 2.0613957098106064 2.4414009612931857 0.41650000000000004 2.7028954204178484 501.50000000000006 0.26300000000000007
decision_type=2 2 2 2 2 2 2 2 2 2 2 2 2 2
left_child=2 13 4 7 5 6 -1 -3 10 -10 -7 -8 -5 -2
right_child=1 3 -4 12 -6 8 11 -9 9 -11 -12 -13 -14 -15
leaf_value=-0.034229818614959009 -0.0015329916587925351 -0.032996199423006342 0.022397604075199754 0.038366801937972456 -0.02672553928026089 -0.018317503534904821 -0.03171198800007851 -0.011085010539907443 -0.011207374812227033 0.00094597502221371128 0.016995535124424709 0.017661120455157296 -0.0024267713123247354 0.014050067867075007
leaf_weight=717.69405092671514 1317.980547785759 731.85674847848713 916.27233029901981 124.2166804894805 401.97741887718439 284.67357328906655 123.43473298102617 2730.3047082349658 2218.9332429245114 42748.678287932649 1682.9413074404001 544.86996390670538 3683.2920836284757 1981.24501734972
leaf_count=6869 24618 7948 12088 1051 5099 2210 1274 40261 34209 545255 24093 8109 54174 28492
internal_value=-4.81056e-05 -0.00310058 0.000601812 -0.00805905 0.000191882 0.000415859 -0.0136085 -0.0157176 0.000830027 0.000346243 0.0118858 0.00853861 -0.00109494 0.00782506
internal_weight=60208.4 10568.9 49639.5 7269.67 48723.2 48321.2 1386 3462.16 46935.2 44967.6 1967.61 668.305 3807.51 3299.23
internal_count=795750 156544 639206 103434 627118 622019 16252 48209 605767 579464 26303 9383 55225 53110
is_linear=0
shrinkage=0.05


Tree=271
num_leaves=15
num_cat=0
split_feature=9 13 33 33 23 33 33 33 15 23 33 33 5 15
split_gain=46.3832 129.113 140.609 385.098 238.416 199.986 196.546 179.057 149.995 131.855 127.999 107.255 99.5377 119.144
threshold=0.70200000000000007 0.049499999999999995 -14.034999999999998 -19.919999999999998 0.00093350000000000019 -6.3149999999999986 -35.944999999999986 -28.774999999999995 3.523994421222715 0.00055850000000000008 -0.82499999999999984 9.3300000000000018 545.33500000000015 3.511764630913309
decision_type=2 2 2 2 2 2 2 2 2 2 2 2 2 2
left_child=1 2 3 4 6 8 -1 -6 -4 10 -7 -11 13 -2
right_child=12 -3 5 -5 7 9 -8 -9 -10 11 -12 -13 -14 -15
leaf_value=-0.0017058156704793871 8.9249061760718229e-05 0.0040346777561163375 0.030073690337359505 -0.036059773798773669 -0.010453229091182238 0.045769327966791971 0.023205013605157074 -0.051680193070082259 -0.017488179682142575 -0.020013796280134506 -0.0085982655210729477 0.04289724255178104 -0.0035431872104298504 0.01421304897711625
leaf_weight=6014.4375241156667 8946.0709477048367 17913.713411020115 1020.251072190702 932.93662088364363 993.99849050119519 209.78878940083086 911.77142909169197 358.24579200521111 197.85395986586809 914.25224136561155 223.52766124159098 73.07763759046793 19587.01247173734 1792.2224399410188
leaf_count=68324 95995 232017 9044 8141 8947 1795 9791 2384 1720 11584 3868 588 321786 19766
internal_value=-4.59361e-05 0.00135626 -0.00269266 -0.00560775 -0.00217558 0.00748317 0.00157375 -0.0213784 0.0223475 -0.00526264 0.0177281 -0.0153535 -0.00142217 0.00244662
internal_weight=60089.2 29763.9 11850.1 9211.39 8278.45 2638.75 6926.21 1352.24 1218.11 1420.65 433.316 987.33 30325.3 10738.3
internal_count=795750 358203 126186 97587 89446 28599 78115 11331 10764 17835 5663 12172 437547 115761
is_linear=0
shrinkage=0.05


Tree=272
num_leaves=15
num_cat=0
split_feature=2 2 3 3 1 3 3 33 1 3 1 2 33 23
split_gain=45.9576 183.949 139.452 238.05 328.196 220.562 422.733 300.528 219.412 182.973 145.784 336.172 291.021 222.737
threshold=0.94510000000000016 0.94475000000000009 3191.0000000000005 2877.0000000000005 0.25555000000000005 2677.5000000000005 2608.5000000000005 -95.34999999999998 0.2909000000000001 2924.5000000000005 0.27950000000000008 0.053800000000000008 -51.774999999999991 0.00062550000000000008
decision_type=2 2 2 2 2 2 2 2 2 2 2 2 2 2
left_child=1 2 3 5 9 6 -1 -7 -6 -5 11 -4 -13 -12
right_child=-2 -3 10 4 8 7 -8 -9 -10 -11 13 12 -14 -15
leaf_value=0.00065822884119868868 0.0035257072871422235 -0.028293636295049503 -0.020551128620105726 0.0033981990122472412 0.0047415995275958897 -0.0094412360217468096 -0.024539689163255846 0.017375713230708904 -0.010940158402661701 -0.033319085861935611 0.0063841267387473883 5.25730602525925e-05 0.024058128684639513 -0.0094370454844987326
leaf_weight=18282.26144682616 7839.8033615015447 591.86103501170874 792.88010398671031 425.7619216516614 4048.8536185696721 1447.3981159646064 1831.0879211351275 3754.7642205655575 4966.5712343193591 1670.4038595072925 5331.5926863364875 2115.6645315587521 3130.7911257743835 3817.307105243206
leaf_count=212825 114535 6790 11223 5526 53408 19450 18251 52968 68946 17690 78185 36957 40772 58224
internal_value=-4.38335e-05 -0.000579867 -0.000262025 -0.00194019 -0.00804109 0.000737666 -0.00163586 0.00991439 -0.00389746 -0.0258615 0.00376283 0.00979197 0.0143779 -0.000217165
internal_weight=60047 52207.2 51615.3 36427.1 11111.6 25315.5 20113.3 5202.16 9015.42 2096.17 15188.2 6039.34 5246.46 9148.9
internal_count=795750 681215 674425 449064 145570 303494 231076 72418 122354 23216 225361 88952 77729 136409
is_linear=0
shrinkage=0.05


Tree=273
num_leaves=15
num_cat=0
split_feature=9 13 33 33 23 33 33 33 15 23 33 1 33 0
split_gain=46.0746 117.626 122.641 341.217 212.183 178.64 173.924 164.922 135.482 120.956 119.878 102.255 95.3809 85.6119
threshold=0.70200000000000007 0.049499999999999995 -14.034999999999998 -19.919999999999998 0.00093350000000000019 -6.3149999999999986 -35.944999999999986 -28.774999999999995 3.523994421222715 0.00055850000000000008 -0.82499999999999984 0.30675000000000002 9.3300000000000018 0.64500000000000013
decision_type=2 2 2 2 2 2 2 2 2 2 2 2 2 2
left_child=1 2 3 4 6 8 -1 -6 -4 10 -7 -5 -11 -2
right_child=13 -3 5 11 7 9 -8 -9 -10 12 -12 -13 -14 -15
leaf_value=-0.00159581111911658 -0.0073937781131465964 0.0039167358432899311 0.028730130339612522 -0.038891389123296233 -0.0098740679717530186 0.044654168751523338 0.021939411559700219 -0.049936980026439322 -0.016697468034608216 -0.019252049280561508 -0.0083361497113278293 0.028020946109578823 0.040607026161206171 -0.00023072467772293541
leaf_weight=5992.9759285245091 4996.6696806978434 17853.654700363055 998.49399114772677 844.9305049367249 988.52927947416902 205.11469029448926 903.20320304110646 347.0065851919353 196.34115654602647 898.91327316686511 222.34154983982444 61.164787530899048 71.77621553093195 25252.24905346334
leaf_count=68324 79846 232017 9044 7456 8947 1795 9791 2384 1720 11584 3868 685 588 357701
internal_value=-4.18137e-05 0.00136117 -0.00252828 -0.00525162 -0.00204586 0.00706877 0.00148691 -0.0202864 0.0212645 -0.00506333 0.0170957 -0.034372 -0.0148221 -0.00141397
internal_weight=59833.4 29584.4 11730.8 9137.81 8231.71 2592.98 6896.18 1335.54 1194.84 1398.15 427.456 906.095 970.689 30248.9
internal_count=795750 358203 126186 97587 89446 28599 78115 11331 10764 17835 5663 8141 12172 437547
is_linear=0
shrinkage=0.05


Tree=274
num_leaves=15
num_cat=0
split_feature=0 1 1 11 15 2 1 1 3 1 33 13 11 5
split_gain=43.6782 67.2715 144.647 210.216 182.121 153.797 153.39 153.682 195.028 174.237 123.024 106.407 91.4161 84.0225
threshold=0.78500000000000014 0.19830000000000003 0.21260000000000004 0.83600000000000008 2.6301797686105899 0.9295500000000001 0.21960000000000005 0.22730000000000003 1581.0000000000002 0.23960000000000004 -188.92499999999998 0.12450000000000007 0.86950000000000005 716.87500000000011
decision_type=2 2 2 2 2 2 2 2 2 2 2 2 2 2
left_child=1 13 3 4 5 -3 12 8 -8 -9 -6 -5 -4 -1
right_child=-2 2 6 11 10 -7 7 9 -10 -11 -12 -13 -14 -15
leaf_value=0.014440217765503447 -0.019886841750615711 0.060036323243181845 0.030820163236419531 0.025430907082488987 0.037362446733602672 -0.0092096937902033989 0.032600437294799299 0.0097368507368055385 -0.023896643456897463 -0.00047076119173954963 -0.025149701329159408 -0.0059900998306198008 -0.0031531375999634087 -0.0054872680625324115
leaf_weight=1679.0071634370834 275.84007340669632 126.37171833217144 648.6409818790853 502.47103799134493 81.599808022379875 219.04157785512507 175.32664528861642 4593.3967223744839 1182.1617726832628 46501.401556527242 2156.6204126663506 580.80618773773313 284.97242811694741 772.18797564506531
leaf_count=22483 3000 656 7085 6230 708 3954 1770 53598 15217 629043 18173 10683 6382 16768
internal_value=-4.00433e-05 5.19929e-05 -0.000296481 -0.00990249 -0.0176542 0.0161345 0.000363343 5.75735e-06 -0.0165979 0.000446915 -0.0228691 0.00858533 0.0204511 0.00816259
internal_weight=59779.8 59504 57052.8 3666.91 2583.63 345.413 53385.9 52452.3 1357.49 51094.8 2238.22 1083.28 933.613 2451.2
internal_count=795750 792750 753499 40404 23491 4610 713095 699628 16987 682641 18881 16913 13467 39251
is_linear=0
shrinkage=0.05


Tree=275
num_leaves=15
num_cat=0
split_feature=33 0 3 1 15 15 1 1 23 1 1 3 1 2
split_gain=43.864 43.9868 107.578 101.786 116.925 120.887 99.7534 330.548 311.758 173.723 164.767 319.765 274.551 95.1659
threshold=17.050000000000004 0.62500000000000011 3576.5000000000005 0.35400000000000004 2.7028954204178484 3.6252960762084516 0.25905000000000006 0.25585000000000008 0.00082550000000000017 0.24980000000000002 0.26550000000000001 549.00000000000011 0.26840000000000003 0.066400000000000015
decision_type=2 2 2 2 2 2 2 2 2 2 2 2 2 2
left_child=1 3 6 4 -1 -6 7 9 -9 -3 11 -8 -12 -5
right_child=-2 2 -4 13 5 -7 10 8 -10 -11 12 -13 -14 -15
leaf_value=0.0076259379366110137 -0.028097262419926806 -0.0015741226685582919 -0.02561671524145458 0.019651614892712107 -0.014215875827584563 0.012396184663274891 -0.064540484507946722 -0.039289586439162034 0.009427760055933973 0.012610669858531907 -0.017751800631001208 0.019127830771207242 0.0030930897150210374 -0.00075240281735259207
leaf_weight=1019.4511532001197 138.50953936949372 19299.629263351671 387.30084183067083 715.11980221047997 3790.0107355266809 480.80473596602678 119.84689509123564 1049.6526838894933 477.83773397281766 2430.1963146459311 1696.9361621104181 2382.8495476059616 22838.717831078917 2843.1812476962805
leaf_count=15731 1646 240971 5064 10012 53284 8043 579 10247 8562 34549 20595 33322 312460 40823
internal_value=-2.69035e-06 6.27232e-05 0.000630613 -0.00319002 -0.007588 -0.0112197 0.000832781 -0.00156814 -0.0240499 1.23113e-05 0.00289796 0.0151188 0.00165135 0.00334868
internal_weight=59670 59531.5 50683 8848.57 5290.27 4270.82 50295.7 23257.3 1527.49 21729.8 27038.4 2502.7 24535.7 3558.3
internal_count=795888 794242 666349 127893 77058 61327 661285 294329 18809 275520 366956 33901 333055 50835
is_linear=0
shrinkage=0.05


Tree=276
num_leaves=15
num_cat=0
split_feature=10 22 15 1 1 23 1 0 1 2 2 15 0 2
split_gain=45.9759 62.5623 61.9015 50.9534 318.844 293.259 255.999 266.307 205.543 379.133 200.949 196.48 317.07 203.172
threshold=0.17999999999999999 -0.0051959999999999992 3.53504376687845 0.25905000000000006 0.25585000000000008 0.00082050000000000016 0.26550000000000001 0.66500000000000015 0.26840000000000003 0.92730000000000012 0.071850000000000011 3.5315340190116467 0.67500000000000016 0.053500000000000006
decision_type=2 2 2 2 2 2 2 2 2 2 2 2 2 2
left_child=1 2 -1 4 11 10 7 -5 9 -8 -6 13 -13 -3
right_child=-2 3 -4 6 5 -7 8 -9 -10 -11 -12 12 -14 -15
leaf_value=-0.037622316971623715 -0.0030806982833469295 -0.01458625124117937 0.022732908381849989 -0.045815484163554479 0.012231768783739607 0.011226517558577035 -0.036098639139502044 0.025476886771636981 0.0019199086288916808 0.015012972649701861 -0.047954676574463617 0.055899671188432115 -0.03988018572976032 0.0033467998967931
leaf_weight=193.89059626683593 10078.533322231844 1751.6762309912592 54.321490250527859 141.71974819153547 165.315051343292 423.1384359523654 963.38578875362873 1716.5732385590672 25855.508007680997 581.90470734611154 859.65734881907701 101.32886961102486 583.63597393408418 16051.854473628104
leaf_count=1791 180710 18892 702 932 4281 7311 9481 19813 335418 9166 5965 556 4826 196044
internal_value=-2.82912e-06 0.000624562 -0.0244097 0.000750919 -0.00119846 -0.0237911 0.00207919 0.0200377 0.000861194 -0.016852 -0.0382471 0.000571226 -0.0257051 0.00158231
internal_weight=59522.4 49443.9 248.212 49195.7 19936.6 1448.11 29259.1 1858.29 27400.8 1545.29 1024.97 18488.5 684.965 17803.5
internal_count=795888 615178 2493 612685 237875 17557 374810 20745 354065 18647 10246 220318 5382 214936
is_linear=0
shrinkage=0.05


Tree=277
num_leaves=15
num_cat=0
split_feature=12 2 15 35 2 15 7 11 23 6 12 26 2 2
split_gain=44.9361 65.4976 115.694 151.646 129.6 98.8077 94.4885 78.732 81.4242 63.8348 85.6229 104.584 79.5828 243.663
threshold=0.22000000000000008 0.066900000000000015 2.9311048556253598 1.0000000180025095e-35 0.94135000000000013 2.7707194825327863 2504.5000000000005 0.71500000000000008 0.0011175000000000002 0.23857426159730352 0.011500000000000012 0.0010415000000000001 0.9436500000000001 0.94335000000000013
decision_type=2 2 2 2 2 2 2 2 2 2 2 2 2 2
left_child=9 5 4 -4 7 -2 -7 -3 -9 10 11 -1 13 -12
right_child=1 2 3 -5 -6 6 -8 8 -10 -11 12 -13 -14 -15
leaf_value=0.011350500750873169 -0.015857033054204574 -0.0025511065358513607 -0.0085684486874091064 0.036875643989383748 -0.0098456632227267478 0.0083352786308299297 -0.021875324661322047 0.025602404426201937 -0.0087041773162136061 -0.0023124194633904836 -0.0015713102107691537 0.00042599028361709829 0.0069893525059598477 -0.059570792126704186
leaf_weight=3881.5406249510124 913.4625413864851 378.92536527663469 1490.0622834656388 209.26955875381827 492.39529526792467 1760.2608679253608 303.33691128343344 1802.5160725284368 191.26502883434296 25485.666794991121 14546.230011961423 5029.3597873747349 2738.0428268518299 183.26718197762966
leaf_count=40542 13252 5198 22506 1780 7020 27844 3724 22034 3477 397204 159972 54196 36221 918
internal_value=-3.43501e-06 0.00360281 0.00736592 -0.00297025 0.0134963 -0.00216685 0.00389365 0.0183406 0.0223111 -0.000527821 0.00119638 0.00518472 -0.000838252 -0.00229335
internal_weight=59405.6 7541.49 4564.43 1699.33 2865.1 2977.06 2063.6 2372.71 1993.78 51864.1 26378.4 8910.9 17467.5 14729.5
internal_count=795888 106835 62015 24286 37729 44820 31568 30709 25511 689053 291849 94738 197111 160890
is_linear=0
shrinkage=0.05


Tree=278
num_leaves=15
num_cat=0
split_feature=1 2 1 15 1 2 27 23 3 3 3 1 1 23
split_gain=42.7356 204.665 157.542 137.724 130.887 197.102 108.544 104.791 229.187 99.1232 95.4215 87.1334 147.274 133.363
threshold=0.30820000000000003 0.058950000000000009 0.30695000000000006 2.6301797686105899 0.35400000000000004 0.93180000000000007 -0.00062749999999999991 0.00025950000000000002 2748.0000000000005 3576.5000000000005 1625.0000000000002 0.30345000000000005 0.29610000000000009 0.00053750000000000011
decision_type=2 2 2 2 2 2 2 2 2 2 2 2 2 2
left_child=2 -2 7 -3 6 10 -5 8 -1 11 -6 12 -9 -13
right_child=1 3 -4 4 5 -7 -8 9 -10 -11 -12 13 -14 -15
leaf_value=-0.033282921214387522 0.0074654307601654327 0.0035239057025216931 0.021430031753998859 -0.02783605113584664 0.034868219393234832 0.017230453761792577 -0.0097376306119659438 0.00054495386480468374 0.0076535132948133983 -0.025260124465447766 -0.020231483292229388 -0.031871125247571498 0.014412868727874541 0.0046743990065808549
leaf_weight=704.02517384942621 3274.2534367684275 2004.968985972926 892.5911483541131 1491.7037275638431 85.57153532654047 811.90750139020383 1863.4540645014495 43254.947128016502 664.58776813186705 366.65827875956893 949.75466864928603 503.97724829241633 2003.0083414260298 494.51321755722165
leaf_count=6918 53208 30446 12056 17561 779 12296 29299 562553 9605 4848 13033 5236 29813 8237
internal_value=-3.26691e-06 -0.00290037 0.000617926 -0.00760952 -0.0119003 -0.00121174 -0.0177848 0.000230801 -0.0134054 0.000631117 -0.0156745 0.000836402 0.00115874 -0.0137729
internal_weight=59365.9 10481.6 48884.3 7207.36 5202.39 1847.23 3355.16 47991.7 1368.61 46623.1 1035.33 46256.4 45258 998.49
internal_count=795888 156622 639266 103414 72968 26108 46860 627210 16523 610687 13812 605839 592366 13473
is_linear=0
shrinkage=0.05


Tree=279
num_leaves=15
num_cat=0
split_feature=33 33 2 2 15 2 2 11 33 13 13 9 0 0
split_gain=44.9735 123.185 117.517 210.327 113.13 97.7166 94.1154 129.374 184.612 124.444 93.6167 92.9203 86.3924 154.936
threshold=-3.8299999999999996 -4.0599999999999996 0.94585000000000008 0.8882000000000001 3.4927872071332122 0.054850000000000003 0.94535000000000013 0.77500000000000013 -11.169999999999998 0.050000000000000024 0.15999999999999998 0.79250000000000009 0.74500000000000011 0.7350000000000001
decision_type=2 2 2 2 2 2 2 2 2 2 2 2 2 2
left_child=1 6 3 4 -2 -6 12 8 -8 -9 -11 -5 13 -1
right_child=2 -3 -4 11 5 -7 7 9 -10 10 -12 -13 -14 -15
leaf_value=-0.00056701217021568875 -0.020704095236276671 0.022567988605777509 -0.017937957887247686 0.032012188633107647 0.015537702615987095 -0.008756157979956115 0.025519832927856246 -0.029851861195013891 -0.016010198114178479 0.013650537693317272 -0.0029697226230313099 0.0020432930328803281 0.010758173729569978 -0.022794541082202434
leaf_weight=45548.067581415176 1013.4168059118092 620.40633434429765 1232.5169044211507 589.89523600414395 656.91584648564458 1118.594806810841 1408.2005857303739 297.92414525151253 330.29417764022946 1429.6705877874047 2079.5405120383948 460.57270882837474 1631.0308383628726 797.62009468488395
leaf_count=591293 14217 8596 18407 6641 10031 19085 15413 1961 4748 19112 42314 8820 23676 11574
internal_value=-3.66693e-06 0.00041808 -0.00450575 -0.000193404 -0.00737565 0.000232623 0.000161287 0.00632821 0.0176291 0.00116741 0.00380165 0.0188739 -0.000551559 -0.000949601
internal_weight=59214.7 54142.8 5071.91 3839.4 2788.93 1775.51 53522.3 5545.63 1738.49 3807.14 3509.21 1050.47 47976.7 46345.7
internal_count=795888 718687 77201 58794 43333 29116 710091 83548 20161 63387 61426 15461 626543 602867
is_linear=0
shrinkage=0.05


Tree=280
num_leaves=15
num_cat=0
split_feature=31 11 11 23 33 33 23 13 0 2 33 2 33 33
split_gain=46.1117 92.9396 105.379 102.868 139.557 570.695 279.536 134.493 111.592 97.237 81.5421 112.101 103.186 231.481
threshold=0.26300000000000007 0.83100000000000007 0.82850000000000013 0.00093350000000000019 -20.649999999999995 -14.034999999999998 0.00074550000000000018 1.0000000180025095e-35 0.7350000000000001 0.94990000000000008 -3.9549999999999996 0.94585000000000008 -20.879999999999995 -13.589999999999998
decision_type=2 2 2 2 2 2 2 2 2 2 2 2 2 2
left_child=10 2 3 4 6 -6 -2 -5 -9 -4 12 -12 -1 -14
right_child=1 -3 9 7 5 -7 -8 8 -10 -11 11 -13 13 -15
leaf_value=-0.002435191350928781 0.0019394187486195269 0.0084919022269484765 -0.01951762422522316 0.017177673505061844 -0.035362969902178236 0.0029895281859209926 0.020862835772365321 -0.012653412683303129 0.048486079835615072 0.031039138083731328 -0.0046965080454432432 -0.03132166239721839 0.021191377195314349 -0.0013617774395371653
leaf_weight=18808.353987013921 15562.758874209598 3915.3652935065329 1012.731531240046 489.15858956053853 1200.1955133676529 5054.6533577721566 2231.262357885018 2924.7487428244203 76.490448690950871 104.87380369193852 1816.0971728488803 505.25872752815485 1624.1215673238039 3798.4598500132561
leaf_count=287344 194711 52890 12987 4736 11518 63717 23227 33362 534 947 32369 5383 18543 53909
internal_value=5.67227e-06 0.00126639 0.000279149 0.000889975 0.00205417 -0.00437009 0.0043124 -0.0071312 -0.0110936 -0.0147711 -0.00154088 -0.0104928 -0.000683235 0.0053934
internal_weight=59124.5 32572.2 28656.9 27539.3 24048.9 6254.85 17794 3490.4 3001.24 1117.61 26552.3 2321.36 24230.9 5422.58
internal_count=796177 398629 345739 331805 293173 75235 217938 38632 33896 13934 397548 37752 359796 72452
is_linear=0
shrinkage=0.05


Tree=281
num_leaves=15
num_cat=0
split_feature=13 33 15 15 3 15 15 3 15 23 3 2 13 11
split_gain=43.078 74.8682 69.49 162.671 96.7972 70.6455 139.025 97.9804 85.0583 74.1686 72.0849 65.8155 64.1513 94.47
threshold=0.19500000000000003 -203.17999999999998 2.6667018695222073 2.6090018179979402 2511.5000000000005 3.538891571506309 3.511764630913309 1220.0000000000002 3.5717949193831546 0.00063750000000000015 2739.5000000000005 0.94175000000000009 0.18050000000000008 0.87450000000000017
decision_type=2 2 2 2 2 2 2 2 2 2 2 2 2 2
left_child=1 -1 3 -2 -5 6 7 -4 11 -9 -8 -7 13 -3
right_child=2 12 5 4 -6 8 10 9 -10 -11 -12 -13 -14 -15
leaf_value=0.024539453634201444 -0.00046940938822578415 0.00060422333500511683 -0.038445144678222264 -0.0043258066301228781 -0.039608864291954218 -0.0097752950217472601 0.030130697206714019 -0.00432578723909727 0.0012526087841397021 0.0049684158324901527 0.0064724200690571589 -0.034400445336593324 0.011080919663640117 -0.016493815484785884
leaf_weight=329.57550731115043 1575.9630118589848 41224.797754518688 173.47095347754657 296.17795502953231 565.6622900813818 866.83582204580307 540.18875520676374 5232.2095265183598 1164.5172086637467 3639.5801780838519 796.99567241966724 394.95885162428021 1418.1726626083255 823.91777030564845
leaf_count=3943 31394 494536 1447 6737 5033 15706 5856 85265 24143 67123 13878 3767 20560 16789
internal_value=5.1167e-06 0.000801973 -0.00228388 -0.0100212 -0.0274855 -0.000811228 0.000983867 -0.00124079 -0.00849235 -0.000512902 0.0160313 -0.0174854 0.000621934 0.00026916
internal_weight=59043 43796.5 15246.6 2437.8 861.84 12808.8 10382.4 9045.26 2426.31 8871.79 1337.18 1261.79 43466.9 42048.7
internal_count=796177 535828 260349 43164 11770 217185 173569 153835 43616 152388 19734 19473 531885 511325
is_linear=0
shrinkage=0.05


Tree=282
num_leaves=15
num_cat=0
split_feature=31 11 6 0 3 3 1 23 1 2 0 1 23 23
split_gain=40.7404 93.682 80.697 127.849 121.437 115.577 173.141 138.065 111.784 109.81 103.434 119.073 74.0488 137.196
threshold=0.27150000000000007 0.85950000000000004 0.22224548824317128 0.65500000000000014 3402.5000000000005 3303.5000000000005 0.26840000000000003 0.00027850000000000005 0.28690000000000004 0.91110000000000013 0.67500000000000016 0.21860000000000004 0.00093350000000000019 0.00074550000000000018
decision_type=2 2 2 2 2 2 2 2 2 2 2 2 2 2
left_child=2 12 3 4 9 6 7 -5 -8 -1 -7 -12 13 -2
right_child=1 -3 -4 5 -6 10 8 -9 -10 -11 11 -13 -14 -15
leaf_value=-0.023715107693158016 3.3467601662221363e-05 0.011049465231404088 -0.0032991943430973401 -0.04233904048107006 0.013007431277071775 0.011364567045768055 0.028603529006970236 0.0048089884048231448 -0.0093332170940257538 0.0066017219540768753 0.026404560754245535 -0.031404363982342136 -0.0059729817191690928 0.011037500577069436
leaf_weight=1133.3688653856516 21354.752951642498 2265.8679960947484 18544.430783337913 160.11512618046254 483.06105435267091 353.78634007275105 1253.0765604861081 5033.8837703056633 229.73315889388323 405.50637104734778 106.0235990062356 555.01012781262398 3838.7764258664101 3265.6348534952849
leaf_count=12235 267881 29989 308431 1264 7893 5865 14274 53658 2527 5432 1341 5373 45318 34696
internal_value=4.82706e-06 0.00126504 -0.0013654 0.00232644 -0.00886134 0.00526751 0.00765702 0.00335477 0.0227257 -0.0157265 -0.010453 -0.0221298 0.000485983 0.00149308
internal_weight=58983 30725 28258 9713.56 2021.94 7691.63 6676.81 5194 1482.81 1538.88 1014.82 661.034 28459.2 24620.4
internal_count=796177 377884 418293 109862 25560 84302 71723 54922 16801 17667 12579 6714 347895 302577
is_linear=0
shrinkage=0.05


Tree=283
num_leaves=15
num_cat=0
split_feature=33 33 33 33 33 0 11 2 2 2 15 33 3 3
split_gain=38.5816 297.949 261.691 284.86 385.501 297.075 269.86 186.695 231.144 172.736 197.021 160.18 158.168 253.434
threshold=-12.975 -14.034999999999998 -19.919999999999998 -20.879999999999995 -21.859999999999996 0.72500000000000009 0.74500000000000011 0.94585000000000008 0.94240000000000013 0.058750000000000004 3.0162309067336159 -24.214999999999996 1756.0000000000002 1929.5000000000002
decision_type=2 2 2 2 2 2 2 2 2 2 2 2 2 2
left_child=1 2 3 4 11 -5 -4 8 9 10 -2 -1 -11 -14
right_child=7 -3 6 5 -6 -7 -8 -9 -10 12 -12 -13 13 -15
leaf_value=-3.1120982978270443e-05 0.025588738016189133 0.021010456389322679 -0.033134785660501619 0.042617726264951583 -0.038080580259249069 -0.028682816564449671 0.0093972050192367516 -0.018454838687599312 0.018141102012052285 0.0096576176673800005 -0.001682751843214968 0.014906780511269164 -0.033658624063293306 -0.0059303604075092615
leaf_weight=39340.148849390447 957.458611138165 1733.7532302998006 1150.0404970683157 727.95820709317923 652.53932635113597 182.68748943507671 551.85623336210847 1590.8320743385702 1496.0262907035649 1103.7381547037512 2147.5613942537457 1880.2889701090753 1013.009462825954 4416.5208501778543
leaf_count=536666 11798 23773 10916 5916 5489 2045 8230 23487 22055 14322 33248 26552 10556 61124
internal_value=4.8021e-06 0.000676013 -0.000116535 0.000648347 4.66494e-05 0.0283123 -0.0193436 -0.0024331 -0.00014383 -0.00298212 0.00672719 0.000650313 -0.00759663 -0.0111043
internal_weight=58944.4 46219.3 44485.5 42783.6 41873 910.646 1701.9 12725.1 11134.3 9638.29 3105.02 41220.4 6533.27 5429.53
internal_count=796177 619587 595814 576668 568707 7961 19146 176590 153103 131048 45046 563218 86002 71680
is_linear=0
shrinkage=0.05


Tree=284
num_leaves=15
num_cat=0
split_feature=31 11 33 33 33 2 33 33 33 2 15 15 1 33
split_gain=40.9482 85.4707 85.439 255.284 234.88 191.115 174.751 163.991 426.339 163.8 75.7313 82.982 96.6875 81.584
threshold=0.27150000000000007 0.85950000000000004 -56.889999999999993 -67.064999999999984 -54.779999999999994 0.94395000000000018 -90.069999999999979 -53.684999999999995 -51.774999999999991 0.93665000000000009 2.6826018834518894 2.7707194825327863 0.26505000000000006 4.8100000000000014
decision_type=2 2 2 2 2 2 2 2 2 2 2 2 2 2
left_child=-1 2 3 6 -4 -5 9 -6 -9 -2 -3 -12 -13 -14
right_child=1 10 4 5 7 -7 -8 8 -10 -11 11 12 13 -15
leaf_value=-0.0013727495836112387 -0.0012546963193668936 -0.024209427871559955 -0.035914948069893177 0.027419260578741701 0.024861601351785424 -0.0061151400409746445 -0.017285754059140648 -0.038755821180312795 7.4351425040627267e-05 0.012711827050782432 0.040260120388642434 -0.0052329978467191632 0.024737112386825369 -0.0090254228892835894
leaf_weight=28127.022089937702 7962.240868896246 145.67585676908493 499.34753549471498 1654.1385753881186 586.34157163277268 571.65769933909178 1254.5103684924543 750.14862040057778 12233.942988820374 2850.9054921958596 247.3109745644033 700.25668860599399 937.96295501105487 221.04409024864435
leaf_count=418293 101893 1615 4440 18534 7167 9154 17580 6615 145620 36892 2247 10678 11537 3912
internal_value=4.51971e-06 0.00126984 0.000525371 0.00324803 -0.00224058 0.0188066 0.000378221 -0.00100121 -0.00216932 0.00242769 0.0106448 0.0130561 0.00943553 0.0182977
internal_weight=58742.5 30615.5 28363.2 14293.5 14069.8 2225.8 12067.7 13570.4 12984.1 10813.1 2252.25 2106.57 1859.26 1159.01
internal_count=796177 377884 347895 184053 163842 27688 156365 159402 152235 138785 29989 28374 26127 15449
is_linear=0
shrinkage=0.05


Tree=285
num_leaves=15
num_cat=0
split_feature=1 2 1 15 3 23 3 3 2 15 3 3 3 33
split_gain=42.2236 176.743 145.017 119.409 116.428 94.6888 213.354 90.7004 89.5152 83.9333 80.6913 79.8627 190.621 72.2039
threshold=0.30820000000000003 0.058950000000000009 0.30695000000000006 2.6301797686105899 3444.0000000000005 0.00025950000000000002 2748.0000000000005 3576.5000000000005 0.9376000000000001 2.7028954204178484 549.00000000000011 549.00000000000011 967.50000000000011 -63.194999999999993
decision_type=2 2 2 2 2 2 2 2 2 2 2 2 2 2
left_child=2 -2 5 -3 10 6 -1 11 -6 -8 -5 -7 -13 -12
right_child=1 3 -4 4 8 7 9 -9 -10 -11 13 12 -14 -15
leaf_value=-0.032382150166584071 0.0068098118042431337 0.0030605299263308586 0.020712280964015201 0.034072899806550733 -0.033426939350080509 -0.01562843664723193 -0.0307101316120886 -0.024332277412820999 0.015425184357842217 0.015703001471504111 -0.021270136990763591 0.027968417688415261 0.000700840816092455 -0.008316070626779512
leaf_weight=684.9058352066204 3225.6121114585549 1998.8212449550629 881.871637172997 84.284224841743708 111.51080609858036 725.27154831588268 118.52378853037953 360.87375772744417 586.66317793354392 544.60193011723459 2333.1326848883182 650.25454508513212 44279.141840338707 1996.2166469115764
leaf_count=6901 53118 30496 12119 786 1087 5923 1257 4871 9167 8340 31813 5612 594016 30106
internal_value=2.53382e-06 -0.00289755 0.000623861 -0.00730116 -0.0113528 0.000249788 -0.0128114 0.000632445 0.00761896 0.00740397 -0.0143539 0.000829829 0.00109554 -0.0152975
internal_weight=58581.7 10336.2 48245.4 7110.63 5111.81 47363.6 1348.03 46015.5 698.174 663.126 4413.63 45654.7 44929.4 4329.35
internal_count=795612 156573 639039 103455 72959 626920 16498 610422 10254 9597 62705 605551 599628 61919
is_linear=0
shrinkage=0.05


Tree=286
num_leaves=15
num_cat=0
split_feature=9 13 12 33 33 33 23 6 0 33 2 3 1 23
split_gain=42.4928 93.6514 107.044 132.942 243.863 155.258 166.545 90.2392 102.433 126.197 155.586 119.173 121.762 135.449
threshold=0.70200000000000007 0.049499999999999995 0.019999999999999966 -13.304999999999998 -6.3149999999999986 -21.389999999999997 0.00093350000000000019 0.18052553230147891 0.65500000000000014 -180.34999999999997 0.92160000000000009 3303.5000000000005 0.26840000000000003 0.00027850000000000005
decision_type=2 2 2 2 2 2 2 2 2 2 2 2 2 2
left_child=1 2 -1 5 -5 6 -4 8 9 -2 -11 12 13 -10
right_child=7 -3 3 4 -6 -7 -8 -9 11 10 -12 -13 -14 -15
leaf_value=0.0061992028898699399 0.019131638252627425 0.0036884612038979797 -0.0017348385350571989 0.028166693865588722 -0.0083375171553397211 -0.030342517143568483 -0.023709045406597361 -0.0031113769069568789 -0.040381666085903586 -0.027645574397880963 0.00739125550579271 -0.011161321087795857 0.021593057494330724 0.005966365984234381
leaf_weight=2867.2542606182396 340.82497235201299 17326.6941601336 4839.3560669086874 778.88473804667592 1108.5387727245688 713.68904932588339 1049.1319794431329 20921.970829410478 162.95936360396445 868.85300977528095 498.64770917221904 928.64511671103537 1308.3469185270369 4738.9845880307257
leaf_count=28832 4813 231981 58901 7191 14749 7009 9313 342372 1333 8672 7449 11088 14174 47735
internal_value=2.05383e-06 0.00137544 -0.00215345 -0.0049745 0.0067274 -0.00831987 -0.00565024 -0.00132124 0.00291205 -0.00808574 -0.0148701 0.00554386 0.00804199 0.00442479
internal_weight=58452.8 28683.5 11356.9 8489.6 1887.42 6602.18 5888.49 29769.2 8847.26 1708.33 1367.5 7138.94 6210.29 4901.94
internal_count=795612 357976 125995 97163 21940 75223 68214 437636 95264 20934 16121 74330 63242 49068
is_linear=0
shrinkage=0.05


Tree=287
num_leaves=15
num_cat=0
split_feature=1 2 1 1 18 23 15 0 11 33 0 1 2 15
split_gain=40.1225 162.41 132.715 138.067 115.048 88.5423 106.11 91.1096 83.5673 200.299 128.143 80.5084 80.7686 67.2272
threshold=0.30820000000000003 0.058950000000000009 0.30675000000000002 0.30450000000000005 0.00057284444116147517 0.00025950000000000002 2.7707194825327863 0.64500000000000013 0.73250000000000004 -56.454999999999991 0.64500000000000013 0.35400000000000004 0.93180000000000007 2.7028954204178484
decision_type=2 2 2 2 2 2 2 2 2 2 2 2 2 2
left_child=2 -2 3 5 -3 6 -1 -8 9 -7 -10 13 -13 -6
right_child=1 4 -4 -5 11 8 7 -9 10 -11 -12 12 -14 -15
leaf_value=-0.025365395688098188 0.0064862933820657503 -0.00075292758690064172 0.017680173757240056 -0.047387422591802404 -0.0038867527368667584 0.012428857271556929 -0.039345182874150793 0.012009162154199608 -0.011466108710632481 -0.0011335882631785812 0.00035379154278090405 -0.015467116705965895 0.0087146367509381133 -0.024724740785427062
leaf_weight=719.1334356861189 3211.1565014701337 3561.6855707000941 1111.86215088889 151.80704542994499 510.86525845341384 4640.3897424228489 104.42055992782116 497.19114462472498 2470.7710306979716 6586.0396412108094 31856.025758044794 738.71246792376041 648.23414519242942 1597.5124086309224
leaf_count=8511 53118 53230 16464 1020 9653 53719 824 7163 34819 69639 446880 9820 10817 19935
internal_value=1.88218e-06 -0.00283558 0.000607141 0.000203435 -0.00707735 0.000357665 -0.0124042 0.00309063 0.0007277 0.00447244 -0.000497011 -0.0135216 -0.00416518 -0.0196761
internal_weight=58405.8 10268.2 48137.6 47025.8 7057.01 46874 1320.75 601.612 45553.2 11226.4 34326.8 3495.32 1386.95 2108.38
internal_count=795612 156573 639039 622575 103455 621555 16498 7987 605057 123358 481699 50225 20637 29588
is_linear=0
shrinkage=0.05


Tree=288
num_leaves=15
num_cat=0
split_feature=9 13 12 33 33 33 23 15 6 26 1 15 15 15
split_gain=37.3445 85.6266 97.6656 122.994 223.133 140.561 152.226 98.8761 80.3653 101.851 169.846 177.274 244.534 85.3873
threshold=0.70200000000000007 0.049499999999999995 0.019999999999999966 -13.304999999999998 -6.3149999999999986 -21.389999999999997 0.00093350000000000019 3.523994421222715 0.17802512606650009 0.0013405000000000003 0.2909000000000001 3.511764630913309 3.497385124232657 3.5315340190116467
decision_type=2 2 2 2 2 2 2 2 2 2 2 2 2 2
left_child=1 2 -1 5 7 6 -4 -5 9 10 11 12 -2 -10
right_child=8 -3 3 4 -6 -7 -8 -9 13 -11 -12 -13 -14 -15
leaf_value=0.0059030355528493401 0.010902852910438588 0.0035040892712280385 -0.0017625587019166088 0.032205333643150633 -0.007902960375057019 -0.029236255062993977 -0.022851834605057214 -0.037056087753367939 -0.0015574631788966811 -0.0025899422873127691 -0.019371633397414795 0.038548318393305026 -0.046415330538855042 -0.010412008770300046
leaf_weight=2853.1458281725645 3107.6603858126327 17286.819148434326 4831.9846446160227 712.65961925312877 1102.1567902732641 697.5587537586689 1039.7028311081231 55.462081082165241 17826.898349653929 4359.4423462804407 493.55663191527128 532.77253982424736 197.83047787845135 3213.4169924929738
leaf_count=28832 32143 231981 58901 6721 14749 7009 9313 470 288456 50102 5646 4550 1414 55325
internal_value=1.49265e-06 0.00129208 -0.00209406 -0.00479767 0.00651454 -0.00801833 -0.00549717 0.0272002 -0.00123909 0.00280553 0.00823534 0.0117857 0.00747111 -0.00290983
internal_weight=58311.1 28579.5 11292.7 8439.52 1870.28 6569.25 5871.69 768.122 29731.6 8691.26 4331.82 3838.26 3305.49 21040.3
internal_count=795612 357976 125995 97163 21940 75223 68214 7191 437636 93855 43753 38107 33557 343781
is_linear=0
shrinkage=0.05


Tree=289
num_leaves=15
num_cat=0
split_feature=15 15 15 1 2 33 2 15 2 15 3 15 2 3
split_gain=37.3044 151.096 144.507 147.646 112.161 108.802 92.0006 251.432 486.216 204.154 336.485 294.112 153.689 91.1662
threshold=3.5717949193831546 3.538891571506309 3.53504376687845 0.27890000000000009 0.94175000000000009 -37.059999999999995 0.93665000000000009 3.4936202227480657 0.92185000000000017 3.4843933094152604 3303.5000000000005 3.4795640780011685 0.93585000000000018 2964.5000000000005
decision_type=2 2 2 2 2 2 2 2 2 2 2 2 2 2
left_child=1 2 6 -4 5 -3 7 12 -9 11 -11 -8 -1 -7
right_child=-2 4 3 -5 -6 13 9 8 -10 10 -12 -13 -14 -15
leaf_value=0.0005822384694694825 0.0051492384172811987 0.013011330345112739 0.036117891615451467 -0.01121860890507306 -0.027260692139273138 0.0072684279488282426 0.0016128473824876884 -0.00035890379878883129 -0.039439085360363432 0.020367165430800811 -0.025742836176976924 -0.04084564420495336 -0.019225607042989975 -0.020146155292150494
leaf_weight=30350.592354598455 3318.8220071792603 583.53098226711154 540.71964611113071 236.82375718280673 807.02417208999395 421.92387287318707 12668.510836146772 2242.4143856205046 1233.7098754420877 2896.9426791537553 458.14906463958323 421.34031013771892 1011.8358796723187 1077.7441607844085
leaf_count=385304 55893 9673 5018 3997 9468 6648 202708 27967 10437 39983 5700 3767 13839 15210
internal_value=1.49044e-06 -0.00030942 0.000308346 0.0217006 -0.0114368 -0.0053056 -1.60377e-05 -0.00147104 -0.0142296 0.00306636 0.0140701 0.000245878 -5.68749e-05 -0.0124332
internal_weight=58270.1 54951.3 52061 777.543 2890.22 2083.2 51283.5 34838.6 3476.12 16444.9 3355.09 13089.9 31362.4 1499.67
internal_count=795612 739719 698720 9015 40999 31531 689705 437547 38404 252158 45683 206475 399143 21858
is_linear=0
shrinkage=0.05


Tree=290
num_leaves=15
num_cat=0
split_feature=1 1 3 1 1 1 15 15 2 1 0 33 33 33
split_gain=37.3934 321.657 216.452 194.998 331.495 161.399 149.998 220.246 182.987 165.164 266.679 137.957 407.762 242.105
threshold=0.23490000000000003 0.23715000000000003 2648.0000000000005 0.23760000000000001 0.23960000000000004 0.23395000000000002 3.4962347597865295 3.4513620057867764 0.92730000000000012 0.23060000000000003 0.69500000000000006 -56.454999999999991 -51.774999999999991 -57.444999999999993
decision_type=2 2 2 2 2 2 2 2 2 2 2 2 2 2
left_child=5 2 -2 -3 -5 6 7 9 -9 10 -1 13 -13 -6
right_child=1 3 -4 4 11 -7 -8 8 -10 -11 -12 12 -14 -15
leaf_value=-0.029014281806859832 0.030320835854989403 -0.033840405579604216 -0.036760369551270961 0.03314762228114345 0.0011232904659575535 -0.044730538770910794 0.029805709707371366 -0.039320128286990115 0.010560886818147496 0.020508221760558231 0.00042279208478178192 -0.025745523750889988 -0.001130375107180103 0.023222714745084486
leaf_weight=862.1005811393261 1284.8516493290663 425.08121844753623 132.5857480764389 749.80452325940132 20959.701146552339 223.69073113799095 361.84385619685054 688.14875652268529 250.83367266319692 843.92052077502012 7146.4530634423718 1828.5139107294381 21048.399945920333 1317.1020101904869
leaf_count=10046 14422 4100 1151 7727 305036 1753 3722 5893 3744 11699 102198 16775 290175 17487
internal_value=-8.6952e-06 0.000582541 0.024044 -0.000135318 0.000176874 -0.00272904 -0.00180326 -0.00297166 -0.0259955 -0.000529254 -0.00274636 -0.000370697 -0.00309793 0.00243
internal_weight=58123 47746 1417.44 46328.6 45903.5 10377 10153.3 9791.46 938.982 8852.47 8008.55 45153.7 22876.9 22276.8
internal_count=795928 656873 15573 641300 637200 139055 137302 133580 9637 123943 112244 629473 306950 322523
is_linear=0
shrinkage=0.05


Tree=291
num_leaves=15
num_cat=0
split_feature=31 11 11 2 2 7 23 0 2 5 15 15 15 2
split_gain=37.5855 77.5318 80.9985 93.9702 315.099 157.294 151.306 91.2484 85.0207 72.822 83.9277 227.743 96.563 133.492
threshold=0.28500000000000009 0.83100000000000007 0.82850000000000013 0.88595000000000013 0.91865000000000008 1083.5000000000002 0.00080250000000000015 0.68500000000000016 0.94990000000000008 545.33500000000015 3.511764630913309 3.497385124232657 3.538891571506309 0.06370000000000002
decision_type=2 2 2 2 2 2 2 2 2 2 2 2 2 2
left_child=9 2 3 5 -5 -2 -6 -7 -4 10 11 -1 13 -12
right_child=1 -3 8 4 6 7 -8 -9 -10 -11 12 -13 -14 -15
leaf_value=0.0016311802915543777 -0.018470682749765818 0.0085170108519854095 -0.01886927804446744 0.044969978577773954 0.0052308079677674405 -0.0021305732633095736 -0.010927440371680395 0.0094527869825639481 0.030252334132849824 -0.0030753477043280117 -0.014590656436048378 -0.044065086612517748 -0.00063155631710081666 0.033049679931302388
leaf_weight=8356.578195230104 1296.1196773834527 3282.5159717332572 865.3718651868403 457.02322763204575 8781.4201905950904 9836.3599680028856 1734.9585429206491 2055.3621417228132 97.980132939293981 19227.37629025057 184.38248466700315 281.75812456384301 774.63048063963652 725.05895403772593
leaf_count=94012 17574 45088 11985 3134 115723 120866 18008 24686 919 322018 1940 2099 11133 6743
internal_value=-8.25372e-06 0.00129039 0.000346206 0.000913112 0.00433148 -0.00193127 0.00256499 -0.000128446 -0.0138706 -0.00125668 0.00213092 0.000140204 0.0123415 0.0233904
internal_weight=57956.9 28407.1 25124.6 24161.2 10973.4 13187.8 10516.4 11891.7 963.352 29549.8 10322.4 8638.34 1684.07 909.441
internal_count=795928 357983 312895 299991 136865 163126 133731 145552 12904 437945 115927 96111 19816 8683
is_linear=0
shrinkage=0.05


Tree=292
num_leaves=15
num_cat=0
split_feature=0 3 1 3 2 2 2 23 3 34 15 1 3 13
split_gain=36.9459 84.3277 97.7664 275.457 302.025 184.996 246.333 235.744 266.898 190.874 184.623 282.222 271.35 107.37
threshold=0.62500000000000011 3576.5000000000005 0.27105000000000007 2468.0000000000005 0.93585000000000018 0.053500000000000006 0.055550000000000009 0.00056550000000000014 1699.0000000000002 0.41650000000000004 2.7707194825327863 0.28470000000000001 2624.0000000000005 0.18000000000000002
decision_type=2 2 2 2 2 2 2 2 2 2 2 2 2 2
left_child=-1 2 5 4 -4 7 13 8 -2 -8 12 -12 -5 -7
right_child=1 -3 3 10 -6 6 9 -9 -10 -11 11 -13 -14 -15
leaf_value=-0.0030306609543121251 0.039189944648049542 -0.023283835341121148 0.024079930911215252 -0.034397356968816427 -0.030259197352891894 0.047131135054266214 0.0082072355809612082 -0.022798956263921602 -0.017472590763929693 -0.002878689103735742 0.016848162643609426 -9.3904555547734186e-05 -0.0020837017760192535 0.0097779078544456381
leaf_weight=8605.9078085478395 388.51870460342616 369.18368816375732 2393.5790508333594 775.03491266071796 286.21497554332018 375.27150995656848 4817.4180399253964 1974.395405780524 446.62364047579467 20011.497930308804 3282.651710325852 9784.9498383719474 4014.1039030384272 394.77685025706887
leaf_count=128046 4336 5093 29863 7207 2989 2564 67342 24672 6756 264297 43577 143323 58933 6930
internal_value=-7.76251e-06 0.000519774 0.000699367 0.00332764 0.0182753 -0.00120062 0.000136102 -0.0133796 0.00888907 -0.000727724 0.00108432 0.00416213 -0.00731369 0.0279852
internal_weight=57920.1 49314.2 48945 20536.5 2679.79 28408.5 25599 2809.54 835.142 24828.9 17856.7 13067.6 4789.14 770.048
internal_count=795928 667882 662789 285892 32852 376897 341133 35764 11092 331639 253040 186900 66140 9494
is_linear=0
shrinkage=0.05


Tree=293
num_leaves=15
num_cat=0
split_feature=12 1 2 1 2 1 1 1 23 13 11 11 33 33
split_gain=37.0353 47.7307 147.059 150.971 114.596 92.7152 83.4328 123.752 90.3084 104.985 83.0636 80.7194 78.0656 68.6925
threshold=0.3050000000000001 0.30950000000000005 0.058950000000000009 0.32445000000000007 0.063950000000000021 0.34735000000000005 0.30675000000000002 0.30450000000000005 0.00025950000000000002 0.10000000000000007 0.70500000000000007 0.73250000000000004 -164.21499999999997 -3.9549999999999996
decision_type=2 2 2 2 2 2 2 2 2 2 2 2 2 2
left_child=1 6 12 -4 -5 -6 7 8 9 -1 -8 -10 -3 -14
right_child=-2 2 3 4 5 -7 10 -9 11 -11 -12 -13 13 -15
leaf_value=-0.022937473967233876 0.0050451037128198036 0.015592121302472339 -0.027581842437145968 -0.020266974394240411 0.011027188063869195 -0.0059387983090519103 0.026191658090985972 -0.045918987080871887 0.0042168224463277797 0.0090017718293617013 0.0020964404018895982 -0.00079052463022562301 -0.0077032967384121458 0.01387958957981286
leaf_weight=853.93892705719918 3412.855267226696 1152.0719009004533 863.81751611083746 978.15256541222334 1120.1877909637988 2863.460706025362 607.76574387401342 146.569509729743 10751.073539242148 368.15140514075756 869.05912938341498 32012.954399416223 1218.5115839466453 528.47122601978481
leaf_count=9031 55914 17903 10200 13661 18523 42102 7132 1023 118662 6533 15632 449009 21615 8988
internal_value=-7.13908e-06 -0.000324491 -0.0037128 -0.00829205 -0.00493333 -0.00116787 0.000323667 -6.75419e-05 8.53472e-05 -0.0133159 0.0120136 0.000468352 0.00548913 -0.00117394
internal_weight=57747 54334.2 8724.67 5825.62 4961.8 3983.65 45609.5 44132.7 43986.1 1222.09 1476.82 42764 2899.05 1746.98
internal_count=795928 740014 132992 84486 74286 60625 607022 584258 583235 15564 22764 567671 48506 30603
is_linear=0
shrinkage=0.05


Tree=294
num_leaves=15
num_cat=0
split_feature=13 3 35 3 2 15 15 3 3 3 15 23 2 11
split_gain=35.3274 62.899 282.602 345.11 271.747 354.513 246.658 245.943 387.643 312.047 221.736 213.351 188.785 186.017
threshold=0.215 2298.0000000000005 1.0000000180025095e-35 2115.0000000000005 0.91110000000000013 3.4795640780011685 3.4875444300167988 2608.5000000000005 2670.5000000000005 2734.5000000000005 2.7028954204178484 0.00024550000000000006 0.11180000000000001 0.68500000000000016
decision_type=2 2 2 2 2 2 2 2 2 2 2 2 2 2
left_child=1 2 3 4 12 -6 -4 11 10 -10 -9 -3 -1 -13
right_child=-2 7 6 -5 5 -7 -8 8 9 -11 -12 13 -14 -15
leaf_value=-0.0073665319292113441 -0.002407480500382204 -0.02808415781579365 0.0023951504875834367 -0.029907365083722378 0.033805929566416891 -0.0073109203065744701 0.039810372092331847 0.018798295606104871 0.023932158011248178 -0.00011832138593167535 -0.034453150994413935 -0.015186418441740585 -0.044348509757029975 0.016623883027702829
leaf_weight=1388.2215032540262 12108.465959500521 325.84487726539373 3922.5086881676689 1604.0004566088319 888.14218514971435 1279.2072666995227 496.11864728108048 233.97497074306011 1419.4457793310285 27020.945661237463 1186.5017980597913 507.97628049366176 459.1691684089601 4816.2045502346009
leaf_count=16532 215812 3620 43142 16657 8974 12489 4066 3313 17531 372292 10546 4991 3774 62189
internal_value=-7.04414e-06 0.000631087 -0.00286373 -0.0103036 -0.00247085 0.00953883 0.0065969 0.00161892 -0.000191097 0.00108211 -0.0256811 0.0111849 -0.0165603 0.0135887
internal_weight=57656.7 45548.3 10037.4 5618.74 4014.74 2167.35 4418.63 35510.9 29860.9 28440.4 1420.48 5650.03 1847.39 5324.18
internal_count=795928 580116 105634 58426 41769 21463 47208 474482 403682 389823 13859 70800 20306 67180
is_linear=0
shrinkage=0.05


Tree=295
num_leaves=15
num_cat=0
split_feature=9 13 33 33 2 15 33 23 33 15 22 23 33 6
split_gain=37.6517 79.8142 82.9916 213.374 157.197 165.451 123.021 99.0413 103.045 98.9417 87.1649 82.453 78.4827 66.9637
threshold=0.70200000000000007 0.049499999999999995 -14.034999999999998 -21.859999999999996 0.057700000000000008 3.4843933094152604 -6.3149999999999986 0.00055850000000000008 -0.82499999999999984 3.523994421222715 0.00047150000000000008 0.00093350000000000019 9.3300000000000018 0.22498181705549639
decision_type=2 2 2 2 2 2 2 2 2 2 2 2 2 2
left_child=1 2 3 4 10 -6 9 8 -8 -4 -1 -5 -9 -2
right_child=13 -3 6 11 5 -7 7 12 -10 -11 -12 -13 -14 -15
leaf_value=-0.0084611046630720752 0.0019392728942182131 0.003458319093937188 0.025112049128207078 -0.032735327747833658 -0.00060763292021955657 0.027687613360704983 0.042523003116241943 -0.017296655521139539 -0.0074785847250773106 -0.015040427453839426 -0.03420818134433861 0.027846573954298598 0.037820540950041032 -0.0030423113678758121
leaf_weight=1278.0044817738235 10509.813495208509 16992.970384068787 925.59812012687325 772.66597595438361 5577.8109377995133 569.26860994845629 196.38077940605581 856.01198148727417 216.60610894858837 183.83496497198939 442.4994976464659 60.491723034530878 69.762914754450321 18836.455319369212
leaf_count=16595 122379 231915 9073 7684 62989 5810 1810 11577 3860 1713 3977 683 589 315411
internal_value=-5.18824e-06 0.0013015 -0.00198588 -0.00427419 -0.00172599 0.00201314 0.00614648 -0.00405667 0.0163024 0.018458 -0.0150846 -0.0283339 -0.0131396 -0.00125825
internal_weight=57488.2 28141.9 11148.9 8700.74 7867.58 6147.08 2448.19 1338.76 412.987 1109.43 1720.5 833.158 925.775 29346.3
internal_count=796065 358275 126360 97738 89371 68799 28622 17836 5670 10786 20572 8367 12166 437790
is_linear=0
shrinkage=0.05


Tree=296
num_leaves=15
num_cat=0
split_feature=0 18 10 1 1 11 15 2 1 1 1 1 3 0
split_gain=40.7656 52.9071 72.136 49.3697 119.302 171.751 144.937 139.054 115.42 108.66 106.35 153.695 120.479 79.8796
threshold=0.78500000000000014 0.00076236927645554578 -0.044999999999999978 0.19830000000000003 0.21260000000000004 0.83600000000000008 2.6301797686105899 0.9295500000000001 0.21905000000000005 0.20800000000000005 0.22825000000000004 0.23960000000000004 1407.0000000000002 0.70500000000000007
decision_type=2 2 2 2 2 2 2 2 2 2 2 2 2 2
left_child=3 2 -2 -1 5 6 7 -5 -6 -8 12 -12 -10 -7
right_child=1 -3 -4 4 8 13 9 -9 10 -11 11 -13 -14 -15
leaf_value=0.0071219629766314189 -0.026382836390947257 -0.044689164481210145 0.045651872859393872 0.056950614313627218 0.019900859404800988 -0.032429974167239389 -0.012147966189511882 -0.0096727226294085981 0.0286254788679789 -0.035255996225679723 0.0096172561200164441 -0.00034922757885385387 -0.017424231079069444 0.012533144810732706
leaf_weight=2388.7762866802514 93.968712011352181 116.94559302181005 55.017933682538569 121.28043620288372 747.0240227393806 110.23743971809745 1316.1808978337795 220.70297221280634 157.97598909214139 829.32278373837471 4234.5829676743597 44704.545718574896 1400.3989814780653 943.09374463930726
leaf_count=39321 1126 869 961 660 10810 1107 11357 3948 1766 7579 51173 629408 20153 15827
internal_value=-5.05586e-06 -0.0195323 0.00023099 8.58048e-05 -0.000221002 -0.00909719 -0.0162629 0.0139642 0.000392329 -0.0210814 0.000103694 0.000513166 -0.0127545 0.00782485
internal_weight=57440.1 265.932 148.987 57174.1 54785.3 3540.82 2487.49 341.983 51244.5 2145.5 50497.5 48939.1 1558.37 1053.33
internal_count=796065 2956 2087 793109 753788 40478 23544 4608 713310 18936 702500 680581 21919 16934
is_linear=0
shrinkage=0.05


Tree=297
num_leaves=15
num_cat=0
split_feature=0 27 7 1 1 0 33 1 0 1 1 3 1 5
split_gain=37.3645 49.6104 67.0458 44.7307 108.994 153.773 215.469 229.014 120.293 107.836 124.452 131.757 129.131 78.5377
threshold=0.78500000000000014 -0.00077649999999999996 395.50000000000006 0.19830000000000003 0.21260000000000004 0.70500000000000007 -33.329999999999991 0.20050000000000004 0.72500000000000009 0.21960000000000005 0.22730000000000003 1581.0000000000002 0.23960000000000004 559.1450000000001
decision_type=2 2 2 2 2 2 2 2 2 2 2 2 2 2
left_child=3 -2 -3 -1 5 -5 7 -7 -8 13 11 -11 -12 -6
right_child=1 2 -4 4 9 6 8 -9 -10 10 12 -13 -14 -15
leaf_value=0.0067917395443978391 -0.043718077116100706 -0.019947203251312703 0.056027339467283978 -0.042288948761856654 0.031550491932840451 0.00024495397639607929 0.023363914049653892 -0.033796611334163715 -0.0093638353542582469 0.027821146993852859 0.0086982767077961303 -0.021449807091121108 -0.00033174725103575796 0.0016921599881763482
leaf_weight=2379.9131863471121 113.46627681329846 109.69957457110286 39.379762231372297 311.20430916175246 473.71073023974895 1062.2556479480118 756.86636999621987 923.56606596522033 446.24123010598123 154.5083585716784 4343.6150938943028 1109.1351712308824 44707.041319175623 411.5368481837213
leaf_count=39321 864 1557 535 2600 5019 12768 10094 9515 5501 1766 53490 15153 629408 8474
internal_value=-5.02928e-06 -0.0188206 0.000145808 8.15484e-05 -0.000210415 -0.00874657 -0.00547199 -0.015588 0.0112252 0.000373155 6.87649e-05 -0.0154236 0.000467911 0.0176716
internal_weight=57342.1 262.546 149.079 57079.6 54699.7 3500.13 3188.93 1985.82 1203.11 51199.5 50314.3 1263.64 49050.7 885.248
internal_count=796065 2956 2092 793109 753788 40478 37878 22283 15595 713310 699817 16919 682898 13493
is_linear=0
shrinkage=0.05


Tree=298
num_leaves=15
num_cat=0
split_feature=9 13 12 33 33 33 23 1 33 2 1 33 33 3
split_gain=37.046 75.1258 90.0376 99.0887 187.529 110.354 134.698 67.75 64.3015 90.3479 92.687 80.6422 151.836 306.678
threshold=0.70200000000000007 0.049499999999999995 0.019999999999999966 -13.304999999999998 -6.3149999999999986 -21.389999999999997 0.00093350000000000019 0.30675000000000002 -3.9549999999999996 0.94585000000000008 0.26990000000000008 -79.334999999999994 -146.72499999999997 2821.0000000000005
decision_type=2 2 2 2 2 2 2 2 2 2 2 2 2 2
left_child=1 2 -1 5 -5 6 -4 -7 11 10 -10 12 -2 -14
right_child=8 -3 3 4 -6 7 -8 -9 9 -11 -12 -13 13 -15
leaf_value=0.005843864825523468 6.9867064516350745e-05 0.0033867016968693411 -0.0017171640100871117 0.025181851472152995 -0.0075167202199631373 -0.031480056526135475 -0.021764851563447082 0.029265859130334117 0.0059151744717821867 -0.027377204247460402 -0.015954815733164648 0.0013982613167811471 -0.0010826840635836741 -0.034820600994587975
leaf_weight=2794.2773762065917 6029.8403678061441 16943.820786979049 4759.9322992321104 738.40723521262407 1079.2243579700589 606.43204812891781 1016.7569617666304 49.581118933856487 1067.6876366008073 524.50530925765634 886.73404653556645 17886.209559759125 1769.8201532624662 1087.3541258834302
leaf_count=28821 100080 231915 59055 7297 14799 6456 9398 534 18537 6204 16056 260262 26145 10506
internal_value=-5.12961e-06 0.00129527 -0.00191324 -0.00454051 0.00576763 -0.00745324 -0.00524608 -0.0268852 -0.00124935 -0.00895325 -0.00400769 -0.00053602 -0.00442897 -0.0139231
internal_weight=57240.6 27988.4 11044.6 8250.33 1817.63 6432.7 5776.69 656.013 29252.2 2478.93 1954.42 26773.2 8887.01 2857.17
internal_count=796065 358275 126360 97539 22096 75443 68453 6990 437790 40797 34593 396993 136731 36651
is_linear=0
shrinkage=0.05


Tree=299
num_leaves=15
num_cat=0
split_feature=12 1 2 1 2 1 1 3 15 15 3 2 23 2
split_gain=35.032 44.9058 135.48 138.6 106.619 83.1398 80.9362 253.544 216.655 245.977 206.389 175.477 275.858 234.178
threshold=0.3050000000000001 0.30950000000000005 0.058950000000000009 0.32445000000000007 0.063950000000000021 0.34735000000000005 0.27105000000000007 2468.0000000000005 2.7707194825327863 3.538891571506309 2624.0000000000005 0.053500000000000006 0.00056550000000000014 0.055550000000000009
decision_type=2 2 2 2 2 2 2 2 2 2 2 2 2 2
left_child=1 6 -3 -4 -5 -6 11 -8 10 -10 -9 12 -1 -13
right_child=-2 2 3 4 5 -7 7 8 9 -11 -12 13 -14 -15
leaf_value=0.0088126654216167735 0.0049156501947596534 0.0052266199769924445 -0.026696590400491077 -0.019715114355162169 0.010458663711799397 -0.0057004199134616422 0.01704366737858495 -0.033095604565118245 0.0088216829194653814 -0.0072910238554897665 -0.0041196186761311418 0.027148638204850507 -0.027586729577499105 -0.0010962851857200099
leaf_weight=804.81727774161845 3400.9629010353237 2886.2805349677801 849.07231638394296 965.53548860922456 1104.9253953844309 2846.3346235845238 2688.6146552152932 734.05893230438232 8088.987151298672 3349.3129913769662 3772.0269040297717 757.47034406661987 1473.2323803864419 23433.42781024985
leaf_count=10918 55843 48712 10270 13663 18446 41997 33601 7115 109365 50518 54932 9485 15484 315716
internal_value=-5.5747e-06 -0.000316944 -0.00361645 -0.00804313 -0.00482142 -0.00118156 0.000316024 0.00284049 0.000445392 0.00410361 -0.00884055 -0.00146109 -0.0147273 -0.000211766
internal_weight=57155.1 53754.1 8652.15 5765.87 4916.8 3951.26 45101.9 18633 15944.4 11438.3 4506.09 26468.9 2278.05 24190.9
internal_count=796065 740222 133088 84376 74106 60443 607134 255531 221930 159883 62047 351603 26402 325201
is_linear=0
shrinkage=0.05


Tree=300
num_leaves=15
num_cat=0
split_feature=11 13 15 15 23 3 2 33 33 33 33 3 2 33
split_gain=35.9144 74.7872 77.3002 86.8225 67.6354 59.7787 58.1977 58.1627 251.51 277.788 245.148 415.14 439.951 207.879
threshold=0.87450000000000017 0.20500000000000004 3.538891571506309 3.511764630913309 0.00061650000000000019 2739.5000000000005 0.93305000000000005 -22.254999999999995 -24.214999999999996 -24.894999999999996 -15.009999999999998 2511.5000000000005 0.92185000000000017 -34.044999999999995
decision_type=2 2 2 2 2 2 2 2 2 2 2 2 2 2
left_child=7 4 3 -3 6 -5 -2 8 9 13 11 12 -9 -1
right_child=1 2 -4 5 -6 -7 -8 10 -10 -11 -12 -13 -14 -15
leaf_value=0.00047038267356649168 -0.03034962442447281 -0.00090650944809067861 -0.010354956353829948 0.027048258987272158 0.0034330173295680274 0.0045883328407396408 -0.0082107263408769723 0.047213556612808544 0.027027995166894365 -0.035110100779606426 0.0011672063273676786 -0.030901032736010192 -0.030647442080141103 0.015976337010141377
leaf_weight=28219.380828159861 558.58368170075119 7712.1383862830698 1772.4185176324099 484.3357768394053 492.95006484165788 762.80429648980498 633.60911489650607 428.27368889003992 959.65010297298431 522.38162371143699 10193.70767473802 1619.7657123003155 314.63093988969922 2340.6821681130677
leaf_count=367195 7527 143842 32954 5703 9636 13654 13477 2999 10489 4984 136140 17766 3370 26597
internal_value=2.59676e-05 -0.0023523 -0.000814585 0.00107289 -0.0121445 0.0133123 -0.0185852 0.000688114 0.00181844 0.00104003 -0.00219631 -0.0167076 0.0142386 0.00165808
internal_weight=57015.3 12416.8 10731.7 8959.28 1685.14 1247.14 1192.19 44598.5 32042.1 31082.4 12556.4 2362.67 742.905 30560.1
internal_count=796333 226793 196153 163199 30640 19357 21004 569540 409265 398776 160275 24135 6369 393792
is_linear=0
shrinkage=0.05


Tree=301
num_leaves=15
num_cat=0
split_feature=14 26 0 11 1 2 2 33 33 33 33 3 3 2
split_gain=35.2627 60.6256 89.4944 68.3603 65.934 57.4905 105.392 56.5434 84.0086 147.091 143.819 55.7968 107.677 108.333
threshold=0.070500000000000021 0.0030685000000000005 0.67500000000000016 0.74500000000000011 0.27830000000000005 0.05050000000000001 0.051600000000000007 -3.9549999999999996 -20.879999999999995 -13.589999999999998 -21.859999999999996 3447.5000000000005 3512.5000000000005 0.94120000000000015
decision_type=2 2 2 2 2 2 2 2 2 2 2 2 2 2
left_child=1 11 4 -4 -3 -2 -7 8 10 -10 -8 -1 -13 -14
right_child=5 2 3 -5 -6 6 7 -9 9 -11 -12 12 13 -15
leaf_value=0.0020244015362807883 0.0086469635488682934 0.031930797244320644 -0.044140928279696318 -0.0088876495109976219 -0.0056711929583805514 -0.043373347705628514 -0.0021929617045598668 -0.010460467707414387 0.019437927481733203 -0.00069226986783074186 -0.036812328306120343 -0.015755869332465363 0.012923720581349555 -0.020766185230640943
leaf_weight=30778.885251819156 1306.6584094837308 146.10966949909925 249.91490369290113 305.74323736131191 575.2024924363941 153.90090549737215 14209.560421304777 1749.23444095999 1253.8790410645306 3283.9881441779435 306.36943612247705 1301.9209142513573 970.25820640288293 316.33378900587559
leaf_count=385680 21530 1466 2016 3906 6959 1148 236872 30633 16481 49420 2645 17259 15535 4783
internal_value=2.45163e-05 0.00102227 -0.00966914 -0.0247484 0.00194887 -0.00152808 -0.00216253 -0.00185745 -0.00106759 0.0048703 -0.00292388 0.00143145 -0.00561882 0.00463943
internal_weight=56908 34644.4 1276.97 555.658 721.312 22263.6 20956.9 20803 19053.8 4537.87 14515.9 33367.4 2588.51 1286.59
internal_count=796333 437604 14347 5922 8425 358729 337199 336051 305418 65901 239517 423257 37577 20318
is_linear=0
shrinkage=0.05


Tree=302
num_leaves=15
num_cat=0
split_feature=15 15 15 1 33 3 33 2 15 23 2 3 0 2
split_gain=32.8791 119.318 106.219 134.191 99.6576 109.751 77.6161 75.3112 186.01 128.397 128.288 116.024 131.009 65.3019
threshold=3.5717949193831546 3.538891571506309 3.53504376687845 0.27890000000000009 -62.099999999999994 2913.0000000000005 -27.879999999999995 0.94395000000000018 3.5315340190116467 0.00057450000000000003 0.94335000000000013 3403.5000000000005 0.74500000000000011 0.053100000000000001
decision_type=2 2 2 2 2 2 2 2 2 2 2 2 2 2
left_child=1 2 7 -4 -3 -6 -7 8 10 -10 -1 12 -9 -2
right_child=13 4 3 -5 5 6 -8 11 9 -11 -12 -13 -14 -15
leaf_value=-0.00013340141517053698 -0.024759347325981305 0.018344362206158343 0.033749095182220377 -0.011718926623846979 0.00065204657114466616 -0.038868187178098978 -0.014431767877095193 0.0087366714057096461 0.0038952749641620733 -0.037399224400585872 -0.03217587689363402 -0.013703099959401478 -0.011523145265834792 0.0065778806471875218
leaf_weight=40572.018255928531 175.59403720125556 273.54874796420336 502.17390316724777 239.66462180763483 894.94047276861966 447.70484185963869 1185.3348587490618 6593.454287968576 279.3734857365489 576.84037725999951 314.69707356020808 803.72548774257302 907.71065863780677 3091.3753339387476
leaf_count=549302 2133 4020 4970 4001 14433 3665 18814 102436 4467 5288 4010 12202 12885 53707
internal_value=2.31675e-05 -0.000273702 0.000280406 0.0190602 -0.0103189 -0.0134211 -0.0211331 2.00279e-06 -0.000863132 -0.0239264 -0.000380104 0.00435039 0.00628492 0.00489285
internal_weight=56858.2 53591.2 50789.7 741.839 2801.53 2527.98 1633.04 50047.8 41742.9 856.214 40886.7 8304.89 7501.16 3266.97
internal_count=796333 740493 699561 8971 40932 36912 22479 690590 563067 9755 553312 127523 115321 55840
is_linear=0
shrinkage=0.05


Tree=303
num_leaves=15
num_cat=0
split_feature=10 26 0 1 13 3 3 3 3 1 3 15 1 15
split_gain=33.4839 54.934 78.3663 58.0957 56.0127 49.7891 96.3971 90.6609 172.042 158.078 126.579 113.447 110.619 82.1682
threshold=0.070500000000000076 0.0030685000000000005 0.67500000000000016 0.27830000000000005 0.040000000000000015 3447.5000000000005 3512.5000000000005 3191.0000000000005 3008.5000000000005 0.27105000000000007 3026.0000000000005 3.538891571506309 0.30950000000000005 2.7707194825327863
decision_type=2 2 2 2 2 2 2 2 2 2 2 2 2 2
left_child=1 5 3 -3 -4 7 -7 8 9 -1 -10 12 -9 -8
right_child=-2 2 4 -5 -6 6 13 11 10 -11 -12 -13 -14 -15
leaf_value=-0.00076655556279644002 -0.0014935742025708636 0.030467135471386006 -0.04100894251007528 -0.0053865791655801909 -0.0089076383783159539 -0.014971552777830098 -0.0093524184345345693 0.013427248963911363 -0.043420882977053488 0.0087119113342901955 -0.0063059619434410775 -0.0096852980585723815 -0.0023070746247682967 0.01610492736439265
leaf_weight=12624.103172124363 22196.246597366408 140.58744990825653 248.44083881378174 573.66995710134506 299.96360783837736 1286.3202505074441 585.69347804039717 4470.4989300798625 242.68398377299309 6751.1710710972548 4271.9519662354141 885.3235979937017 1489.1054744999856 690.62233730591834
leaf_count=142466 358729 1466 2044 6959 3878 17259 9459 62310 1769 83636 62367 12062 21070 10859
internal_value=2.18275e-05 0.000995096 -0.00924131 0.00167379 -0.0234552 0.00138329 -0.00531239 0.00194159 0.000487988 0.00253617 -0.00830199 0.00701481 0.0094958 0.00442289
internal_weight=56756.4 34560.1 1262.66 714.257 548.404 33297.5 2562.64 30734.8 23889.9 19375.3 4514.64 6844.93 5959.6 1276.32
internal_count=796333 437604 14347 8425 5922 423257 37577 385680 290238 226102 64136 95442 83380 20318
is_linear=0
shrinkage=0.05


Tree=304
num_leaves=15
num_cat=0
split_feature=0 3 3 3 22 2 33 33 33 2 2 18 13 2
split_gain=33.109 67.8858 60.1664 228.163 168.353 176.83 163.472 275.086 156.545 130.897 134.71 161.514 130.031 110.187
threshold=0.62500000000000011 3576.5000000000005 3135.0000000000005 3029.5000000000005 0.0027135000000000002 0.050150000000000007 -114.74999999999999 -87.309999999999988 -146.72499999999997 0.94475000000000009 0.05705000000000001 0.00046303702707997397 0.040000000000000015 0.94510000000000016
decision_type=2 2 2 2 2 2 2 2 2 2 2 2 2 2
left_child=-1 2 3 6 5 -5 8 -8 -2 10 12 -12 -4 -11
right_child=1 -3 9 4 -6 -7 7 -9 -10 13 11 -13 -14 -15
leaf_value=-0.0028613770820630985 -0.0016792835533586783 -0.021375735324990697 -0.016494518045602674 0.02136685697262599 0.017841583652248326 -0.017720210024045283 0.021101130186569346 0.0013173305149318025 -0.020999207138075085 -0.034585737795318414 0.023503558416886297 0.0056908698830944425 0.0033568042942739339 -0.0031771936162493068
leaf_weight=8474.8950174171478 4071.3869042089209 351.08237707614899 1114.2744306903332 314.83375013247132 447.38915973156691 3564.5555414706469 1913.7487138174474 21449.325087975711 1412.0835469961166 326.08223136141896 1579.356168512255 6550.8717812318355 3175.6998679935932 1940.4096085764468
leaf_count=127775 56493 5064 12143 4252 6400 46801 24624 276157 16531 2987 20382 112894 53199 30631
internal_value=2.07198e-05 0.00052736 0.000688077 -0.000491506 -0.0111982 -0.0145476 0.00111446 0.00293797 -0.00665477 0.00335243 0.00536887 0.00915136 -0.00179963 -0.0076973
internal_weight=56686 48211.1 47860 33173.3 4326.78 3879.39 28846.5 23363.1 5483.47 14686.7 12420.2 8130.23 4289.97 2266.49
internal_count=796333 668558 663494 431258 57453 51053 373805 300781 73024 232236 198618 133276 65342 33618
is_linear=0
shrinkage=0.05


Tree=305
num_leaves=15
num_cat=0
split_feature=12 3 33 23 34 13 3 3 33 33 3 3 1 15
split_gain=32.6769 41.1888 163.158 150.467 168.524 186.364 152.396 110.418 186.251 134.167 112.161 192.73 114.153 99.772
threshold=0.3050000000000001 2846.5000000000005 -1.5699999999999998 0.00026350000000000006 0.83350000000000013 1.0000000180025095e-35 2298.0000000000005 2949.5000000000005 -28.774999999999995 -48.039999999999999 2964.5000000000005 2988.5000000000005 0.28470000000000001 2.2532604939306951
decision_type=2 2 2 2 2 2 2 2 2 2 2 2 2 2
left_child=1 2 3 13 6 -6 -5 8 9 -3 -9 -12 -13 -1
right_child=-2 7 -4 4 5 -7 -8 10 -10 -11 11 12 -14 -15
leaf_value=0.029272663097084067 0.0047484502827147938 -0.01641200121473484 -0.017235553383384509 -0.0026388845257449673 -0.0096785997504474312 0.033199872904619024 0.0057251367118622935 0.017955668531061206 -0.03659945784052205 0.0093115011993512974 -0.031027983199678671 0.0027398787137899727 -0.0041869976668170846 -0.021223343988033043
leaf_weight=108.60346954502165 3377.2491007680073 1080.9582463875413 1153.9201266448945 10151.147882528603 356.06243496015668 878.56267852894962 11749.642209596932 785.55113847181201 573.89663607254624 954.34778340160847 531.01705463975668 12430.014670931734 11404.876048814505 978.10606781207025
leaf_count=1512 55807 17667 17178 119664 3949 9062 160768 11769 5748 16839 7253 182560 175108 11366
internal_value=-2.04847e-05 -0.000323596 0.00113241 0.00200752 0.00286163 0.0208341 0.00184837 -0.00165454 -0.0114448 -0.00435048 -0.000638855 -0.00123841 -0.000574601 -0.0161746
internal_weight=56514 53136.7 25376 24222.1 23135.4 1234.63 21900.8 27760.7 2609.2 2035.31 25151.5 24365.9 23834.9 1086.71
internal_count=796250 740443 323499 306321 293443 13011 280432 416944 40254 34506 376690 364921 357668 12878
is_linear=0
shrinkage=0.05


Tree=306
num_leaves=15
num_cat=0
split_feature=31 33 33 31 33 33 15 3 4 31 27 11 6 23
split_gain=33.9391 59.7699 81.0797 49.1365 43.9088 262.83 108.376 90.0909 74.1247 43.4575 40.7473 34.3977 34.8225 61.5442
threshold=0.12400000000000001 -203.17999999999998 -200.62999999999997 0.33500000000000008 -180.59999999999997 -178.96499999999995 2.3502401828962087 462.00000000000006 1.0000000180025095e-35 0.39450000000000007 -0.00048449999999999996 0.96850000000000003 0.68138039198260369 0.0006215000000000002
decision_type=2 2 2 2 2 2 2 2 2 2 2 2 2 2
left_child=11 -2 3 -3 6 9 10 -7 -8 -6 -4 12 -1 -14
right_child=1 2 4 -5 5 7 8 -9 -10 -11 -12 -13 13 -15
leaf_value=-0.0034312762351939724 0.020779635069462406 -0.045610052091854029 -0.027494437351843534 -0.0088396392713884289 -0.031363088779188752 -0.025507909368865208 0.013853309139340101 0.00085896895571598996 -2.1877274892593698e-05 -0.0098881846701232637 0.00020748107151851024 0.0023356556531262201 -0.023523476789236112 0.0059024082337771977
leaf_weight=5140.7901801802218 360.00313101150095 143.4712571054697 312.41060839220881 247.61284484341741 725.48978803306818 326.41357916221023 2315.6607929188758 41570.099159996957 1647.2305249180645 349.02662395313382 230.76670427247882 2207.7107940465212 576.18399769254029 256.85745654068887
leaf_count=100230 4753 1105 3515 4470 7057 2597 32130 546356 26383 6073 4556 44098 8363 4564
internal_value=-1.96324e-05 0.000485508 0.000332838 -0.0223373 0.000519626 2.72245e-05 0.00521519 0.000653486 0.00808604 -0.0243891 -0.0157275 -0.00299728 -0.00496814 -0.0144508
internal_weight=56409.7 48228.2 47868.2 391.084 47477.1 42971 4506.07 41896.5 3962.89 1074.52 543.177 8181.54 5973.83 833.041
internal_count=796250 638995 634242 5575 628667 562083 66584 548953 58513 13130 8071 157255 113157 12927
is_linear=0
shrinkage=0.05


Tree=307
num_leaves=15
num_cat=0
split_feature=9 11 33 33 33 33 33 33 2 2 2 2 3 1
split_gain=31.2593 69.3415 70.6536 197.006 178.634 142.052 129.928 346.607 129.559 121.914 63.0887 231.963 230.868 172.617
threshold=0.69350000000000012 0.85950000000000004 -56.889999999999993 -67.064999999999984 -54.779999999999994 -90.069999999999979 -53.684999999999995 -52.204999999999991 0.94395000000000018 0.066200000000000023 0.064700000000000021 0.068350000000000008 2648.0000000000005 0.23805000000000001
decision_type=2 2 2 2 2 2 2 2 2 2 2 2 2 2
left_child=1 2 3 5 -4 9 -6 -8 -5 -1 12 -12 -2 -14
right_child=10 -3 4 8 6 -7 7 -9 -10 -11 11 -13 13 -15
leaf_value=-0.0040527843778610613 0.013768021717508214 0.010469037830130763 -0.033858799443213065 0.026197465014784926 0.023115162516932061 -0.01636178845343822 -0.041570469261248952 -0.00019085909814123674 -0.0053308716896371235 0.0075045902581430332 -0.026715447379471541 -0.0015386627918216088 -0.035923995788852379 -0.00094626083228643496
leaf_weight=3969.5493083912879 2990.6948018725961 1891.3781703915447 429.47392898797989 1349.2779773231596 531.76801650598645 1105.6946359407157 531.6082084402442 10492.516184877604 429.5325521491468 5366.4507711231709 960.98574428632855 19023.900034548715 371.60014500468969 6911.0372326821089
leaf_count=55386 40616 26433 4078 15513 6807 16348 4233 134080 7092 70973 11007 289581 3889 110214
internal_value=-1.889e-05 0.0012491 0.000528638 0.00320384 -0.00219905 0.000583506 -0.00102213 -0.00218664 0.0185844 0.00259055 -0.00111251 -0.00274943 0.00207181 -0.00273149
internal_weight=56355.5 26097.2 24205.9 12220.5 11985.4 10441.7 11555.9 11024.1 1778.81 9336 30258.2 19984.9 10273.3 7282.64
internal_count=796250 340943 314510 165312 149198 142707 145120 138313 22605 126359 455307 300588 154719 114103
is_linear=0
shrinkage=0.05


Tree=308
num_leaves=15
num_cat=0
split_feature=11 15 15 15 23 33 27 2 13 11 33 33 7 2
split_gain=32.0627 60.8081 77.6288 113.212 72.3118 224.746 78.5718 71.1949 57.5841 131.956 89.2684 86.0367 69.5977 65.912
threshold=0.86950000000000005 2.6667018695222073 3.53504376687845 3.5207687006297159 0.00054050000000000007 -24.894999999999996 -0.0013894999999999999 0.054350000000000002 0.21000000000000005 0.84250000000000014 -200.62999999999997 -103.32999999999998 2974.5000000000005 0.94510000000000016
decision_type=2 2 2 2 2 2 2 2 2 2 2 2 2 2
left_child=8 7 3 4 5 -3 -6 -2 9 13 -11 -10 -12 -1
right_child=1 2 -4 -5 6 -7 -8 -9 11 10 12 -13 -14 -15
leaf_value=-0.00050603943213128097 -0.043814373513909863 0.0031343753069170924 -0.0091703781823829107 0.017712435188401709 -6.8353305825611296e-05 -0.023002495053634869 0.015222194572912899 -0.0074499519367932868 0.016590913569156755 -0.049272629872569224 0.014048979463282887 -0.012809130126422 -0.025148415752380679 0.0060057171065382147
leaf_weight=33583.834662121721 144.40679062902927 2402.0512958336622 2184.8585618082434 944.33535581082106 3494.6631586160511 1250.6225525774062 1105.969003053382 1964.2170888613909 297.05615220963955 59.683019213378429 2782.4337718551978 1530.7765316218138 117.96076500415802 4394.4458525273949
leaf_count=421206 1029 44273 40477 14155 69553 16853 15989 45572 4447 503 40127 21455 1449 59162
internal_value=-1.81525e-05 -0.00214338 -0.000698542 0.00131398 -0.000562504 -0.00581489 0.00360767 -0.00994229 0.000652279 0.00103997 0.0112078 -0.00803044 0.012454 0.000247446
internal_weight=56257.3 13491.1 11382.5 9197.64 8253.31 3652.67 4600.63 2108.62 42766.2 40938.4 2960.08 1827.83 2900.39 37978.3
internal_count=796250 247901 201300 160823 146668 61126 85542 46601 548349 522447 42079 25902 41576 480368
is_linear=0
shrinkage=0.05


Tree=309
num_leaves=15
num_cat=0
split_feature=15 15 15 1 33 3 33 22 11 15 3 31 3 3
split_gain=33.6194 102.928 97.2805 117.609 89.7504 88.723 70.4335 60.7149 111.536 60.2911 92.9872 74.5836 58.2922 367.094
threshold=3.5717949193831546 3.538891571506309 3.53504376687845 0.27890000000000009 -62.099999999999994 2913.0000000000005 -27.879999999999995 -0.0041734999999999993 0.82850000000000013 3.5932770349567842 3295.0000000000005 0.30500000000000005 2298.0000000000005 2235.0000000000005
decision_type=2 2 2 2 2 2 2 2 2 2 2 2 2 2
left_child=1 2 7 -4 -3 -6 -7 8 -1 11 -11 -2 13 -9
right_child=9 4 3 -5 5 6 -8 12 -10 10 -12 -13 -14 -15
leaf_value=-0.044492614311137713 0.0016165179707037032 0.017784309107890431 0.03250362852569371 -0.010626348579810959 -3.31199106507374e-05 -0.037052286648980075 -0.013370997179594155 -0.00010848650324502788 -0.0020191654938686051 0.0023291007123635676 -0.034410738569917429 0.021215751463130879 0.0010932877737664041 -0.031198332232008283
leaf_weight=215.89594470709562 1077.2928380090743 267.22598221898079 484.91176832094789 234.41159088537097 886.96983431465924 430.00934385880828 1163.812052089721 10143.789800140075 543.54175781086087 1099.1376253813505 204.11891818791628 883.41334557905793 37508.824570488185 1047.4147682599723
leaf_count=1509 22154 3974 4983 4007 14468 3724 18904 118989 10674 19941 1955 11975 547986 11007
internal_value=-1.71534e-05 -0.000320873 0.000195133 0.018449 -0.00974281 -0.0127086 -0.0197621 -7.03821e-05 -0.014098 0.00490767 -0.00342737 0.0104478 0.000148395 -0.00301852
internal_weight=56190.8 52926.8 50178.8 719.323 2748.02 2480.79 1593.82 49459.5 759.438 3263.96 1303.26 1960.71 48700 11191.2
internal_count=796250 740225 699155 8990 41070 37096 22628 690165 12183 56025 21896 34129 677982 129996
is_linear=0
shrinkage=0.05


Tree=310
num_leaves=15
num_cat=0
split_feature=15 15 15 1 2 11 2 15 23 2 3 11 3 0
split_gain=30.8683 92.2602 89.1678 108.94 80.6928 97.5861 66.602 159.801 111.293 110.003 102.792 119.894 62.7471 56.3063
threshold=3.5717949193831546 3.538891571506309 3.53504376687845 0.27890000000000009 0.94175000000000009 0.6695000000000001 0.94395000000000018 3.5315340190116467 0.00057150000000000007 0.94335000000000013 3403.5000000000005 0.7895000000000002 2846.5000000000005 0.66500000000000015
decision_type=2 2 2 2 2 2 2 2 2 2 2 2 2 2
left_child=1 2 6 -4 5 -3 7 9 -9 -1 11 -8 -7 -12
right_child=-2 4 3 -5 -6 12 10 8 -10 -11 13 -13 -14 -15
leaf_value=-0.00022290712108116048 0.004719694029283023 -0.038436643382196239 0.031579251199849924 -0.010158891160847224 -0.023479886714735235 0.013849394779231822 0.015346273321877636 0.0037136091862636626 -0.035558008617661244 -0.029953772173873655 -0.0011875426307174583 0.0016008619781474717 -0.0065720505332285215 -0.027940912967618154
leaf_weight=40080.998468969949 3234.0104910805821 186.80195185169578 473.59655164554715 233.29294469580054 731.73242544010282 536.19794928282499 2301.3860647100955 267.78179697319865 552.67934397980571 313.45570452325046 444.56291467323899 5106.2183960620314 1259.5380733422935 352.61736773326993
leaf_count=549094 55880 1669 4987 4028 9427 8793 29288 4328 5362 4038 7991 85890 21073 4176
internal_value=-2.21715e-05 -0.000312396 0.000173779 0.017805 -0.00929064 -0.00405262 -7.84507e-05 -0.000897427 -0.0227417 -0.000453688 0.00403546 0.00587142 -0.000473876 -0.0130234
internal_weight=56074.9 52840.9 50126.6 706.889 2714.27 1982.54 49419.7 41214.9 820.461 40394.5 8204.78 7407.6 1795.74 797.18
internal_count=796024 740144 699182 9015 40962 31535 690167 562822 9690 553132 127345 115178 29866 12167
is_linear=0
shrinkage=0.05


Tree=311
num_leaves=15
num_cat=0
split_feature=1 1 3 1 1 1 33 33 33 3 15 33 1 33
split_gain=30.6973 260.138 162.908 150.478 268.169 124.741 113.51 355.567 196.595 104.177 120.439 177.228 185.858 167.36
threshold=0.23490000000000003 0.23715000000000003 2648.0000000000005 0.23760000000000001 0.23960000000000004 0.23395000000000002 -56.454999999999991 -51.774999999999991 -57.444999999999993 3237.0000000000005 3.4962347597865295 -24.894999999999996 0.17895000000000003 -37.059999999999995
decision_type=2 2 2 2 2 2 2 2 2 2 2 2 2 2
left_child=5 2 -2 -3 -5 9 8 -8 -6 10 11 13 -13 -1
right_child=1 3 -4 4 6 -7 7 -9 -10 -11 -12 12 -14 -15
leaf_value=-0.0044061814135550022 0.027660356494231805 -0.030928753735196875 -0.033496083086978143 0.030701958635248786 0.0010402947501365256 -0.041175123276723 -0.024537178636698607 -0.0010131783714148771 0.02141878354729284 0.011604715610850982 0.025947078340475462 0.017514224359936399 -0.023671628641468125 0.017583941684861156
leaf_weight=4931.5690302429721 1222.3057994320989 392.98879585787654 119.45701027661562 706.41474355757236 20332.698005455546 204.57803948223591 1744.191798068583 20311.784612439573 1256.5475686285645 1272.1180893331766 328.11723310872912 323.21757225692272 1793.5409083850682 1049.240947663784
leaf_count=73564 14561 4089 1143 7734 305103 1752 16810 290021 17434 19406 3695 4421 23100 13191
internal_value=-2.12922e-05 0.000521401 0.0222135 -0.000129132 0.000143845 -0.002547 -0.000350819 -0.00287356 0.00222647 -0.00173172 -0.00374538 -0.00494883 -0.0173822 -0.000548124
internal_weight=55988.8 46086.4 1341.76 44744.6 44351.6 9902.38 43645.2 22056 21589.2 9697.8 8425.69 8097.57 2116.76 5980.81
internal_count=796024 656895 15704 641191 637102 139129 629368 306831 322537 137377 117971 114276 27521 86755
is_linear=0
shrinkage=0.05


Tree=312
num_leaves=15
num_cat=0
split_feature=1 2 1 15 1 2 3 27 5 3 3 3 1 3
split_gain=30.551 120.224 96.4725 93.972 106.713 148.324 71.8505 69.684 64.401 61.5428 104.311 126.919 186.784 171.389
threshold=0.30820000000000003 0.058950000000000009 0.30695000000000006 2.6301797686105899 0.35400000000000004 0.93180000000000007 1625.0000000000002 -0.00062749999999999991 196.48500000000004 549.00000000000011 1581.0000000000002 1913.0000000000002 0.27950000000000008 1929.5000000000002
decision_type=2 2 2 2 2 2 2 2 2 2 2 2 2 2
left_child=2 8 9 -3 7 6 -6 -5 -2 -1 -11 12 -12 -13
right_child=1 3 -4 4 5 -7 -8 -9 -10 10 11 13 -14 -15
leaf_value=-0.014322837417728013 0.022815610592937588 0.003029147686566775 0.017579285159418229 -0.023932056142946887 0.032232405705137294 0.016010722045704983 -0.017302058120704636 -0.0089160247040934431 0.0026094134248538219 0.0091012425554932563 -0.016068314213737989 0.040273893741573474 0.018574709011764983 0.00024813912752892034
leaf_weight=716.0988610573113 462.90496968105435 1957.6932324972004 814.44607901573181 1366.6462336350232 79.716570097953081 790.01602776348591 885.03611921146512 1777.7890623863786 2658.9519095942378 3231.6647159140557 2382.6560309175402 269.2476319372654 464.93715023808181 37988.74923471082
leaf_count=6392 5284 30422 12055 17566 785 12285 13043 29398 47768 37038 29174 2189 6782 545843
internal_value=-2.00585e-05 -0.00252731 0.00052541 -0.00623042 -0.00993048 -5.22366e-05 -0.0132062 -0.0154429 0.0056062 0.000217083 0.000451951 -0.000228064 -0.0104116 0.000529932
internal_weight=55846.6 9978.75 45867.8 6856.9 4899.2 1754.77 964.753 3144.44 3121.86 45053.4 44337.3 41105.6 2847.59 38258
internal_count=796024 156551 639473 103499 73077 26113 13828 46964 53052 627418 621026 583988 35956 548032
is_linear=0
shrinkage=0.05


Tree=313
num_leaves=15
num_cat=0
split_feature=1 1 1 0 1 3 1 33 33 33 10 15 33 33
split_gain=30.2152 246.562 229.75 180.601 129.293 244.917 147.308 127.136 165.072 144.122 119.732 114.856 111.38 260.652
threshold=0.25905000000000006 0.25585000000000008 0.25745000000000001 0.67500000000000016 0.26550000000000001 549.00000000000011 0.26610000000000006 -6.9249999999999989 -10.459999999999999 -11.169999999999998 0.11050000000000006 3.5467327350479132 -79.334999999999994 -32.689999999999991
decision_type=2 2 2 2 2 2 2 2 2 2 2 2 2 2
left_child=1 12 -3 -4 5 -2 -6 8 9 -8 -7 -9 -1 -14
right_child=4 2 3 -5 6 10 7 11 -10 -11 -12 -13 13 -15
leaf_value=-0.0059575218285784267 -0.059407097917962906 -0.04208185752976621 -0.064823090093273444 0.0083621761397337912 -0.038511782575533837 0.026259085778351007 0.0007498272508704763 -0.015340112288009279 0.014394985280709592 -0.04822171772669253 0.0027757786190971741 0.00099760715649767915 0.010484731104320605 -0.0032063827757974521
leaf_weight=5753.7904207073152 113.14822071045637 697.87735449522734 97.629507660865784 613.22105906996876 245.30456794053316 1240.8837592899799 24733.628458391875 2269.5800753887743 2320.7579862736166 151.05759483575821 964.80775595456362 2044.9971984326839 5790.300294270739 8698.6989706587046
leaf_count=78057 582 5431 446 12936 2157 13836 362535 33473 33276 934 19400 35338 84530 113093
internal_value=-1.90714e-05 -0.00147972 -0.021705 -0.00169693 0.000908791 0.0123064 7.67423e-05 0.000377179 0.00164179 0.000452363 0.0159877 -0.00759662 -7.2115e-05 0.00226509
internal_weight=55735.7 21651.5 1408.73 710.851 34084.2 2318.84 31765.3 31520 27205.4 24884.7 2205.69 4314.58 20242.8 14489
internal_count=796024 294493 18813 13382 501531 33818 467713 465556 396745 363469 33236 68811 275680 197623
is_linear=0
shrinkage=0.05


Tree=314
num_leaves=15
num_cat=0
split_feature=11 33 33 0 11 3 3 2 31 3 12 1 1 1
split_gain=31.8857 54.8216 73.3525 52.7978 117.405 105.712 100.455 103.971 91.9204 67.2006 51.8873 48.2236 82.335 82.2294
threshold=0.86950000000000005 -203.17999999999998 -200.62999999999997 0.64500000000000013 0.84250000000000014 501.50000000000006 2082.5000000000005 0.058950000000000009 0.47450000000000003 3469.0000000000005 0.15000000000000002 0.23245000000000002 0.23145000000000002 0.23805000000000001
decision_type=2 2 2 2 2 2 2 2 2 2 2 2 2 2
left_child=1 -1 -3 6 5 -5 8 -8 -4 -6 11 12 -2 -13
right_child=10 2 3 4 9 -7 7 -9 -10 -11 -12 13 -14 -15
leaf_value=0.020815396141081466 -0.0069889191938639758 -0.02126408329905527 0.021730146163025182 -0.033182969378126898 0.015241246961162792 0.0010830291744363563 0.004797094297504835 -0.0064294030258338422 -0.026886446212909448 -0.0050024053413057152 0.0058488361557931991 0.013968221536233384 -0.04063936843822516 -0.0032095924375321314
leaf_weight=334.40225449949503 1940.2368441987783 383.74311673082411 688.75947451964021 226.86531035229564 2274.6032898649573 27093.917341783643 2796.9333487898111 7851.7494144272059 113.11647100001574 500.02951098233461 1759.2776909656823 757.45707851648331 200.47970122098923 8669.1153867859393
leaf_count=4360 41263 5531 6769 1600 30802 333369 43464 111846 1081 9358 26769 12059 1528 166225
internal_value=-1.84298e-05 0.00065399 0.000493147 0.000694161 0.00179361 0.000798372 -0.00219551 -0.00348069 0.0148696 0.011593 -0.00215094 -0.00336768 -0.0101421 -0.00182916
internal_weight=55590.7 42264.1 41929.7 41546 30095.4 27320.8 11450.6 10648.7 801.876 2774.63 13326.6 11567.3 2140.72 9426.57
internal_count=796024 548180 543820 538289 375129 334969 163160 155310 7850 40160 247844 221075 42791 178284
is_linear=0
shrinkage=0.05


Tree=315
num_leaves=15
num_cat=0
split_feature=9 6 26 13 29 33 33 11 15 15 33 15 15 0
split_gain=32.2489 64.4495 78.2969 86.6648 65.8624 75.8604 61.6371 56.031 60.9648 58.5815 55.9917 64.9911 131.026 71.8696
threshold=0.70200000000000007 0.18052553230147891 0.0013405000000000003 0.16999999999999998 10.18427452892894 -79.334999999999994 -3.9549999999999996 0.85950000000000004 2.6826018834518894 2.7707194825327863 -60.249999999999993 3.5315340190116467 3.53504376687845 0.64500000000000013
decision_type=2 2 2 2 2 2 2 2 2 2 2 2 2 2
left_child=7 2 3 4 5 -2 10 -1 -9 -10 -3 13 -13 -12
right_child=1 6 -4 -5 -6 -7 -8 8 9 -11 11 12 -14 -15
leaf_value=0.00060156296308340332 0.0018896938624264573 -0.0051514999617162782 -0.0022734946033289428 -0.015992606762928119 -0.02139370145468069 0.016771912001191987 -0.011739542468592162 -0.024995213555042112 0.036898438964789684 0.0084660507466691997 -0.0095356132483775564 -0.035196120899814949 -0.0017302744223543249 0.00400724876081538
leaf_weight=25088.32346843183 1392.1012731194496 7577.9996165763587 4217.3459204807878 361.15753453969955 163.4724799618125 2224.7450752519071 1724.4497571028769 121.29794327542186 203.33359579369426 1656.3033068235964 1121.8450597934425 355.87330474331975 1639.7792614400387 7723.3638476449996
leaf_count=329984 16202 133344 51056 4495 1398 22280 32396 1381 1961 24896 17815 4036 30695 124215
internal_value=4.84215e-06 -0.00116897 0.00252192 0.00740512 0.00964082 0.0110441 -0.00270058 0.00124079 0.00933614 0.0115767 -0.00185426 0.000450614 -0.00769951 0.00228951
internal_weight=55571.4 28502.1 8358.82 4141.48 3780.32 3616.85 20143.3 27069.3 1980.93 1859.64 18418.9 10840.9 1995.65 8845.21
internal_count=796154 437932 95431 44375 39880 38482 342501 358222 28238 26857 310105 176761 34731 142030
is_linear=0
shrinkage=0.05


Tree=316
num_leaves=15
num_cat=0
split_feature=1 1 1 0 1 3 1 1 15 33 33 3 23 3
split_gain=29.7338 225.654 213.096 164.608 119.868 220.276 140.382 141.617 197.992 134.014 158.202 157.034 132.317 113.431
threshold=0.25905000000000006 0.25585000000000008 0.25745000000000001 0.67500000000000016 0.26550000000000001 549.00000000000011 0.26840000000000003 0.26745000000000008 3.1600330193091968 -6.3149999999999986 -9.384999999999998 2235.0000000000005 0.0012715000000000003 3237.0000000000005
decision_type=2 2 2 2 2 2 2 2 2 2 2 2 2 2
left_child=1 13 -3 -4 5 -2 7 8 -6 10 11 -8 -12 -1
right_child=4 2 3 -5 6 -7 9 -9 -10 -11 12 -13 -14 -15
leaf_value=-0.0017364344425468935 -0.057016757055597202 -0.040995526316541103 -0.062923051156116738 0.0078377620652932221 0.013181777851474955 0.015411963889614834 0.013793712317196864 -0.04831143817092734 -0.025500229022330102 -0.0078594466676107175 0.017363506488239869 -0.00029759445238173427 -0.043824372694041616 0.0085239545553805925
leaf_weight=16985.280191819184 110.15886205434799 678.06034463644028 94.916627928614616 608.60678492579609 609.92372966185212 2191.5277493391186 2173.6359873320907 257.23987641185522 722.63783955201507 3820.1824716534466 2153.6379202269018 21858.205381276086 92.039673060178757 3201.2605389598757
leaf_count=223939 589 5439 443 12923 9982 33326 28005 1670 8974 61767 32093 324748 645 51611
internal_value=4.79627e-06 -0.00144727 -0.0209957 -0.0017166 0.000926221 0.0119432 0.000125945 -0.0143539 -0.00779551 0.000890834 0.00216296 0.000976991 0.0148539 -0.000109268
internal_weight=55557.3 21568.1 1381.58 703.523 33989.2 2301.69 31687.5 1589.8 1332.56 30097.7 26277.5 24031.8 2245.68 20186.5
internal_count=796154 294355 18805 13366 501799 33915 467884 20626 18956 447258 385491 352753 32738 275550
is_linear=0
shrinkage=0.05


Tree=317
num_leaves=15
num_cat=0
split_feature=9 6 26 1 15 15 13 22 15 1 15 33 13 7
split_gain=32.1923 64.771 74.5231 91.6178 128.811 147.55 63.2349 56.7667 68.7262 71.03 55.4142 53.7391 53.3696 72.9328
threshold=0.69350000000000012 0.18052553230147891 0.0011275000000000002 0.2909000000000001 3.511764630913309 3.497385124232657 0.079000000000000029 -0.00011749999999999998 3.4795640780011685 0.22730000000000003 3.4626305282975625 -92.509999999999991 0.049499999999999995 670.50000000000011
decision_type=2 2 2 2 2 2 2 2 2 2 2 2 2 2
left_child=12 2 3 4 5 -2 -3 -8 10 -10 -9 -5 13 -1
right_child=1 6 -4 11 -6 -7 7 8 9 -11 -12 -13 -14 -15
leaf_value=-0.025881952495892042 0.0093659824221547991 -0.015729242627833151 -0.0014898558086775798 0.0099055915491281649 0.035558914085907743 -0.038637814691884563 0.00084940758089640839 -0.0028059532573586673 0.023819305978453706 -0.011755540449876254 0.016294171233595067 -0.027343757536903469 0.0031585341546858121 -0.00077205046861038025
leaf_weight=297.81754538975656 2834.0253903660923 885.34473953396082 5225.0037416964769 149.25949219986796 442.11810798570514 169.56095251813531 9044.7422296889126 6884.4466506037861 146.33325898647308 3361.3582082428038 401.81145102158189 275.30890067666769 15427.229623274878 9863.8509692586958
leaf_count=3293 31026 12257 62056 2297 4104 1506 152307 127678 1843 51258 6069 3070 219230 118160
internal_value=4.29931e-06 -0.00111214 0.00240539 0.00766402 0.0103644 0.00665484 -0.00265591 -0.0020724 -0.00452071 -0.0102708 -0.00175244 -0.0142493 0.00130531 -0.00150822
internal_weight=55408.2 29819.3 9095.28 3870.27 3445.7 3003.59 20724 19838.7 10793.9 3507.69 7286.26 424.568 25588.9 10161.7
internal_count=796154 455471 104059 42003 36636 32532 351412 339155 186848 53101 133747 5367 340683 121453
is_linear=0
shrinkage=0.05


Tree=318
num_leaves=15
num_cat=0
split_feature=18 2 9 3 3 2 2 2 3 0 15 33 0 33
split_gain=29.9893 74.6229 66.8201 46.6421 329.337 199.964 219.21 149.023 190.232 227.252 138.487 188.583 111.117 139.186
threshold=-0.00011021034032645868 0.92840000000000011 0.37500000000000006 2608.5000000000005 2624.0000000000005 0.064150000000000013 0.053500000000000006 0.068900000000000003 2486.0000000000005 0.70500000000000007 2.6301797686105899 -27.469999999999995 0.74500000000000011 2.2650000000000006
decision_type=2 2 2 2 2 2 2 2 2 2 2 2 2 2
left_child=1 -1 -3 5 -5 6 10 12 9 -9 -2 -12 13 -7
right_child=3 2 -4 4 -6 7 -8 8 -10 -11 11 -13 -14 -15
leaf_value=-0.0016589400316807503 0.035492473087076495 -0.0012826473517796489 0.021179121239530734 -0.034235459811250472 -0.00066532890483342842 -0.034838648354113384 0.020156610699577023 -0.0071039669062268251 0.013075051277692974 0.0090434381447274653 -0.019049093569768798 0.020992208755993357 0.019774907015921168 0.0033170039771342622
leaf_weight=2042.3718050820753 206.25511476304382 513.87929073348641 930.72382081672549 747.29117606580257 32504.694344488904 776.01771666482091 2631.5199959613383 7525.7049095127732 2432.8586614895612 3066.7655969168991 1086.4672471620142 403.06545002758503 174.68018934130669 345.345369534567
leaf_count=34370 2457 9016 12249 7228 493546 7203 33969 87910 36093 44305 12323 6144 2587 6754
internal_value=4.20303e-06 0.00449272 0.0131894 -0.000297368 -0.00141987 0.00170413 0.011123 -0.00114191 0.00046701 -0.00242888 -0.00289567 -0.00821329 -0.0173104 -0.0230886
internal_weight=55387.6 3486.97 1444.6 51900.7 33252 18648.7 4327.31 14321.4 13025.3 10592.5 1695.79 1489.53 1296.04 1121.36
internal_count=796154 55635 21265 740519 500774 239745 54893 184852 168308 132215 20924 18467 16544 13957
is_linear=0
shrinkage=0.05


Tree=319
num_leaves=15
num_cat=0
split_feature=31 3 3 23 15 3 23 34 3 1 1 33 1 1
split_gain=30.3342 56.7218 187.455 115.59 115.385 92.5545 91.6814 173.365 106.812 82.4668 167.768 125.421 118.615 108.544
threshold=0.28500000000000009 1699.0000000000002 1864.5000000000002 0.00058550000000000019 2.5374509047468101 1756.0000000000002 0.00023450000000000004 0.83350000000000013 1034.5000000000002 0.22825000000000004 0.23715000000000003 -169.90499999999997 0.23760000000000001 0.21960000000000005
decision_type=2 2 2 2 2 2 2 2 2 2 2 2 2 2
left_child=1 4 3 -3 -1 -5 -6 8 -8 11 -11 -4 -12 -13
right_child=-2 2 9 5 6 -7 7 -9 -10 10 12 13 -14 -15
leaf_value=-0.025309516040556354 0.0012072989180298699 -0.039755728949775943 -0.039206508901428905 0.0092169847854838421 -0.039438310745484664 -0.045913894151548007 -0.012911535607813329 0.044737382191338951 0.011331246210462297 0.014939434096496083 -0.037501868867734357 -0.0011856478075667047 -0.00092671529356389687 -0.031474841777982855
leaf_weight=282.19846903439611 26888.640886205249 515.70758516341448 309.45073921047151 311.73123757354915 97.489343583583832 100.61799259483814 601.9951383434236 315.7749347127974 1851.626748142764 1719.7412478327751 224.10756419599056 2109.9524728097022 19589.900271832943 343.90681457147002
leaf_count=3982 357785 4279 2732 5638 764 664 5799 2589 25471 27016 1866 38648 315353 3568
internal_value=3.93765e-06 -0.00113642 -0.0019263 -0.0239793 0.00519062 -0.00424346 0.00819364 0.00987176 0.00538301 -0.00108387 -4.03597e-05 -0.00921533 -0.00134059 -0.00543177
internal_weight=55262.8 28374.2 25225.1 928.057 3149.08 412.349 2866.89 2769.4 2453.62 24297.1 21533.7 2763.31 19814 2453.86
internal_count=796154 438369 399764 10581 38605 6302 34623 33859 31270 389183 344235 44948 317219 42216
is_linear=0
shrinkage=0.05


Tree=320
num_leaves=15
num_cat=0
split_feature=11 15 2 15 15 15 11 33 33 3 13 11 33 3
split_gain=30.1545 53.2616 67.0238 58.4699 77.6139 63.8471 71.887 52.6677 62.3577 50.5381 48.6055 118.064 67.5091 61.2234
threshold=0.86950000000000005 2.6667018695222073 0.054350000000000002 3.538891571506309 3.511764630913309 3.4795640780011685 0.92500000000000016 -203.17999999999998 -200.62999999999997 2739.5000000000005 0.21000000000000005 0.84250000000000014 -103.32999999999998 3499.0000000000005
decision_type=2 2 2 2 2 2 2 2 2 2 2 2 2 2
left_child=7 2 -2 4 5 -3 -7 -1 -9 -6 11 -10 -12 -13
right_child=1 3 -4 -5 9 6 -8 8 10 -11 12 13 -14 -15
leaf_value=0.020441090422024522 -0.042669768867515105 0.0017172351358048254 -0.0070067089496406157 -0.0085481375544913876 0.024957557450567776 -0.021688218007191049 -0.0018009410973288673 -0.019819872073782791 0.00025493984914298556 0.0045773297723706603 0.015581316753668195 0.013992843220651622 -0.011608097407082855 -0.0063750640092562734
leaf_weight=332.58263154700398 141.09994399175048 5890.9072480872273 1968.7587951663882 1970.7718786541373 489.71330107748508 689.24836460873485 1333.3036622144282 375.25578936003149 36603.131938839331 802.81365049630404 269.28712483868003 2394.1619459073991 1496.9893027786165 436.09728266857564
leaf_count=4402 1039 110753 45448 37407 6074 8326 24278 5545 470996 14648 4128 33612 21564 8086
internal_value=-3.20739e-05 -0.00210764 -0.00939364 -0.000732175 0.000941102 -0.000914364 -0.00857889 0.00062598 0.000467418 0.0123003 0.000652247 0.00101572 -0.00746214 0.0108544
internal_weight=55194.1 13286.6 2109.86 11176.8 9205.99 7913.46 2022.55 41907.5 41574.9 1292.53 41199.7 39433.4 1766.28 2830.26
internal_count=796306 247973 46487 201486 164079 143357 32604 548333 543931 20722 538386 512694 25692 41698
is_linear=0
shrinkage=0.05


Tree=321
num_leaves=15
num_cat=0
split_feature=15 15 15 1 34 2 3 2 2 15 2 23 0 23
split_gain=29.3877 79.3951 79.4758 95.3184 75.3785 77.9256 57.5175 54.1726 52.0149 143.199 98.0452 94.7612 94.5592 114.003
threshold=3.5717949193831546 3.538891571506309 3.53504376687845 0.27890000000000009 0.41650000000000004 0.94175000000000009 2846.5000000000005 0.053100000000000001 0.94395000000000018 3.5315340190116467 0.94335000000000013 0.00057450000000000003 0.74500000000000011 0.00039350000000000002
decision_type=2 2 2 2 2 2 2 2 2 2 2 2 2 2
left_child=1 2 8 -4 -3 6 -6 -2 9 10 -1 -11 -10 -14
right_child=7 4 3 -5 5 -7 -8 -9 12 11 -12 -13 13 -15
leaf_value=-0.00018819116384954121 -0.022976483556702933 -0.040954453377445049 0.030223061961323211 -0.0093283726764619001 0.012734768460750116 -0.021410717796025103 -0.0068360499641816896 0.0061273117531647214 0.0054545326728678498 0.002449539377621858 -0.028266584815531848 -0.033950547192492554 -0.036623906023291665 0.0011392739557889234
leaf_weight=39364.561667735688 168.62820686399937 169.70479393005371 456.99736761301756 228.41536270827055 523.84674455970526 650.37800465896726 1324.2948874179274 3053.127884503454 7202.7487061135471 268.96273862570524 313.2758549246937 533.19249377399683 304.68593431450427 580.49910013377666
leaf_count=549249 2148 1320 4999 4014 8782 8829 22031 53707 114573 4427 4053 5319 3675 9180
internal_value=-3.03518e-05 -0.000317883 0.000137204 0.017043 -0.00871811 -0.006527 -0.00128841 0.00460334 -0.000101414 -0.00083282 -0.000409954 -0.0217468 0.00355923 -0.0118617
internal_weight=55143.3 51921.6 49253.3 685.413 2668.22 2498.52 1848.14 3221.76 48567.9 40480 39677.8 802.155 8087.93 885.185
internal_count=796306 740451 699489 9013 40962 39642 30813 55855 690476 563048 553302 9746 127428 12855
is_linear=0
shrinkage=0.05


Tree=322
num_leaves=15
num_cat=0
split_feature=0 15 3 3 33 13 23 3 15 15 33 33 33 33
split_gain=29.9746 63.0436 93.5957 105.401 76.9331 75.1406 63.2339 58.9769 52.7937 104.282 192.626 97.9684 320.721 152.092
threshold=0.62500000000000011 2.6301797686105899 3444.0000000000005 3355.5000000000005 -166.84499999999997 0.0099999999999999829 0.00037750000000000007 3576.5000000000005 2.0613957098106064 2.4414009612931857 -32.999999999999993 -12.975 -8.0499999999999989 -14.034999999999998
decision_type=2 2 2 2 2 2 2 2 2 2 2 2 2 2
left_child=1 4 3 -3 6 -6 -1 8 -2 10 -10 13 -13 -11
right_child=7 2 -4 -5 5 -7 -8 -9 9 11 -12 12 -14 -15
leaf_value=0.0202757689275022 0.008951141419675946 -0.0051546399426575032 0.0091000200356672854 -0.025905812882544704 0.031887115120637431 -0.0078292849193380941 -0.023260599605153798 -0.020228157560212345 -0.018274868929001223 0.0012730690032941145 0.016869604682389735 -0.025197592192084763 0.00053997203022362547 0.017124437176666108
leaf_weight=804.7895439658314 1824.9396281987429 4553.8397744242102 951.10668600350618 706.83890342153609 133.56491756439209 1092.1202245503664 92.961463134735823 341.75245865806937 1715.5370740955696 32516.002734249458 504.46418904140592 1473.998157825321 6766.5382553953677 1587.0215331222862
leaf_count=11182 26323 71837 14742 8613 1243 19210 1217 5054 28106 455951 7698 14891 106463 23776
internal_value=-2.90925e-05 -0.00279123 -0.00533361 -0.00794326 0.00464601 -0.00349908 0.0157655 0.000463591 0.000616074 0.000274722 -0.0102884 0.000828551 -0.004064 0.00201078
internal_weight=55065.5 8335.22 6211.79 5260.68 2123.44 1225.69 897.751 46730.3 46388.5 44563.6 2220 42343.6 8240.54 34103
internal_count=796306 128044 95192 80450 32852 20453 12399 668262 663208 636885 35804 601081 121354 479727
is_linear=0
shrinkage=0.05


Tree=323
num_leaves=15
num_cat=0
split_feature=9 5 1 1 1 34 23 23 1 33 3 0 2 15
split_gain=30.4061 58.4024 56.5575 91.5596 90.2702 107.808 100.032 88.6413 80.4181 50.9642 54.9259 113.158 51.9663 121.979
threshold=0.69350000000000012 537.78500000000008 0.29385000000000006 0.29610000000000009 0.27415000000000006 0.29150000000000004 0.00027350000000000003 0.00038650000000000007 0.20050000000000004 -203.17999999999998 849.00000000000011 0.58450000000000013 0.066200000000000023 2.7707194825327863
decision_type=2 2 2 2 2 2 2 2 2 2 2 2 2 2
left_child=9 2 4 -4 6 -6 -2 -7 -8 -1 11 -11 13 -12
right_child=1 -3 3 -5 5 7 8 -9 -10 10 12 -13 -14 -15
leaf_value=0.025996987697830577 -0.0328944458873325 -0.0027581987584988908 -0.031701045076987358 -0.0010665017948403696 -0.018661397470903184 0.035569672460493147 0.011472427026860847 0.0098525026861289132 -0.0010821140038348848 0.035609257152343282 -0.0086298759217014447 -0.027402488692220991 0.0032807951364850966 0.0027484164129915022
leaf_weight=206.09719744324684 211.1291265739128 19130.821331996471 297.53482945263386 1351.1567761711776 222.49126970767975 509.1333589553833 1698.0495246052742 980.01866347528994 5125.2832928020507 87.22187428176403 3694.5531565193087 387.18957323022187 14532.795277690515 6498.0347732361406
leaf_count=2247 2041 332042 2463 19418 2424 5056 21246 13879 56993 795 51090 3349 194453 88810
internal_value=-2.78168e-05 -0.00111902 0.00189775 -0.00659662 0.00349905 0.0137965 0.000993293 0.0186469 0.00204232 0.00124033 0.00103776 -0.0158125 0.00136113 -0.00137597
internal_weight=54931.5 29525.6 10394.8 1648.69 8746.11 1711.64 7034.46 1489.15 6823.33 25405.9 25199.8 474.411 24725.4 10192.6
internal_count=796306 455562 123520 21881 101639 21359 80280 18935 78239 340744 338497 4144 334353 139900
is_linear=0
shrinkage=0.05


Tree=324
num_leaves=15
num_cat=0
split_feature=0 18 7 5 22 15 33 33 22 2 31 18 2 2
split_gain=29.984 49.4511 66.2298 33.1224 70.8609 76.9376 112.123 130.667 105.536 88.9913 70.6612 41.5128 104.544 68.212
threshold=0.78500000000000014 0.00076236927645554578 425.50000000000006 122.81500000000001 -0.004785499999999999 3.0162309067336159 -164.21499999999997 -114.74999999999999 0.0030925000000000002 0.060850000000000008 0.39450000000000007 0.00026790424884153696 0.92840000000000011 0.92920000000000014
decision_type=2 2 2 2 2 2 2 2 2 2 2 2 2 2
left_child=3 2 -2 4 -1 6 9 -8 10 -6 -7 12 -5 -14
right_child=1 -3 -4 11 5 8 7 -9 -10 -11 -12 -13 13 -15
leaf_value=-0.042564915225394878 -0.017081162627825046 -0.042190968907587813 0.060585180905221386 -0.0019419585869894088 0.035231108306318558 0.016658750136905584 -0.032119440090108663 -0.0014076985873210683 -0.038047892991366433 0.005129322826955756 -0.014387543285044789 -0.001103788373041543 0.040975880747623261 0.0077657657011950517
leaf_weight=83.16552372276783 112.16703066136688 111.0881867185235 36.232322110794485 4974.0175720928237 307.1466134339571 1955.773684984073 398.00696990638971 2663.2714349273592 102.93756415322423 1222.555232970044 202.14744099602103 39171.517721133307 161.87802921235561 3406.5206208247691
leaf_count=609 1699 875 397 76532 2575 18202 3527 26278 955 12653 2411 598666 1209 49718
internal_value=-2.63026e-05 -0.0169792 0.00190943 5.42252e-05 0.00328299 0.00384009 0.00012194 -0.00540155 0.0113899 0.0111753 0.0137499 -0.000415066 0.00274307 0.00927343
internal_weight=54908.4 259.488 148.399 54648.9 6935 6851.84 4590.98 3061.28 2260.86 1529.7 2157.92 47713.9 8542.42 3568.4
internal_count=796306 2971 2096 793335 67210 66601 45033 29805 21568 15228 20613 726125 127459 50927
is_linear=0
shrinkage=0.05


Tree=325
num_leaves=15
num_cat=0
split_feature=1 2 1 15 1 2 27 3 1 23 1 1 2 33
split_gain=28.1359 97.5081 90.4814 84.485 90.5273 128.086 59.5238 56.8322 54.5907 86.8686 68.5777 143.876 217.89 90.9572
threshold=0.30820000000000003 0.058950000000000009 0.30695000000000006 2.6301797686105899 0.35400000000000004 0.93180000000000007 -0.00062749999999999991 1625.0000000000002 0.30345000000000005 0.00053750000000000011 0.29555000000000003 0.29505000000000009 0.94510000000000016 -12.975
decision_type=2 2 2 2 2 2 2 2 2 2 2 2 2 2
left_child=2 -2 8 -3 6 7 -5 -6 10 -10 11 13 -13 -1
right_child=1 3 -4 4 5 -7 -8 -9 9 -11 -12 12 -14 -15
leaf_value=0.0017188311008506292 0.0049169579766726685 0.0030064853382896898 0.017056772126503982 -0.022483174673450124 0.029776298801395581 0.014910448870258273 -0.0084389712931732027 -0.016177072112208882 -0.027478524428213014 0.0032042043791508075 0.0089090720570682153 -0.034601262889569488 0.017859823703363014 -0.0040322007024719249
leaf_weight=31283.909109860659 3083.8912972863764 1929.9182078465819 811.60415017604828 1329.8716457542032 72.878828164190054 772.40042464248836 1743.9854271765798 863.06892089918256 451.94375297054648 471.04101810604334 2279.0018405932933 673.71040711551905 280.17320542037487 8811.6330483518541
leaf_count=439584 53026 30471 12159 17590 772 12301 29218 13061 5219 8203 36437 6244 4065 127597
internal_value=-1.378e-05 -0.0024424 0.000514169 -0.00582369 -0.0093872 -0.000159313 -0.0145156 -0.0125961 0.000210727 -0.0118211 0.000467057 -1.65189e-06 -0.0191922 0.000454943
internal_weight=54859 9796.01 45063 6712.12 4782.21 1708.35 3073.86 935.948 44251.4 922.985 43328.4 41049.4 953.884 40095.5
internal_count=795947 156439 639508 103413 72942 26134 46808 13833 627349 13422 613927 577490 10309 567181
is_linear=0
shrinkage=0.05


Tree=326
num_leaves=15
num_cat=0
split_feature=12 3 33 23 1 13 1 3 34 15 1 1 0 0
split_gain=27.5526 35.7584 124.462 129.304 133.855 292.008 222.382 90.854 157.576 94.2596 158.754 132.618 198.858 150.693
threshold=0.3050000000000001 2846.5000000000005 -1.5699999999999998 0.00026350000000000006 0.26975000000000005 0.16999999999999998 0.26745000000000008 2949.5000000000005 0.83350000000000013 2.7028954204178484 0.29505000000000009 0.28470000000000001 0.67500000000000016 0.67500000000000016
decision_type=2 2 2 2 2 2 2 2 2 2 2 2 2 2
left_child=1 2 3 -1 6 -6 -5 8 -3 10 -9 13 -13 -11
right_child=-2 7 -4 4 5 -7 -8 9 -10 11 -12 12 -14 -15
leaf_value=-0.015366404813549084 0.0044074394048860769 -0.0053861403752254976 -0.01528087981658225 0.00053446197674535351 0.018444095048706807 -0.00055446278808819738 -0.048071857019863259 -0.013521422055234501 -0.040636544227040196 0.012031563432893813 0.005331572387243716 -0.0017152410820222366 -0.036657005996940321 -0.00036609429857616344
leaf_weight=1039.1360698854551 3310.9389522485435 2145.8624228555709 1107.8871242534369 13750.833037171513 3590.0762463025749 4631.8833335544914 239.31499882042408 3151.0194184845313 371.89895421266556 4295.5225003473461 1729.3947065807879 9235.0475963223726 425.86952440440655 5708.0090372208506
leaf_count=12848 55972 37039 17182 175609 41488 74408 1555 47903 3311 60357 26833 149240 3736 88466
internal_value=-1.35465e-05 -0.000298213 0.00109154 0.00187173 0.00267824 0.00774128 -0.000297334 -0.00154914 -0.0105944 -0.000621252 -0.00684081 0.000922374 -0.0032559 0.00495753
internal_weight=54732.7 51421.8 24359.1 23251.2 22212.1 8221.96 13990.1 27062.6 2517.76 24544.9 4880.41 19664.4 9660.92 10003.5
internal_count=795947 739975 323090 305908 293060 115896 177164 416885 40350 376535 74736 301799 152976 148823
is_linear=0
shrinkage=0.05


Tree=327
num_leaves=15
num_cat=0
split_feature=1 2 1 2 3 3 2 1 15 3 2 1 2 2
split_gain=26.2497 93.8602 114.146 90.4927 62.5734 85.2995 72.5774 60.2826 175.653 212.63 208.6 209.086 125.729 195.017
threshold=0.30950000000000005 0.058950000000000009 0.32445000000000007 0.063950000000000021 3073.0000000000005 2203.0000000000005 0.93795000000000017 0.27105000000000007 2.7707194825327863 2604.0000000000005 0.052150000000000009 0.27870000000000006 0.053500000000000006 0.055550000000000009
decision_type=2 2 2 2 2 2 2 2 2 2 2 2 2 2
left_child=7 -2 -3 -4 5 -5 -6 12 -9 -10 -11 -12 -1 -14
right_child=1 2 3 4 6 -7 -8 8 9 10 11 -13 13 -15
leaf_value=-0.011424284537742175 0.0047043979218021016 -0.022213034005011362 -0.016931658938453335 0.010304872349979052 0.015046223421749168 -0.012582867735853901 -0.0028928878052602094 -0.0052339469073636093 0.018331770464521592 0.024693996218632847 0.018734212039116346 -0.0025303068375854745 0.025470464734451304 -0.00069969507586215083
leaf_weight=2625.9863335937262 3077.2142307050526 921.5148739349097 971.22197502665222 559.23638965003192 1082.5328869484365 1495.4834166504443 1176.49020627141 5093.1055215727538 2659.4458090532571 967.8538738694042 1338.1776381060481 8486.7116643618792 734.06041980162263 23443.064372105524
leaf_count=35734 53026 12427 14649 8744 17096 23149 19226 73714 34486 12116 18492 131691 9481 331916
internal_value=-1.3148e-05 -0.00243544 -0.00597543 -0.00314379 -3.91867e-05 -0.00635328 0.00570389 0.000482746 0.00267434 0.00566849 0.00254798 0.000366142 -0.00103364 9.49795e-05
internal_weight=54632.1 9283.69 6206.48 5284.96 4313.74 2054.72 2259.02 45348.4 18545.3 13452.2 10792.7 9824.89 26803.1 24177.1
internal_count=795947 148317 95291 82864 68215 31893 36322 647630 270499 196785 162299 150183 377131 341397
is_linear=0
shrinkage=0.05


Tree=328
num_leaves=15
num_cat=0
split_feature=9 33 33 31 33 33 15 2 3 31 27 23 33 33
split_gain=28.8327 39.5783 50.5745 42.1149 35.3304 195.105 86.6794 89.0081 71.0281 38.9825 34.1649 26.9616 35.0782 36.3329
threshold=0.86150000000000004 -203.17999999999998 -200.62999999999997 0.34450000000000008 -180.59999999999997 -178.96499999999995 2.3502401828962087 0.062250000000000007 462.00000000000006 0.40500000000000008 -0.00048449999999999996 0.0014155000000000003 -3.9549999999999996 -24.094999999999995
decision_type=2 2 2 2 2 2 2 2 2 2 2 2 2 2
left_child=1 -1 3 -3 6 9 10 -8 -7 -6 -4 12 13 -2
right_child=11 2 4 -5 5 8 7 -9 -10 -11 -12 -13 -14 -15
leaf_value=0.01760049851701161 -0.0049748971495701538 -0.038683546910187439 -0.025367986106706243 -0.0040258029482341424 -0.028220552565935666 -0.023364033253785423 0.022294218070087295 0.0034873835107920451 0.00076612569991763295 -0.0070799160377914595 0.00042869407629895378 0.0080098768521324522 -0.015307862940991108 0.0028899923758544336
leaf_weight=334.49800533242524 4783.2111025135964 148.72620729357004 299.18503433465958 213.32297572307289 697.62874094769359 307.20389838702977 792.98050683364272 3043.4856213610619 40068.6004456589 317.30947970226407 224.71485164761543 540.02011399902403 585.36274459585547 2118.8471145927906
leaf_count=4695 97645 1349 3545 4211 7388 2566 10462 48137 546222 5849 4571 9769 11024 38514
internal_value=-1.20459e-05 0.000466167 0.00034184 -0.0182696 0.00048916 3.81794e-05 0.00476999 0.00737515 0.000582471 -0.0216125 -0.0143051 -0.00277901 -0.00355724 -0.00256047
internal_weight=54475.1 46447.7 46113.2 362.049 45751.1 41390.7 4360.37 3836.47 40375.8 1014.94 523.9 8027.44 7487.42 6902.06
internal_count=795947 638995 634300 5560 628740 562025 66715 58599 548788 13237 8116 156952 147183 136159
is_linear=0
shrinkage=0.05


Tree=329
num_leaves=15
num_cat=0
split_feature=31 11 11 33 2 2 7 0 1 3 1 0 2 33
split_gain=27.5573 45.2876 64.2598 75.4082 57.4944 241.222 107.822 106.906 101.424 46.9108 67.0819 67.8813 50.5255 43.6671
threshold=0.26300000000000007 0.83100000000000007 0.82850000000000013 -124.50999999999998 0.88595000000000013 0.91865000000000008 1044.5000000000002 0.68500000000000016 0.25780000000000008 1220.0000000000002 0.21960000000000005 0.69500000000000006 0.94885000000000008 -3.9549999999999996
decision_type=2 2 2 2 2 2 2 2 2 2 2 2 2 2
left_child=13 2 4 -4 6 -6 -2 -8 -7 -3 -11 12 -12 -1
right_child=1 9 3 -5 5 8 7 -9 -10 10 11 -13 -14 -15
leaf_value=-0.00059288361897135301 -0.015547626120533401 -0.024363070937085229 0.011731465360544807 -0.019732932726255734 0.038911115262873212 -0.0047570639009382075 -0.002271225512403051 0.0095586204330371412 0.0053568700757499936 0.027532900177118538 0.011442959281715362 -0.0093437360829536336 -0.011064934321139277 -0.0080274277449478779
leaf_weight=22618.984839678742 1226.5213249269873 120.38583506643772 252.66066891700029 772.24892871826887 458.93117513135076 3754.5983790382743 9961.7191682439297 2362.6429129093885 7294.5674678590149 368.52569838240743 2138.8504346143454 653.09880934283137 282.15272868424654 2163.9495421685278
leaf_count=359617 17584 1384 4348 9597 3548 48432 131797 29463 100799 4268 31961 10819 4555 37775
internal_value=-1.15677e-05 0.00101705 0.000294785 -0.0119759 0.000796703 0.00339555 -0.00141038 -3.3247e-06 0.00192006 0.00630444 0.00737753 0.00496047 0.00881946 -0.00124207
internal_weight=54429.8 29646.9 26083.9 1024.91 25059 11508.1 13550.9 12324.4 11049.2 3563.01 3442.63 3074.1 2421 24782.9
internal_count=795947 398555 345568 13945 331623 152779 178844 161260 149231 52987 51603 47335 36516 397392
is_linear=0
shrinkage=0.05


Tree=330
num_leaves=15
num_cat=0
split_feature=0 1 15 15 2 34 1 3 33 19 23 3 1 34
split_gain=28.312 66.2269 72.1989 72.0257 63.2651 98.8438 111.635 56.8813 57.5656 56.4855 52.9578 51.6991 62.3578 171.069
threshold=0.62500000000000011 0.35400000000000004 2.7028954204178484 3.6252960762084516 0.071300000000000016 0.41650000000000004 0.36130000000000007 1347.0000000000002 -184.69499999999996 0.00071565374063561112 0.00055850000000000008 3576.5000000000005 0.27105000000000007 0.41650000000000004
decision_type=2 2 2 2 2 2 2 2 2 2 2 2 2 2
left_child=1 2 9 7 -3 -6 -7 -4 -9 -1 -5 12 -2 -14
right_child=11 4 3 10 5 6 -8 8 -10 -11 -12 -13 13 -15
leaf_value=0.019188892871390955 -0.00093535215658530264 0.012019430271242937 -0.045799441857938571 0.049013634064261902 0.024210470718895889 0.010067546570360806 -0.016153220233454984 0.0089932321556032545 -0.012768119004637354 -0.0052362473850185885 0.0020276398931242312 -0.019027393754932589 -0.010332984162300322 0.0044961749206713919
leaf_weight=436.58350886777043 26727.861643678509 1185.5020269937813 118.66412455402315 71.501874953508377 297.57601835206151 626.5332598797977 1152.4764896444976 337.6094433516264 3037.8732584957033 516.79716336168349 369.20907522551715 336.96825957670808 2195.8976719230413 17002.548401469365
leaf_count=5603 376973 18666 896 455 3785 10951 17316 6128 46244 10217 7615 5116 27456 258654
internal_value=4.22303e-06 -0.00271302 -0.00639487 -0.00938591 0.00280425 -0.00245694 -0.00691872 -0.0117884 -0.0105914 0.00594965 0.00966014 0.000482932 0.000626124 0.00279999
internal_weight=54413.6 8150.33 4888.24 3934.86 3262.09 2076.59 1779.01 3494.15 3375.48 953.381 440.711 46263.3 45926.3 19198.4
internal_count=796075 127876 77158 61338 50718 32052 28267 53268 52372 15820 8070 668199 663083 286110
is_linear=0
shrinkage=0.05


Tree=331
num_leaves=15
num_cat=0
split_feature=11 15 15 15 15 23 12 33 5 33 33 3 15 33
split_gain=28.7052 43.3176 49.39 81.4798 48.7661 71.2778 48.2037 46.5607 44.4398 40.9283 208.467 289.715 195.694 155.31
threshold=0.86950000000000005 2.6667018695222073 3.53504376687845 3.511764630913309 3.4795640780011685 0.00064550000000000013 0.13999999999999996 -16.054999999999996 2180.1950000000002 -22.254999999999995 -15.009999999999998 2511.5000000000005 3.3545232083774947 -24.214999999999996
decision_type=2 2 2 2 2 2 2 2 2 2 2 2 2 2
left_child=9 7 3 4 -3 -6 -5 8 -2 13 11 12 -11 -1
right_child=1 2 -4 6 5 -7 -8 -9 -10 10 -12 -13 -14 -15
leaf_value=0.0010187830982878881 -0.010221070878807614 0.0013933907701950037 -0.0076238528887336045 0.008090562791256856 -0.015646759415825186 0.0033895967044077404 0.033502274863485761 0.0039452615350900385 -0.03876371080493534 0.042096310634632428 0.0013250789470223628 -0.027928156013008399 -0.013282205019903954 0.02264393324339109
leaf_weight=28633.959527119063 1416.3390478640795 5838.9281326532364 2125.549985896796 849.97939100861549 1166.8069588746876 849.80374271422625 239.05630576238036 549.35770686715841 150.82505407556891 295.28156735002995 9498.6837159581482 1504.351372981444 346.77415000647306 854.9651089347899
leaf_count=380835 34003 110590 40366 15432 16550 16201 2352 10764 1633 2292 133338 17750 3646 10323
internal_value=3.93734e-06 -0.00202608 -0.00077299 0.000855086 -0.000921813 -0.00762503 0.0136713 -0.0085798 -0.0129703 0.000654718 -0.00185507 -0.0159279 0.012189 0.00164583
internal_weight=54320.7 13186.6 11070.1 8944.57 7855.54 2016.61 1089.04 2116.52 1567.16 41134 11645.1 2146.41 642.056 29488.9
internal_count=796075 247891 201491 161125 143341 32751 17784 46400 35636 548184 157026 23688 5938 391158
is_linear=0
shrinkage=0.05


Tree=332
num_leaves=15
num_cat=0
split_feature=1 1 2 33 33 33 3 5 23 3 3 3 34 1
split_gain=27.4255 81.8713 78.3331 71.6409 76.5717 74.0233 52.5374 50.2249 46.6218 124.818 51.0554 128.085 106.379 72.5717
threshold=0.30820000000000003 0.30695000000000006 0.058950000000000009 -184.41999999999999 -174.09999999999997 -173.08999999999997 3274.5000000000005 208.97500000000002 0.00025950000000000002 2748.0000000000005 549.00000000000011 1318.5000000000002 0.83350000000000013 0.25905000000000006
decision_type=2 2 2 2 2 2 2 2 2 2 2 2 2 2
left_child=1 8 7 -4 -5 -6 -7 -2 9 -1 -10 12 -12 -13
right_child=2 -3 3 4 5 6 -8 -9 10 -11 11 13 -14 -15
leaf_value=-0.026214047858350464 0.019341752077461947 0.016393752111768412 -0.020590363510086154 0.0082940708096973757 -0.027777580861139312 -0.0079956994599152554 0.004198298297893424 0.0014811930017847067 -0.01314312725293426 0.0062816982115242066 0.0083967973192871481 -0.0020629356288571557 0.041563506177697412 0.002180324562922636
leaf_weight=576.3452529553324 464.11196851357818 798.20117102563381 702.08585636690259 1085.8256640695035 373.7044395878911 3172.4646935183555 1224.0748163238168 2588.2501833997667 674.01909764669836 606.26596114225686 1221.994575407356 18968.323672855273 301.31933686509728 21495.133669715375
leaf_count=6872 5601 12142 9716 17447 4232 51165 20998 47596 5975 9576 14544 269052 2610 318549
internal_value=3.70551e-06 0.000525312 -0.00241918 -0.00549877 -0.00368911 -0.0064169 -0.00460066 0.00419744 0.000236379 -0.00955597 0.000507857 0.000727029 0.0149596 0.000191183
internal_weight=54252.1 44641.6 9610.52 6558.16 5856.07 4770.24 4396.54 3052.36 43843.4 1182.61 42660.8 41986.8 1523.31 40463.5
internal_count=796075 639320 156755 103558 93842 76395 72163 53197 627178 16448 610730 604755 17154 587601
is_linear=0
shrinkage=0.05


Tree=333
num_leaves=15
num_cat=0
split_feature=31 5 1 1 33 33 15 23 34 0 7 2 2 11
split_gain=26.673 48.9531 53.9741 183.284 103.889 150.896 83.1919 91.4618 66.463 62.0788 107.666 90.0334 54.8472 46.8343
threshold=0.28500000000000009 545.33500000000015 0.20050000000000004 0.21260000000000004 -33.329999999999991 -24.894999999999996 2.5374509047468101 0.00036050000000000009 0.83350000000000013 0.65500000000000014 3247.5000000000005 0.91110000000000013 0.94990000000000008 0.83100000000000007
decision_type=2 2 2 2 2 2 2 2 2 2 2 2 2 2
left_child=1 2 6 4 -4 -6 -1 12 -9 11 -11 -5 -8 -2
right_child=13 -3 3 9 5 -7 7 8 -10 10 -12 -13 -14 -15
leaf_value=-0.02740803423111355 0.00038595320963882818 -0.0025870384985459006 -0.046016697984821019 -0.014336815420470495 0.026311604893752505 -0.035828960371307637 0.014240856887992074 0.011933291804821833 0.037799910341906585 0.0065855104058245122 -0.030414295819205059 0.0085359982579831014 -0.033115051164877958 0.0070045292318206796
leaf_weight=137.02839069720358 23254.134839144535 18324.877174591646 308.52565772645175 1116.0621278900653 180.76417722180486 212.35310950875282 101.80661052465439 966.22141863405704 334.22469525225461 5157.6966947130859 204.31000315956771 700.00406926684082 152.80936868861318 3019.871439980343
leaf_count=1697 312856 322218 2136 13856 2238 1896 1512 13205 3099 61392 2098 10973 1819 45080
internal_value=3.46482e-06 -0.00107327 0.00182478 8.48412e-05 -0.0243039 -0.0072559 0.00992681 0.0132182 0.0185836 0.0024691 0.00517516 -0.00552049 -0.0141819 0.0011467
internal_weight=54170.7 27896.7 9571.81 7879.72 701.643 393.117 1692.09 1555.06 1300.45 7178.07 5362.01 1816.07 254.616 26274
internal_count=796075 438139 115921 94589 6270 4134 21332 19635 16304 88319 63490 24829 3331 357936
is_linear=0
shrinkage=0.05


Tree=334
num_leaves=15
num_cat=0
split_feature=11 33 33 33 33 15 33 2 15 2 15 15 2 15
split_gain=25.2494 39.1588 48.5708 44.4034 173.617 88.2625 68.1394 66.331 38.825 58.4653 45.8613 71.8083 49.6351 43.9049
threshold=0.86950000000000005 -203.17999999999998 -200.62999999999997 -180.59999999999997 -178.96499999999995 2.3502401828962087 -174.09999999999997 0.062250000000000007 2.6826018834518894 0.054350000000000002 3.53504376687845 3.5207687006297159 0.055150000000000012 2.9478110040628267
decision_type=2 2 2 2 2 2 2 2 2 2 2 2 2 2
left_child=1 -1 -3 5 -5 -4 -6 -7 9 -2 11 12 -10 -14
right_child=8 2 3 4 6 7 -8 -9 10 -11 -12 -13 13 -15
leaf_value=0.018233135978552376 -0.040327505715601758 -0.017846413365818822 -0.013712029455871418 -0.020586536681896094 0.015435099909075085 0.021434420552771317 0.00034284349072338886 0.0048180980123861926 0.009396493266929408 -0.0058732106752464597 -0.0072469682985264756 0.014444424737738625 0.0018605947901648352 -0.0061581473672899963
leaf_weight=312.90234373509884 130.58995205909014 358.25857577286661 513.80370360333472 987.4154262598604 764.33029658347368 770.31874430179596 34535.295662993565 2725.2173161394894 1076.4470101315528 2128.9717993289232 2130.5745506677777 883.90482917800546 3408.6703635472804 3419.2821589522064
leaf_count=4385 1028 5521 8070 13188 11820 10354 454036 40810 18969 48416 40366 14186 69347 55579
internal_value=3.19882e-06 0.000615584 0.000479944 0.00064292 9.12106e-05 0.00563611 0.000669674 0.00848038 -0.0019005 -0.00786617 -0.000665899 0.000929633 -0.000581814 -0.00215504
internal_weight=54146 40967.5 40654.6 40296.4 36287 4009.34 35299.6 3495.54 13178.4 2259.56 10918.9 8788.3 7904.4 6827.95
internal_count=796075 548184 543799 538278 479044 59234 465856 51164 247891 49444 198447 158081 143895 124926
is_linear=0
shrinkage=0.05


Tree=335
num_leaves=15
num_cat=0
split_feature=3 3 3 34 3 23 0 2 26 2 11 33 33 2
split_gain=25.8199 299.996 168.237 199.194 123.341 109.842 113.263 85.1786 146.091 114.142 83.1446 110.476 188.284 105.551
threshold=2608.5000000000005 2624.0000000000005 2525.5000000000005 0.83350000000000013 2511.5000000000005 0.00023450000000000004 0.83600000000000008 0.93705000000000016 0.00086050000000000005 0.92555000000000009 0.87450000000000017 -47.529999999999994 -56.454999999999991 0.057700000000000008
decision_type=2 2 2 2 2 2 2 2 2 2 2 2 2 2
left_child=2 -2 3 4 7 -5 -7 9 -9 -1 11 12 13 -4
right_child=1 -3 10 5 -6 6 -8 8 -10 -11 -12 -13 -14 -15
leaf_value=-0.0002655945991641402 -0.032227143151282313 -0.00010942446168066968 -0.038810606535615098 -0.025857978118788112 -0.031361293107927214 0.037567238127454931 -0.0095090799211377443 0.018429208374922987 -0.0054039274026751877 -0.011728338438638131 -0.0011245131525090448 0.030301442580183403 -0.061796142969833115 0.017712701024995
leaf_weight=8974.6421649865806 742.5546255633235 34608.727954714559 89.758425086736679 105.64536073710769 348.1246729567647 651.02162820100784 158.9168402440846 1339.8723592460155 1236.086428636685 2864.9470415264368 821.01867085136473 951.72887686081231 90.538122296333313 1022.3509869109839
leaf_count=120576 7622 538740 751 1301 3525 6232 1682 17251 20056 34915 16326 11047 429 15189
internal_value=1.00294e-05 -0.000784147 0.00151502 -0.000553461 -0.00195697 0.0220757 0.0283304 -0.00124667 0.006993 -0.00303943 0.0124148 0.0175744 0.00750101 0.0131476
internal_weight=54005.9 35351.3 18654.7 15679.3 14763.7 915.584 809.938 14415.5 2575.96 11839.6 2975.4 2154.38 1202.65 1112.11
internal_count=795642 546362 249280 205538 196323 9215 7914 192798 37307 155491 43742 27416 16369 15940
is_linear=0
shrinkage=0.05


Tree=336
num_leaves=15
num_cat=0
split_feature=1 2 1 33 33 33 11 3 3 15 34 33 15 33
split_gain=25.6539 70.4824 69.7719 64.5602 70.4441 69.5081 48.0338 47.8629 46.1672 51.3485 83.2846 124.787 71.4417 172.715
threshold=0.30820000000000003 0.058950000000000009 0.30695000000000006 -184.41999999999999 -174.09999999999997 -173.08999999999997 0.64950000000000008 3274.5000000000005 3576.5000000000005 2.0613957098106064 0.41650000000000004 -7.339999999999999 2.4414009612931857 -26.659999999999997
decision_type=2 2 2 2 2 2 2 2 2 2 2 2 2 2
left_child=2 6 8 -3 -5 -6 -2 -7 9 10 11 -1 13 -11
right_child=1 3 -4 4 5 7 -8 -9 -10 12 -12 -13 -14 -15
leaf_value=0.034924795981507231 0.029854109760473549 -0.019670966409026453 0.015380944067123259 0.0080195090217738008 -0.02700186457379224 -0.007666435371804183 0.0024234948404638652 0.0039758605998443629 -0.018378961781877479 -0.015053204744551713 0.013109105775972022 -0.039962710229725584 0.00052337584669278226 0.022794036016880334
leaf_weight=79.665391139686108 168.89490464702249 695.2895003836602 775.4836681522429 1072.8339260555804 369.0489608310163 3155.7712161038071 2869.4737999327481 1225.5829038210213 329.91290742903948 1817.7647178992629 1537.5379541739821 183.78331550210714 39274.524841923267 361.26904617995024
leaf_count=719 1750 9743 12070 17395 4271 51039 51340 21029 5074 31043 24101 1441 559883 4744
internal_value=9.68541e-06 -0.00234005 0.000515916 -0.00527158 -0.00355199 -0.00616542 0.00394922 -0.00440975 0.000251393 0.000393533 0.00865831 -0.0173125 3.44423e-05 -0.00877763
internal_weight=53916.8 9556.9 44359.9 6518.53 5823.24 4750.4 3038.37 4381.35 43584.5 43254.5 1800.99 263.449 41453.6 2179.03
internal_count=795642 156567 639075 103477 93734 76339 53090 72068 627005 621931 26261 2160 595670 35787
is_linear=0
shrinkage=0.05


Tree=337
num_leaves=15
num_cat=0
split_feature=12 5 3 3 33 15 1 1 33 15 15 33 0 3
split_gain=25.772 37.5471 45.5236 133.707 134.828 53.165 148.073 85.3111 38.9158 74.8182 87.8198 72.9162 71.5688 69.8751
threshold=0.24000000000000005 918.6450000000001 3512.5000000000005 3490.5000000000005 -174.09999999999997 2.6301797686105899 0.19980000000000003 0.19830000000000003 -60.699999999999996 3.4949291323639406 3.4962347597865295 -8.8899999999999988 0.60500000000000009 3576.5000000000005
decision_type=2 2 2 2 2 2 2 2 2 2 2 2 2 2
left_child=1 2 3 5 -5 6 -1 -7 -3 12 -11 -12 -10 -14
right_child=-2 8 -4 4 -6 7 -8 -9 9 10 11 -13 13 -15
leaf_value=-0.027513419615758695 0.0032005012579988754 -0.0050340980303930014 0.010516481037177587 0.023830522954155216 -0.033626946577889692 0.010799047926075776 0.0086395382917285428 -0.00087187104472461786 -0.021113218310603383 -0.036308357895003772 0.0014080329369494738 -0.013447183534630628 0.0047268252634075254 -0.032947182181838917
leaf_weight=305.2900870712474 5660.7336037615314 7180.5211990624666 1136.7893789000809 127.26176208257675 515.03547437116504 1681.3754114899784 3902.4084273651242 22760.090395905077 296.74917381629348 223.07183405384421 2278.0517490804195 1295.8777194265276 6336.4690158832818 125.41668595373631
leaf_count=3760 90493 125558 18460 1650 5082 26065 53532 286669 5736 2054 42835 23186 109148 1414
internal_value=9.15321e-06 -0.00036593 0.000699896 0.000318883 -0.0222407 0.000824731 0.00601586 -6.89652e-05 -0.00219446 -0.000262753 -0.00587884 -0.00397857 0.0028924 0.00399512
internal_weight=53825.1 48164.4 30428.3 29291.5 642.297 28649.2 4207.7 24441.5 17736.2 10555.6 3797 3573.93 6758.63 6461.89
internal_count=795642 705149 395218 376758 6732 370026 57292 312734 309931 184373 68075 66021 116298 110562
is_linear=0
shrinkage=0.05


Tree=338
num_leaves=15
num_cat=0
split_feature=31 26 0 33 33 11 1 1 13 1 2 33 33 2
split_gain=23.8194 41.7533 91.2246 51.6907 73.9003 39.6382 64.1623 125.277 110.563 110.544 68.3372 60.4035 38.1538 76.913
threshold=0.26300000000000007 0.0030685000000000005 0.69500000000000006 -8.8899999999999988 -47.529999999999994 0.83100000000000007 0.21260000000000004 0.19980000000000003 0.022000000000000023 0.21860000000000004 0.94940000000000013 -63.79999999999999 -3.9549999999999996 0.94585000000000008
decision_type=2 2 2 2 2 2 2 2 2 2 2 2 2 2
left_child=12 5 3 4 -3 6 7 11 -9 -8 -11 -2 -1 -14
right_child=1 2 -4 -5 -6 -7 9 8 -10 10 -12 -13 13 -15
leaf_value=-0.00052827474765470195 0.017473765905135979 -0.01372943706775929 -0.044556569125617888 -0.020673478738480303 0.022829098123348792 0.0063687596439556543 0.041226154869830688 0.012990028384295192 -0.026732421477788062 0.00054060815330882531 0.014178004033311521 -0.0058851670816782312 -0.0027031937644293766 -0.026135276175548224
leaf_weight=22419.057764307596 495.4784446246922 254.95198461040854 153.53833547607064 266.92042543366551 301.71390974521637 3423.8628199920058 173.09480521082878 216.51039277389646 916.33883598260581 21400.853936511092 959.71681676805019 626.69910222664475 1711.230564000085 440.22011953964829
leaf_count=359838 7292 3533 1114 3248 3970 51566 1311 1671 11061 288800 13932 10597 32334 5375
internal_value=8.47241e-06 0.00097407 -0.00918665 -0.00258815 0.0060859 0.00132601 0.000629475 -0.00741158 -0.0191402 0.0014342 0.00112599 0.00442921 -0.00113865 -0.00749875
internal_weight=53760.2 29189.7 977.125 823.586 556.666 28212.6 24788.7 2255.03 1132.85 22533.7 22360.6 1122.18 24570.5 2151.45
internal_count=795642 398095 11865 10751 7503 386230 334664 30621 12732 304043 302732 17889 397547 37709
is_linear=0
shrinkage=0.05


Tree=339
num_leaves=15
num_cat=0
split_feature=1 2 1 1 33 33 10 33 1 23 1 1 2 0
split_gain=23.9189 64.6358 64.4356 61.1701 123.745 45.1123 59.6103 72.2115 44.8973 73.3867 53.5487 124.833 183.708 87.0578
threshold=0.30820000000000003 0.058950000000000009 0.30695000000000006 0.32845000000000008 -29.895 -164.21499999999997 0.069999999999999993 -3.9549999999999996 0.30345000000000005 0.00053750000000000011 0.29555000000000003 0.29505000000000009 0.94510000000000016 0.69500000000000006
decision_type=2 2 2 2 2 2 2 2 2 2 2 2 2 2
left_child=2 5 8 4 -3 -2 7 -7 10 -10 11 -1 -13 -12
right_child=1 3 -4 -5 -6 6 -8 -9 9 -11 13 12 -14 -15
leaf_value=0.00048212296281569206 0.012018256846458844 -0.024940576457761543 0.014866413914115906 -0.0020332231834848838 0.001089624242906024 -0.00020794512860760345 -0.011933245825235944 0.029689643775170683 -0.025715505829446574 0.0029531441932380705 0.009656747430899934 -0.032910635431872316 0.016189329888421342 -0.051320476382845863
leaf_weight=39397.577413694933 1070.1437628045678 979.91871947050095 766.57952705025673 4652.5876312293112 854.80866320058703 965.67791791446507 740.71060991100967 255.27294488623738 430.23197494074702 463.78363224677742 2172.5489404276013 638.01435947418213 271.5126815661788 60.057036340236664
leaf_count=566829 17944 12207 12070 75737 15533 17022 15253 2871 5227 8187 36097 6222 4100 343
internal_value=7.7916e-06 -0.00226566 0.000497415 -0.00508225 -0.0128136 0.0037611 -0.000743807 0.00604488 0.000243777 -0.0108446 0.000476834 5.93195e-05 -0.0182531 0.00801424
internal_weight=53719.4 9519.12 44200.3 6487.32 1834.73 3031.81 1961.66 1220.95 43433.7 894.016 42539.7 40307.1 909.527 2232.61
internal_count=795642 156567 639075 103477 27740 53090 35146 19893 627005 13414 613591 577151 10322 36440
is_linear=0
shrinkage=0.05


Tree=340
num_leaves=15
num_cat=0
split_feature=12 3 33 3 2 2 11 15 3 1 2 0 2 1
split_gain=23.4497 31.9108 104.512 92.8309 92.177 233.662 150.173 80.3398 215.923 176.721 225.252 176.852 154.111 150.793
threshold=0.3050000000000001 2846.5000000000005 -1.5699999999999998 2836.5000000000005 0.93665000000000009 0.93535000000000013 0.83600000000000008 2.7707194825327863 3093.0000000000005 0.28470000000000001 0.053800000000000008 0.67500000000000016 0.93870000000000009 0.25745000000000001
decision_type=2 2 2 2 2 2 2 2 2 2 2 2 2 2
left_child=1 2 3 4 5 -1 -6 8 13 10 -9 -11 -12 -3
right_child=-2 7 -4 -5 6 -7 -8 9 -10 11 12 -13 -14 -15
leaf_value=0.00099795904801201611 0.0041019937473730289 -0.029885635989748395 -0.014131147081841312 0.026005509137951882 0.016838283182023069 -0.025823548226918881 -0.001115342275501679 -0.022811918853698966 -0.0014574099604361187 -0.0023392184128733767 0.01738483312133535 -0.035675025567791389 0.0020158444360771086 0.0011244846325798627
leaf_weight=16863.695948549546 3255.9634650014341 1289.2276546917856 1081.908782446757 388.38439854234457 2265.3314961511642 852.98682332783937 2397.1984695754945 597.0082401111722 7755.2647659704089 9415.4772911928594 3088.4953407384455 415.3122064769268 3456.5992658659816 563.28654083237052
leaf_count=218818 55848 14592 17109 4759 28853 9739 44027 7756 126405 157512 41622 3757 53887 11393
internal_value=-1.05047e-05 -0.000276031 0.00105178 0.00177333 0.00135267 -0.000293527 0.00760776 -0.00146741 -0.00512096 0.000600764 0.00658644 -0.00374787 0.00926831 -0.020457
internal_weight=53686.1 50430.2 23849.5 22767.6 22379.2 17716.7 4662.53 26580.7 9607.78 16972.9 7142.1 9830.79 6545.09 1852.51
internal_count=796077 740229 323305 306196 301437 228557 72880 416924 152390 264534 103265 161269 95509 25985
is_linear=0
shrinkage=0.05


Tree=341
num_leaves=15
num_cat=0
split_feature=11 15 2 10 23 22 2 15 1 13 11 7 7 2
split_gain=22.9482 35.2954 54.044 37.0792 35.5825 31.1972 30.4472 36.3405 31.9577 28.6563 72.3144 55.76 55.7581 41.7853
threshold=0.86950000000000005 2.6667018695222073 0.054350000000000002 0.11000000000000003 0.00034250000000000009 -0.005798499999999999 0.077600000000000016 3.5467327350479132 0.18415000000000001 0.21000000000000005 0.84250000000000014 1001.5000000000001 2907.5000000000005 0.94535000000000013
decision_type=2 2 2 2 2 2 2 2 2 2 2 2 2 2
left_child=5 2 -2 4 -3 -1 7 -6 -8 10 13 -12 -13 -7
right_child=1 3 -4 -5 6 9 8 -9 -10 -11 11 12 -14 -15
leaf_value=-0.02422430491864901 -0.039274513026948815 -0.024561124605986584 -0.0057034577385402362 -0.0020643002970711366 0.029030477452339311 -0.00023942463344300499 0.045154339371443981 0.0022236145806874773 0.0017681391981251293 -0.0057124041848919498 -0.0044640223552307639 0.014565962222320657 -0.019768518305694396 0.0054018741646398643
leaf_weight=126.27849789336324 127.3944350220263 94.206592556089163 2009.4332923237234 8959.0336186606437 289.2744156178087 32214.424714741297 43.698594734072685 224.54937298037112 1372.4377440381795 1691.7627364229411 620.8173282565549 2016.759530832991 125.52558987960219 3654.8217184431851
leaf_count=1404 1035 1318 45571 169079 3462 426463 363 4175 22999 25904 8719 31421 1767 52397
internal_value=-1.02243e-05 -0.0018273 -0.00770666 -0.00068339 0.00542837 0.000579146 0.00689344 0.0173182 0.00311003 0.00065688 0.000935813 0.00872983 0.0125533 0.000335397
internal_weight=53570.4 13120 2136.83 10983.2 2024.17 40450.4 1929.96 513.824 1416.14 40324.1 38632.3 2763.1 2142.29 35869.2
internal_count=796077 248002 46606 201396 32317 548075 30999 7637 23362 546671 520767 41907 33188 478860
is_linear=0
shrinkage=0.05


Tree=342
num_leaves=15
num_cat=0
split_feature=1 1 0 2 33 0 11 0 33 33 2 1 15 23
split_gain=22.762 109.245 310.948 141.256 180.898 240.719 118.78 107.936 94.0383 277.763 263.814 172.385 238.335 156.392
threshold=0.22825000000000004 0.23960000000000004 0.69500000000000006 0.053500000000000006 -19.919999999999998 0.70500000000000007 0.86950000000000005 0.67500000000000016 -56.454999999999991 -51.774999999999991 0.93100000000000016 0.24565000000000001 3.4795640780011685 0.00030950000000000004
decision_type=2 2 2 2 2 2 2 2 2 2 2 2 2 2
left_child=7 2 -2 -4 6 -6 -5 -1 -3 10 -10 12 -11 -12
right_child=1 8 3 4 5 -7 -8 -9 9 11 13 -13 -14 -15
leaf_value=-0.026316076687950871 0.030857882702232844 0.0020656400283001757 -0.029014327232924644 0.02887780547424032 -0.034092519790656681 0.023409949790616918 0.0016319466262525542 -0.0010540411886542679 -0.037322072686808892 0.020455687519766952 -0.027166949729140424 0.00016376340917096996 -0.033124098918120723 0.024983994475028023
leaf_weight=448.20845296978951 1106.1928568482399 20663.345863544382 374.44950964674354 715.32334047183394 551.79286545887589 271.47044710442424 907.39469523727894 7441.7788374675438 1059.0918398238719 274.69460090622306 239.02113568037748 18293.967149781063 848.31143075972795 360.37061913684011
leaf_count=5552 11688 322630 4103 8053 5390 3554 18603 109757 9617 3259 2855 277914 8714 4388
internal_value=-9.56736e-06 0.000418902 0.00839209 -0.000419932 0.00395852 -0.0151306 0.0136435 -0.00248942 -0.000331203 -0.00268118 -0.0223211 -0.00100354 -0.0200175 0.00418655
internal_weight=53555.4 45665.4 3926.62 2820.43 2445.98 823.263 1622.72 7889.99 41738.8 21075.5 1658.48 19417 1123.01 599.392
internal_count=796077 680768 51391 39703 35600 8944 26656 115309 629377 306747 16860 289887 11973 7243
is_linear=0
shrinkage=0.05


Tree=343
num_leaves=15
num_cat=0
split_feature=31 6 13 26 15 15 15 3 2 0 22 0 22 23
split_gain=22.9957 47.2501 65.0278 56.0178 64.8763 134.156 81.5291 73.9109 46.3057 107.639 78.9521 98.0433 69.7532 52.3764
threshold=0.30500000000000005 0.15065542583351643 0.079000000000000029 0.0013405000000000003 3.511764630913309 3.497385124232657 3.4846956259769941 3011.0000000000005 0.053800000000000008 0.67500000000000016 -0.0018754999999999998 0.66500000000000015 -0.0018754999999999998 0.00079850000000000006
decision_type=2 2 2 2 2 2 2 2 2 2 2 2 2 2
left_child=1 3 -3 4 5 6 -1 -6 9 -5 11 -10 -11 -12
right_child=-2 2 -4 8 7 -7 -8 -9 10 12 13 -13 -14 -15
leaf_value=0.0039549886143162571 0.0011839388225073876 -0.013078182391310311 -0.0014467903624413849 0.013144845709143994 0.032807929220060393 -0.036704312585854458 0.032840767496641075 -0.0096050253063135315 -0.0096986309992421523 -0.039698799947981402 -0.0095619318692260549 0.023654864926325736 0.0019154589754498998 0.0075447406061507133
leaf_weight=3362.0413365820423 22985.445609751157 1274.9858030444011 20863.459439890459 251.09119412861764 412.9658139757812 193.12534154765308 263.32179107517004 136.66613534092903 333.23705192096531 336.4925408102572 1572.6012571137398 649.93426407687366 143.6703436113894 625.29154376871884
leaf_count=39044 320151 17802 362146 3806 3647 1788 2561 1706 3822 2999 19372 7998 1491 7744
internal_value=-9.63363e-06 -0.000911535 -0.00211672 0.0023106 0.00620257 0.00389044 0.0060539 0.0222621 -0.00203484 -0.0133794 0.000573348 0.0123502 -0.0272495 -0.00469503
internal_weight=53404.3 30418.9 22138.4 8280.44 4368.12 3818.49 3625.36 549.632 3912.32 731.254 3181.06 983.171 480.163 2197.89
internal_count=796077 475926 379948 95978 48746 43393 41605 5353 47232 8296 38936 11820 4490 27116
is_linear=0
shrinkage=0.05


Tree=344
num_leaves=15
num_cat=0
split_feature=0 1 15 15 23 19 2 34 1 23 1 34 11 11
split_gain=21.889 56.9277 58.3977 61.6832 49.6374 47.3282 45.4894 90.3899 101.911 45.0734 40.4439 136.84 167.914 131.148
threshold=0.62500000000000011 0.35400000000000004 2.7028954204178484 3.6252960762084516 0.0013075000000000003 0.00071565374063561112 0.071300000000000016 0.41650000000000004 0.36130000000000007 0.00055850000000000008 0.27105000000000007 0.41650000000000004 0.77500000000000013 0.67850000000000021
decision_type=2 2 2 2 2 2 2 2 2 2 2 2 2 2
left_child=1 2 5 4 -4 -1 -3 -8 -9 -5 -2 12 -12 -13
right_child=10 6 3 9 -6 -7 7 8 -10 -11 11 13 -14 -15
leaf_value=0.01776914630222165 -0.000859881690008426 0.010650495353127166 -0.011896593252931374 0.046171914749582071 0.026155403778393906 -0.0048030523252810863 0.023796852886953445 0.010067009933520926 -0.01502566726928021 0.0021047083703828059 -0.020242676262399176 0.017415859817780086 0.0088733037591870977 0.0022613287167498612
leaf_weight=419.44341244921088 26240.642029512674 1156.6855899151415 3302.4323505330831 68.892548196017742 87.894504774361849 520.05783175490797 296.40523834526539 630.13799214735627 1130.3460522517562 365.15674791298807 1371.8622613288462 1572.9552652221173 774.7698541842401 15444.18040279299
leaf_count=5568 377125 18677 52123 468 1078 10239 3805 11005 17430 7587 15564 17756 11930 245722
internal_value=-9.01272e-06 -0.00242447 -0.0058935 -0.00863728 -0.0109093 0.0052752 0.00271811 -0.00174294 -0.00604407 0.0091081 0.000415383 0.00216158 -0.00973411 0.00366221
internal_weight=53381.9 7977.45 4763.88 3824.38 3390.33 939.501 3213.57 2056.89 1760.48 434.049 45404.4 19163.8 2146.63 17017.1
internal_count=796077 127980 77063 61256 53201 15807 50917 32240 28435 8055 668097 290972 27494 263478
is_linear=0
shrinkage=0.05


Tree=345
num_leaves=15
num_cat=0
split_feature=3 33 33 3 23 11 3 33 3 3 34 3 33 23
split_gain=22.275 114.59 224.663 222.53 195.562 163.971 155.552 149.479 125.988 212.105 140.266 108.896 98.0913 97.4025
threshold=2821.0000000000005 -24.894999999999996 -24.094999999999995 2486.0000000000005 0.0011395000000000001 0.86950000000000005 2480.0000000000005 -100.08999999999999 2648.0000000000005 2816.5000000000005 0.83350000000000013 2823.5000000000005 -27.469999999999995 0.00036550000000000005
decision_type=2 2 2 2 2 2 2 2 2 2 2 2 2 2
left_child=1 3 -3 6 5 7 12 -5 10 -10 -4 -2 13 -1
right_child=11 2 8 4 -6 -7 -8 -9 9 -11 -12 -13 -14 -15
leaf_value=-0.0097821918242257128 -0.028064747527253065 -0.032175282798177378 -0.00059478978525985126 -0.0007584510600369389 -0.026062307620297671 0.00017433772959594217 -0.048259298790089805 0.02262922695244966 -0.032250856643121044 0.022300442278507304 0.030418765708433267 -0.00056984264662864796 0.028369094046549043 0.0020485900793759302
leaf_weight=2496.8816083520651 364.48124813660979 633.90993226319551 6345.1691450793296 849.36961067840457 342.09786183945835 1819.9966972060502 174.19608578085899 3491.8119791634381 699.83189650997519 238.96606444194913 386.70163497328758 29427.888826068491 283.49034603685141 5736.6079262718558
leaf_count=34083 4100 6526 89493 14033 4048 38296 1096 42853 7356 3148 5269 467818 3618 74326
internal_value=1.55724e-06 0.00115256 -0.00357023 0.00373383 0.0107289 0.0127721 -0.00150035 0.0180534 -0.0012059 -0.0183642 0.00118716 -0.00090631 -0.000543448 -0.00153928
internal_weight=53291.4 23499 8304.58 15194.5 6503.28 6161.18 8691.18 4341.18 7670.67 938.798 6731.87 29792.4 8516.98 8233.49
internal_count=796063 324145 111792 212353 99230 95182 113123 56886 105266 10504 94762 471918 112027 108409
is_linear=0
shrinkage=0.05


Tree=346
num_leaves=15
num_cat=0
split_feature=18 3 2 2 23 11 3 1 2 2 23 0 23 23
split_gain=23.2604 58.8138 52.6166 47.4965 42.6499 41.8106 34.6445 91.7492 167.763 208.028 158.202 146.487 432.855 117.277
threshold=-0.00011021034032645868 3181.0000000000005 0.06270000000000002 0.94150000000000011 0.00074550000000000018 0.68500000000000016 2846.5000000000005 0.27105000000000007 0.064700000000000021 0.072500000000000023 0.00024550000000000006 0.67500000000000016 0.00072850000000000009 0.00059650000000000013
decision_type=2 2 2 2 2 2 2 2 2 2 2 2 2 2
left_child=1 5 -3 -4 -5 -1 7 11 10 -10 -9 12 13 -2
right_child=6 2 3 4 -6 -7 -8 8 9 -11 -12 -13 -14 -15
leaf_value=-0.022675871795734989 -0.014585792259447186 0.0010856538803743904 0.029423626184039854 -0.010748669201603092 0.044308053580844352 0.0011354303304322657 -0.0015293565631472718 -0.023906494875678211 -0.022492391646372133 0.0042083582046573923 0.01659924263203141 0.00086593626337286463 0.0094368582987529714 -0.04677112827225919
leaf_weight=204.43292075395584 470.83171859756112 577.70323786884546 517.16382289491594 163.05789615213871 44.743024930357933 1868.8588330019265 26060.717346753925 260.15938647836447 894.34385980665684 3955.2748237848282 3269.1169523019344 13047.775090438314 1121.1089350935072 709.97170193865895
leaf_count=2578 4902 10952 6443 2783 300 32526 414079 3242 10891 60183 47310 178273 16581 5020
internal_value=1.4994e-06 0.00401781 0.0123431 0.0213125 0.00112158 -0.00121342 -0.000270834 0.00111138 0.0053195 -0.000716031 0.0136128 -0.00118571 -0.0128145 -0.0339399
internal_weight=53165.3 3375.96 1302.67 724.965 207.801 2073.29 49789.3 23728.6 8378.9 4849.62 3529.28 15349.7 2301.91 1180.8
internal_count=796063 55582 20478 9526 3083 35104 740481 326402 121626 71074 50552 204776 26503 9922
is_linear=0
shrinkage=0.05


Tree=347
num_leaves=15
num_cat=0
split_feature=9 3 3 15 23 3 1 1 1 33 1 1 23 34
split_gain=24.7849 46.4234 153.151 97.9133 96.0565 88.0362 73.8794 73.4942 148.06 97.6659 94.7582 94.4066 71.5293 89.879
threshold=0.69350000000000012 1699.0000000000002 1864.5000000000002 2.5374509047468101 0.00054750000000000013 1756.0000000000002 0.25930000000000003 0.22825000000000004 0.23715000000000003 -169.90499999999997 0.21960000000000005 0.23760000000000001 0.00023450000000000004 0.83350000000000013
decision_type=2 2 2 2 2 2 2 2 2 2 2 2 2 2
left_child=-1 3 4 -2 -3 -6 12 9 -9 -4 -11 -10 -5 -14
right_child=1 2 7 6 5 -7 -8 8 11 10 -12 -13 13 -15
leaf_value=0.0011727672820718298 -0.022980905012674697 -0.037305361242451644 -0.034616325628615198 -0.033784934737553306 0.0082226305075057092 -0.042962805947678824 -0.0089586335743216151 0.01406472910806479 -0.034736350273822346 -0.0013669965163677661 -0.029283498871028713 -0.00082249602740498196 0.0092572061314950688 0.038915921459808427
leaf_weight=24395.227882236242 289.04049386270344 476.91861725971103 317.54812305234373 83.996992982923985 327.21899569407105 112.91088380664587 547.11982725560665 1731.8194576464593 207.25289268046618 2203.2032472509891 352.52593525499105 19811.939385417849 1924.0612805522978 294.47166894562542
leaf_count=340739 4117 4119 3209 784 6017 814 7976 27547 1880 40384 3871 327469 24466 2671
internal_value=1.23603e-06 -0.000995269 -0.00170045 0.00474311 -0.0217622 -0.00491525 0.00755587 -0.000953237 3.95829e-05 -0.00846872 -0.00521867 -0.00117377 0.0114802 0.0131955
internal_weight=53075.3 28680 25541.3 3138.69 917.048 440.13 2849.65 24624.3 21751 2873.28 2555.73 20019.2 2302.53 2218.53
internal_count=796063 455324 415310 40014 10950 6831 35897 404360 356896 47464 44255 329349 27921 27137
is_linear=0
shrinkage=0.05


Tree=348
num_leaves=15
num_cat=0
split_feature=31 33 3 3 3 3 33 22 13 3 3 23 1 3
split_gain=22.6563 37.2376 44.6309 88.2991 93.777 143.034 89.223 87.2459 45.1782 32.8512 83.285 112.713 104.708 77.5074
threshold=0.26300000000000007 -203.17999999999998 1034.5000000000002 1305.0000000000002 1407.0000000000002 1581.0000000000002 -164.21499999999997 0.00038850000000000006 0.022000000000000023 1565.0000000000002 1864.5000000000002 0.00046950000000000003 0.20995000000000003 1756.0000000000002
decision_type=2 2 2 2 2 2 2 2 2 2 2 2 2 2
left_child=9 -2 7 -4 6 -6 -5 -3 -9 -1 11 12 -11 -13
right_child=1 2 3 4 5 -7 -8 8 -10 10 -12 13 -14 -15
leaf_value=0.0045516429181632501 0.021415271461513612 -0.025931218441955096 0.030215212070399729 0.037308949296329184 0.034136358590431307 0.00078364604609439277 -0.033542806761973402 -0.02067942452278107 0.021893636939211217 0.008576048379631029 -0.00098451628563882287 0.0078600062035906419 -0.041471576825767048 -0.045339173641257113
leaf_weight=2306.9986490374431 220.47797953337431 427.40250241942704 258.10160566866398 51.351245731115341 325.2485857643187 26841.061950869858 326.30893029458821 88.453528609126806 210.27402859926224 135.44001487828791 20776.482260651886 515.0298085808754 457.07336458191276 78.860396765172482
leaf_count=28938 2710 4238 2796 443 3389 378393 3337 949 2344 2496 352360 9538 3612 520
internal_value=8.15627e-07 0.00095049 0.000792255 0.00111188 0.000839059 0.00118309 -0.0239016 -0.0114441 0.00928501 -0.00112411 -0.00172032 -0.0146046 -0.0300319 0.000789448
internal_weight=53018.6 28748.7 28528.2 27802.1 27544 27166.3 377.66 726.13 298.728 24269.9 21962.9 1186.4 592.513 593.89
internal_count=796063 398599 395889 388358 385562 381782 3780 7531 3293 397464 368526 16166 6108 10058
is_linear=0
shrinkage=0.05


Tree=349
num_leaves=15
num_cat=0
split_feature=1 1 2 33 33 33 11 1 11 23 23 2 2 33
split_gain=22.0508 57.1797 55.6566 54.6548 60.8307 56.3855 41.7488 41.8025 80.5912 75.1143 68.1436 46.676 41.2752 38.4871
threshold=0.30820000000000003 0.30695000000000006 0.058950000000000009 -184.41999999999999 -174.09999999999997 -173.08999999999997 0.62450000000000017 0.30345000000000005 0.65500000000000014 0.00061650000000000019 0.00053750000000000011 0.053500000000000006 0.94175000000000009 -164.21499999999997
decision_type=2 2 2 2 2 2 2 2 2 2 2 2 2 2
left_child=1 6 13 -4 -5 -6 -1 8 9 -8 -9 -10 -7 -2
right_child=2 -3 3 4 5 12 7 10 11 -11 -12 -13 -14 -15
leaf_value=-0.030586665930320164 0.011152488156232264 0.014108118554839824 -0.018311410184064552 0.0075202415262422793 -0.025035874238164876 -0.00051352948930678756 -0.0075088483773983368 -0.024901892065983231 -0.0043402100563558277 0.030784982599205663 0.0027722668870205714 0.00089107268452145137 -0.010704691958488418 -0.00072673528431069928
leaf_weight=109.49266678653657 1049.3973210658878 755.65927729010582 671.84768774546683 1068.9694600068033 348.78518933430314 2790.9637170303613 186.3293321300298 424.331268992275 4830.0781644973904 409.13895563781261 467.36913381516933 36377.08674726449 1542.6178928930312 1946.2708174400032
leaf_count=1132 17906 12094 9682 17450 4255 47849 1662 5269 69902 3724 8261 537274 24387 35216
internal_value=5.559e-07 0.000474898 -0.00219312 -0.00481793 -0.00324138 -0.00569833 0.000234184 0.000313298 0.000541813 0.0188031 -0.0103983 0.000277881 -0.00414142 0.00343485
internal_weight=52978.3 43559.5 9418.85 6423.18 5751.34 4682.37 42803.8 42694.3 41802.6 595.468 891.7 41207.2 4333.58 2995.67
internal_count=796063 639318 156745 103623 93941 76491 627224 626092 612562 5386 13530 607176 72236 53122
is_linear=0
shrinkage=0.05


Tree=350
num_leaves=15
num_cat=0
split_feature=11 33 33 3 2 33 33 33 33 33 33 3 11 3
split_gain=22.3454 38.0817 164.226 234.889 295.97 131.481 175.201 141.621 202.282 123.867 149.37 120.029 111.081 83.5806
threshold=0.86950000000000005 -22.254999999999995 -15.009999999999998 2511.5000000000005 0.92185000000000017 -24.214999999999996 -24.894999999999996 -34.044999999999995 -34.649999999999991 -11.169999999999998 -10.459999999999999 2924.5000000000005 0.65500000000000014 2379.5000000000005
decision_type=2 2 2 2 2 2 2 2 2 2 2 2 2 2
left_child=1 5 3 4 -3 6 7 8 -1 12 -11 -9 -4 -12
right_child=-2 2 9 -5 -6 -7 -8 11 -10 10 13 -13 -14 -15
leaf_value=0.0010172965949135117 -0.0017925639162413816 0.042818926896640609 -0.036702471246453761 -0.025772141402786383 -0.026594829196191307 0.021178719193772354 -0.029852961223092691 0.020803005168260141 -0.03520653832897401 -0.041944290936893315 -0.010167171950846723 -0.0071789417960901637 0.017499145176097557 0.0024460563475556035
leaf_weight=24767.007682274096 13031.949577545747 335.83915788680315 101.09217315912247 1433.42481501773 282.78591819852591 829.5833098217845 453.13108248263597 1579.209287494421 391.38931440189481 222.77459463477135 1697.3637319225818 505.97669094055891 1436.4587306529284 5804.5639310963452
leaf_count=347151 247814 2613 780 17796 3375 10387 4967 19310 3698 1649 20856 5663 20805 88883
internal_value=4.67084e-06 0.000592553 -0.001862 -0.0146596 0.0110893 0.0015661 0.000978578 0.00149149 0.000453625 0.000973442 -0.00160628 0.0140131 0.0139333 -0.000407872
internal_weight=52872.5 39840.6 11314.3 2052.05 618.625 28526.3 27696.7 27243.6 25158.4 9262.25 7724.7 2085.19 1537.55 7501.93
internal_count=795747 547933 156757 23784 5988 391176 380789 375822 350849 132973 111388 24973 21585 109739
is_linear=0
shrinkage=0.05


Tree=351
num_leaves=15
num_cat=0
split_feature=0 3 9 15 2 11 33 33 34 15 3 3 33 13
split_gain=21.4183 44.3877 46.5838 41.1324 65.1153 57.2543 114.309 252.336 117.377 35.5197 64.7033 65.249 56.9069 54.0897
threshold=0.62500000000000011 3576.5000000000005 0.69350000000000012 3.5932770349567842 0.056600000000000004 0.70500000000000007 -53.684999999999995 -51.774999999999991 0.22500000000000003 2.6301797686105899 3419.5000000000005 3355.5000000000005 -166.84499999999997 0.0099999999999999829
decision_type=2 2 2 2 2 2 2 2 2 2 2 2 2 2
left_child=9 3 -3 5 -5 6 8 -8 -2 12 11 -11 -1 -14
right_child=1 2 -4 4 -6 -7 7 -9 -10 10 -12 -13 13 -15
leaf_value=0.013321888056544115 -0.0058122926083233172 -0.0098075279650083821 -0.061791002551319654 -0.029662380556968376 0.00047193661711993431 8.3546779672378067e-05 -0.037359833692209611 0.0048547979805859259 0.018803683694355561 -0.004497550928314809 0.0077681718173318749 -0.022007664548012985 0.028132794747925068 -0.0072907067150603314
leaf_weight=833.82873176410794 635.6308628320694 277.60835191980004 50.929919861257076 288.76042378693819 472.49507454410195 38405.251634198241 417.94955905526876 2310.0979561079293 2033.0570010161027 4315.2174287699163 923.14588815718889 606.76585425622761 119.75487422943115 1068.2107520736754
leaf_count=12394 7744 4850 251 3139 9245 586489 3701 26837 25660 71599 15303 8134 1231 19170
internal_value=4.17235e-06 0.000425904 -0.0178823 0.00056092 -0.010961 0.00076119 0.00558347 -0.00161381 0.0129406 -0.00240237 -0.00437829 -0.00665654 0.00331007 -0.00371771
internal_weight=52758.7 44891.8 328.538 44563.2 761.255 43802 5396.74 2728.05 2668.69 7866.92 5845.13 4921.98 2021.79 1187.97
internal_count=795747 667916 5101 662815 12384 650431 63942 30538 33404 127831 95036 79733 32795 20401
is_linear=0
shrinkage=0.05


Tree=352
num_leaves=15
num_cat=0
split_feature=31 2 1 23 33 23 3 2 3 3 2 1 33 23
split_gain=21.0788 72.0108 74.3246 60.4589 81.6503 76.9802 58.8911 49.4093 46.1301 217.072 145.739 149.049 151.79 145.658
threshold=0.41500000000000004 0.92160000000000009 0.30820000000000003 0.00037750000000000007 -21.389999999999997 0.00098350000000000022 3373.5000000000005 0.94255000000000011 2608.5000000000005 2624.0000000000005 0.064150000000000013 0.23490000000000003 -159.01999999999995 0.00024550000000000006
decision_type=2 2 2 2 2 2 2 2 2 2 2 2 2 2
left_child=8 -2 3 -3 5 -5 -4 -8 10 -10 11 12 -1 -13
right_child=1 2 6 4 -6 -7 7 -9 9 -11 -12 13 -14 -15
leaf_value=0.035572226078619269 -0.0016435940663432739 -0.0032578594043508333 -0.0079188124492956397 0.027920877279898351 0.0020635861057705989 -0.0019842428053560481 0.026425380004692797 -0.0043199833340038995 -0.031542678641693474 -0.0010625290587317772 -0.0010622971866044079 -0.024776393839636864 -0.013883485426733342 0.019621315867211858
leaf_weight=187.01018759701401 5688.1428211070597 524.56930427625775 1125.9873810373247 1189.919736744836 735.16282243281603 262.68127596378326 285.14185062423348 241.10282407328486 597.29176212474704 26311.403213998303 11895.494476232678 199.15946260839701 908.25837522186339 2537.131841821596
leaf_count=2271 89136 8601 18401 14588 10574 4844 3323 4692 6162 418278 165411 2423 11613 35430
internal_value=3.74009e-06 0.00206332 0.0068943 0.0119866 0.0156419 0.0225132 -0.00146559 0.012341 -0.000481874 -0.00173921 0.0016694 0.0101501 -0.00543676 0.0163891
internal_weight=52688.5 10052.7 4364.57 2712.33 2187.76 1452.6 1652.23 526.245 42635.7 26908.7 15727.1 3831.56 1095.27 2736.29
internal_count=795747 154159 65023 38607 30006 19432 26416 8015 641588 424440 217148 51737 13884 37853
is_linear=0
shrinkage=0.05


Tree=353
num_leaves=15
num_cat=0
split_feature=1 1 2 1 2 1 3 9 15 15 15 11 1 11
split_gain=20.905 51.6987 48.4183 49.7629 58.5247 51.9628 39.674 43.3886 40.3667 52.5827 38.6599 38.591 36.6806 35.8175
threshold=0.30820000000000003 0.30695000000000006 0.058950000000000009 0.32445000000000007 0.063950000000000021 0.31060000000000004 3576.5000000000005 0.69350000000000012 3.5983648778348312 3.5727776372294477 2.0613957098106064 0.64950000000000008 0.30450000000000005 0.74500000000000011
decision_type=2 2 2 2 2 2 2 2 2 2 2 2 2 2
left_child=1 6 11 5 -5 -4 8 -8 9 10 -1 -2 -10 -11
right_child=2 -3 3 4 -6 -7 7 -9 12 13 -12 -13 -14 -15
leaf_value=0.0075691445846701377 0.027082272953705036 0.013532733878772595 -0.0028206955937935905 -0.013834798728695858 0.00017000394859592019 -0.022799987809326797 -0.0093860705489207524 -0.060092845529070883 -0.0059560405505972407 0.029835684756367331 -3.7893178647506047e-05 0.0017714645290736572 -0.038633230179024397 0.0063940913990687149
leaf_weight=1744.2927298471332 159.03638197109103 743.8963623829186 619.87585396133363 910.10789845697582 4134.373276444152 685.12831339426339 275.16731407865882 49.739399448037148 319.15540925785899 232.59322118014097 39271.029757050797 2806.6664720382541 117.4192109555006 543.96413476765156
leaf_count=26276 1742 12057 11650 14668 68208 9075 4850 251 6034 2475 575975 51315 974 10197
internal_value=3.89709e-06 0.00046619 -0.00214484 -0.00460843 -0.00235692 -0.0133108 0.000237736 -0.0171648 0.000371672 0.00052969 0.000285635 0.00312963 -0.0147516 0.0134182
internal_weight=52612.4 43297.3 9315.19 6349.49 5044.48 1305 42553.4 324.907 42228.5 41791.9 41015.3 2965.7 436.575 776.557
internal_count=795747 639089 156658 103601 82876 20725 627032 5101 621931 614923 602251 53057 7008 12672
is_linear=0
shrinkage=0.05


Tree=354
num_leaves=15
num_cat=0
split_feature=31 6 13 26 15 15 1 15 2 0 15 23 26 23
split_gain=21.1439 45.3485 50.816 46.7027 63.0212 112.577 111.065 69.9602 47.7346 95.772 65.8369 74.9845 52.4512 42.1245
threshold=0.30500000000000005 0.17539553579826786 0.079000000000000029 0.0013405000000000003 3.511764630913309 3.497385124232657 0.2909000000000001 3.4846956259769941 0.053800000000000008 0.67500000000000016 2.9026983623941498 0.00064150000000000003 0.0018145000000000004 0.00032050000000000009
decision_type=2 2 2 2 2 2 2 2 2 2 2 2 2 2
left_child=1 3 -3 4 5 7 -6 -1 9 -5 13 -12 -11 -10
right_child=-2 2 -4 8 6 -7 -8 -9 10 12 11 -13 -14 -15
leaf_value=0.003362646808059921 0.0011615960404277688 -0.013062020532897504 -0.0015994869333707522 0.011049694525104275 0.02863847975433801 -0.033632703232473547 -0.035296966730872924 0.030275163663311979 -0.037219537497541665 0.0016090072788828924 -0.0045815504511822923 0.0192732870833437 -0.03529724413898995 -0.0030152030186187621
leaf_weight=3728.7315870923921 22523.54677904956 1016.5000843247399 19777.077903067693 270.97042824141681 532.33663145452738 196.7044968213886 77.771545644849539 258.10622895881534 93.734981723129749 129.58357940986753 559.51584939658642 800.86629967577755 374.2928098924458 2211.7037723325193
leaf_count=45047 320041 15023 348464 4320 5548 1968 706 2671 802 1396 7422 9959 3623 28757
internal_value=3.58381e-06 -0.000865028 -0.0021599 0.00205071 0.00547305 0.00328348 0.0204841 0.00510567 -0.00164371 -0.0129185 0.000739736 0.00946234 -0.0258075 -0.00440744
internal_weight=52551.4 30027.9 20793.6 9234.32 4793.65 4183.54 610.108 3986.84 4440.67 774.847 3665.82 1360.38 503.876 2305.44
internal_count=795747 475706 363487 112219 55940 49686 6254 47718 56279 9339 46940 17381 5019 29559
is_linear=0
shrinkage=0.05


Tree=355
num_leaves=15
num_cat=0
split_feature=1 1 33 33 2 23 1 12 23 15 5 33 3 11
split_gain=20.065 140.404 152.309 265.522 84.2087 84.5876 80.3817 77.2952 76.1243 94.7185 118.425 72.7169 66.9692 64.0942
threshold=0.21260000000000004 0.20050000000000004 -33.329999999999991 -24.894999999999996 0.94455000000000011 0.00040450000000000007 0.21860000000000004 0.21200000000000005 0.00039350000000000002 2.6301797686105899 70.675000000000026 -178.96499999999995 462.00000000000006 0.89500000000000013
decision_type=2 2 2 2 2 2 2 2 2 2 2 2 2 2
left_child=1 4 7 -4 5 -1 13 -3 11 -10 -11 -6 -7 -2
right_child=6 2 3 -5 8 12 -8 -9 9 10 -12 -13 -14 -15
leaf_value=0.030401194114223776 0.035177330875481097 -0.038790924832769733 0.022771612237534156 -0.030508446569663408 -0.014857352880515243 -0.045020448147213725 0.00014762804879600401 -0.0034669990721726443 -0.039290253440883105 0.048173677053042888 -0.0078483148210873998 -0.06860091535516151 0.0047498981953879279 -0.0027324979856748026
leaf_weight=326.75166903529316 294.71043863147497 625.58516353555024 530.00959219038486 418.29172221757472 192.17010011151433 69.245610773563385 46375.934792447835 205.83266739547253 123.31985650956631 139.8417365308851 289.38381589949131 93.549745745956898 2668.3527164906263 179.28560425527394
leaf_count=4074 2708 5427 7070 4597 3051 539 706488 4095 1019 1177 7002 587 44046 3981
internal_value=1.67102e-05 -0.00278913 -0.0144273 -0.000730736 0.00251847 0.0063599 0.00035703 -0.0300473 -0.0115233 -0.000686968 0.0104106 -0.0324718 0.00348939 0.0208407
internal_weight=52532.3 5682.33 1779.72 948.301 3902.62 3064.35 46849.9 831.418 838.265 552.545 429.226 285.72 2737.6 473.996
internal_count=795861 82684 21189 11667 61495 48659 713177 9522 12836 9198 8179 3638 44585 6689
is_linear=0
shrinkage=0.05


Tree=356
num_leaves=15
num_cat=0
split_feature=10 26 0 11 2 3 3 2 3 3 2 1 15 2
split_gain=19.682 39.0459 46.7523 42.8466 34.4629 32.0583 62.333 60.7141 58.2569 120.446 131.955 97.7448 71.6642 73.1097
threshold=0.070500000000000076 0.0030685000000000005 0.67500000000000016 0.74500000000000011 0.053800000000000008 3447.5000000000005 3512.5000000000005 0.94120000000000015 3191.0000000000005 3008.5000000000005 0.054750000000000007 0.27105000000000007 3.538891571506309 0.94075000000000009
decision_type=2 2 2 2 2 2 2 2 2 2 2 2 2 2
left_child=1 5 -3 -4 -5 8 -7 -8 9 11 -11 -1 13 -10
right_child=-2 2 3 4 -6 6 7 -9 12 10 -12 -13 -14 -15
leaf_value=-0.00049618827024637557 -0.0011734184522050801 0.00065139574829966641 -0.036389655613418406 -0.028991408966466198 0.0069740758366671762 -0.012398486920891983 0.010136081659946875 -0.016505944288981431 0.011437120455364153 0.010265259004277969 -0.011684776380602543 0.0073602252930252202 -0.0079044853728653369 -0.0015698786158353209
leaf_weight=11464.295070114546 20923.018487010151 641.6664699614048 217.889544416219 108.10541182383895 173.18238540366292 1207.8686426058412 895.16307277604938 280.85472019389272 3995.0641997419298 860.40701910294592 3351.3364987354726 6047.2247981633991 822.9142426662147 1480.7253963332623
leaf_count=142424 358648 8386 2042 1239 2721 17208 15534 4780 59976 16357 47724 83641 12000 23181
internal_value=1.56678e-05 0.000804318 -0.00827654 -0.0197508 -0.00685368 0.00114506 -0.00442114 0.00377261 0.00161861 0.000390995 -0.00720052 0.00221688 0.00585237 0.00791989
internal_weight=52469.7 31546.7 1140.84 499.177 281.288 30405.9 2383.89 1176.02 28022 21723.3 4211.74 17511.5 6298.7 5475.79
internal_count=795861 437213 14388 6002 3960 422825 37522 20314 385303 290146 64081 226065 95157 83157
is_linear=0
shrinkage=0.05


Tree=357
num_leaves=15
num_cat=0
split_feature=1 2 33 33 33 1 11 3 3 26 18 3 33 3
split_gain=20.3212 44.5761 47.737 51.6535 48.3402 44.4499 39.2871 37.7011 37.539 67.023 77.0835 61.0601 85.0993 70.2902
threshold=0.30820000000000003 0.058950000000000009 -184.41999999999999 -174.09999999999997 -173.08999999999997 0.30695000000000006 0.62450000000000017 549.00000000000011 549.00000000000011 -0.00050749999999999981 0.00052196580032453602 1581.0000000000002 -5.7099999999999991 1913.0000000000002
decision_type=2 2 2 2 2 2 2 2 2 2 2 2 2 2
left_child=5 -2 -3 -4 -5 6 -1 -6 9 10 -8 12 -10 -13
right_child=1 2 3 4 7 -7 8 -9 11 -11 -12 13 -14 -15
leaf_value=-0.030088977615091668 0.0029538469708527194 -0.017199463480469707 0.0069439837133582335 -0.023528814366760416 0.028852367570143745 0.012686166287590551 -0.020991621708122434 -0.0045249277055564724 0.0098584528246088814 -0.021860827642230827 0.04329312891770519 -0.0079254143213837291 -0.021413954026444103 0.00056398951920943509
leaf_weight=106.26387161388993 2962.4782227557153 660.37214049324393 1061.9984749797732 336.58644376322627 86.254551723599434 732.07514064386487 86.591864727437496 4176.8091318625957 2762.4437280669808 460.56445738952607 100.83595137484372 2615.1645370572805 236.04398746043444 36025.682471319102
leaf_count=1110 53075 9668 17530 4274 962 12086 988 71057 33790 4164 1098 35926 3294 546839
internal_value=1.47356e-05 -0.00210715 -0.00447873 -0.00299471 -0.00528953 0.00047156 0.000260602 -0.00384894 0.000336939 -0.011604 0.0135981 0.000522791 0.00739603 -1.05818e-05
internal_weight=52410.2 9284.5 6322.02 5661.65 4599.65 43125.7 42393.6 4263.06 42287.3 647.992 187.428 41639.3 2998.49 38640.8
internal_count=795861 156566 103491 93823 76293 639295 627209 72019 626099 6250 2086 619849 37084 582765
is_linear=0
shrinkage=0.05


Tree=358
num_leaves=15
num_cat=0
split_feature=33 33 15 33 2 33 33 33 7 26 3 33 33 27
split_gain=19.6594 159.256 161.377 106.178 213.274 175.25 171.761 150.94 141.136 103.262 82.5601 167.612 135.15 118.237
threshold=-67.064999999999984 -87.234999999999985 3.53504376687845 -56.454999999999991 0.93870000000000009 -51.774999999999991 -53.684999999999995 -54.779999999999994 2381.5000000000005 1.0000000180025095e-35 2821.0000000000005 -146.72499999999997 -100.08999999999999 -0.00082949999999999983
decision_type=2 2 2 2 2 2 2 2 2 2 2 2 2 2
left_child=1 10 -3 4 8 6 7 9 -2 -5 12 -12 -1 -13
right_child=3 2 -4 5 -6 -7 -8 -9 -10 -11 11 13 -14 -15
leaf_value=-0.00026296884527876065 0.0070754150765805993 -0.023961007382224724 0.038948467455188679 0.0090754752239129398 -0.0049069926251574672 0.0006231147807220272 -0.032893819940059646 0.016653873196365718 0.027541933297198957 -0.026383892597089165 0.00050000856469623294 -0.028993085066050375 0.015652168982591835 -0.0056915137586143342
leaf_weight=4462.5169006986544 2413.7977875303477 1154.4191906489432 111.7242827937007 291.81293634697795 2402.016005108133 25228.666440799832 777.65110432356596 559.54990656487644 1293.8528926149011 692.20389500632882 8759.3063446171582 885.59686425328255 1902.5872697234154 1412.9852797277272
leaf_count=61788 43364 14929 999 4986 45617 371727 7871 8430 15244 8804 146940 9904 28259 26999
internal_value=1.39249e-05 -0.00128643 -0.0184072 0.000735933 0.00669913 -0.000586529 -0.0137333 -0.00407866 0.0142181 -0.0158685 -4.21422e-05 -0.00265346 0.00449438 -0.01467
internal_weight=52348.7 18689.1 1266.14 33659.6 6109.67 27549.9 2321.22 1543.57 3707.65 984.017 17423 11057.9 6365.1 2298.58
internal_count=795861 289818 15928 506043 104225 401818 30091 22220 58608 13790 273890 183843 90047 36903
is_linear=0
shrinkage=0.05


Tree=359
num_leaves=15
num_cat=0
split_feature=12 5 22 15 33 5 1 15 15 33 0 33 33 33
split_gain=20.8902 27.3107 31.6383 52.2585 39.9251 48.4742 37.8723 30.9486 44.2939 34.1703 41.8298 32.7778 28.8919 249.417
threshold=0.3050000000000001 1056.5250000000003 -0.00011749999999999998 2.7028954204178484 -100.08999999999999 2180.1950000000002 0.29940000000000005 3.4949291323639406 3.4962347597865295 -59.504999999999988 0.64500000000000013 -92.509999999999991 -56.454999999999991 -51.774999999999991
decision_type=2 2 2 2 2 2 2 2 2 2 2 2 2 2
left_child=1 12 3 4 -3 -6 -5 9 -9 11 -11 -4 -1 -14
right_child=-2 2 7 6 5 -7 -8 8 -10 10 -12 -13 13 -15
leaf_value=0.0021692984866712854 0.0039324842647877585 -0.019666859106342742 -0.002521342536273691 0.005263275727571951 0.0012912874258681948 -0.030990028073176707 -0.0037842092515224844 -0.033302949953499715 -0.0071729236952669563 -0.014628530896547823 0.0036072896239054751 -0.012712157092430305 -0.019557881185148306 0.0010811637460065875
leaf_weight=15316.938427322544 3191.6487996429205 473.38150071166456 2579.5885373409837 4114.6067862901837 1014.9771909434348 131.23901929333806 1608.8599426206201 179.28463245555758 1692.6620202828199 355.63475482910872 2710.7054024115205 1136.7032864298671 1610.2244782093912 16089.153624387458
leaf_count=225149 55810 6772 47279 69517 19004 1661 32783 1794 30492 5205 48106 23089 17776 211424
internal_value=1.30132e-05 -0.000242219 -0.00193777 0.000476206 -0.00745283 -0.00240723 0.00272002 -0.00398591 -0.00967716 -0.00241506 0.00149189 -0.00563867 0.000579342 -0.000796601
internal_weight=52205.6 49014 15997.6 7343.06 1619.6 1146.22 5723.47 8654.58 1871.95 6782.63 3066.34 3716.29 33016.3 17699.4
internal_count=795861 740051 285702 129737 27437 20665 102300 155965 32286 123679 53311 70368 454349 229200
is_linear=0
shrinkage=0.05


Tree=360
num_leaves=15
num_cat=0
split_feature=12 5 3 3 33 1 1 1 3 33 33 1 1 1
split_gain=20.5281 30.7502 35.1768 95.2839 106.091 39.854 210.341 93.5597 31.6382 29.421 56.2051 72.3279 51.741 40.5221
threshold=0.24000000000000005 918.6450000000001 3512.5000000000005 3490.5000000000005 -174.09999999999997 0.21260000000000004 0.20050000000000004 0.21960000000000005 3564.0000000000005 -60.249999999999993 -35.034999999999989 0.24545000000000003 0.24565000000000001 0.23990000000000003
decision_type=2 2 2 2 2 2 2 2 2 2 2 2 2 2
left_child=1 2 3 5 -5 6 -1 -7 -4 13 -11 -12 -13 -3
right_child=-2 9 8 4 -6 7 -8 -9 -10 10 11 12 -14 -15
leaf_value=0.003702016997786882 0.0028646237057828199 -0.013366869982886352 0.015526878043570955 0.022013319293103822 -0.030366573647998964 0.021132113132439314 -0.021468295092584799 0.00098237405448884686 -0.0022985311705946572 0.005654523140432556 0.006651615751817057 -0.030776668572047819 -0.0043987324483412442 -0.0028887510156458632
leaf_weight=2727.4959422443062 5526.4400806482881 1085.9714892841876 722.99062104895711 121.67049892246723 469.18796700611711 590.71784254908562 1192.9752770215273 23110.490501012653 379.57378063350916 2857.1522652357817 1632.1520247980952 192.36236141622066 5460.4888350162655 6135.1638477686793
leaf_count=39055 90474 20124 11371 1651 5063 8184 12744 310525 7067 51842 26633 2067 100071 109347
internal_value=-1.68822e-05 -0.000358041 0.000629617 0.000287201 -0.0195785 0.00071222 -0.00395751 0.00148466 0.00939057 -0.00202553 -0.000288842 -0.00261985 -0.00529688 -0.0044647
internal_weight=52204.8 46678.4 29315.1 28212.5 590.858 27621.7 3920.47 23701.2 1102.56 17363.3 10142.2 7285 5652.85 7221.14
internal_count=796218 705744 395660 377222 6714 370508 51799 318709 18438 310084 180613 128771 102138 129471
is_linear=0
shrinkage=0.05


Tree=361
num_leaves=15
num_cat=0
split_feature=12 2 15 2 35 11 5 3 15 5 12 5 26 0
split_gain=18.8463 36.9666 63.0643 71.3544 69.4171 50.7128 46.9254 40.9582 37.9004 30.5521 31.7152 39.5852 44.276 40.7167
threshold=0.22000000000000008 0.066200000000000023 2.9311048556253598 0.94135000000000013 1.0000000180025095e-35 0.71500000000000008 835.65500000000009 1913.0000000000002 2.7707194825327863 918.6450000000001 0.010500000000000011 298.44500000000005 0.0014615000000000003 0.70500000000000007
decision_type=2 2 2 2 2 2 2 2 2 2 2 2 2 2
left_child=9 6 3 5 -4 -3 -2 -7 -8 10 11 12 13 -1
right_child=1 2 4 -5 -6 7 8 -9 -10 -11 -12 -13 -14 -15
leaf_value=0.0059917808780143777 -0.013032411270818537 -0.0017890500938619735 -0.0063735826962153554 -0.0077819742922083882 0.028185220646661204 -0.0013523847565873083 -0.0091681277171672265 0.021066975842917356 0.006553315139240787 -0.0020768529843622784 -0.00054778903914604895 -0.00074983535892653077 -0.00027871305030087521 0.018416179317456181
leaf_weight=2559.7758840844035 721.05572026222944 403.86667107790709 1347.5090922247618 451.47724521160126 162.77019278518856 236.85868648812175 539.97747348807752 1455.4958269707859 1320.9690610691905 16748.479830997065 19362.79365412984 4036.6009639408439 1921.4175686426461 888.22523985430598
leaf_count=28437 10439 6455 22555 7025 1758 4034 9362 21467 23645 300452 265813 62974 22549 9253
internal_value=-1.60893e-05 0.00247235 0.00544817 0.0102471 -0.00264739 0.0141304 -0.0022046 0.0179293 0.00199129 -0.000379103 0.000609289 0.00299118 0.00580354 0.00919282
internal_weight=52157.3 6639.98 4057.98 2547.7 1510.28 2096.22 2582 1692.35 1860.95 45517.3 28768.8 9406.02 5369.42 3448
internal_count=796218 106740 63294 38981 24313 31956 43446 25501 33007 689478 389026 123213 60239 37690
is_linear=0
shrinkage=0.05


Tree=362
num_leaves=15
num_cat=0
split_feature=1 1 0 2 33 0 11 0 33 1 2 2 2 1
split_gain=18.6598 93.7411 255.628 104.055 140.725 206.662 97.1578 82.8139 90.6652 133.783 92.6816 89.8902 124.727 89.4425
threshold=0.22825000000000004 0.23960000000000004 0.69500000000000006 0.053500000000000006 -19.919999999999998 0.70500000000000007 0.86950000000000005 0.69500000000000006 -37.059999999999995 0.20050000000000004 0.076250000000000012 0.92700000000000016 0.068900000000000003 0.21860000000000004
decision_type=2 2 2 2 2 2 2 2 2 2 2 2 2 2
left_child=7 2 -2 -4 6 -6 -5 -1 9 10 -9 12 -10 -11
right_child=1 -3 3 4 5 -7 -8 8 11 13 -12 -13 -14 -15
leaf_value=-0.017073421385023324 0.028869899051126968 -0.00031869081468957427 -0.025881944709155037 0.0265839747148107 -0.032015270998163065 0.022425133377982364 0.0014500398463377507 0.017647637067873308 -0.016707807801100601 -0.027770384626051983 -0.0033376041582604422 -0.0093385381206180142 0.018736121954663492 -0.0050365347668534137
leaf_weight=843.29499578103423 1050.3604758940637 40710.89689059183 344.08284217491746 670.6546495296061 520.18809776380658 262.07648785784841 900.99367762729526 718.66541083902121 296.92081482335925 802.28414746373892 1963.2373402789235 605.9009705632925 1510.7342731896788 939.04770199581981
leaf_count=11308 11709 629483 4100 8012 5395 3524 18529 9535 4499 9541 33880 9083 21687 15933
internal_value=-1.51636e-05 0.000377974 0.00794425 -0.000203105 0.00355144 -0.013776 0.0121762 -0.00229097 -0.000467384 -0.00472062 0.00228623 0.00732724 0.0129136 -0.0155117
internal_weight=52139.3 44459.3 3748.36 2698 2353.91 782.265 1571.65 7680.09 6836.79 4423.23 2681.9 2413.56 1807.66 1741.33
internal_count=796218 680752 51269 39560 35460 8919 26541 115466 104158 68889 43415 35269 26186 25474
is_linear=0
shrinkage=0.05


Tree=363
num_leaves=15
num_cat=0
split_feature=12 3 3 3 23 15 7 0 33 34 3 15 2 33
split_gain=18.7747 61.5731 48.9373 119.708 92.9569 82.5568 101.71 97.2316 82.7557 84.8806 73.8552 55.4864 58.9342 50.6258
threshold=0.15000000000000002 1676.0000000000002 1699.0000000000002 1864.5000000000002 0.00054750000000000013 2.5374509047468101 1387.5000000000002 0.65500000000000014 -16.054999999999996 0.83350000000000013 1756.0000000000002 3.4875444300167988 0.073350000000000012 -67.064999999999984
decision_type=2 2 2 2 2 2 2 2 2 2 2 2 2 2
left_child=2 -2 5 4 -4 7 8 -1 9 -7 -6 12 -8 -5
right_child=1 -3 3 13 10 6 11 -9 -10 -11 -12 -13 -14 -15
leaf_value=0.01807278413217351 -0.01186911478491269 0.0027219184286411866 -0.035127012584385227 -0.0032574732255385127 0.0099211907681940256 -0.0035868508077205388 -0.022344227427679577 -0.031441151727015601 0.021886494554480232 0.021642786858232042 -0.029912720553502643 0.052452208679393444 0.027468613777564977 0.00073157913561363317
leaf_weight=146.23552984371781 774.36996800266206 10886.924578510225 448.9500675573945 12110.67682749778 333.77330118790269 2242.6962320245802 75.511790081858635 307.48578857444227 525.85864176973701 391.47349554114044 178.5170587040484 157.95472599565983 276.70879660919309 23171.916707528755
leaf_count=1966 10180 170063 4114 193566 5976 29130 989 3892 6854 3630 1970 964 3238 359686
internal_value=-1.42527e-05 0.00175291 -0.000524746 -0.00111198 -0.0185203 0.00463619 0.00712365 -0.0154822 0.00377882 0.000163296 -0.0039628 0.0278367 0.016786 -0.00063766
internal_weight=52029.1 11661.3 40367.8 36243.8 961.24 4123.93 3670.2 453.721 3160.03 2634.17 512.29 510.175 352.221 35282.6
internal_count=796218 180243 615975 565312 12060 50663 44805 5858 39614 32760 7946 5191 4227 553252
is_linear=0
shrinkage=0.05


Tree=364
num_leaves=15
num_cat=0
split_feature=1 1 0 3 1 23 0 33 33 2 33 1 15 23
split_gain=17.8957 88.0851 232.823 113.573 159.389 140.815 75.5692 71.1186 213.196 193.749 136.636 126.689 198.436 118.39
threshold=0.22825000000000004 0.23960000000000004 0.69500000000000006 2648.0000000000005 0.23245000000000002 0.00088650000000000003 0.67500000000000016 -56.454999999999991 -51.774999999999991 0.93100000000000016 -57.444999999999993 0.24565000000000001 3.4795640780011685 0.00030950000000000004
decision_type=2 2 2 2 2 2 2 2 2 2 2 2 2 2
left_child=6 2 -2 4 -4 -5 -1 10 9 -9 -3 12 -10 -11
right_child=1 7 3 5 -6 -7 -8 8 11 13 -12 -13 -14 -15
leaf_value=-0.023001361083897852 0.028007165869075486 0.00078638322194580579 -0.022995194910137892 -0.019243350553913872 0.019924333811503592 0.017697919615260221 -0.0010572046364394371 -0.033914552962311544 0.019540191762545133 -0.024825282698748289 0.018378484322860298 6.3697265703581069e-05 -0.030327162375175951 0.022048009175427694
leaf_weight=414.84061186015606 1025.7968746945262 19014.298730514944 275.59885609522462 1031.99942849949 1004.3435579277575 343.84532894194126 7198.8157033361495 966.01278654485941 266.73401208221912 226.25047511607409 1171.6695628017187 17929.478353349492 790.57757176086307 332.64219974353909
leaf_count=5529 11709 305266 3902 16318 14256 5084 109937 9603 3291 2869 17365 277955 8756 4378
internal_value=-1.35878e-05 0.000370633 0.00777678 -3.79589e-05 0.0106818 -0.0100105 -0.00225315 -0.000299358 -0.00237284 -0.0203594 0.00180758 -0.000928164 -0.0177462 0.00307175
internal_weight=51992.9 44379.2 3681.58 2655.79 1279.94 1375.84 7613.66 40697.7 20511.7 1524.91 20186 18986.8 1057.31 558.893
internal_count=796218 680752 51269 39560 18158 21402 115466 629483 306852 16850 322631 290002 12047 7247
is_linear=0
shrinkage=0.05


Tree=365
num_leaves=15
num_cat=0
split_feature=31 33 2 33 1 7 1 2 2 3 15 15 22 0
split_gain=19.3123 32.8114 66.4672 57.8799 46.3712 36.0727 34.6628 32.3738 113.55 91.7463 88.0345 81.8477 64.632 32.957
threshold=0.26300000000000007 -3.9549999999999996 0.94585000000000008 -5.8849999999999989 0.26990000000000008 2381.5000000000005 0.27105000000000007 0.064700000000000021 0.068350000000000008 2821.0000000000005 2.7028954204178484 3.5315340190116467 -0.0021194999999999994 0.74500000000000011
decision_type=2 2 2 2 2 2 2 2 2 2 2 2 2 2
left_child=1 3 4 7 5 -3 -6 9 13 12 -11 -10 -1 -9
right_child=-2 2 -4 -5 6 -7 -8 8 11 10 -12 -13 -14 -15
leaf_value=-0.010644134929368354 0.00091036753894320867 -0.0015307789679053019 -0.024677265314440863 0.011890040862021155 -0.04196282806375716 0.019984239548732942 -0.0079160422337120184 -0.0300846187701336 -0.00031031035096643864 -0.018044364054054147 0.00057297206485813648 -0.014860387448191759 0.012685346165005544 0.0017027441913881648
leaf_weight=344.26560569927096 27954.812282326631 641.33967457897961 424.0523933917284 910.35932964831591 84.09358936548233 279.7150968555361 667.82080516777933 461.31988088041544 11990.834797205403 752.78098046965897 4054.6290395632386 1051.1706500910223 2153.6173456301913 99.031962249428034
leaf_count=5909 398498 13332 5359 14551 613 4020 14240 4856 205556 10374 69166 14962 32617 2030
internal_value=1.8017e-05 -0.00102507 -0.00699875 -0.000450886 -0.00251651 0.00500458 -0.0117289 -0.000988288 -0.00243015 0.00169644 -0.00234259 -0.00148313 0.00946971 -0.0244675
internal_weight=51869.8 23915 2097.02 21818 1672.97 921.055 751.914 20907.7 13602.4 7305.29 4807.41 13042 2497.88 560.352
internal_count=796083 397585 37564 360021 32205 17352 14853 345470 227404 118066 79540 220518 38526 6886
is_linear=0
shrinkage=0.05


Tree=366
num_leaves=15
num_cat=0
split_feature=1 1 33 1 15 1 23 3 26 18 3 2 23 23
split_gain=19.2195 42.2943 43.0902 55.4546 70.9578 39.8987 38.8018 36.5883 56.348 66.309 52.5305 74.9977 159.322 110.349
threshold=0.30820000000000003 0.35400000000000004 -29.895 0.31875000000000003 2.8265409023160699 0.30695000000000006 0.00096150000000000011 549.00000000000011 -0.00050749999999999981 0.00052196580032453602 1581.0000000000002 0.94990000000000008 0.00039350000000000002 0.00042550000000000004
decision_type=2 2 2 2 2 2 2 2 2 2 2 2 2 2
left_child=5 2 3 -2 6 7 -5 8 9 -1 11 13 -13 -9
right_child=1 -3 -4 4 -6 -7 -8 10 -10 -11 -12 12 -14 -15
leaf_value=-0.020480368529259361 -0.021389981026360236 0.0024702931339276157 0.0011090791179012565 0.010971635579144412 -0.0094796477823752365 0.012107426729565711 -0.027949454496700516 0.028225591246396731 -0.020754261192368385 0.039913168952773893 -4.4865399751180208e-05 -0.037338557956541091 0.031333625613047381 0.0040633344532599973
leaf_weight=84.410289073362947 624.29476746916771 3321.6531830430031 2134.8794930595905 745.21888841316104 2362.2455011773854 723.41601144522429 69.959163013845682 624.45377847738564 465.53185773268342 98.252464739605784 38254.694910857826 248.0161397177726 127.95888174138963 1941.5363950394094
leaf_count=978 8564 55020 38736 11561 40550 12089 2230 7338 4297 1103 583953 3047 1461 25156
internal_value=1.70473e-05 -0.00204758 -0.00457542 -0.00776753 -0.00509043 0.00046609 0.00762838 0.000264805 -0.0115211 0.0120088 0.000450275 0.00688842 -0.0139646 0.00994428
internal_weight=51826.5 9258.25 5936.6 3801.72 3177.42 42568.3 815.178 41844.9 648.195 182.663 41196.7 2941.97 375.975 2565.99
internal_count=796083 156661 101641 62905 54341 639422 13791 627333 6378 2081 620955 37002 4508 32494
is_linear=0
shrinkage=0.05


Tree=367
num_leaves=15
num_cat=0
split_feature=1 1 0 3 1 23 0 33 1 2 1 2 2 23
split_gain=19.2373 78.1574 213.984 104.019 141.162 129.177 75.5691 77.6385 114.348 85.1069 81.3922 78.5065 113.141 72.3155
threshold=0.22825000000000004 0.23960000000000004 0.69500000000000006 2648.0000000000005 0.23245000000000002 0.00088650000000000003 0.69500000000000006 -37.059999999999995 0.20050000000000004 0.94455000000000011 0.21860000000000004 0.92700000000000016 0.068900000000000003 0.00046350000000000004
decision_type=2 2 2 2 2 2 2 2 2 2 2 2 2 2
left_child=6 2 -2 4 -4 -5 13 8 9 -8 -10 12 -9 -1
right_child=1 -3 3 5 -6 -7 7 11 10 -11 -12 -13 -14 -15
leaf_value=0.023733131773028354 0.027152059947666354 -0.00021350519525927789 -0.021316238420440219 -0.018403104141178541 0.019151776123363343 0.017179880544363157 0.0075572019738135189 -0.016088384690761872 -0.02655604956275652 -0.012364178190244914 -0.0046884426353619281 -0.0088818983839236941 0.01771933245068642 -0.02194962912993113
leaf_weight=98.173120085150003 998.39989256858826 40559.55102086626 275.60552321001887 1029.1075267754495 986.75063598528504 339.00447886437178 1917.3518879767507 297.42286512255669 775.5155376996845 744.10869978554547 942.83316114544868 600.96923485025764 1471.467449337244 732.01024617999792
leaf_count=1257 11665 629482 3925 16283 14270 5074 31842 4529 9502 11609 15955 9062 21558 10070
internal_value=1.62894e-05 0.000415486 0.00744549 -3.49358e-05 0.0103156 -0.00958539 -0.00231089 -0.000559906 -0.00450446 0.0019872 -0.0145586 0.00673003 0.0120343 -0.0165452
internal_weight=51768.3 44188.4 3628.87 2630.47 1262.36 1368.11 7579.85 6749.67 4379.81 2661.46 1718.35 2369.86 1768.89 830.183
internal_count=796083 680699 51217 39552 18195 21357 115384 104057 68908 43451 25457 35149 26087 11327
is_linear=0
shrinkage=0.05


Tree=368
num_leaves=15
num_cat=0
split_feature=9 33 33 31 3 3 33 3 23 1 23 33 33 33
split_gain=19.5062 27.2045 41.6897 32.9894 26.889 87.5505 136.104 102.347 82.2317 77.6842 18.5082 21.6325 29.642 24.5633
threshold=0.86150000000000004 -203.17999999999998 -200.62999999999997 0.32050000000000006 3191.0000000000005 3029.5000000000005 -180.34999999999997 3021.5000000000005 0.0012395000000000004 0.27525000000000005 0.0014155000000000003 -3.9549999999999996 -1.3049999999999999 -24.094999999999995
decision_type=2 2 2 2 2 2 2 2 2 2 2 2 2 2
left_child=1 -1 3 -3 5 7 -7 -4 9 -6 11 13 -13 -2
right_child=10 2 4 -5 8 6 -8 -9 -10 -11 -12 12 -14 -15
leaf_value=0.015009312622794424 -0.0041035256419129154 -0.039137983465960369 0.00052025769093280456 -0.0063707302799978832 0.0086650162973723188 0.016889031402617782 -0.0088820926110394667 0.027943023476751306 -0.014756247723072595 0.00031897022916386493 0.0067788220884100539 -0.027194412038945966 -0.0035843227489090988 0.0024515213357101042
leaf_weight=317.47686419263482 4753.9341129940003 112.26428794488311 24622.877961483784 242.93747170828283 4360.6448542512953 573.38216847926378 4804.2922902945429 344.91363943368196 662.9144238345325 7731.2198311015964 527.09783205576241 210.02914832532406 361.98866610601544 2043.3495429717004
leaf_count=4732 97543 977 338349 4583 68558 8616 73513 3995 11431 124479 9773 3478 7518 38538
internal_value=1.57798e-05 0.000428402 0.000321843 -0.0167352 0.000462453 -0.000347216 -0.00613404 0.000899196 0.00238876 0.00332882 -0.00227153 -0.00291895 -0.0122565 -0.00213299
internal_weight=51669.3 43772.9 43455.4 355.202 43100.2 30345.5 5377.67 24967.8 12754.8 12091.9 7896.4 7369.3 572.018 6797.28
internal_count=796083 639233 634501 5560 628941 424473 82129 342344 204468 193037 156850 147077 10996 136081
is_linear=0
shrinkage=0.05


Tree=369
num_leaves=15
num_cat=0
split_feature=2 2 33 2 3 11 13 11 26 0 3 3 33 33
split_gain=19.9626 80.8194 58.755 103.182 77.2492 110.11 89.0803 63.6831 62.5665 60.7942 51.1433 95.4485 138.115 286.157
threshold=0.94510000000000016 0.94455000000000011 -4.1249999999999991 0.94585000000000008 3403.5000000000005 0.7895000000000002 0.050000000000000024 0.84250000000000014 -0.00048049999999999997 0.66500000000000015 3191.0000000000005 2877.0000000000005 -37.059999999999995 -65.664999999999978
decision_type=2 2 2 2 2 2 2 2 2 2 2 2 2 2
left_child=1 10 4 -4 5 -2 8 -8 -7 -6 11 -1 13 -13
right_child=2 -3 3 -5 9 6 7 -9 -10 -11 -12 12 -14 -15
leaf_value=0.00063935691648480558 0.019088665430598714 -0.018633771228734122 0.018556065528333821 -0.01194370777325693 0.0068808910215695396 0.014800801419944177 0.014209658147636939 -0.0006414040821414547 -0.043339775745608218 -0.026007839748518731 0.0024609249076834811 -0.0093323229982610299 -0.013134863385113396 0.013026360443757674
leaf_weight=21001.97885226272 1372.5577192269266 597.90957924164832 349.42973770946264 1341.8580306489021 241.68793119490147 63.551798462867737 1104.8822868987918 2081.8731411416084 169.67420411854982 335.42932294681668 13302.706055920571 3732.1756736943498 3592.6951547265053 2320.8450417723507
leaf_count=300239 17854 10060 5107 22638 4469 602 16425 42125 1267 4152 225549 59734 54780 31082
internal_value=1.51382e-05 -0.000376363 0.00248513 -0.00564156 0.00504486 0.007126 0.00232455 0.0045079 -0.0274975 -0.0122357 -0.000127943 -0.00125165 -0.00536898 -0.000759498
internal_weight=51609.3 44548.3 7060.94 1691.29 5369.66 4792.54 3419.98 3186.76 233.226 577.117 43950.4 30647.7 9645.72 6053.02
internal_count=796083 681444 114639 27745 86894 78273 60419 58550 1869 8621 671384 445835 145596 90816
is_linear=0
shrinkage=0.05


Tree=370
num_leaves=15
num_cat=0
split_feature=31 2 2 1 1 1 15 23 0 15 7 15 2 0
split_gain=22.4726 37.2228 72.1063 61.9455 136.171 138.429 59.4809 74.6493 76.9765 62.4558 67.9034 66.8755 59.3015 56.0538
threshold=0.30500000000000005 0.066200000000000023 0.064700000000000021 0.23805000000000001 0.26360000000000006 0.27475000000000005 2.7962285914078522 0.0011505000000000003 0.74500000000000011 3.4843933094152604 3402.5000000000005 3.4949291323639406 0.060300000000000006 0.7350000000000001
decision_type=2 2 2 2 2 2 2 2 2 2 2 2 2 2
left_child=-1 2 3 -2 12 -6 7 -3 -9 10 13 -11 -5 -8
right_child=1 6 -4 4 5 -7 9 8 -10 11 -12 -13 -14 -15
leaf_value=-0.0009133462481635586 -0.011347227890342832 0.0071042121882335073 -0.021467777867314668 0.043604458659679837 -0.01905610124403424 0.002159069849196703 -0.0072081582600332433 -0.015515876215363414 0.055182347989043846 0.033388898904576914 0.052785816541994005 0.0028917937702414454 0.010713905999571761 0.028533662229676366
leaf_weight=29421.132758848369 1102.5489294454455 7196.6564891096205 421.85002671182156 243.98548265174031 882.75102942064404 5957.3696997594088 3288.062787419185 586.39583963528275 41.109666243195534 201.8508043140173 49.716372154653072 1636.0756749343127 312.70889105275273 113.38515355810523
leaf_count=475875 16712 100855 5610 3916 12754 87622 50092 7934 223 1937 432 25399 5436 1247
internal_value=-9.07026e-06 0.00119835 -0.00129318 -0.000291606 0.00135645 -0.00057909 0.00289338 0.00566205 -0.0108762 -0.00120235 -0.00516734 0.00624278 0.0251343 -0.00601592
internal_weight=51455.6 22034.5 8921.21 8499.36 7396.82 6840.12 13113.3 7824.16 627.506 5289.09 3451.16 1837.93 556.694 3401.45
internal_count=796044 320169 132050 126440 109728 100376 188119 109012 8157 79107 51771 27336 9352 51339
is_linear=0
shrinkage=0.05


Tree=371
num_leaves=15
num_cat=0
split_feature=12 5 33 2 1 2 2 33 3 11 1 2 1 26
split_gain=22.0124 22.8228 21.8351 25.2908 27.6371 21.7329 72.1597 51.3759 70.035 106.947 98.0047 62.8443 56.6335 53.7579
threshold=0.3050000000000001 304.73500000000007 -12.975 0.94005000000000016 0.33135000000000009 0.94510000000000016 0.94455000000000011 -4.1249999999999991 3403.5000000000005 0.84250000000000014 0.20995000000000003 0.94585000000000008 0.29555000000000003 -0.00065949999999999982
decision_type=2 2 2 2 2 2 2 2 2 2 2 2 2 2
left_child=5 -2 3 -3 -5 6 -1 8 9 10 -7 -9 -10 -11
right_child=1 2 -4 4 -6 7 -8 11 12 13 -12 -13 -14 -15
leaf_value=-0.00044449305040239137 -0.018535511321084757 0.0055259558940564408 -0.0012162940920127548 0.031019652788784258 -0.0031435152938943905 -0.0081986978114250379 -0.018299083792969722 0.014191181451741579 -0.025432414719037899 0.062173062013263884 0.01796502751884729 -0.012469796279860008 0.006534767656602338 -0.0028551950052184546
leaf_weight=41247.179682862014 108.05351225659251 1755.0477929264307 1000.5962106287479 210.19090506993234 82.369964551180601 430.71667782403529 573.6655607316643 284.15336497873068 327.41923698037863 32.193260483443737 2116.1836623605341 993.8014664798975 240.07327815890312 2006.7157642859966
leaf_count=624715 1339 32280 17940 2755 1627 4922 9691 4580 4110 289 30282 16656 4470 40388
internal_value=-8.70805e-06 0.0040366 0.00483732 0.00779543 0.0214033 -0.000273327 -0.000689451 0.0024326 0.00465804 0.00670857 0.0135402 -0.00654108 -0.0119102 -0.00182544
internal_weight=51408.4 3156.26 3048.2 2047.61 292.561 48252.1 41820.8 6431.26 5153.3 4585.81 2546.9 1277.95 567.493 2038.91
internal_count=796044 55941 54602 36662 4382 740103 634406 105697 84461 75881 35204 21236 8580 40677
is_linear=0
shrinkage=0.05


Tree=372
num_leaves=15
num_cat=0
split_feature=12 5 5 33 3 1 1 1 35 2 1 12 5 26
split_gain=20.6701 31.3279 30.2418 35.1853 40.4252 27.8989 74.0441 40.5347 32.3176 40.5886 29.8253 27.7109 30.9377 32.6331
threshold=0.20200000000000004 902.12500000000011 404.45500000000004 -203.17999999999998 3237.0000000000005 0.26550000000000001 0.25745000000000001 0.26950000000000002 1.0000000180025095e-35 0.066200000000000023 0.23960000000000004 0.010500000000000011 298.44500000000005 0.0014615000000000003
decision_type=2 2 2 2 2 2 2 2 2 2 2 2 2 2
left_child=1 11 3 -2 -5 6 8 -7 10 -10 -4 12 13 -1
right_child=2 -3 5 4 -6 7 -8 -9 9 -11 -12 -13 -14 -15
leaf_value=0.0082748699724161379 0.036687282603910264 -0.0021743472039656999 0.0067484176394470435 -0.01478276869168354 0.016685914389064995 -0.015347049442216125 0.028847301005549903 0.0024537563578980368 -0.016758515118037911 0.028729496783218192 -0.006552910138350067 -0.0005289320094972827 -0.00054677056127602796 8.0603037325043962e-05
leaf_weight=3384.7916854117066 43.471332214772701 16205.543339204043 1079.7100255787373 614.16342541575432 122.30250125750899 345.84128227457404 354.67435470223427 4233.3011714778841 61.747505467385054 237.13632216304541 691.11769183911383 18208.854968936183 3880.7364837676287 1895.337808765471
leaf_count=37806 374 295071 18418 7626 1408 5411 4909 70424 922 3608 12038 254071 61339 22619
internal_value=-8.13178e-06 -0.00043207 0.00236524 -0.00697352 -0.00955531 0.00340532 0.00774226 0.00110904 0.0041244 0.0193295 0.00155711 0.000599532 0.00284254 0.00533354
internal_weight=51358.7 43575.3 7783.47 779.937 736.466 7003.53 2424.39 4579.14 2069.71 298.884 1770.83 27369.7 9160.87 5280.13
internal_count=796044 670906 125138 9408 9034 115730 39895 75835 34986 4530 30456 375835 121764 60425
is_linear=0
shrinkage=0.05


Tree=373
num_leaves=15
num_cat=0
split_feature=31 2 1 11 33 3 23 2 3 13 23 13 0 11
split_gain=19.1733 63.6601 59.0286 50.6312 70.9887 48.4622 38.8266 36.4909 66.5712 53.9894 52.6182 41.6166 40.7335 64.4483
threshold=0.41500000000000004 0.92160000000000009 0.30820000000000003 0.75500000000000012 -86.589999999999989 3373.5000000000005 0.0011395000000000001 0.054250000000000007 2836.5000000000005 0.06950000000000002 0.0011015000000000003 0.0099999999999999829 0.67500000000000016 0.8045000000000001
decision_type=2 2 2 2 2 2 2 2 2 2 2 2 2 2
left_child=-1 7 3 4 -3 -4 -6 8 -2 10 -9 -10 -11 -14
right_child=1 2 5 -5 6 -7 -8 9 11 12 -12 -13 13 -15
leaf_value=-0.00047544823020762565 -0.016374778977084638 0.033058978642533252 -0.0068086176013794604 0.003400893428236719 0.013192279813731458 0.011976272192323702 -0.018546328640870104 -0.014409181368388278 0.029252028467621219 -0.002394524746523392 0.021365712369622994 0.0055415753232376319 -0.0083880048461858949 0.033143006603076418
leaf_weight=41601.11630074773 307.56264859065413 485.83528533764184 1097.7217861544341 1143.8381072543561 864.36754667572677 499.48570523411036 108.3592243231833 1364.7187263872474 220.56886791996658 2021.1540656648576 111.06590835005045 1147.5569510273635 162.94469221681356 218.7042138017714
leaf_count=641886 4655 5272 18446 19918 11964 7994 1565 18975 3374 32350 2003 21559 2734 3349
internal_value=-7.64421e-06 0.00198756 0.0066329 0.0112767 0.0174525 -0.000933743 0.00965514 -0.00152485 0.00464076 -0.00418866 -0.0117155 0.00936603 0.000434586 0.0154138
internal_weight=51355 9753.88 4199.61 2602.4 1458.56 1597.21 972.727 5554.28 1675.69 3878.59 1475.78 1368.13 2402.8 381.649
internal_count=796044 154158 65159 38719 18801 26440 13529 88999 29588 59411 20978 24933 38433 6083
is_linear=0
shrinkage=0.05


Tree=374
num_leaves=15
num_cat=0
split_feature=12 1 1 2 1 34 3 13 3 13 2 23 0 2
split_gain=17.9821 19.8198 43.359 49.0429 41.0806 94.6877 145.612 176.783 162.837 128.713 86.0415 153.59 154.175 138.769
threshold=0.3050000000000001 0.31060000000000004 0.31875000000000003 0.062400000000000004 0.27015000000000006 0.22500000000000003 3008.5000000000005 0.14949999999999999 3021.5000000000005 0.094000000000000097 0.053500000000000006 0.00056550000000000014 0.68500000000000016 0.055550000000000009
decision_type=2 2 2 2 2 2 2 2 2 2 2 2 2 2
left_child=1 4 3 -3 10 9 7 -7 -8 -6 11 12 -1 -12
right_child=-2 2 -4 -5 5 6 8 -9 -10 -11 13 -13 -14 -15
leaf_value=-0.019029329852743582 0.0036540050602233958 0.0011186627103775587 -0.0011574570505403299 -0.021896768281739518 -0.022096584726885485 0.017638643134261129 -0.038596395024814933 0.0010802488408093941 0.00037853148164031236 0.0053901846119944153 0.021930690330822834 -0.02175967700365641 0.026991139809187381 -0.00098182183410124892
leaf_weight=322.1995700225234 3147.8502416256815 390.63910408504307 6780.8086919505149 567.895991737023 902.56744268536568 3093.840292237699 276.29345726966858 3365.1745959650725 8817.2545568477362 806.32743618637323 682.73700319230556 1254.7598780840635 417.96536830812693 20499.051158666611
leaf_count=4588 55941 8108 114869 7682 10142 40035 2270 57426 144467 12415 9453 15482 6344 306822
internal_value=-7.26715e-06 -0.000246497 -0.00256463 -0.012518 0.000197169 0.00204379 0.00327134 0.0090118 -0.000806073 -0.00912763 -0.00117815 -0.0111048 0.00695821 -0.0002432
internal_weight=51325.4 48177.5 7739.34 958.535 40438.2 17261.5 15552.6 6459.01 9093.55 1708.89 23176.7 1994.92 740.165 21181.8
internal_count=796044 740103 130659 15790 609444 266755 244198 97461 146737 22557 342689 26414 10932 316275
is_linear=0
shrinkage=0.05


Tree=375
num_leaves=15
num_cat=0
split_feature=9 6 13 15 3 3 15 33 2 33 33 0 33 15
split_gain=17.2738 32.5029 44.9097 39.6861 96.5542 96.2717 65.9849 62.2321 107.02 74.8397 66.5459 38.649 33.6475 35.6056
threshold=0.68500000000000016 0.14819051560903282 0.079000000000000029 3.0834920248978341 1305.0000000000002 1407.0000000000002 3.2274271645380197 -164.21499999999997 0.056450000000000007 -114.74999999999999 -169.90499999999997 0.71550000000000014 -189.16499999999996 3.5315340190116467
decision_type=2 2 2 2 2 2 2 2 2 2 2 2 2 2
left_child=-1 3 -3 7 -5 -6 -7 10 -9 -10 11 -2 -4 -14
right_child=1 2 12 4 5 6 -8 8 9 -11 -12 -13 13 -15
leaf_value=0.0010654597876745696 0.0078914882888821945 -0.011022633416246102 -0.013561170352906611 0.047401384460340104 -0.047293200920625618 0.028757998947390097 0.0035133977838922997 -0.025708897833084096 -0.02677000193724512 0.0018104647590308825 0.027458641049678663 -0.011391398008473483 2.6962635078496265e-05 -0.0057823883934655131
leaf_weight=21879.115963870659 870.04285839386284 1239.6521267704666 537.7964192815125 138.33500717952847 86.451164849102497 290.85008936747909 2346.5654082931578 510.7075513266027 251.94260973483324 2510.9129743464291 327.86859312653542 370.40520661510527 16751.429566495121 3130.3698307275772
leaf_count=320408 13041 18077 12655 955 603 3002 28716 5709 2617 31587 3488 4541 292079 58539
internal_value=1.96404e-06 -0.000790466 -0.00178259 0.00199878 0.00666619 0.00459574 0.00629832 -0.000760362 -0.00468386 -0.00079664 0.00742897 0.00213305 -0.00122159 -0.000887738
internal_weight=51242.4 29363.3 21659.2 7704.08 2862.2 2723.87 2637.42 4841.88 3273.56 2762.86 1568.32 1240.45 20419.6 19881.8
internal_count=796017 475609 381350 94259 33276 32321 31718 60983 39913 34204 21070 17582 363273 350618
is_linear=0
shrinkage=0.05


Tree=376
num_leaves=15
num_cat=0
split_feature=15 15 33 3 1 15 1 3 3 1 3 3 11 15
split_gain=16.0158 52.8593 72.1223 53.3666 47.2389 45.9807 62.3031 33.6654 234.054 125.139 94.6926 152.752 87.6492 32.9164
threshold=3.5717949193831546 3.538891571506309 -62.099999999999994 2964.5000000000005 0.29150000000000004 3.53504376687845 0.27890000000000009 2298.0000000000005 2235.0000000000005 0.27950000000000008 2468.0000000000005 2486.0000000000005 0.7945000000000001 3.5932770349567842
decision_type=2 2 2 2 2 2 2 2 2 2 2 2 2 2
left_child=1 5 -3 -4 -5 7 -7 8 9 -1 12 -12 -9 -2
right_child=13 2 3 4 -6 6 -8 10 -10 -11 11 -13 -14 -15
leaf_value=-0.0032090179424726648 0.0077161890874408437 0.017348005879307994 -0.0018593970174469729 -0.013093113860029832 -0.040512480250314203 0.025409712178820838 -0.0076098274441030213 0.022818390371965411 -0.02657339469361554 0.011066316410485388 -0.02942662056397501 0.00048446788100754376 0.0011983109642164803 -0.0027878010251613798
leaf_weight=7142.6801676340401 1851.513035658747 266.32851263508201 1043.9896743223071 1033.2995574083179 185.19356240332127 401.24579697474837 221.75464930385351 906.33243955671787 922.29457826912403 1955.3585129082203 432.39067050814629 32647.358136838302 970.94543715193868 1248.8300540391356
leaf_count=92793 33948 3980 18757 16842 1429 4962 4039 11685 10930 28589 4789 522455 18940 21879
internal_value=2.01148e-06 -0.000222372 -0.00725865 -0.0101559 -0.0172634 0.000167847 0.0136572 -1.90294e-05 -0.00257401 -0.000140863 0.000713355 9.34075e-05 0.0116369 0.00348519
internal_weight=51229.5 48129.2 2528.81 2262.48 1218.49 45600.4 623 44977.4 10020.3 9098.04 34957 33079.7 1877.28 3100.34
internal_count=796017 740190 41008 37028 18271 699182 9001 690181 132312 121382 557869 527244 30625 55827
is_linear=0
shrinkage=0.05


Tree=377
num_leaves=15
num_cat=0
split_feature=12 33 3 7 21 3 3 15 15 15 3 23 0 13
split_gain=16.6011 27.8168 38.529 77.0554 57.436 63.335 55.1308 84.0862 89.5979 45.9335 82.4141 43.868 40.5991 40.4665
threshold=0.20200000000000004 -191.69999999999996 1581.0000000000002 1387.5000000000002 0.00056350000000000009 462.00000000000006 1864.5000000000002 3.53504376687845 3.483533968180621 2.1383330595080281 3576.5000000000005 0.00060650000000000016 0.64500000000000013 0.23950000000000002
decision_type=2 2 2 2 2 2 2 2 2 2 2 2 2 2
left_child=1 -1 3 4 5 -3 7 8 -4 10 -8 -6 -11 -9
right_child=-2 2 6 -5 11 -7 9 13 -10 12 -12 -13 -14 -15
leaf_value=-0.0080846219998532993 0.0021373432394132799 -0.016856303577641677 -0.0060263507230870067 0.04046498816447866 -0.052144586669201312 0.0077220640261170467 0.0092768970071155192 0.038219758668106209 -0.033371041024041169 -0.0038116473532255023 -0.020459373449105964 -0.0051562180243147149 0.00025334845408454414 -0.0060910055594879881
leaf_weight=1140.1411310061812 7724.9619558677077 291.28801126219332 1092.9083640426397 146.55694759264588 75.305231768637896 2608.6498571000993 2298.4747783094645 125.51887151226401 412.61332224309444 7973.3094313554466 259.19671251997352 145.62259389087558 26747.390548545867 87.314099861308932
leaf_count=19076 124960 3273 15810 1298 542 33359 38307 1099 4001 131013 3767 1688 415779 2045
internal_value=1.74812e-06 -0.000378343 -0.000170435 0.0050449 0.00338032 0.00525276 -0.000607425 -0.00936355 -0.0135223 -0.000203785 0.00626271 -0.021189 -0.000680151 0.0200471
internal_weight=51129.3 43404.3 42264.1 3267.42 3120.87 2899.94 38996.7 1718.35 1505.52 37278.4 2557.67 220.928 34720.7 212.833
internal_count=796017 671057 651981 40160 38862 36632 611821 22955 19811 588866 42074 2230 546792 3144
is_linear=0
shrinkage=0.05


Tree=378
num_leaves=15
num_cat=0
split_feature=31 26 0 33 33 0 1 1 1 33 33 22 2 1
split_gain=16.1872 35.2854 69.0501 37.7067 52.2679 33.1818 104.895 101.091 101.04 172.622 111.59 78.33 77.4215 73.7121
threshold=0.26300000000000007 0.0030685000000000005 0.69500000000000006 -8.8899999999999988 -47.529999999999994 0.68500000000000016 0.2366 0.22410000000000005 0.25865000000000005 -20.879999999999995 -8.8899999999999988 -0.00068649999999999994 0.054350000000000002 0.25930000000000003
decision_type=2 2 2 2 2 2 2 2 2 2 2 2 2 2
left_child=-1 5 3 4 -3 8 7 12 9 -2 -11 -8 -7 -10
right_child=1 2 -4 -5 -6 6 11 -9 13 10 -12 -13 -14 -15
leaf_value=-0.00095800515538055743 -0.027014773315472407 -0.012174574442606787 -0.040577989066212211 -0.018765397626989078 0.01945324896267327 -0.013211979028707728 0.024271354709219577 -0.01899070065588767 0.024065768519603875 0.02249662556755401 -0.010237071853994747 0.0062814345153785261 0.0061298846565315352 0.00082899677194319906
leaf_weight=23623.947321970016 886.78918667137623 244.15262815356255 144.02802862972021 252.62735534831882 280.71484862081707 651.69948063604534 782.47915991581976 689.3154373690486 348.21866597607732 430.34174086153507 658.81795162707567 2668.2070825826377 2508.5737591832876 16920.619820937514
leaf_count=397564 9211 3550 1143 3232 4003 10571 8909 8552 4434 5325 8929 40476 36489 253629
internal_value=1.64081e-06 0.000827031 -0.00879087 -0.00289796 0.00474142 0.00116095 0.00403115 -0.00164329 7.21628e-05 -0.0106379 0.00269733 0.0103614 0.00214099 0.00129769
internal_weight=51090.5 27466.6 921.523 777.495 524.867 26545.1 7300.27 3849.59 19244.8 1975.95 1089.16 3450.69 3160.27 17268.8
internal_count=796017 398453 11928 10785 7553 386525 104997 55612 281528 23465 14254 49385 47060 258063
is_linear=0
shrinkage=0.05


Tree=379
num_leaves=15
num_cat=0
split_feature=1 0 1 2 2 7 23 1 11 7 23 33 1 11
split_gain=15.7854 102.467 82.8364 107.558 79.6121 54.2594 66.1123 53.4874 55.1226 45.3395 37.7214 90.9291 43.9121 30.2939
threshold=0.21260000000000004 0.69500000000000006 0.20800000000000005 0.9295500000000001 0.068900000000000003 2172.5000000000005 0.00048250000000000002 0.21860000000000004 0.89500000000000013 2072.5000000000005 0.00039350000000000002 -180.07499999999996 0.20050000000000004 0.69500000000000006
decision_type=2 2 2 2 2 2 2 2 2 2 2 2 2 2
left_child=1 13 3 5 -4 6 -3 8 -2 -6 11 -5 -12 -1
right_child=7 2 4 10 9 -7 -8 -9 -10 -11 12 -13 -14 -15
leaf_value=-0.065570928970962519 0.031753371312903365 0.026246891017680941 -0.029684727462561178 0.0080104056973470464 0.01734567089500226 0.024525375203939964 0.0014427278396746184 0.00013473237887166287 -0.0040843373059651902 -0.019991479308234167 0.00092115983037741392 -0.045020792363185638 -0.020029335504295327 -0.021499547326047117
leaf_weight=43.298531219363213 269.64963040873408 320.5359080825001 436.18888064846396 141.29777064919472 205.61421381868422 460.22427492588758 1656.7302528060973 45149.758568653837 178.13177348300815 134.35004609078169 1154.2177291978151 188.70467392168939 319.20150316134095 387.36327207460999
leaf_count=266 2736 4275 4868 2647 3251 5938 26994 706591 4044 1869 21021 1709 4598 5210
internal_value=1.37269e-06 -0.0025424 -0.000533092 0.00221553 -0.01555 0.00906456 0.00546487 0.000305293 0.0174991 0.00258891 -0.00704154 -0.0223188 -0.00361861 -0.0259447
internal_weight=51045.3 5447.73 5017.07 4240.91 776.153 2437.49 1977.27 45597.5 447.781 339.964 1803.42 330.002 1473.42 430.662
internal_count=796017 82646 77170 67182 9988 37207 31269 713371 6780 5120 29975 4356 25619 5476
is_linear=0
shrinkage=0.05


Tree=380
num_leaves=15
num_cat=0
split_feature=9 33 33 31 1 1 2 3 1 0 11 5 2 2
split_gain=14.862 25.5304 38.7177 30.0797 23.6376 84.2034 72.4531 53.1499 150.953 79.268 16.2864 16.6094 21.5282 15.0845
threshold=0.86150000000000004 -203.17999999999998 -200.62999999999997 0.32050000000000006 0.2909000000000001 0.28830000000000006 0.053500000000000006 2885.0000000000005 0.29505000000000009 0.67500000000000016 0.97350000000000014 2311.0050000000006 0.051900000000000009 0.94585000000000008
decision_type=2 2 2 2 2 2 2 2 2 2 2 2 2 2
left_child=1 -1 3 -3 5 6 -4 8 -6 -9 11 -2 -13 -14
right_child=10 2 4 -5 7 -7 -8 9 -10 -11 -12 12 13 -15
leaf_value=0.014609687151960607 -0.0023703528026289373 -0.037890794496510644 -0.0058865376049323237 -0.006370284705905842 0.031483089554001024 0.020863963169550359 0.0018207918987722016 -0.0028173080707746753 0.00022771151892855173 -0.042766560648776354 0.0029920095026757265 -0.036895785002282667 -0.0023147339655065018 -0.030191427861792464
leaf_weight=312.75593229755759 6121.6938560958952 110.10025503113866 3483.184386077337 241.84807490557432 428.9959752522409 536.07335782051086 24469.61170970276 9510.9040289409459 3873.9145578891039 125.7143844589591 1361.5238053202629 75.44957073777914 271.14595630392432 59.011079277843237
leaf_count=4710 122322 995 53128 4559 4311 7246 348271 155424 59741 901 27184 815 5929 604
internal_value=1.31203e-05 0.000378382 0.000274307 -0.0162388 0.000411323 0.00123685 0.000860368 -0.00127583 0.0033445 -0.0033389 -0.00198212 -0.0030197 -0.0128171 -0.00730495
internal_weight=50981.9 43093.1 42780.3 351.948 42428.4 28488.9 27952.8 13939.5 4302.91 9636.62 7888.82 6527.3 405.607 330.157
internal_count=796140 639286 634576 5554 629022 408645 401399 220377 64052 156325 156854 129670 7348 6533
is_linear=0
shrinkage=0.05


Tree=381
num_leaves=15
num_cat=0
split_feature=12 2 2 3 11 33 0 2 0 0 0 33 3 23
split_gain=15.2786 19.5118 64.8983 50.0619 66.9531 87.3267 84.3307 54.7051 54.4294 41.2337 76.5432 53.917 47.1737 45.3973
threshold=0.3050000000000001 0.94510000000000016 0.94455000000000011 3403.5000000000005 0.84250000000000014 -4.1249999999999991 0.74500000000000011 0.94585000000000008 0.66500000000000015 0.74500000000000011 0.7350000000000001 -159.01999999999995 3191.0000000000005 0.00052250000000000007
decision_type=2 2 2 2 2 2 2 2 2 2 2 2 2 2
left_child=1 2 9 4 5 6 -3 -7 -5 10 12 -12 -1 -11
right_child=-2 3 -4 8 -6 7 -8 -9 -10 13 11 -13 -14 -15
leaf_value=-0.0015328427872700681 0.0033925607961610275 0.017215221912288747 -0.017441415248506727 0.0063275169487836003 -0.0026142266782426819 0.030116549342033772 -0.0072112580201516251 -0.0094738604305301885 -0.025184384968483388 0.027602772476901051 0.0029081016701886257 -0.027424512660988894 0.0022340211937330826 0.0038082622808340324
leaf_weight=26905.121580746025 3137.3778830971569 2077.1928720884025 564.51414117962122 236.99799926578999 2420.1563875041902 97.885577276349068 425.71489313989878 796.76117028295994 324.66940261051059 249.9924932308495 217.94147634133697 446.73115298897028 12026.723851699382 1010.1857832092792
leaf_count=390321 55851 30270 9645 4431 46799 1034 4899 14222 4100 3222 4046 6579 204743 15978
internal_value=1.25607e-05 -0.000209291 -0.000605735 0.00236478 0.00374109 0.00826807 0.0130604 -0.00513929 -0.011889 -0.000373075 -0.000656453 -0.0174797 -0.00036919 0.0085304
internal_weight=50938 47800.6 41421.2 6379.38 5817.71 3397.55 2502.91 894.647 561.667 40856.7 39596.5 664.673 38931.8 1260.18
internal_count=796140 740289 634534 105755 97224 50425 35169 15256 8531 624889 605689 10625 595064 19200
is_linear=0
shrinkage=0.05


Tree=382
num_leaves=15
num_cat=0
split_feature=15 2 15 13 15 33 0 15 1 33 22 11 15 23
split_gain=14.9418 50.3642 70.0935 63.7158 46.8271 65.6948 47.5466 41.9948 56.8737 35.2045 31.572 67.0869 29.4431 173.865
threshold=3.5717949193831546 0.056600000000000004 3.5932770349567842 0.052000000000000053 3.538891571506309 -62.099999999999994 0.65500000000000014 3.53504376687845 0.27890000000000009 -59.334999999999994 -0.0041734999999999993 0.82850000000000013 3.5315340190116467 0.00056550000000000014
decision_type=2 2 2 2 2 2 2 2 2 2 2 2 2 2
left_child=4 2 -2 -3 7 -6 -7 10 -9 -8 11 -1 -12 -14
right_child=1 3 -4 -5 5 6 9 8 -10 -11 12 -13 13 -15
leaf_value=-0.037046163580491835 0.0035130260814867477 0.023116528773997162 -0.027988473348826551 0.0027809108492806598 0.016750108779066408 -0.043562948339494097 -0.025553945685816495 0.02444158611579373 -0.007288830362806184 -0.005723672490135185 0.00035695556656446803 -0.0015428199479547641 0.010373400842234844 -0.029956255422864717
leaf_weight=177.97325573116541 496.75582595355809 488.17799706012011 273.86285907775164 1824.5753485262394 263.47996495291591 98.645357646048069 253.83643617480993 396.11253077536821 219.37455340102315 1887.6125529501587 42895.514732750133 526.38604471832514 586.13470614701509 491.03735382854939
leaf_count=1534 9859 6390 3119 36424 3994 690 3021 5020 4022 33265 663255 10702 9283 5562
internal_value=1.20762e-05 0.00338554 -0.00768417 0.00707418 -0.000205556 -0.00686206 -0.00963995 0.000162401 0.0131327 -0.00807534 -1.63118e-05 -0.0105176 0.000151922 -0.00801226
internal_weight=50879.5 3083.37 770.619 2312.75 47796.1 2503.57 2240.09 45292.5 615.487 2141.45 44677 704.359 43972.7 1077.17
internal_count=796140 55792 12978 42814 740348 40970 36976 699378 9042 36286 690336 12236 678100 14845
is_linear=0
shrinkage=0.05


Tree=383
num_leaves=15
num_cat=0
split_feature=12 5 3 3 23 3 15 7 35 34 23 3 23 0
split_gain=14.8471 45.334 38.0799 93.5007 76.2554 66.7652 66.3259 86.9024 78.6098 50.1044 114.044 92.2518 48.3241 46.9699
threshold=0.15000000000000002 247.09500000000003 1699.0000000000002 1864.5000000000002 0.00054750000000000013 1756.0000000000002 2.5374509047468101 1387.5000000000002 1.0000000180025095e-35 0.83350000000000013 0.00023450000000000004 1034.5000000000002 0.00048250000000000002 0.65500000000000014
decision_type=2 2 2 2 2 2 2 2 2 2 2 2 2 2
left_child=2 -2 6 4 -4 -6 8 9 -1 11 -11 -8 -9 -10
right_child=1 -3 3 -5 5 -7 7 12 13 10 -12 -13 -14 -15
leaf_value=-0.064805507026510348 -0.010362077851161011 0.0024370127789422338 -0.032625998999424588 -0.00054826085683499994 0.0094372638694232187 -0.028898533267875837 -0.012734057362194543 0.044235563023778679 0.018515740857386123 -0.031182809758293073 0.035222619745599565 0.0072628848502757125 0.012473290483551336 -0.018527805578820191
leaf_weight=65.101702973246574 739.92805740423501 10624.814675919712 413.60071686282754 34574.53775456734 332.18159631639719 172.45608891546726 844.60068242251873 208.80054229311645 133.06530921533704 83.050432756543159 290.77455109916627 1818.0782947968692 280.87838864885271 239.3499976284802
leaf_count=298 8532 171604 4088 553354 6000 1950 8808 1597 1946 840 2782 27152 3621 3568
internal_value=1.12407e-05 0.00160361 -0.000447417 -0.000966507 -0.016713 -0.00366683 0.00420065 0.00647901 -0.0141591 0.0033265 0.0204653 0.000919623 0.0260231 -0.0052906
internal_weight=50821.2 11364.7 39456.5 35492.8 918.238 504.638 3963.7 3526.18 437.517 3036.5 373.825 2662.68 489.679 372.415
internal_count=796140 180136 616004 565392 12038 7950 50612 44800 5812 39582 3622 35960 5218 5514
is_linear=0
shrinkage=0.05


Tree=384
num_leaves=15
num_cat=0
split_feature=0 1 33 13 3 1 3 1 3 3 3 7 3 0
split_gain=14.6781 40.0359 37.504 53.6748 36.322 37.7908 114.899 83.0827 122.821 86.8318 80.7851 65.0096 55.1226 122.606
threshold=0.62500000000000011 0.35400000000000004 -9.384999999999998 0.090000000000000011 3564.0000000000005 0.27415000000000006 2468.0000000000005 0.27830000000000005 3403.5000000000005 2600.0000000000005 1407.0000000000002 538.50000000000011 3135.0000000000005 0.68500000000000016
decision_type=2 2 2 2 2 2 2 2 2 2 2 2 2 2
left_child=1 2 -1 -4 5 12 10 8 -8 -9 11 -7 13 -2
right_child=4 -3 3 -5 -6 6 7 9 -10 -11 -12 -13 -14 -15
leaf_value=-0.0070629440588900333 -0.0075417551029225392 0.0024014479430174325 0.027749517457521578 -0.0023587566133908971 -0.012934083597309727 0.024710070627054992 0.017906990075324168 -0.016447294022170642 -0.020841567535612102 0.00060822928338476255 0.017771862947629957 -0.027458295506066533 0.0038040549086033014 0.00080360912083302875
leaf_weight=3779.7550772689283 6502.1122857723385 3089.8326052799821 193.34563808888197 630.4031198695302 506.91104738973081 86.514317812398076 1305.5172484889627 792.4813814945519 242.39942258968949 12768.169689739123 1699.241704730317 192.25499849766493 5381.094003720209 13619.902572708204
leaf_count=62471 90274 50858 2785 11770 9601 1210 19381 11295 3438 208687 25346 2204 92221 204599
internal_value=1.06069e-05 -0.00200116 -0.00495614 0.0047106 0.000369738 0.000528113 0.00234772 0.000864128 0.0118381 -0.000388606 0.0136792 -0.0112651 -0.000690994 -0.00189309
internal_weight=50789.9 7693.34 4603.5 823.749 43096.6 42589.7 17086.6 15108.6 1547.92 13560.7 1978.01 278.769 25503.1 20122
internal_count=796140 127884 77026 14555 668256 658655 271561 242801 22819 219982 28760 3414 387094 294873
is_linear=0
shrinkage=0.05


Tree=385
num_leaves=15
num_cat=0
split_feature=31 6 13 15 3 3 15 33 2 33 33 23 22 33
split_gain=15.6827 30.6636 39.8805 34.7505 83.0306 78.0613 57.0128 53.544 97.1749 63.7079 57.7919 35.3124 33.4925 39.5385
threshold=0.30500000000000005 0.14568953196197915 0.079000000000000029 3.0834920248978341 1305.0000000000002 1407.0000000000002 3.2274271645380197 -164.21499999999997 0.056450000000000007 -114.74999999999999 -169.90499999999997 0.00075950000000000008 -0.0017214999999999997 -6.129999999999999
decision_type=2 2 2 2 2 2 2 2 2 2 2 2 2 2
left_child=1 3 12 7 -5 -6 -7 10 -9 -10 11 -1 -3 -14
right_child=-2 2 -4 4 5 6 -8 8 9 -11 -12 -13 13 -15
leaf_value=-0.00294669904218652 0.0010145283746971193 -0.04205770009648787 -0.0011837052585343291 0.044846802610311619 -0.044934189360969073 0.027475470108576462 0.003393736746436084 -0.02477013517905708 -0.024873776496128722 0.0018788192023065928 0.026264807045352064 0.016466221013571869 -0.0049360288488811037 -0.033506605541593106
leaf_weight=893.5897192331031 21595.571851626039 78.067282058298588 20374.000201342627 133.91374542936683 77.409090526401997 275.53558081388474 2269.0952575746924 490.75815819203854 244.85118982195854 2431.8450878113508 312.22829286754131 317.36981518007815 1041.452889630571 136.93547139316797
leaf_count=13448 319707 673 364783 942 571 2915 28227 5620 2554 30917 3417 3870 16458 1387
internal_value=-6.14112e-06 -0.000764195 -0.00171689 0.00200311 0.00645907 0.00449688 0.00600231 -0.000615033 -0.00431952 -0.000569216 0.00708818 0.002142 -0.0103619 -0.00825865
internal_weight=50672.6 29077.1 21630.5 7446.6 2755.95 2622.04 2544.63 4690.64 3167.45 2676.7 1523.19 1210.96 1256.46 1178.39
internal_count=795489 475782 383301 92481 32655 31713 31142 59826 39091 33471 20735 17318 18518 17845
is_linear=0
shrinkage=0.05


Tree=386
num_leaves=15
num_cat=0
split_feature=1 0 1 2 2 7 23 1 11 7 23 33 1 2
split_gain=15.1016 91.8828 67.5679 90.6506 68.8921 51.7914 55.7261 48.1086 51.2801 40.9293 34.4216 77.4284 38.6971 28.6271
threshold=0.21260000000000004 0.69500000000000006 0.20800000000000005 0.9295500000000001 0.068900000000000003 2172.5000000000005 0.00048250000000000002 0.21860000000000004 0.89500000000000013 2072.5000000000005 0.00039350000000000002 -180.07499999999996 0.20050000000000004 0.073650000000000007
decision_type=2 2 2 2 2 2 2 2 2 2 2 2 2 2
left_child=1 -1 3 5 -4 6 -3 8 -2 -6 11 -5 -12 -7
right_child=7 2 4 10 9 13 -8 -9 -10 -11 12 -13 -14 -15
leaf_value=-0.02502759719282685 0.030897767583730341 0.024257273192648532 -0.027929541935350733 0.0066982907552700912 0.016537377191346136 0.04065798631140758 0.0010557772410194062 0.00012952970434368998 -0.0039065713555803535 -0.019351608971373526 0.00078527470759426137 -0.043287467175051234 -0.019084949341236709 0.014177210807159482
leaf_weight=417.86199917271733 260.54021798074245 307.02289860323071 418.01934277638793 136.52160619199276 203.49446475878358 158.38486932218075 1644.9637856706977 44877.348226808012 178.15141067653894 130.17700469121337 1149.5540822092444 178.94481689296663 311.29894141666591 287.19062037020922
leaf_count=5424 2709 4218 4868 2617 3272 1278 26963 706325 4032 1840 21070 1694 4583 4596
internal_value=-5.82061e-06 -0.00251981 -0.000609886 0.00187541 -0.0144083 0.00821777 0.00470614 0.000290621 0.0167662 0.00253422 -0.00668508 -0.0216603 -0.00344997 0.0235971
internal_weight=50659.5 5343.43 4925.57 4173.88 751.691 2397.56 1951.99 45316 438.692 333.671 1776.32 315.466 1460.85 445.575
internal_count=795489 82423 76999 67019 9980 37055 31181 713066 6741 5112 29964 4311 25653 5874
is_linear=0
shrinkage=0.05


Tree=387
num_leaves=15
num_cat=0
split_feature=12 3 3 23 3 1 1 1 33 1 33 15 7 15
split_gain=14.8874 40.6545 81.1556 68.5216 70.7117 53.7572 80.3347 123.934 77.2689 72.1054 69.1419 49.8272 78.1585 75.6783
threshold=0.12000000000000006 1699.0000000000002 1864.5000000000002 0.00054750000000000013 1756.0000000000002 0.22825000000000004 0.24305000000000002 0.25905000000000006 -57.444999999999993 0.21960000000000005 -169.90499999999997 3.4875444300167988 1315.5000000000002 3.5341157718557406
decision_type=2 2 2 2 2 2 2 2 2 2 2 2 2 2
left_child=1 11 3 -3 -5 9 8 -8 -7 10 -4 -1 13 -13
right_child=-2 2 5 4 -6 6 7 -9 -10 -11 -12 12 -14 -15
leaf_value=0.0011432232780176428 0.0013500460857706754 -0.031959687969840958 -0.023525819569889111 0.0093877038203070296 -0.033370295465956754 -0.0031858542684826685 -0.0080358281099386121 0.0007787091689934471 0.013161078441215765 -0.025397712422696391 -0.00062932985045770435 0.0195646414821566 0.044543385845132337 -0.014419461813860774
leaf_weight=2765.5699095921591 14463.077611718327 385.02038925886154 382.80408947356045 323.48125730827451 137.8026162981987 1108.7104598209262 4963.1098659131676 20290.420092582703 2077.0468924306333 449.83653294667602 2373.8140934947878 456.37012163922191 176.36246011406183 255.42830134928226
leaf_count=36121 228838 3886 4915 5840 1351 17594 74899 332066 29581 5508 43576 6438 1311 3565
internal_value=-5.65115e-06 -0.000548111 -0.00111042 -0.0163899 -0.00339016 -0.000701753 -9.77879e-06 -0.000953649 0.00747208 -0.00683895 -0.00380964 0.00445234 0.014755 0.00736916
internal_weight=50608.9 36145.8 32492 846.304 461.284 31645.7 28439.3 25253.5 3185.76 3206.45 2756.62 3653.73 888.161 711.798
internal_count=795489 566651 519216 11077 7191 508139 454140 406965 47175 53999 48491 47435 11314 10003
is_linear=0
shrinkage=0.05


Tree=388
num_leaves=15
num_cat=0
split_feature=2 2 33 2 3 11 13 22 11 0 3 3 2 15
split_gain=15.4688 58.3858 46.0579 81.3843 61.3735 82.5694 69.6317 51.2577 46.8012 46.276 38.8253 78.7914 116.812 99.6914
threshold=0.94510000000000016 0.94455000000000011 -4.1249999999999991 0.94585000000000008 3403.5000000000005 0.7895000000000002 0.050000000000000024 -0.00051649999999999992 0.84250000000000014 0.66500000000000015 3191.0000000000005 2877.0000000000005 0.050150000000000007 3.5727776372294477
decision_type=2 2 2 2 2 2 2 2 2 2 2 2 2 2
left_child=1 10 4 -4 5 -2 7 -7 -8 -6 11 -1 -13 -14
right_child=2 -3 3 -5 9 6 8 -9 -10 -11 -12 12 13 -15
leaf_value=0.00060846019951563612 0.017069923705958997 -0.016116916787583396 0.016777213221524614 -0.010705858160325396 0.0056093089901539184 0.014814808526364555 0.012727388468214217 -0.03980492717845302 -0.00020001376241933263 -0.023646798435265123 0.0021284033691918521 0.016997047317745245 -0.0083686364810301086 0.0073138031367338931
leaf_weight=20516.492529342882 1300.803389640525 579.42984606511891 338.72674748301506 1314.0439054965973 234.66744488105178 58.744356915354729 1052.6222359184176 159.24936622753739 2090.2902541216463 318.56918461620808 13119.054772412404 571.8973736949265 7731.6680002156645 1166.1511028297246
leaf_count=300149 17808 10041 5149 22729 4450 568 16340 1288 42164 4177 225204 8238 116402 20782
internal_value=-5.41624e-06 -0.00035221 0.00220047 -0.00507267 0.00450559 0.00637424 0.0022342 -0.0250861 0.00412989 -0.0112384 -0.00014026 -0.00113281 -0.00490531 -0.00631323
internal_weight=50552.4 43684.7 6867.72 1652.77 5214.95 4661.71 3360.91 217.994 3142.91 553.237 43105.3 29986.2 9469.72 8897.82
internal_count=795489 680816 114673 27878 86795 78168 60360 1856 58504 8627 670775 445571 145422 137184
is_linear=0
shrinkage=0.05


Tree=389
num_leaves=15
num_cat=0
split_feature=31 2 1 33 15 13 2 2 13 1 0 3 15 3
split_gain=14.9457 57.3817 53.0289 46.4173 37.9025 49.7802 44.5306 32.9643 57.4989 46.7506 102.042 47.7344 62.9186 37.4208
threshold=0.41500000000000004 0.92160000000000009 0.36130000000000007 -6.129999999999999 2.8265409023160699 0.049499999999999995 0.94430000000000014 0.054250000000000007 1.0000000180025095e-35 0.25025000000000003 0.64500000000000013 1913.0000000000002 2.9588524255452335 3295.0000000000005
decision_type=2 2 2 2 2 2 2 2 2 2 2 2 2 2
left_child=-1 7 3 4 5 -3 -6 8 -2 11 13 -9 -13 -11
right_child=1 2 -4 -5 6 -7 -8 9 -10 10 -12 12 -14 -15
leaf_value=-0.00042278619760191798 0.028190681076381563 0.0066173480161356799 -0.0081324908367408546 -0.0032429821883776643 -0.0020234754465219737 0.023137497838159937 0.022623229112328558 -0.0082316691560342086 0.00069001749985830808 0.0033633519278382196 -0.018959635663543341 0.02955289206643685 -0.0093278856808635315 -0.014247161576746921
leaf_weight=40834.603628023528 219.16482890583575 841.00973709858954 555.33589947596192 682.43000236153603 800.02424870058894 996.28474824875593 237.61664721556008 317.9460539445281 1427.5332682486624 1579.3268184065819 1114.9531140252948 317.71706019155681 154.64104660227895 372.76840063557029
leaf_count=641343 3409 13040 9422 11284 13690 14423 3081 5487 26115 25888 15282 4386 2721 5918
internal_value=-5.1551e-06 0.00176817 0.00623617 0.00847941 0.011262 0.0155763 0.00362218 -0.00157043 0.00435167 -0.00409861 -0.00689277 0.0067446 0.0168248 -7.58716e-08
internal_weight=50451.4 9616.75 4112.7 3557.37 2874.94 1837.29 1037.64 5504.05 1646.7 3857.35 3067.05 790.304 472.358 1952.1
internal_count=795489 154146 64940 55518 44234 27463 16771 89206 29524 59682 47088 12594 7107 31806
is_linear=0
shrinkage=0.05


Tree=390
num_leaves=15
num_cat=0
split_feature=9 26 0 33 33 33 2 7 33 33 15 33 33 15
split_gain=14.504 29.0966 50.815 31.8293 41.2607 27.4069 45.5312 40.115 38.1373 35.8863 27.2696 26.8692 79.0154 70.6706
threshold=0.70200000000000007 0.0030685000000000005 0.69500000000000006 -8.8899999999999988 -47.529999999999994 -3.9549999999999996 0.94585000000000008 2212.5000000000005 -4.0599999999999996 17.050000000000004 3.0588090625772382 -79.334999999999994 -94.149999999999991 2.4974295509100419
decision_type=2 2 2 2 2 2 2 2 2 2 2 2 2 2
left_child=1 -1 3 4 -3 8 7 10 11 -9 -7 12 13 -2
right_child=5 2 -4 -5 -6 6 -8 9 -10 -11 -12 -13 -14 -15
leaf_value=0.0011922246755829951 -0.016741048744981234 -0.012295953710807531 -0.040853685043516864 -0.019113067205770874 0.019310088274563014 -0.038436772624366296 -0.020489992636151359 0.013194279435835139 0.019459915931089873 -0.03344677567812291 -0.0056269600041230763 0.00068828958070586384 -0.016425606149168524 0.0005239452914366173
leaf_weight=23514.774930540472 652.40509378165007 193.18538688495755 106.34731427207589 214.92051026597619 221.61439272202551 66.765043511986732 441.59534816816449 474.25776299461722 241.18616934865713 45.072875864803791 1199.7026775088161 15664.126606838778 947.69364083558321 6468.4044867772609
leaf_count=348573 8938 2812 813 2825 3187 546 6182 7958 3474 428 25589 256826 14593 112962
internal_value=4.59611e-06 0.00088579 -0.00890255 -0.00350101 0.00459074 -0.000811004 -0.00611617 -0.00256084 -0.00031808 0.00914063 -0.00735951 -0.000519158 -0.00286327 -0.00105808
internal_weight=50452.1 24250.8 736.068 629.72 414.8 26201.2 2227.39 1785.8 23973.8 519.331 1266.47 23732.6 8068.5 7120.81
internal_count=795706 358210 9637 8824 5999 437496 40703 34521 396793 8386 26135 393319 136493 121900
is_linear=0
shrinkage=0.05


Tree=391
num_leaves=15
num_cat=0
split_feature=2 2 3 2 3 22 33 23 1 7 3 3 1 2
split_gain=14.8743 51.8379 42.01 48.583 80.8013 48.7877 54.0624 54.0541 45.2361 36.289 35.0929 72.0263 124.3 189.875
threshold=0.94510000000000016 0.94455000000000011 3450.0000000000005 0.94810000000000005 3238.5000000000005 0.00082650000000000009 -4.1249999999999991 0.00023950000000000005 0.27690000000000009 2381.5000000000005 3191.0000000000005 2877.0000000000005 0.25745000000000001 0.065400000000000014
decision_type=2 2 2 2 2 2 2 2 2 2 2 2 2 2
left_child=1 10 3 4 9 6 7 -5 -6 -2 11 -1 13 -13
right_child=2 -3 -4 5 8 -7 -8 -9 -10 -11 -12 12 -14 -15
leaf_value=0.00058188876681850249 0.010425809836012358 -0.015300050531311261 -0.033651569253042253 -0.025837676035274544 -0.009051223934001271 -0.0069966030511907284 -0.0062007110064383275 0.014958231614688343 0.0082520204998410163 0.027348630950360275 0.0020214971987304645 0.0049519765890476989 -0.0014772751415247584 -0.025506658031787491
leaf_weight=20512.139767617919 1131.5456202384084 570.98962571285665 80.736075736582279 88.348624497652054 812.5009849127382 1850.6024181768298 702.61869161948562 991.35759427957237 705.69462868571281 439.99934792146087 13104.856564361602 783.80459752306342 7172.8462633937597 1473.4271688200533
leaf_count=300370 19571 9992 757 1056 13801 34196 13219 14171 12699 5025 225480 11755 115092 18522
internal_value=4.22472e-06 -0.000334941 0.00217866 0.00260946 0.00721838 -0.00131043 0.00459362 0.011618 -0.00100824 0.0151653 -0.000136404 -0.00108086 -0.00469761 -0.0149304
internal_weight=50421.5 43618.1 6803.4 6722.67 3089.74 3632.93 1782.32 1079.71 1518.2 1571.54 43047.1 29942.2 9430.08 2257.23
internal_count=795706 681211 114495 113738 51096 62642 28446 15227 26500 24596 671219 445739 145369 30277
is_linear=0
shrinkage=0.05


Tree=392
num_leaves=15
num_cat=0
split_feature=9 33 33 33 2 12 0 3 15 3 0 3 23 5
split_gain=14.3883 22.6044 36.4462 37.8644 61.2188 29.4903 28.5084 28.0225 74.26 42.6442 27.1227 26.4119 25.4044 22.873
threshold=0.86150000000000004 -203.17999999999998 -191.69999999999996 -186.07499999999996 0.9365500000000001 0.23100000000000007 0.70500000000000007 462.00000000000006 2.4414009612931857 1305.0000000000002 0.71550000000000014 1565.0000000000002 0.00032350000000000006 171.93000000000004
decision_type=2 2 2 2 2 2 2 2 2 2 2 2 2 2
left_child=1 -1 5 4 13 6 11 8 -5 -9 -8 -3 -6 -4
right_child=-2 2 3 7 12 -7 10 9 -10 -11 -12 -13 -14 -15
leaf_value=0.013765692248196935 -0.0019632384973298318 -0.047669352073467994 0.035309914021116905 0.03049829199738472 0.042744768160647539 0.008471298998360393 0.024186542269273987 0.008643056851446838 -0.02816702171168102 2.6789587504512464e-05 -0.011302314704930719 -0.016404552369934145 -0.0082699602487938412 0.013837116463414269
leaf_weight=312.37104012072086 7846.94333496131 85.206119939684868 165.8246633335948 69.744739360176027 25.904303930699825 175.2029083520174 72.037491515278816 1491.6693545933813 236.94880192540586 38428.646804785356 212.13722923398018 325.68244414590299 396.66337381117046 492.20414331182837
leaf_count=4765 156858 558 1551 959 190 3747 948 18114 2517 580480 3791 5052 8327 7849
internal_value=3.84006e-06 0.000367117 0.000267854 0.000481201 0.00971705 -0.00985766 -0.0144784 0.00023308 -0.0148204 0.000348767 -0.00230065 -0.022898 -0.00513327 0.0192529
internal_weight=50337.2 42490.2 42177.9 41307.6 1080.6 870.266 695.063 40227 306.694 39920.3 284.175 410.889 422.568 658.029
internal_count=795706 638848 634083 619987 17917 14096 10349 602070 3476 598594 4739 5610 8517 9400
is_linear=0
shrinkage=0.05


Tree=393
num_leaves=15
num_cat=0
split_feature=10 3 7 23 1 1 0 2 33 15 1 1 1 15
split_gain=14.0295 25.9595 39.2372 21.637 18.6502 76.7382 154.455 87.489 97.1674 58.1136 86.6281 91.6425 104.25 55.0078
threshold=-0.20000000000000001 3181.0000000000005 2570.5000000000005 0.00072850000000000009 0.22825000000000004 0.23960000000000004 0.69500000000000006 0.053500000000000006 -19.919999999999998 3.4962347597865295 0.20050000000000004 0.20720000000000002 0.20800000000000005 3.4117142205422892
decision_type=2 2 2 2 2 2 2 2 2 2 2 2 2 2
left_child=1 2 3 -1 9 6 -6 -8 -9 10 13 -12 -13 -2
right_child=4 -3 -4 -5 5 -7 7 8 -10 -11 11 12 -14 -15
leaf_value=-0.0012490142184415506 0.0010051015515874929 0.0096193533033071248 -0.027181458560298462 0.01079433437839324 0.024666167833049323 -0.00046453329339759934 -0.028061440901722329 0.01076735310454198 -0.012316939282462127 0.019571073452755945 -0.034698638139693379 0.021504555791517575 -0.010336280824788078 0.055952631038262091
leaf_weight=1509.0562252346426 3385.3748213546351 1057.1069673653692 124.57737425155938 495.2593088131398 936.85343673080206 37130.555469242856 237.45897340029478 1530.5274277068675 649.10865172743797 281.23681112751365 331.80781922861934 289.08306574076414 2315.0804768055677 46.069134492427111
leaf_count=27569 56351 18263 1376 8391 11627 588522 2635 26500 7888 3731 3340 3946 35310 257
internal_value=3.72648e-06 0.00321486 3.43841e-05 0.00172724 -0.000213338 0.000189724 0.00743261 0.000752234 0.00389246 -0.00266761 -0.00365014 -0.00995492 -0.006801 0.00174441
internal_weight=50319.2 3186 2128.89 2004.32 47133.2 40484.5 3353.95 2417.1 2179.64 6648.65 6367.42 2935.97 2604.16 3431.44
internal_count=795706 55599 37336 35960 740107 637172 48650 37023 34388 102935 99204 42596 39256 56608
is_linear=0
shrinkage=0.05


Tree=394
num_leaves=15
num_cat=0
split_feature=9 11 23 2 1 23 1 1 1 34 34 2 2 23
split_gain=13.7525 26.0076 29.7633 70.4978 67.44 65.3209 109.471 82.6803 64.7028 48.573 45.9379 43.5083 63.3795 55.7588
threshold=0.70200000000000007 0.85950000000000004 0.00093350000000000019 0.94335000000000013 0.26675000000000004 0.00074550000000000018 0.23490000000000003 0.24890000000000004 0.22675000000000003 0.41650000000000004 0.22500000000000003 0.93100000000000016 0.94075000000000009 0.0006705000000000002
decision_type=2 2 2 2 2 2 2 2 2 2 2 2 2 2
left_child=1 2 5 4 9 11 8 -8 -7 -4 -6 13 -13 -1
right_child=-2 -3 3 -5 10 6 7 -9 -10 -11 -12 12 -14 -15
leaf_value=-0.00055310473766543179 -0.00079211770862526042 0.0066524158945776724 0.022969884884225078 -0.035782915438551 -0.021211112990781694 0.0035948680501143495 0.045084436758191238 0.010961904396071892 -0.030863200946128811 -0.0008063834051331933 -0.0032718411050553647 0.009157952068101707 -0.0010622825166639162 -0.011503411901236387
leaf_weight=9371.2708059158176 26098.922355370596 1795.7458620928228 369.4729893244803 166.83780097588897 464.9017278701067 331.34499867632985 198.45905587822199 1677.3496572785079 231.23250098153949 512.92937170155346 1534.7410705853254 2672.8593288995326 3507.4119441043586 1327.0596594251692
leaf_count=138593 437496 28250 4198 1196 5546 5019 1490 23439 2438 7751 24585 40452 58061 17192
internal_value=3.67169e-06 0.000863268 0.000398432 -0.00419259 -0.00236269 0.00112307 0.00877258 0.0145743 -0.0105712 0.00915051 -0.00744344 1.79309e-05 0.00335787 -0.00191152
internal_weight=50260.5 24161.6 22365.9 3048.88 2882.05 19317 2438.39 1875.81 562.577 882.402 1999.64 16878.6 6180.27 10698.3
internal_count=795706 358210 329960 43276 42080 286684 32386 24929 7457 11949 30131 254298 98513 155785
is_linear=0
shrinkage=0.05


Tree=395
num_leaves=15
num_cat=0
split_feature=0 1 15 15 23 23 1 23 15 2 11 15 26 6
split_gain=14.1484 39.2308 35.7232 48.6987 35.2627 32.1872 36.9868 30.3684 28.1643 54.7844 38.9241 85.9422 60.9598 27.8156
threshold=0.62500000000000011 0.35400000000000004 3.6252960762084516 2.7028954204178484 0.00055850000000000008 0.00087050000000000007 0.34860000000000008 0.0013075000000000003 3.5932770349567842 0.056600000000000004 0.65500000000000014 3.425339069390287 0.0012615000000000003 0.49163438189588554
decision_type=2 2 2 2 2 2 2 2 2 2 2 2 2 2
left_child=1 2 3 5 -4 6 -1 13 10 -10 11 12 -2 -5
right_child=8 -3 4 7 -6 -7 -8 -9 9 -11 -12 -13 -14 -15
leaf_value=0.013478399114215361 0.025994284907539161 0.0024101739391868722 0.043538921325158859 -0.011971536641623643 0.0029202908160110984 -0.012982641202259088 -0.022123233930435318 0.021647258964600395 -0.027308536814795489 0.00092402648519620829 0.00032909995083198673 -0.02429369352645265 -0.014920849384515645 0.00075755628548106559
leaf_weight=607.50804720446467 542.25445264577866 3068.981460519135 62.44767177477479 2663.8992058131844 366.76912118308246 214.06885355710983 82.816874232143164 77.965451845899224 268.80481198057532 475.95642452314496 41070.804855226539 138.0160193964839 109.33130390569568 511.57798488438129
leaf_count=9818 6479 50800 453 41925 7608 4881 1088 1057 3118 9409 646915 1133 1330 10405
internal_value=1.3422e-05 -0.00196552 -0.00489308 -0.0063108 0.00883875 0.00395217 0.00920476 -0.00916375 0.000369036 -0.00926818 0.000540519 0.0115359 0.0191278 -0.00992089
internal_weight=50261.2 7656.03 4587.05 4157.84 429.217 904.394 690.325 3253.44 42605.2 744.761 41860.4 789.602 651.586 3175.48
internal_count=796419 128035 77235 69174 8061 15787 10906 53387 668384 12527 655857 8942 7809 52330
is_linear=0
shrinkage=0.05


Tree=396
num_leaves=15
num_cat=0
split_feature=3 3 15 15 8 15 15 2 3 3 0 1 11 1
split_gain=14.0977 169.749 96.9149 91.4575 79.067 79.6888 78.153 84.2289 65.6747 158.01 100.005 211.892 117.391 103.827
threshold=2298.0000000000005 2203.0000000000005 3.511764630913309 3.5019592188323374 0.37791666666666673 3.5341157718557406 3.4875444300167988 0.91110000000000013 2608.5000000000005 2670.5000000000005 0.67500000000000016 0.25915000000000005 0.86950000000000005 0.23690000000000003
decision_type=2 2 2 2 2 2 2 2 2 2 2 2 2 2
left_child=1 2 3 6 5 -4 7 -1 10 -10 11 -2 13 -12
right_child=8 -3 4 -5 -6 -7 -8 -9 9 -11 12 -13 -14 -15
leaf_value=-0.0067598056502718891 -0.046700695591132761 -0.018816420564542791 0.022290206616909409 -0.025691359607859621 0.030586222036226941 -0.0066319357920754515 0.023931301015461023 0.0039853493299564554 -0.016957796278021905 0.00027235575730366043 0.0058387410464524458 0.0022890048887138333 -0.0017576561185638298 0.027317735468845285
leaf_weight=3597.8382964935154 240.12595775723457 1262.252336665988 397.18694500997663 370.40015057846904 431.72676223888993 594.55065321549773 319.93559138476849 3698.5340844094753 1388.767950354144 31713.694461025298 1034.1235857233405 2718.506179722026 1210.3443696647882 1234.0952306147665
leaf_count=48148 1614 17813 5279 4530 4711 10709 4239 53253 18188 528431 16564 41859 26643 14438
internal_value=1.27865e-05 -0.0015998 0.000709764 -0.00143246 0.0127285 0.00495235 -0.000252369 -0.0013131 0.000448053 -0.00045056 0.005069 -0.0016885 0.0108163 0.0175257
internal_weight=50212.1 10672.4 9410.17 7986.71 1423.46 991.738 7616.31 7296.37 39539.7 33102.5 6437.2 2958.63 3478.56 2268.22
internal_count=796419 148682 130869 110170 20699 15988 105640 101401 647737 546619 101118 43473 57645 31002
is_linear=0
shrinkage=0.05


Tree=397
num_leaves=15
num_cat=0
split_feature=18 2 2 6 3 2 5 15 15 15 15 1 1 15
split_gain=13.5033 36.3952 34.9055 23.5456 23.1391 19.1434 19.1196 25.5542 222.593 115.464 73.5363 86.4823 62.2028 46.4332
threshold=-0.00011021034032645868 0.92840000000000011 0.94150000000000011 0.34428228972628749 3373.5000000000005 0.92920000000000014 935.47500000000014 3.4843933094152604 3.4795640780011685 3.4936202227480657 3.4962347597865295 0.24180000000000004 0.26990000000000008 3.4626305282975625
decision_type=2 2 2 2 2 2 2 2 2 2 2 2 2 2
left_child=1 3 4 -1 5 -3 7 8 13 12 -11 -12 -9 -2
right_child=6 2 -4 -5 -6 -7 -8 9 -10 10 11 -13 -14 -15
leaf_value=-0.008452100809431401 0.00039762431385270735 0.037390600156287306 -2.3092248806176523e-05 0.0030330348371965504 0.026664312507286309 0.0050413766971412815 -0.0014664766682578518 0.024981281372503591 -0.028958718769483083 -0.026600272743722227 0.024043684864499912 0.00022275578169328992 -0.017172850011785219 0.022252928655794275
leaf_weight=710.73859952390194 20828.322741603479 51.948477178812027 545.8060121499002 1198.7889182716608 324.09705828502774 377.33116455562413 18263.602851167321 776.02006120979786 654.25716632604599 235.34957636892796 409.83938110992312 5401.4344088099897 98.563242916017771 245.7965807877481
leaf_count=11338 300029 431 9037 23064 3730 8089 331945 9796 7455 2761 4939 78998 1482 3325
internal_value=1.23886e-05 0.00315038 0.0096059 -0.00124203 0.016581 0.00896385 -0.000202246 0.000603681 -0.000239112 0.0032495 0.000793265 0.00190311 0.0202292 0.000652637
internal_weight=50121.9 3208.71 1299.18 1909.53 753.377 429.28 46913.2 28649.6 21728.4 6921.21 6046.62 5811.27 874.583 21074.1
internal_count=796419 55689 21287 34402 12250 8520 740730 408785 310809 97976 86698 83937 11278 303354
is_linear=0
shrinkage=0.05


Tree=398
num_leaves=15
num_cat=0
split_feature=3 3 15 9 25 1 1 3 1 3 2 1 3 33
split_gain=13.2975 41.8417 37.6489 36.139 34.1163 22.718 84.6972 132.565 74.7106 51.1345 130.974 83.3826 18.481 41.2517
threshold=3587.5000000000005 3576.5000000000005 2.0613957098106064 0.70200000000000007 -0.00073149999999999984 0.2909000000000001 0.27415000000000006 3318.0000000000005 0.26675000000000004 2867.5000000000005 0.05945000000000001 0.29555000000000003 1735.5000000000002 -5.7099999999999991
decision_type=2 2 2 2 2 2 2 2 2 2 2 2 2 2
left_child=1 2 4 -3 -1 6 8 -8 -4 10 -7 -11 13 -6
right_child=-2 3 5 -5 12 9 7 -9 -10 11 -12 -13 -14 -15
leaf_value=-0.018131974227097426 0.010123166736335355 -0.01092176210554496 8.1400024694292546e-06 -0.058887095305258846 0.018621594397514526 0.016329227317884262 0.0089064596823502998 -0.0047103354660632188 -0.0086799269749251711 -0.014100184384060153 -0.0029374370982215834 -0.0018013516977231103 0.009929150427150155 -0.035131372112575825
leaf_weight=128.38460520654917 322.96410436555743 344.02872877568007 21834.93428140413 44.243453815579414 69.909248538315296 1247.6105479449034 5944.4239851795137 2555.8109014052898 2790.5868144966662 1651.2502495218068 3010.1238185912371 8329.3899923879653 1729.8374302387238 72.727021619677544
leaf_count=1499 5862 5858 337268 221 884 17639 94034 41599 44588 23674 47096 146325 29201 671
internal_value=1.19088e-05 -5.37468e-05 7.4864e-05 -0.0164011 0.0067929 -0.000208947 0.000508975 0.00481222 -0.000976431 -0.0018792 0.00270837 -0.00383626 0.00850273 -0.00879124
internal_weight=50076.2 49753.3 49365 388.272 2000.86 47364.1 33125.8 8500.23 24625.5 14238.4 4257.73 9980.64 1872.47 142.636
internal_count=796419 790557 784478 6079 32255 752223 517489 135633 381856 234734 64735 169999 30756 1555
is_linear=0
shrinkage=0.05


Tree=399
num_leaves=15
num_cat=0
split_feature=31 26 0 33 2 0 1 3 23 1 1 2 22 1
split_gain=14.0798 26.2097 54.2516 29.4754 41.0212 28.4027 84.8732 167.635 110.641 78.7144 85.0926 76.5393 64.5098 63.7681
threshold=0.26300000000000007 0.0030685000000000005 0.69500000000000006 -8.8899999999999988 0.072100000000000011 0.68500000000000016 0.25865000000000005 3237.0000000000005 0.00083050000000000018 0.2366 0.23395000000000002 0.056450000000000007 -0.00068649999999999994 0.25930000000000003
decision_type=2 2 2 2 2 2 2 2 2 2 2 2 2 2
left_child=-1 5 3 4 -3 6 7 8 -2 10 11 -7 -11 -8
right_child=1 2 -4 -5 -6 9 13 -9 -10 12 -12 -13 -14 -15
leaf_value=-0.00088991807116874328 -0.02349362431781089 0.018399172664027991 -0.036988643277303924 -0.01689587107102037 -0.010018681379648091 -0.013581782586974228 0.022694661927897826 0.019011459613766903 0.014801220730611334 0.022187209616501197 -0.028269493224003291 0.0047131876315599161 0.0055955618866325484 0.00074313225687431487
leaf_weight=23211.943435241468 1257.0291269794106 257.36323471181095 133.86203172616661 239.36035202071071 250.49513882957399 723.09947174787521 337.45614912174642 392.34036913141608 221.83802213519812 755.14556584879756 269.83197505772114 2728.7601714469492 2612.5237692520022 16621.129358515143
leaf_count=397563 15309 3686 1147 3193 3884 11371 4437 5799 2226 8909 2925 41441 40514 254015
internal_value=1.15338e-05 0.00079229 -0.00768797 -0.00243459 0.00438319 0.00108059 6.4992e-05 -0.0100404 -0.0177486 0.00377805 -0.00123369 0.000880454 0.00931652 0.00118007
internal_weight=50012.2 26800.2 881.081 747.219 507.858 25919.2 18829.8 1871.21 1478.87 7089.36 3721.69 3451.86 3367.67 16958.6
internal_count=796419 398856 11910 10763 7570 386946 281786 23334 17535 105160 55737 52812 49423 258452
is_linear=0
shrinkage=0.05


Tree=400
num_leaves=15
num_cat=0
split_feature=10 33 1 1 1 5 2 1 1 33 33 3 3 3
split_gain=13.5365 22.3386 27.2982 22.6415 46.4701 25.1222 20.2714 17.5839 90.6754 102.818 151.779 52.7905 68.1415 99.4678
threshold=-0.20000000000000001 -166.84499999999997 0.31215000000000009 0.26550000000000001 0.24950000000000003 285.41500000000008 0.054250000000000007 0.21260000000000004 0.20050000000000004 -33.329999999999991 -24.894999999999996 462.00000000000006 1347.0000000000002 1599.0000000000002
decision_type=2 2 2 2 2 2 2 2 2 2 2 2 2 2
left_child=1 2 -1 4 -3 -6 -5 8 11 -10 -11 -2 -13 -14
right_child=7 3 -4 6 5 -7 -8 -9 9 10 -12 12 13 -15
leaf_value=0.021066240351770994 -0.027022885080906136 0.00067146804538035924 -0.0023358404616481906 0.0076107207258966081 -0.019717810964857162 0.028274675959016057 -0.0064015689678666348 9.9057124173085087e-05 -0.029607883148224885 0.017690389064942753 -0.026049064719493104 0.013976454066479663 -0.06110674349177099 -0.00014829732375973474
leaf_weight=338.51514585874975 157.25623857509345 913.20877562649548 197.14675199985504 339.43172238767147 30.283935748040676 268.05427345260978 1076.3180741816759 41951.08913613297 593.68662896007299 437.2538745701313 362.82037932053208 942.57548097334802 68.845825770869851 2277.3314633090049
leaf_count=5464 1993 17275 3354 5860 299 4645 18709 665954 6640 6563 4453 11001 770 43222
internal_value=-1.61683e-05 0.0031495 0.0124544 0.00125198 0.00626926 0.023398 -0.00304177 -0.000230167 -0.00308382 -0.0138447 -0.0021455 0.00126875 0.00262233 -0.00193958
internal_weight=49953.8 3162.96 535.662 2627.3 1211.55 298.338 1415.75 46790.9 4839.77 1393.76 800.074 3446.01 3288.75 2346.18
internal_count=796202 55606 8818 46788 22219 4944 24569 740596 74642 17656 11016 56986 54993 43992
is_linear=0
shrinkage=0.05


Tree=401
num_leaves=15
num_cat=0
split_feature=0 26 0 13 3 2 2 1 2 0 1 13 2 33
split_gain=13.0389 35.8422 33.7478 15.7935 49.7865 47.3808 86.7248 45.0317 36.4396 35.2651 34.4518 21.7397 87.2878 57.0111
threshold=0.78500000000000014 -0.00021149999999999996 0.84500000000000008 1.0000000180025095e-35 501.50000000000006 0.055150000000000012 0.057700000000000008 0.24600000000000002 0.058750000000000004 0.64500000000000013 0.17190000000000003 0.019999999999999938 0.93825000000000014 -56.204999999999991
decision_type=2 2 2 2 2 2 2 2 2 2 2 2 2 2
left_child=3 2 -2 4 -1 7 -7 -6 -8 -9 -5 12 13 -12
right_child=1 -3 -4 10 5 6 8 9 -10 -11 11 -13 -14 -15
leaf_value=-0.039914228528524651 -0.019821990783772975 -0.029969675722373048 0.038302223580485212 0.022409911373568465 -0.0049473824607111673 -0.031873509588535048 0.044500556650818777 -0.018325337746768321 0.0025785649173415822 0.027957955247667018 -0.00060534160841086923 -6.4060812776705849e-05 0.011893059532625927 -0.0198308270168252
leaf_weight=66.043412880972028 48.184805570170283 124.18925454095006 51.639051674865186 167.45013952255249 189.55884150788188 185.88340271636844 52.677784785628319 45.242647875100374 2906.2701933626086 448.76809698529541 693.99876185320318 43517.216939741746 548.71802242659032 867.67853285372257
leaf_count=603 680 1358 931 2128 2925 1589 354 596 38063 7006 9350 713016 7962 9641
internal_value=-1.56264e-05 -0.0120488 0.010254 3.86463e-05 0.00309538 0.00383836 0.00124485 0.0157681 0.00332638 0.0237164 -0.000221307 -0.000304411 -0.00526029 -0.0112877
internal_weight=49913.5 224.013 99.8239 49689.5 3894.44 3828.4 3144.83 683.57 2958.95 494.011 45795.1 45627.6 2110.4 1561.68
internal_count=796202 2969 1611 793233 51136 50533 40006 10527 38417 7602 742097 739969 26953 18991
is_linear=0
shrinkage=0.05


Tree=402
num_leaves=15
num_cat=0
split_feature=31 2 2 11 15 11 15 11 3 2 23 12 1 33
split_gain=12.9075 47.0688 51.4111 38.8478 43.3393 65.958 50.4515 54.7675 35.3423 33.7683 42.9233 33.613 29.0257 27.4018
threshold=0.41500000000000004 0.93685000000000007 0.94150000000000011 0.62450000000000017 3.1338273155872591 0.65500000000000014 3.5717949193831546 0.65500000000000014 3117.5000000000005 0.9436500000000001 0.00069950000000000014 0.22000000000000003 0.2909000000000001 -19.919999999999998
decision_type=2 2 2 2 2 2 2 2 2 2 2 2 2 2
left_child=-1 3 8 -2 5 -5 12 -8 -3 -4 11 -11 -6 -7
right_child=1 2 9 4 6 13 7 -9 -10 10 -12 -13 -14 -15
leaf_value=-0.00040395266652212532 -0.011959121876956105 -0.0031318027960132813 -0.013054591147761852 0.029422184510941682 -0.008636171232487562 0.0040620666020911534 -0.023816215100884944 0.012277742739367051 0.020518341076625354 0.013273355885246349 0.03248378661523707 -0.0042800314925860571 -0.031526845339360184 -0.0063481061303694609
leaf_weight=40430.734351152554 672.06643196195364 194.80739193409681 311.18769586831331 232.19284842163324 1069.5996392443776 3217.6149928234518 129.84574373066425 549.58509189635515 834.66932648792863 433.90134773030877 130.35085760802031 733.82714667730033 159.01494071632624 786.57165081053972
leaf_count=642034 10499 3877 5088 2357 18961 54866 1588 9933 11735 7172 1269 12700 1622 12501
internal_value=-1.50128e-05 0.00164809 0.00731794 -0.000546855 0.000701573 0.00351973 -0.00555535 0.00537735 0.0160432 0.00173561 0.00528198 0.00224299 -0.0116011 0.00201701
internal_weight=49886 9455.24 2638.74 6816.49 6144.42 4236.38 1908.05 679.431 1029.48 1609.27 1298.08 1167.73 1228.61 4004.19
internal_count=796202 154168 41841 112327 101828 69724 32104 11521 15612 26229 21141 19872 20583 67367
is_linear=0
shrinkage=0.05


Tree=403
num_leaves=15
num_cat=0
split_feature=6 15 1 1 26 1 33 2 33 19 25 19 3 10
split_gain=12.9067 47.524 60.5614 64.2051 56.8009 55.1472 46.1668 51.8582 42.7348 38.8984 37.0248 79.01 38.6636 30.9366
threshold=0.043544551213045853 2.7707194825327863 0.2909000000000001 0.27415000000000006 0.0032955000000000003 0.25585000000000008 -166.84499999999997 0.056450000000000007 -189.98999999999998 0.0011896101878191181 0.00033650000000000005 0.00081984077136270977 2931.0000000000005 -0.029999999999999995
decision_type=2 2 2 2 2 2 2 2 2 2 2 2 2 2
left_child=1 6 3 4 5 -3 8 -8 -1 -5 12 -12 -9 -4
right_child=-2 2 13 9 -6 -7 7 10 -10 -11 11 -13 -14 -15
leaf_value=-0.019570587031792427 -0.00029195649096583202 0.016300540220097078 -0.015950289613582112 0.036355339942187807 -0.029447787847389079 -0.0094845075370912219 -0.027918244921245606 0.011375317289418154 0.013885854021869537 0.0092502938667679106 -0.063061897237737058 -0.0065191580041567242 -0.010194211652138484 0.0025523935933991861
leaf_weight=115.21440263651311 44541.097661680542 764.49171913042665 297.90060456842184 358.51214928925037 103.80848928913474 284.45056135766208 260.20223225466907 523.08870819397271 554.08936217613518 209.94045482948422 70.691164810210466 485.78447579033673 344.50687720440328 933.82835000380874
leaf_count=1492 736101 7902 3373 3526 1177 3194 2977 5549 6177 2609 542 5414 4168 12001
internal_value=-1.42528e-05 0.00231666 0.00654091 0.012598 0.00581564 0.00930795 -0.00298337 -0.00739772 0.00812458 0.0263483 -0.00364657 -0.013712 0.00281025 -0.00192352
internal_weight=49847.6 5306.51 2952.93 1721.2 1152.75 1048.94 2353.58 1684.27 669.304 568.453 1424.07 556.476 867.596 1231.73
internal_count=796202 60101 33782 18408 12273 11096 26319 18650 7669 6135 15673 5956 9717 15374
is_linear=0
shrinkage=0.05


Tree=404
num_leaves=15
num_cat=0
split_feature=10 3 7 5 22 12 3 3 3 15 15 15 33 33
split_gain=12.5336 20.5813 29.5755 16.6112 23.536 29.5499 26.6955 60.7236 23.5665 20.7753 202.534 102.634 69.9166 191.384
threshold=-0.20000000000000001 3181.0000000000005 2570.5000000000005 1030.4950000000001 -0.00049649999999999987 0.14899999999999999 2203.0000000000005 2291.5000000000005 2059.5000000000005 3.4843933094152604 3.4795640780011685 3.4936202227480657 -11.169999999999998 -6.6249999999999991
decision_type=2 2 2 2 2 2 2 2 2 2 2 2 2 2
left_child=1 2 -1 9 5 -5 8 -8 -6 10 -2 -11 -13 -14
right_child=3 -3 -4 4 6 -7 7 -9 -10 11 -12 12 13 -15
leaf_value=0.0016181883676048107 0.00054194054061066645 0.0087852085932975214 -0.024489130129417502 -0.00067204821903635162 -0.0013607217510730354 0.0084689996513575266 -0.023751865127650901 -0.0026965474624062701 0.01861999556453868 0.018674185345382247 -0.027751945973200159 0.0044980837784941476 -0.030527959639258369 0.0022574739646941126
leaf_weight=1984.6446302682161 22291.136545905843 1042.6030555572361 114.6513451281935 4324.876084651798 334.82419260777533 1111.1738522518426 354.36964103579521 10085.296389913186 263.76343020796776 893.67296657711267 650.85941326990724 4088.9245862010866 605.19249081611633 1682.147637186572
leaf_count=36041 326620 18216 1349 82270 6898 17332 4874 186041 3539 12058 7644 58777 6386 28157
internal_value=-1.35127e-05 0.00304325 0.00019126 -0.000219233 -0.00149644 0.00119658 -0.00282267 -0.00341148 0.00744528 0.000477216 -0.000260868 0.00280639 0.000582159 -0.00641797
internal_weight=49828.1 3141.9 2099.3 46686.2 16474.3 5436.05 11038.3 10439.7 598.588 30211.9 22942 7269.94 6376.26 2287.34
internal_count=796202 55606 37390 740596 300954 99602 201352 190915 10437 439642 334264 105378 93320 34543
is_linear=0
shrinkage=0.05


Tree=405
num_leaves=15
num_cat=0
split_feature=7 35 11 26 33 33 13 15 2 0 23 14 31 3
split_gain=14.518 52.9701 38.2935 25.6157 13.5318 44.9227 43.3394 39.6402 38.8454 51.1958 58.1716 52.7033 36.5288 53.9672
threshold=3402.5000000000005 1.0000000180025095e-35 0.67850000000000021 0.0027215000000000004 -3.8299999999999996 -4.0599999999999996 0.10999999999999997 3.4927872071332122 0.94535000000000013 0.74500000000000011 0.00039350000000000002 0.021000000000000001 0.19300000000000003 3385.0000000000005
decision_type=2 2 2 2 2 2 2 2 2 2 2 2 2 2
left_child=4 -2 -3 -4 5 8 -7 -6 -1 11 -11 -10 -9 -14
right_child=1 2 3 -5 7 6 -8 12 9 10 -12 -13 13 -15
leaf_value=-0.00051297375400406048 0.061013057346476399 0.020208090937435016 -0.02303744547314672 0.014510622926043099 -0.0092970670476491806 0.048310253626806736 0.0085727200577646566 -0.0072669209515776852 0.01476882521873679 -0.026906161423585834 0.0033468088181537754 0.0025697807874606581 0.0021072585146448548 0.031582887566671582
leaf_weight=39605.87789335195 44.05001362413168 179.19327268563211 144.33738062717021 66.178876627236605 1506.5644469447434 80.867286346852779 450.25970989093184 942.90840716101229 1270.6923724021763 263.63458338752389 399.67941217496991 2919.4110975190997 1696.444228310138 170.83957835286856
leaf_count=622032 322 2051 2141 741 26299 514 8090 18751 19234 3643 5961 54497 29554 1784
internal_value=6.57828e-07 0.00910705 0.00322582 -0.0112324 -7.94702e-05 0.000177105 0.014631 -0.00275351 4.40147e-06 0.00422632 -0.0086795 0.00626953 0.000754745 0.00480556
internal_weight=49740.9 433.76 389.71 210.516 49307.2 44990.4 531.127 4316.76 44459.3 4853.42 663.314 4190.1 2810.19 1867.28
internal_count=795614 5255 4933 2882 790359 713971 8604 76388 705367 83335 9604 73731 50089 31338
is_linear=0
shrinkage=0.05


Tree=406
num_leaves=15
num_cat=0
split_feature=7 35 1 11 26 21 3 33 23 23 11 6 3 22
split_gain=13.2461 49.1103 47.4916 20.6037 18.6644 12.44 30.9976 30.7103 33.3034 21.6811 29.8245 21.1295 20.9905 19.661
threshold=3402.5000000000005 1.0000000180025095e-35 0.28005000000000008 0.67850000000000021 0.0027215000000000004 0.00055150000000000002 1407.0000000000002 -164.21499999999997 0.00062350000000000003 0.00038350000000000005 0.75500000000000012 0.034057046480393878 849.00000000000011 0.00084550000000000011
decision_type=2 2 2 2 2 2 2 2 2 2 2 2 2 2
left_child=5 -2 -3 -4 -5 -1 7 -7 -9 11 13 -8 -10 -11
right_child=1 2 3 4 -6 6 9 8 12 10 -12 -13 -14 -15
leaf_value=0.00013142884203825361 0.059323344461765119 -0.031067968297799443 0.024316188446188592 -0.016323966600731012 0.020406818212554557 0.00843048334800643 0.041813395999597526 -0.060415332709493369 -0.037789398514042033 -0.017212726032744069 0.00076192213786694079 -0.00031659673804644567 0.0052807773247406896 -0.0014070972637680763
leaf_weight=46152.441265437752 43.067498933523893 80.453350722789764 161.88128093257546 86.611862367019057 57.433173272758722 67.453086221590638 55.225467555224895 62.78808294609189 53.420479899272323 473.58705522119999 1954.2870905809104 64.403634455054998 59.958324803039432 336.57228813134134
leaf_count=742367 322 1013 1890 1387 643 725 520 430 503 5906 33241 1058 687 4922
internal_value=8.23353e-07 0.00874308 0.0030913 0.0120818 -0.00167479 -7.53778e-05 -0.00312693 -0.0202497 -0.0312297 -0.00167991 -0.00258201 0.0191509 -0.0150279 -0.0106474
internal_weight=49709.6 429.447 386.38 305.926 144.045 49280.1 3127.7 243.62 176.167 2884.08 2764.45 119.629 113.379 810.159
internal_count=795614 5255 4933 3920 2030 790359 47992 2345 1620 45647 44069 1578 1190 10828
is_linear=0
shrinkage=0.05


Tree=407
num_leaves=15
num_cat=0
split_feature=3 3 15 9 3 33 1 1 15 1 3 1 1 10
split_gain=12.223 35.7759 36.5237 34.1285 29.3442 49.4419 21.2716 83.7643 184.319 64.4373 120.705 64.3229 43.4541 17.4944
threshold=3587.5000000000005 3576.5000000000005 2.0613957098106064 0.70200000000000007 1735.5000000000002 -5.7099999999999991 0.29385000000000006 0.29555000000000003 3.1820434590820521 0.27415000000000006 2468.0000000000005 0.26675000000000004 0.30285000000000006 0.22000000000000006
decision_type=2 2 2 2 2 2 2 2 2 2 2 2 2 2
left_child=1 2 4 -3 5 -1 9 8 -8 11 -11 -4 -9 -6
right_child=-2 3 6 -5 13 -7 7 12 -10 10 -12 -13 -14 -15
leaf_value=0.018271842372933278 0.0097275440674500866 -0.010020785073539495 -8.7918167144416198e-06 -0.057512307517807837 0.010964118492548146 -0.035057135266074978 -0.025757509433021786 0.0069087565289032097 0.016807203469533318 0.018456893819937124 0.0017435031867906695 -0.0080943213440129638 -0.0018480382702721469 -0.0017255854361265957
leaf_weight=74.894639130681753 320.79720868915319 336.24292425438762 21668.061268835329 42.5361038595438 1469.7377527318895 103.297508507967 928.19571181759238 1647.7992886845022 350.23967369273305 1241.6723134033382 8306.8913844078779 2774.6189226936549 10097.992402909324 333.13793809711933
leaf_count=976 5874 5837 337262 217 23038 954 11079 27388 3551 17625 135400 44624 174555 7234
internal_value=7.72903e-07 -6.24426e-05 5.59097e-05 -0.0153678 0.0067061 -0.0126451 -0.00022432 -0.00194245 -0.0140961 0.000434009 0.00391704 -0.000926653 -0.000619512 0.00861933
internal_weight=49696.1 49375.3 48996.5 378.779 1981.07 178.192 47015.5 13024.2 1278.44 33991.2 9548.56 24442.7 11745.8 1802.88
internal_count=795614 789740 783686 6054 32202 1930 751484 216573 14630 534911 153025 381886 201943 30272
is_linear=0
shrinkage=0.05


Tree=408
num_leaves=15
num_cat=0
split_feature=31 6 15 1 33 15 15 18 15 15 3 15 15 15
split_gain=13.0575 25.6527 28.947 65.9871 31.7249 28.1721 37.5687 35.3948 25.9758 74.5855 51.0104 47.5679 45.6232 67.9507
threshold=0.30500000000000005 0.17539553579826786 3.5315340190116467 0.26050000000000006 -189.16499999999996 3.511764630913309 3.5019592188323374 0.0021422637676061546 3.511764630913309 3.497385124232657 3011.0000000000005 3.5495242412257118 3.4843933094152604 3.4795640780011685
decision_type=2 2 2 2 2 2 2 2 2 2 2 2 2 2
left_child=1 8 4 -4 -3 6 -6 -7 9 12 11 -10 13 -1
right_child=-2 2 3 -5 5 7 -8 -9 10 -11 -12 -13 -14 -15
leaf_value=0.00095734981956181677 0.00094585236679119557 -0.012354138638480984 -0.028698938226568351 -0.0037557430233374268 -0.00073565968012057655 0.018070433434118995 -0.034104505592064578 -0.004151069664857579 0.027809242161845518 -0.029749018606991029 -0.0018316446068908612 -0.0021341562487383055 0.015146743220462984 -0.03209459350877629
leaf_weight=6351.7192057995126 21044.605094604194 580.90868262946606 293.63049449399114 2725.7704773526639 15653.44430791866 441.22819463908672 84.706918321549892 301.64814773574471 425.07449111714959 198.55384163185954 619.85214746557176 192.7470087390393 549.73922811821103 159.30603025853634
leaf_count=83853 319856 13002 3009 54452 279988 6413 786 5818 4900 2177 9701 3176 6791 1692
internal_value=6.92732e-07 -0.000695308 -0.00166974 -0.00618229 -0.00087114 -0.000466325 -0.000915475 0.00904795 0.00160761 0.000466065 0.00830255 0.0184687 0.00131614 0.000148183
internal_weight=49622.9 28578.3 20081.3 3019.4 17061.9 16481 15738.2 742.876 8496.99 7259.32 1237.67 617.821 7060.76 6511.03
internal_count=795614 475758 363468 57461 306007 293005 280774 12231 112290 94513 17777 8076 92336 85545
is_linear=0
shrinkage=0.05


Tree=409
num_leaves=15
num_cat=0
split_feature=7 35 1 11 1 12 5 3 33 3 3 23 15 35
split_gain=12.0749 45.4691 43.5405 18.5806 17.4397 13.0564 31.5134 27.5578 32.4841 26.6405 67.7699 56.2206 53.9577 67.4103
threshold=3402.5000000000005 1.0000000180025095e-35 0.28005000000000008 0.67850000000000021 0.2909000000000001 0.15000000000000002 253.405 1989.0000000000002 -56.454999999999991 1699.0000000000002 1864.5000000000002 0.00058550000000000019 2.5374509047468101 1.0000000180025095e-35
decision_type=2 2 2 2 2 2 2 2 2 2 2 2 2 2
left_child=5 -2 -3 -4 -5 9 7 -7 -9 12 11 -11 13 -1
right_child=1 2 3 4 -6 6 -8 8 -10 10 -12 -13 -14 -15
leaf_value=-0.061133121017313087 0.057668854443505384 -0.030029045100358233 0.023355153939875931 0.020058955428045824 -0.015681223491661362 -0.019426520422201467 0.0021477528464014057 0.020661402778422801 -0.0096842438299130501 -0.028474999559727234 -0.00059408499276699007 -0.0028710662442043042 0.0055664254955987442 -0.0050300427303728162
leaf_weight=62.818552330136299 42.081245444715023 79.139772620052099 159.12757034227252 56.482518706470728 85.926223877817392 325.59097009152174 10342.85253863968 130.26650295034051 272.48947101831436 401.20611696690321 33449.683133570477 460.38585499487817 3379.2281367722899 359.42307302542031
leaf_count=301 322 1013 1890 674 1356 3785 171132 1894 3166 4557 547646 7520 44769 5589
internal_value=6.70923e-07 0.00841377 0.00295523 0.0116192 -0.00150173 -7.16603e-05 0.00143983 -0.0086119 0.000133378 -0.000510729 -0.000950743 -0.0147956 0.00346066 -0.0133892
internal_weight=49606.7 422.757 380.676 301.536 142.409 49183.9 11071.2 728.347 402.756 38112.7 34311.3 861.592 3801.47 422.242
internal_count=795614 5255 4933 3920 2030 790359 179977 8845 5060 610382 559723 12077 50659 5890
is_linear=0
shrinkage=0.05


Tree=410
num_leaves=15
num_cat=0
split_feature=0 1 3 2 2 23 6 34 2 1 13 3 12 1
split_gain=12.5392 35.01 35.5989 39.5138 54.3639 36.0891 37.5129 29.8044 49.745 58.8518 27.9545 27.7961 26.1563 26.1133
threshold=0.62500000000000011 0.35400000000000004 2499.5000000000005 0.063950000000000021 0.060850000000000008 0.0013635000000000003 0.42032184078129625 0.22500000000000003 0.071300000000000016 0.36130000000000007 0.019999999999999993 3564.0000000000005 0.0094999999999999547 0.27015000000000006
decision_type=2 2 2 2 2 2 2 2 2 2 2 2 2 2
left_child=1 2 5 4 10 6 -1 -3 -9 -10 -4 13 -13 -2
right_child=11 7 3 -5 -6 -7 -8 8 9 -11 -12 12 -14 -15
leaf_value=-0.024474789810406718 -0.00062765419310097949 0.014824572480572361 0.029093836798322982 0.0029808978085643064 -0.019789406043508779 0.026281395564044144 0.005149334125288365 0.0092536606282801453 0.0075710085597267499 -0.012050215845517812 -0.0036771068347368182 -0.04144996668536733 -0.0070327364457691225 0.0019000835801832338
leaf_weight=508.08600208163261 23399.038497418165 409.13275207206607 67.981944341212511 1675.9152201469988 617.23132645338774 48.881762916222215 135.27972225099802 979.2934385985136 598.23935117945075 1057.7034596279263 1473.5328527837992 63.11431647464633 436.18425996974111 18136.749406017363
leaf_count=6695 363544 6267 689 29948 8713 590 2575 16261 10957 17375 27890 618 8920 294699
internal_value=-2.26675e-06 -0.00187534 -0.00466353 -0.00277945 -0.00725136 -0.0150984 -0.0182459 0.00227066 0.000321115 -0.00496166 -0.00223009 0.000335111 -0.0113907 0.000476093
internal_weight=49606.4 7571.28 4526.91 3834.66 2158.75 692.247 643.366 3044.37 2635.24 1655.94 1541.51 42035.1 499.299 41535.8
internal_count=795741 127960 77100 67240 37292 9860 9270 50860 44593 28332 28579 667781 9538 658243
is_linear=0
shrinkage=0.05


Tree=411
num_leaves=15
num_cat=0
split_feature=10 33 1 1 1 2 11 33 0 15 3 3 15 0
split_gain=11.5134 18.9137 22.9124 20.8985 42.5081 18.2913 15.6646 15.5042 15.0686 39.1905 59.8743 93.6974 73.2427 60.6905
threshold=-0.20000000000000001 -166.84499999999997 0.31215000000000009 0.26550000000000001 0.24950000000000003 0.054250000000000007 0.73250000000000004 -93.34999999999998 0.72500000000000009 3.4513620057867764 1347.0000000000002 1581.0000000000002 3.2849845200533747 0.78500000000000014
decision_type=2 2 2 2 2 2 2 2 2 2 2 2 2 2
left_child=1 2 6 4 7 -5 -1 -3 -2 10 12 -12 13 -10
right_child=8 3 -4 5 -6 -7 -8 -9 9 -11 11 -13 -14 -15
leaf_value=0.032677236631596204 7.9192298225969104e-05 -0.011723601360678626 -0.0021641583044270619 0.0072100140525932447 0.022360099922172944 -0.0061738805972120668 0.010631322370505451 0.0040792068540061845 0.01194906444733925 -0.025003626304230853 -0.075376915235343872 -0.00434323945749218 0.060427114247484127 -0.02103644008440185
leaf_weight=134.0581226721406 42336.161345271394 198.66040560230613 193.52041501179338 335.49805435910821 298.75197588279843 1066.6740889362991 202.1304009500891 708.28227262198925 685.52400115132332 194.42302739620209 47.075898602604866 2913.5798418186605 64.541798762977123 174.95650039054453
leaf_count=1277 672792 3335 3316 5853 4985 18697 4200 13866 8244 2581 252 53587 345 2411
internal_value=-2.33144e-06 0.00292899 0.0115416 0.00117921 0.00600584 -0.00297123 0.0194294 0.000616785 -0.000200484 -0.00310241 -0.00200595 -0.00547522 0.0090973 0.00524065
internal_weight=49553.8 3137.58 529.709 2607.87 1205.69 1402.17 336.189 906.943 46416.3 4080.1 3885.68 2960.66 925.022 860.481
internal_count=795741 55529 8793 46736 22186 24550 5477 17201 740212 67420 64839 53839 11000 10655
is_linear=0
shrinkage=0.05


Tree=412
num_leaves=15
num_cat=0
split_feature=15 15 33 2 13 15 34 1 15 15 1 35 2 15
split_gain=11.0562 41.6281 54.4764 41.0914 52.0233 49.9152 39.7775 40.7943 37.5621 30.1792 43.807 26.2045 25.3503 77.467
threshold=3.5717949193831546 3.538891571506309 -62.099999999999994 0.056600000000000004 0.052000000000000053 3.5932770349567842 0.41650000000000004 0.27870000000000006 3.5467327350479132 3.53504376687845 0.27890000000000009 1.0000000180025095e-35 0.94395000000000018 3.5315340190116467
decision_type=2 2 2 2 2 2 2 2 2 2 2 2 2 2
left_child=1 9 -3 5 11 -2 -4 -8 -9 12 -11 -5 13 -1
right_child=3 2 6 4 -6 -7 7 8 -10 10 -12 -13 -14 -15
leaf_value=-0.00021353848620354508 0.0020271654356750026 0.015283113406498766 -0.034897389230261582 0.030339406092119742 0.0023821954874488007 -0.025408424712123037 0.010570793516856393 -0.027077373338306062 -0.0069928155610359498 0.021848438441042003 -0.0065944783871585786 0.0062035838342818957 0.0026669515844213688 -0.016971737540319606
leaf_weight=35343.549291037954 484.71903183497488 255.81921778619289 139.7580114081502 289.86430269107223 1825.6981014255434 251.85011883080006 275.23916079476476 275.57674600183964 1497.3608618024737 370.27512761205435 213.29719837754965 183.80732361972332 7429.8832923099399 703.23080315440893
leaf_count=552794 9882 3999 1309 3183 36518 3073 4755 3151 27739 4984 3966 3255 127436 9697
internal_value=-2.21756e-06 -0.000193072 -0.00654497 0.00292117 0.00621345 -0.00735588 -0.00909775 -0.00733569 -0.010116 0.000159243 0.0114531 0.0209768 7.62317e-06 -0.000540518
internal_weight=49539.9 46504 2443.75 3035.94 2299.37 736.569 2187.93 2048.18 1772.94 44060.2 583.572 473.672 43476.7 36046.8
internal_count=795741 739830 40953 55911 42956 12955 36954 35645 30890 698877 8950 6438 689927 562491
is_linear=0
shrinkage=0.05


Tree=413
num_leaves=15
num_cat=0
split_feature=9 33 33 31 1 1 15 15 3 1 23 33 33 33
split_gain=11.3369 21.8905 31.6484 24.3223 20.5639 67.8339 57.5427 108.331 51.6816 46.1795 14.6878 14.4632 20.946 17.4429
threshold=0.86150000000000004 -203.17999999999998 -200.62999999999997 0.31500000000000006 0.2909000000000001 0.28830000000000006 2.6301797686105899 2.7028954204178484 3490.5000000000005 0.34860000000000008 0.0012005000000000002 -3.9549999999999996 -2.2049999999999996 -24.094999999999995
decision_type=2 2 2 2 2 2 2 2 2 2 2 2 2 2
left_child=1 -1 3 -3 5 8 9 -8 -4 -6 11 13 -13 -2
right_child=10 2 4 -5 6 -7 7 -9 -10 -11 -12 12 -14 -15
leaf_value=0.013643404523214893 -0.0036065787922621309 -0.036715489960440995 0.0012957467473319081 -0.0067782647418666757 0.014172491151331394 0.019224159536841451 -0.02080760036092752 -0.0013553671452718522 -0.008855826554992707 -0.00042275452586196661 0.0039897010213821929 -0.027189620690928579 -0.0045165995419399986 0.0021401469225805774
leaf_weight=306.20567579753697 4462.7211329881102 92.916723184287548 25626.796948138624 250.9519490711391 990.38708397746086 508.87502992898226 767.50180282816291 10593.239823732525 1318.1373278368264 1196.799011323601 976.54905428737402 138.96073050424457 381.028922714293 1875.2101867981255
leaf_count=4731 91449 860 379656 4684 15723 7155 10026 174939 21383 19772 19103 1833 8369 36058
internal_value=-2.17009e-06 0.000326049 0.000227388 -0.0148759 0.000354091 0.00114069 -0.0012399 -0.00266968 0.000799104 0.00618651 -0.00174712 -0.00256408 -0.0105797 -0.00190628
internal_weight=49486.3 41651.8 41345.6 343.869 41001.7 27453.8 13547.9 11360.7 26944.9 2187.19 7834.47 6857.92 519.99 6337.93
internal_count=795741 638929 634198 5544 628654 408194 220460 184965 401039 35495 156812 137709 10202 127507
is_linear=0
shrinkage=0.05


Tree=414
num_leaves=15
num_cat=0
split_feature=0 1 3 34 4 1 0 15 15 33 10 19 3 9
split_gain=11.5039 33.0745 33.0772 27.0121 30.1811 51.1474 43.5685 25.0451 30.703 32.0006 26.1031 25.0384 24.2595 32.8169
threshold=0.62500000000000011 0.35400000000000004 1347.0000000000002 0.22500000000000003 1.0000000180025095e-35 0.36130000000000007 0.50500000000000012 3.6252960762084516 2.7028954204178484 -184.69499999999996 0.069999999999999993 0.00071565374063561112 3576.5000000000005 0.70200000000000007
decision_type=2 2 2 2 2 2 2 2 2 2 2 2 2 2
left_child=1 2 -1 -3 6 -6 -5 8 11 -10 -9 -4 -2 -14
right_child=12 3 7 4 5 -7 -8 10 9 -11 -12 -13 13 -15
leaf_value=-0.028939953556740179 0.00042368732187434235 0.01423413203708453 0.014196131309609041 -0.010861049098820881 0.0073503621440438845 -0.011366793582504959 0.012509674383385974 0.015282154494459502 0.0074416740026191398 -0.009058315798549316 -0.012659723470660628 -0.0034979719363700604 -0.007181183133707557 -0.054842003471276157
leaf_weight=134.4494108017534 41623.870668261312 406.28342755138874 330.16313995793462 263.95912914723158 595.58223409578204 942.40722973272204 814.69639045931399 310.50243247300386 328.64074479043484 2770.602820256725 114.27185584418476 506.57766617275774 262.09046290442348 41.798522233963013
leaf_count=1651 662727 6267 4826 4493 10957 15685 13458 5135 6086 46283 2932 10187 4830 224
internal_value=-2.04263e-06 -0.00180307 -0.0045226 0.00224099 0.000378361 -0.00411862 0.00679012 -0.00376913 -0.00501397 -0.00730849 0.00776408 0.00348467 0.000320906 -0.0137526
internal_weight=49445.9 7518.14 4495.21 3022.93 2616.64 1537.99 1078.66 4360.76 3935.98 3099.24 424.774 836.741 41927.8 303.889
internal_count=795741 127960 77100 50860 44593 26642 17951 75449 67382 52369 8067 15013 667781 5054
is_linear=0
shrinkage=0.05


Tree=415
num_leaves=15
num_cat=0
split_feature=31 2 1 33 23 3 5 15 33 2 1 3 33 26
split_gain=11.7804 38.7731 36.5521 35.5262 29.6344 39.173 24.768 47.4908 58.1247 81.7109 55.3335 54.4874 51.2148 55.64
threshold=0.41500000000000004 0.92160000000000009 0.36130000000000007 -6.129999999999999 0.00046650000000000006 3410.0000000000005 215.29500000000004 3.0162309067336159 -164.21499999999997 0.056450000000000007 0.19830000000000003 549.00000000000011 -62.099999999999994 0.0025715000000000004
decision_type=2 2 2 2 2 2 2 2 2 2 2 2 2 2
left_child=6 -2 3 4 5 -3 7 8 -1 10 -10 -11 -9 -14
right_child=1 2 -4 -5 -6 -7 -8 12 9 11 -12 -13 13 -15
leaf_value=0.0064860919123700539 -0.0011994292026793623 -0.00071957419131618019 -0.0067778676595237689 -0.003111814315629677 0.014237474613128298 0.021683118596796683 -0.0010390268151903466 0.027913967724785556 0.03104007614313711 -0.023704554904204533 -0.024505277452565446 0.00095407724266241263 0.0084876171248375164 -0.0095122172998440835
leaf_weight=1877.4497134340927 5332.981796875596 963.20494956150651 539.91364881955087 671.06651202216744 1569.4878881331533 244.60233023762703 31374.628246799111 267.71554754674435 48.350985262542963 242.54373522289097 603.36361075006425 2919.5954310074449 2222.0505305528641 532.05230097286403
leaf_count=23944 89109 17132 9422 11305 23892 3243 538934 2379 521 2151 7036 34616 25833 6370
internal_value=-1.17896e-05 0.00158929 0.00531821 0.00721225 0.00970683 0.00381879 -0.000384079 0.00197428 -0.000715519 -0.00426074 -0.0203802 -0.000937989 0.0070401 0.00501009
internal_weight=49409 9321.26 3988.28 3448.36 2777.3 1207.81 40087.8 8713.12 5691.3 3813.85 651.715 3162.14 3021.82 2754.1
internal_count=795887 154103 64994 55572 44267 20375 641784 102850 68268 44324 7557 36767 34582 32203
is_linear=0
shrinkage=0.05


Tree=416
num_leaves=15
num_cat=0
split_feature=1 1 1 0 1 3 10 1 2 2 33 1 33 3
split_gain=11.0084 124.938 129.931 99.9989 68.5929 123.729 64.4392 63.7727 57.4455 226.727 115.397 115.198 126.973 114.994
threshold=0.25905000000000006 0.25585000000000008 0.25745000000000001 0.67500000000000016 0.26550000000000001 549.00000000000011 0.11050000000000006 0.26610000000000006 0.92700000000000016 0.93665000000000009 -93.34999999999998 0.20995000000000003 -168.14499999999995 1913.0000000000002
decision_type=2 2 2 2 2 2 2 2 2 2 2 2 2 2
left_child=1 8 -3 -4 5 -2 -7 -6 10 -10 11 -1 -13 -12
right_child=4 2 3 -5 7 6 -8 -9 9 -11 13 12 -14 -15
leaf_value=0.013336008508467036 -0.047897692160979187 -0.034067452225500505 -0.053706419033998358 0.0056106085161929638 -0.028781753611302349 0.020333589501400552 0.0024798705383823928 0.00012500670823719734 -0.01686481531705147 0.0021327901526232017 -0.0042147770382287651 0.0029950159084581977 -0.021666861394620096 0.010030174281368561
leaf_weight=601.0322663327679 90.52919577807188 562.35327585786581 80.63722762465477 592.20577901415527 192.0018939897418 1059.4058555550873 966.42634132131934 28128.602683793753 2160.2593023832887 5752.2955132238567 1963.6756270620972 892.59848342463374 1256.5855644885451 5086.0738248117268
leaf_count=9611 586 5440 440 12914 2149 13842 19503 465374 30646 96512 25306 14134 17161 82269
internal_value=-1.11913e-05 -0.000957335 -0.0163315 -0.0015052 0.000577807 0.0092605 0.011817 -7.107e-05 0.000114881 -0.00305402 0.00267348 -0.00601316 -0.0114246 0.0060623
internal_weight=49384.7 18947.7 1235.2 672.843 30437 2116.36 2025.83 28320.6 17712.5 7912.55 9799.97 2750.22 2149.18 7049.75
internal_count=795887 294433 18794 13354 501454 33931 33345 467523 275639 127158 148481 40906 31295 107575
is_linear=0
shrinkage=0.05


Tree=417
num_leaves=15
num_cat=0
split_feature=11 15 2 33 33 3 2 33 33 33 33 33 3 15
split_gain=11.7439 28.9629 38.986 22.6253 105.53 161.574 183.238 77.0561 109.644 75.1942 136.919 75.2457 48.115 47.2157
threshold=0.86950000000000005 2.6667018695222073 0.054350000000000002 -22.254999999999995 -15.119999999999999 2511.5000000000005 0.92185000000000017 -24.214999999999996 -24.894999999999996 -34.044999999999995 -34.649999999999991 -32.999999999999993 3065.0000000000005 3.523994421222715
decision_type=2 2 2 2 2 2 2 2 2 2 2 2 2 2
left_child=3 2 -2 7 5 6 -5 8 9 10 -1 -11 -7 -6
right_child=1 -3 -4 4 13 12 -8 -9 -10 11 -12 -13 -14 -15
leaf_value=0.00087323592675354715 -0.034976256395721238 -0.00024611567322824842 -0.0050177491505904804 0.036889511200037702 0.0033606100276094685 -0.031234277951508328 -0.021711633171384855 0.017083788198840166 -0.025088367929841277 0.023603677194940789 -0.03074587610047666 0.0029627451403517785 -0.0097121520100148118 -0.0044139689121017577
leaf_weight=22858.86482113041 114.64988293871284 10566.942162636667 2026.0435095988214 286.50718436017632 5676.0702915154397 739.00803891569376 249.45023905858397 744.09003865346313 403.61508748680353 712.43648460134864 347.48373788222671 1160.9910280294716 400.53827272355556 2977.0431816391647
leaf_count=347114 1051 201427 45548 2611 88300 7831 3362 10340 4998 8911 3726 16091 7021 47556
internal_value=-1.11728e-05 -0.00132053 -0.00662381 0.000443988 -0.00153819 -0.0130233 0.00961586 0.00122459 0.000761452 0.00117756 0.000399652 0.010813 -0.023671 0.0006858
internal_weight=49263.7 12707.6 2140.69 36556.1 10328.6 1675.5 535.957 26227.5 25483.4 25079.8 23206.3 1873.43 1139.55 8653.11
internal_count=795887 248026 46599 547861 156681 20825 5973 391180 380840 375842 350840 25002 14852 135856
is_linear=0
shrinkage=0.05


Tree=418
num_leaves=15
num_cat=0
split_feature=1 0 1 2 2 7 23 1 11 1 1 0 3 33
split_gain=12.1491 74.3944 51.8279 70.2152 55.2767 39.4304 51.4879 35.19 46.4101 36.198 54.8405 135.11 76.1178 51.865
threshold=0.21260000000000004 0.69500000000000006 0.20800000000000005 0.9295500000000001 0.068900000000000003 2172.5000000000005 0.00040450000000000007 0.21960000000000005 0.86950000000000005 0.22730000000000003 0.23960000000000004 0.69500000000000006 2648.0000000000005 -56.454999999999991
decision_type=2 2 2 2 2 2 2 2 2 2 2 2 2 2
left_child=1 -1 3 5 -4 6 -3 8 -2 -9 11 -11 -13 -12
right_child=7 2 4 -5 -6 -7 -8 9 -10 10 13 12 -14 -15
leaf_value=-0.022911176681281686 0.01980366611825839 0.02549748362240882 -0.025489588797500934 -0.0059990059193058267 0.0026012721271267015 0.021040772714330858 0.0010341453610704177 -0.009097682929383585 -0.0056730408547310748 0.023012955814291879 0.0015880933429135839 0.0091022797329385775 -0.0080938477781900622 -0.0020718358069538958
leaf_weight=403.64045795053244 504.32350019738078 247.09754277486354 394.64850293658674 1733.9029797464609 314.741724524647 425.89984956197441 1655.8725872114301 1050.7964807525277 276.82173639535904 898.11067383363843 19347.971701320261 1284.8218515403569 1289.0821568071842 19371.294944025576
leaf_count=5468 7128 3366 4904 30003 5138 5922 27825 16969 6445 11637 322499 20471 21327 306785
internal_value=-1.08738e-05 -0.00230233 -0.000558746 0.00161868 -0.0130276 0.00729026 0.00421184 0.000258537 0.0107757 6.85263e-05 0.000296837 0.00631654 0.000490005 -0.000242974
internal_weight=49199 5175.8 4772.16 4062.77 709.39 2328.87 1902.97 44023.2 781.145 43242.1 42191.3 3472.01 2573.9 38719.3
internal_count=795887 82626 77158 67116 10042 37113 31191 713261 13573 699688 682719 53435 41798 629284
is_linear=0
shrinkage=0.05


Tree=419
num_leaves=15
num_cat=0
split_feature=31 23 2 23 33 2 3 1 23 1 0 1 3 3
split_gain=11.9169 25.5034 71.9125 60.6549 70.0112 70.936 51.41 50.8891 44.8078 52.425 37.9289 139.373 153.125 65.303
threshold=0.30500000000000005 0.00093350000000000019 0.94335000000000013 0.00074150000000000008 -19.919999999999998 0.054850000000000003 3274.5000000000005 0.2758500000000001 0.0014495000000000001 0.28635000000000005 0.68500000000000016 0.26975000000000005 2695.0000000000005 2203.0000000000005
decision_type=2 2 2 2 2 2 2 2 2 2 2 2 2 2
left_child=-1 3 7 10 5 -5 -6 -3 9 -9 11 12 -2 -13
right_child=1 2 -4 4 6 -7 -8 8 -10 -11 -12 13 -14 -15
leaf_value=-0.00067686019439690411 -0.027948238682747678 0.0055739009793830266 -0.040096243337902647 -0.0063433401830849711 -0.011376927119034985 0.021395417042690018 0.0209493959815557 -0.029293847891149461 0.025206164149024969 -0.0053532563759875022 0.0051679738094420544 0.018063008606868953 0.00092435365907171196 0.00052920258002198291
leaf_weight=28350.13733481802 915.23864518478513 1279.9354606792331 127.81495574116707 288.43410704657435 516.45563230477273 1146.1998668983579 161.32930691540241 287.05371789261699 95.146289773285389 1123.0972742829472 3456.1435752213001 561.00841300562024 921.52593459561467 9907.0443758331239
leaf_count=476099 10105 20428 1001 5259 7946 14407 2138 3149 1158 18544 55406 7571 14013 158663
internal_value=-1.01141e-05 0.000899245 -0.00343887 0.0016063 0.0095622 0.0158185 -0.00368052 -0.00175527 -0.00798713 -0.0102284 0.000539924 -0.000760022 -0.0134633 0.00146905
internal_weight=49136.6 20786.4 2913.05 17873.4 2112.42 1434.63 677.785 2785.23 1505.3 1410.15 15761 12304.8 1836.76 10468.1
internal_count=795887 319788 44280 275508 29750 19666 10084 43279 22851 21693 245758 190352 24118 166234
is_linear=0
shrinkage=0.05


Tree=420
num_leaves=15
num_cat=0
split_feature=1 0 1 2 2 3 23 3 1 13 7 23 33 1
split_gain=11.5297 65.6057 44.7525 64.3124 52.0848 38.5404 72.7289 71.8801 31.9233 41.0524 29.7304 27.6284 62.7254 28.5665
threshold=0.21260000000000004 0.69500000000000006 0.20800000000000005 0.9295500000000001 0.068900000000000003 849.00000000000011 0.00071750000000000015 1347.0000000000002 0.21860000000000004 0.15999999999999998 2592.5000000000005 0.00039350000000000002 -180.07499999999996 0.20050000000000004
decision_type=2 2 2 2 2 2 2 2 2 2 2 2 2 2
left_child=1 -1 3 5 -4 6 -3 -7 9 -2 -6 12 -5 -13
right_child=8 2 4 11 10 7 -8 -9 -10 -11 -12 13 -14 -15
leaf_value=-0.021898333839289557 0.02947886901959948 0.011145018229618837 -0.024715681176259104 0.0057380731485044507 0.011322121062940046 0.030131890731389124 -0.038651598221641048 0.0050402274178423419 0.00011937421140238694 -0.0020550058925757403 -0.024476969330877507 0.00067212044503872572 -0.039667568001725377 -0.016716362555311844
leaf_weight=392.36643536761403 211.32351721823215 173.57104006130248 382.80145616456866 136.91864729858935 240.42166718281806 343.82788047753274 126.81460214033723 1678.2931772004813 43534.495926791802 201.62619026750326 76.324423424899578 1128.6213090065867 170.96179511584342 298.60754596441984
leaf_count=5437 2279 2547 4850 2657 4240 3931 1140 29567 706740 4419 933 21097 1691 4595
internal_value=-1.16468e-05 -0.00225001 -0.000629006 0.00138471 -0.0123078 0.00682543 -0.00988362 0.00930792 0.000250637 0.0140854 0.00269082 -0.00589788 -0.0194798 -0.00296685
internal_weight=49097 5149.53 4757.16 4057.62 699.548 2322.51 300.386 2022.12 43947.4 412.95 316.746 1735.11 307.88 1427.23
internal_count=796123 82685 77248 67225 10023 37185 3687 33498 713438 6698 5173 30040 4348 25692
is_linear=0
shrinkage=0.05


Tree=421
num_leaves=15
num_cat=0
split_feature=10 33 33 33 33 33 33 2 33 33 7 33 23 23
split_gain=11.7513 15.8557 19.7714 15.6277 14.1299 156.54 70.4674 153.499 144.329 127.306 111.505 102.978 52.4257 93.2231
threshold=-0.20000000000000001 -166.84499999999997 -167.32999999999996 -159.01999999999995 -79.334999999999994 -87.234999999999985 -56.454999999999991 0.93685000000000007 -51.774999999999991 -53.684999999999995 2390.5000000000005 -54.779999999999994 0.00036550000000000005 0.00043250000000000005
decision_type=2 2 2 2 2 2 2 2 2 2 2 2 2 2
left_child=1 2 -1 -3 5 -2 7 10 9 11 -6 -8 -10 -14
right_child=4 3 -4 -5 6 -7 8 -9 12 -11 -12 -13 13 -15
leaf_value=0.0069414837340975536 -0.00034685935411842543 -0.023909238341676284 0.034755663885110179 0.0019562970241730738 0.0073051107223839583 -0.024321326227402316 -0.016678604811234368 -0.0029884436441800174 0.0080627416643302054 -0.032805877697516646 0.0287917568018368 0.012550827543101021 -0.013547018764868971 0.00047078536359030049
leaf_weight=449.24196484312415 15524.552273875102 59.685259081423283 74.403337977826595 2515.5647770315409 2255.9188417624682 712.00823719240725 754.48462137766182 2888.0923970136791 2003.6902410909534 612.6697172857821 824.43781745061278 501.56996682472527 1266.6958979144692 18607.825523350388
leaf_count=8135 256770 743 673 46004 38859 9046 10172 57016 33600 6057 9283 8274 20282 291209
internal_value=-1.12346e-05 0.00296886 0.0108994 0.00135592 -0.000212211 -0.00139833 0.000435892 0.0052926 -0.000784789 -0.014122 0.0130566 -0.00500659 0.000354464 -0.000422698
internal_weight=49050.8 3098.9 523.645 2575.25 45951.9 16236.6 29715.4 5968.45 23746.9 1868.72 3080.36 1256.05 21878.2 19874.5
internal_count=796123 55555 8808 46747 740568 265816 474752 105158 369594 24503 48142 18446 345091 311491
is_linear=0
shrinkage=0.05


Tree=422
num_leaves=15
num_cat=0
split_feature=0 1 3 2 2 1 9 34 2 1 10 0 3 1
split_gain=11.4435 30.1137 32.833 34.5716 48.8735 30.3481 25.4979 24.2187 40.3961 48.1273 23.9867 23.7796 22.9689 24.5069
threshold=0.62500000000000011 0.35400000000000004 2499.5000000000005 0.063950000000000021 0.060850000000000008 0.29845000000000005 0.72050000000000003 0.22500000000000003 0.071300000000000016 0.36130000000000007 0.10350000000000011 0.50500000000000012 3564.0000000000005 0.27015000000000006
decision_type=2 2 2 2 2 2 2 2 2 2 2 2 2 2
left_child=1 2 5 4 6 10 -4 -3 11 -10 -1 -9 13 -2
right_child=12 7 3 -5 -6 -7 -8 8 9 -11 -12 -13 -14 -15
leaf_value=0.016507374419367383 -0.00063728204826600542 0.013471662861164755 0.0027181261462704566 0.002783704406654602 -0.018867971389624049 -0.021029203423521683 -0.010781564868855224 -0.0091420564013461429 0.0068790925763016035 -0.011031614589458207 -0.021232471339592197 0.011919729564986509 -0.010395073962208743 0.0018255626862705061
leaf_weight=116.29829502291977 23040.8073370317 403.09168048575521 986.95034793019295 1669.6252522561699 603.65668895840645 492.06130788847804 541.67433627694845 160.79469627887011 589.09066701307893 1031.9787415340543 65.863408036530018 802.65084463357925 494.70249103009701 17985.029324617237
leaf_count=1599 363838 6282 18413 30056 8708 6820 10095 2837 10938 17331 1394 13431 9579 294802
internal_value=-1.07777e-05 -0.00181326 -0.0044079 -0.00260439 -0.00682332 -0.0145759 -0.00206594 0.00207414 0.000296085 -0.00452291 0.00285778 0.00840403 0.00031324 0.000442389
internal_weight=48984.3 7463.74 4476.13 3801.91 2132.28 674.223 1528.62 2987.61 2584.51 1621.07 182.162 963.446 41520.5 41025.8
internal_count=796123 127904 77085 67272 37216 9813 28508 50819 44537 28269 2993 16268 668219 658640
is_linear=0
shrinkage=0.05


Tree=423
num_leaves=15
num_cat=0
split_feature=31 2 1 3 33 23 0 0 3 3 2 0 23 10
split_gain=11.778 36.4783 34.3547 34.6919 28.6826 38.4009 24.2692 28.6038 22.8222 144.402 89.8204 82.0445 101.343 84.0939
threshold=0.41500000000000004 0.92160000000000009 0.30820000000000003 3373.5000000000005 -86.589999999999989 0.00037750000000000007 0.65500000000000014 0.67500000000000016 2608.5000000000005 2624.0000000000005 0.064700000000000021 0.71550000000000014 0.00024550000000000006 0.10350000000000011
decision_type=2 2 2 2 2 2 2 2 2 2 2 2 2 2
left_child=8 -2 4 -4 5 -3 -6 -8 10 -10 11 12 -1 -14
right_child=1 2 3 -5 6 -7 7 -9 9 -11 -12 -13 13 -15
leaf_value=-0.02285667750686339 -0.0011147714047424473 -0.0057024979148918957 -0.0057104755456889138 0.010671413845302903 0.016729513026764651 0.021470539577700981 -0.0090644887032990101 0.0070827345749039042 -0.02717992321126482 -0.00073613014179993821 -0.0011083217552563204 -0.0044234485405664839 0.024713131665814472 0.0063541198589397692
leaf_weight=188.63209805265069 5283.7575666550547 160.21405051276088 1048.1983156278729 467.11351771838963 341.42245875298977 688.92369139008224 412.7307664193213 817.01913436315954 527.11619598045945 24833.748949414119 10686.358714155853 980.20525491051376 1196.3273945860565 1303.2960577253252
leaf_count=2416 89025 2811 18315 8028 5118 10773 7009 13025 6122 418482 162050 13922 15621 23406
internal_value=-1.03765e-05 0.00159961 0.00524374 -0.000660186 0.00893996 0.0163435 0.00493794 0.00166308 -0.000384114 -0.00128586 0.00120901 0.00795933 0.0124744 0.0151414
internal_weight=48935.1 9219.38 3935.62 1515.31 2420.31 849.138 1571.17 1229.75 39715.7 25360.9 14354.8 3668.46 2688.26 2499.62
internal_count=796123 154104 65079 26343 38736 13584 25152 20034 642019 424604 217415 55365 41443 39027
is_linear=0
shrinkage=0.05


Tree=424
num_leaves=15
num_cat=0
split_feature=11 15 2 15 15 12 2 15 1 1 2 2 33 15
split_gain=11.0914 24.4598 36.6841 22.3962 31.6289 30.9124 22.7658 22.1833 21.5495 171.457 97.8241 117.373 91.7756 82.2234
threshold=0.86950000000000005 2.6667018695222073 0.054350000000000002 3.53504376687845 3.511764630913309 0.13999999999999996 0.055150000000000012 2.9311048556253598 0.24810000000000001 0.24980000000000002 0.053500000000000006 0.11180000000000001 -159.01999999999995 3.4962347597865295
decision_type=2 2 2 2 2 2 2 2 2 2 2 2 2 2
left_child=8 2 -2 4 6 -6 -3 -8 10 -10 12 -12 -1 -13
right_child=1 3 -4 -5 5 -7 7 -9 9 -11 11 13 -14 -15
leaf_value=0.025671417260369457 -0.034354961709721785 0.0066936679009804686 -0.0046293668484335988 -0.0049553784149589317 0.004817530540794434 0.02685987554673698 0.0013681283552995568 -0.0045032072678376665 -0.022235110119183076 0.00042777119038066676 0.011925450920437546 -0.0024267128674395951 -0.015357218853492375 0.015727376472011442
leaf_weight=154.76633901707828 109.2546650916338 1015.670237576589 2041.2878459524363 2068.0442783087492 795.10624627023935 198.75599707663059 3464.6956419367343 3003.1131079215556 862.97186551056802 25276.03329446353 3200.4828061405569 4849.0834132693708 1137.202728625387 715.68110680580139
leaf_count=2211 1020 18890 45620 40427 15359 2331 71032 53405 12828 392625 45496 68695 16572 9612
internal_value=-9.77934e-06 -0.00128135 -0.00614105 -0.000290251 0.00084785 0.00922789 -0.000265191 -0.00135806 0.00043623 -0.00032052 0.00240303 0.00429626 -0.0104407 -9.16854e-05
internal_weight=48892.1 12695.9 2150.54 10545.4 8477.34 993.862 7483.48 6467.81 36196.2 26139 10057.2 8765.25 1291.97 5564.76
internal_count=796123 248084 46640 201444 161017 17690 143327 124437 548039 405453 142586 123803 18783 78307
is_linear=0
shrinkage=0.05


Tree=425
num_leaves=15
num_cat=0
split_feature=31 2 1 11 11 3 15 13 2 13 0 13 0 3
split_gain=11.3174 31.8002 32.295 35.0433 35.8445 31.0579 22.7512 49.0862 23.7038 49.1098 31.5841 56.5898 38.2663 20.5624
threshold=0.41500000000000004 0.92160000000000009 0.30820000000000003 0.75500000000000012 0.71500000000000008 3373.5000000000005 3.1338273155872591 0.080000000000000002 0.052600000000000008 1.0000000180025095e-35 0.67500000000000016 0.13450000000000004 0.64500000000000013 2608.5000000000005
decision_type=2 2 2 2 2 2 2 2 2 2 2 2 2 2
left_child=13 6 3 4 -3 -4 8 -8 9 -2 12 -12 -10 -1
right_child=1 2 5 -5 -6 -7 7 -9 10 -11 11 -13 -14 -15
leaf_value=0.0011562492899834559 0.033527920311214834 0.0070865455265989143 -0.0054689184028203853 0.0020248641151884169 0.023877672094196136 0.010029039309857718 -0.013944038772126131 0.0033560911957941416 0.00023857147206758717 0.0030240764120868244 0.00070896430959827656 0.038771456192582807 -0.014767093839441362 -0.0012137366119522814
leaf_weight=14333.310443435796 156.92017107456923 755.93600309640169 1051.9672020152211 1097.683622514829 548.48151529952884 466.55774386040866 873.04535005241632 772.95100766420364 1505.3343661371619 826.47333576716483 425.60151914134622 126.63193558715284 591.81968468800187 25318.3633611314
leaf_count=217582 2857 11936 18441 19865 6795 8032 13409 14679 24085 16086 7335 1902 8725 424432
internal_value=9.53818e-06 0.00158953 0.00500057 0.00860852 0.0141482 -0.000706916 -0.000943942 -0.00582028 0.0012656 0.00789449 -0.0011951 0.00944246 -0.00399655 -0.000357032
internal_weight=48851.1 9199.4 3920.63 2402.1 1304.42 1518.52 5278.78 1646 3632.78 983.394 2649.39 552.233 2097.15 39651.7
internal_count=796161 154147 65069 38596 18731 26473 89078 28088 60990 18943 42047 9237 32810 642014
is_linear=0
shrinkage=0.05


Tree=426
num_leaves=15
num_cat=0
split_feature=15 15 33 34 2 11 13 1 15 15 1 2 15 2
split_gain=11.2979 37.6363 44.9779 36.9577 35.2351 46.0562 44.8719 34.4758 34.6658 25.7145 37.5495 23.1752 66.5671 64.7615
threshold=3.5717949193831546 3.538891571506309 -62.099999999999994 0.41650000000000004 0.056600000000000004 0.65500000000000014 0.030000000000000002 0.27870000000000006 3.5467327350479132 3.53504376687845 0.27890000000000009 0.94395000000000018 3.5315340190116467 0.94335000000000013
decision_type=2 2 2 2 2 2 2 2 2 2 2 2 2 2
left_child=1 9 -3 -4 5 -2 -6 -5 -9 11 -11 12 13 -1
right_child=4 2 3 7 6 -7 -8 8 -10 10 -12 -13 -14 -15
leaf_value=-2.5835535394947759e-05 -0.027545155734862766 0.014002696148757633 -0.033877744699044997 0.009748214845477941 0.028352096906674912 0.0009397339619544615 0.0038304499956831003 -0.026024175651385074 -0.0064676730203829611 0.020508385083373264 -0.0059814756341628889 0.0025595150585238208 -0.016008086357085224 -0.024555362019693761
leaf_weight=34510.302411862649 192.78440132364631 245.37116678804159 135.27598077431321 269.67995845153928 204.86647276952863 536.89102722331882 2077.9420915264636 267.34323162585497 1484.6709789913148 360.18241783976555 212.7311541326344 7380.3533125184476 680.34859743714333 271.09268077276647
leaf_count=549296 2211 3942 1305 4738 2326 10691 40511 3146 27757 5009 4004 127516 9681 4028
internal_value=9.07635e-06 -0.000185944 -0.00627782 -0.00858542 0.00297508 -0.00658888 0.00603225 -0.00689147 -0.00945315 0.00015116 0.010673 1.04307e-05 -0.000520094 -0.000217093
internal_weight=48829.8 45817.4 2402.34 2156.97 3012.48 729.675 2282.81 2021.69 1752.01 43415 572.914 42842.1 35461.7 34781.4
internal_count=796161 740422 40888 36946 55739 12902 42837 35641 30903 699534 9013 690521 563005 553324
is_linear=0
shrinkage=0.05


Tree=427
num_leaves=15
num_cat=0
split_feature=0 1 15 15 23 23 6 7 34 2 1 0 15 33
split_gain=11.4272 26.5547 24.6733 32.1364 25.5057 23.4394 23.4374 31.9135 21.4905 37.3527 42.7403 21.5274 19.5121 94.3438
threshold=0.62500000000000011 0.35400000000000004 3.6252960762084516 2.7028954204178484 0.00055850000000000008 0.00061650000000000019 0.4948726953884896 779.50000000000011 0.22500000000000003 0.071300000000000016 0.36130000000000007 0.50500000000000012 2.6826018834518894 -114.74999999999999
decision_type=2 2 2 2 2 2 2 2 2 2 2 2 2 2
left_child=1 2 3 5 -4 -1 7 -5 -3 11 -11 -10 13 -2
right_child=12 8 4 6 -6 -7 -8 -9 9 10 -12 -13 -14 -15
leaf_value=0.013535628543952981 -0.0094652240266838751 0.012715334801335132 0.038599922503782691 -0.037855054011886373 0.0024351219472048742 -0.0033646331584904344 0.0018319455843565696 -0.0086446080897850334 -0.008751593526950258 0.0063378833290979935 -0.010595089372122918 0.011406905373383722 0.00093116208773189957 0.0014881290363378751
leaf_weight=330.66731579601765 2750.7493848940358 395.75408843904734 56.017195846885443 97.001168582588434 371.66704030707479 540.19946362636983 526.66339790262282 2533.3527370914817 158.87314620614052 585.21924213692546 1025.6441562362015 793.93941199220717 31725.633449980989 6889.2857302092016
leaf_count=5336 43679 6224 465 904 7614 10485 10703 41605 2826 10980 17373 13432 509286 115249
internal_value=8.55629e-06 -0.00179894 -0.00423748 -0.00544993 0.00717983 0.0030532 -0.00779555 -0.00972322 0.00187243 0.000198184 -0.00444341 0.00804509 0.000332562 -0.00163744
internal_weight=48780.7 7415 4455.57 4027.88 427.684 870.867 3157.02 2630.35 2959.43 2563.68 1610.86 952.813 41365.7 9640.04
internal_count=796161 127947 77112 69033 8079 15821 53212 42509 50835 44611 28353 16258 668214 158928
is_linear=0
shrinkage=0.05


Tree=428
num_leaves=15
num_cat=0
split_feature=10 3 7 6 26 11 1 1 1 0 22 1 23 11
split_gain=11.2335 14.1449 25.1215 14.1058 33.3403 51.579 27.9788 55.3897 32.3019 30.1772 44.9146 41.0403 27.4938 16.9551
threshold=-0.20000000000000001 3181.0000000000005 2570.5000000000005 0.045912170715801066 0.0035425000000000005 0.70500000000000007 0.21260000000000004 0.20050000000000004 0.20720000000000002 0.68500000000000016 -0.0006674999999999998 0.25905000000000006 0.00036350000000000005 0.62450000000000017
decision_type=2 2 2 2 2 2 2 2 2 2 2 2 2 2
left_child=1 2 -1 4 6 -6 7 12 -9 11 -11 -8 -2 -5
right_child=3 -3 -4 13 5 -7 9 8 -10 10 -12 -13 -14 -15
leaf_value=0.0018628497546730512 -0.027413464511489846 0.0077274650228618853 -0.022531343937527707 -0.0083101752978147255 0.010104872587858287 -0.029817605780895207 -0.014959881741622882 -0.04801570107761876 -0.010281368210293171 0.02565956830252307 0.0044338992740635512 0.0042679724681005367 0.0072388917846753723 -0.000373910251525209
leaf_weight=1938.0825637932867 64.680473947897553 1025.3566220980138 111.51681621186435 684.51562654413283 139.08846204355359 193.1760520376265 307.69397162273526 96.096890475600958 138.35982399061322 388.95254177972674 693.64615766145289 2821.2195181399584 491.80971217900515 39628.620730174705
leaf_count=35974 564 18230 1358 11039 1845 2058 3005 694 1352 4081 8421 35387 5411 666742
internal_value=8.09922e-06 0.00293323 0.00053455 -0.000188951 0.00222718 -0.0131077 0.00324597 -0.0053821 -0.0257614 0.00486647 0.0120615 0.00237671 0.00320707 -0.000508688
internal_weight=48722.8 3074.96 2049.6 45647.9 5334.72 332.265 5002.46 790.947 234.457 4211.51 1082.6 3128.91 556.49 40313.1
internal_count=796161 55562 37332 740599 62818 3903 58915 8021 2046 50894 12502 38392 5975 677781
is_linear=0
shrinkage=0.05


Tree=429
num_leaves=15
num_cat=0
split_feature=31 15 33 3 23 13 22 5 15 33 33 3 3 3
split_gain=10.9714 28.005 33.1423 23.9862 22.1029 28.6981 24.885 20.6529 34.9862 54.6283 51.0067 49.3306 69.4696 82.7841
threshold=0.41500000000000004 2.8265409023160699 -6.129999999999999 3419.5000000000005 0.00048650000000000006 0.15999999999999998 -0.00089049999999999991 247.09500000000003 3.0162309067336159 -164.21499999999997 -159.01999999999995 1305.0000000000002 1407.0000000000002 1672.5000000000002
decision_type=2 2 2 2 2 2 2 2 2 2 2 2 2 2
left_child=7 2 -2 4 5 -3 -6 8 9 -1 -11 -10 -13 -14
right_child=1 3 -4 -5 6 -7 -8 -9 11 10 -12 12 13 -15
leaf_value=0.0061754057404446337 0.005653897410697592 -0.0099519274282256903 -0.0088425838396790184 0.0093682659461468924 -0.0087455199889502951 0.0072602264652936012 0.0034188593892626063 -0.00099342724896097387 0.026627709557270569 -0.05117265320566388 -0.0031849323859470626 -0.037560379115064546 0.03493907224913894 0.0030305047850285199
leaf_weight=2032.0813171826303 4205.1742700468749 1369.6316661164165 434.97474202513695 476.55086742341518 546.51451683603227 294.10747526958585 1821.2126225885004 30109.526451218873 262.69812554866076 56.037122532725334 4077.5817302577198 97.019344449043274 219.64248559251428 2711.9482854995877
leaf_count=26858 68517 22884 7794 8775 9541 5763 30873 526113 2966 578 49275 865 2222 33137
internal_value=7.58833e-06 0.00156809 0.00429481 -0.00123858 -0.0024926 -0.006909 0.000610848 -0.000353218 0.00168509 -0.000536878 -0.0038367 0.00584745 0.00404418 0.00542229
internal_weight=48714.7 9148.17 4640.15 4508.02 4031.47 1663.74 2367.73 39566.5 9457.01 6165.7 4133.62 3291.31 3028.61 2931.59
internal_count=796161 154147 76311 77836 69061 28647 40414 642014 115901 76711 49853 39190 36224 35359
is_linear=0
shrinkage=0.05


Tree=430
num_leaves=15
num_cat=0
split_feature=0 26 0 3 7 1 25 22 35 3 22 3 3 33
split_gain=10.5747 32.2396 27.9426 13.847 45.6432 40.93 35.5359 34.9594 34.1938 33.2103 39.9991 33.8931 57.3527 46.7756
threshold=0.78500000000000014 -0.00023149999999999996 0.84500000000000008 1581.0000000000002 1387.5000000000002 0.18415000000000001 0.00058850000000000016 -0.0020074999999999993 1.0000000180025095e-35 1625.0000000000002 0.0013615000000000001 1699.0000000000002 1864.5000000000002 -24.894999999999996
decision_type=2 2 2 2 2 2 2 2 2 2 2 2 2 2
left_child=3 2 -2 4 5 -1 7 -7 -8 10 -5 13 -13 -11
right_child=1 -3 -4 9 -6 6 8 -9 -10 11 -12 12 -14 -15
leaf_value=0.021056377025378097 -0.018192992403186899 -0.028427569437311152 0.034917326179059259 -0.0088815053191497514 0.030281619528498033 -0.01714362192151702 0.0084772163969406619 0.0033065928018519647 -0.037986485369243553 0.020147291845964838 -0.058809069196914948 -0.010896599098351072 9.6329865098147285e-05 -0.017978052418271481
leaf_weight=255.9456890784204 46.424635142087936 119.71875918656588 52.869678244926035 354.44906849600375 148.12593082338572 227.92633090727031 60.903450978919864 2502.1974728070199 112.91760997846723 412.88628998212516 45.143871650099754 1220.0190334804356 43058.278385613114 99.832025244832039
leaf_count=3255 680 1364 925 6249 1627 3411 981 34581 1050 5831 264 19028 715604 1456
internal_value=-7.53876e-06 -0.010967 0.0100925 4.19753e-05 0.00316458 0.0018925 0.000202779 0.00159873 -0.021711 -0.00018661 -0.0145354 -5.85689e-05 -0.000206587 0.0127218
internal_weight=48717.6 219.013 99.2943 48498.6 3308.02 3159.89 2903.94 2730.12 173.821 45190.6 399.593 44791 44278.3 512.718
internal_count=796306 2969 1605 793337 44905 43278 40023 37992 2031 748432 6513 741919 734632 7287
is_linear=0
shrinkage=0.05


Tree=431
num_leaves=15
num_cat=0
split_feature=31 8 26 1 1 18 2 1 15 6 11 33 33 15
split_gain=10.2808 21.778 28.6497 26.9856 22.9476 22.5116 20.3214 42.8322 40.6785 20.0142 25.1917 33.9387 35.4837 30.9924
threshold=0.30500000000000005 0.92458333333333342 0.0026095000000000003 0.25780000000000008 0.28005000000000008 0.0023880931095526885 0.066900000000000015 0.19830000000000003 2.8265409023160699 0.14819051560903282 0.77500000000000013 -6.129999999999999 -184.41999999999999 2.6172200415413349
decision_type=2 2 2 2 2 2 2 2 2 2 2 2 2 2
left_child=9 2 5 -3 -5 6 7 -2 -8 -1 11 12 -11 -14
right_child=1 3 -4 4 -6 -7 8 -9 -10 10 -12 -13 13 -15
leaf_value=0.0016577967634552237 0.042653824582257416 0.049561190416304884 -0.0092591917016864329 -0.016265772957992874 0.011672284034830567 -0.033972742600832703 0.0049601033984192858 -0.0012189285791214058 -0.0011576677464741863 -0.027188700836067288 -0.0008444333217876084 -0.025619795969407822 0.011710855792286522 -0.0057074617458446409
leaf_weight=7150.4528547842056 55.92369481548667 40.52107122913003 715.97294073365629 86.827849484980106 475.98770098388195 45.996077947318554 6468.1948353089392 7946.760921921581 4685.3499436918646 156.96342341043055 19028.415620677173 212.81400831602514 317.40981389209628 1304.9812467806041
leaf_count=94408 512 290 10395 1078 6394 507 97401 127342 76275 1968 349427 2693 5883 21733
internal_value=-7.13604e-06 0.000844096 0.000560586 0.0102021 0.00736004 0.000926772 0.00101075 -0.000911811 0.00239018 -0.000627227 -0.00140452 -0.00675389 -0.00449618 -0.00229917
internal_weight=48692.6 20521.5 19918.2 603.337 562.816 19202.2 19156.2 8002.68 11153.5 28171 21020.6 1992.17 1779.35 1622.39
internal_count=796306 320194 312432 7762 7472 302037 301530 127854 173676 476112 381704 32277 29584 27616
is_linear=0
shrinkage=0.05


Tree=432
num_leaves=15
num_cat=0
split_feature=0 1 3 2 2 1 9 10 5 1 3 1 34 11
split_gain=10.1396 23.8612 28.1542 31.5621 43.6015 28.3116 21.3349 21.2367 20.6711 21.2587 20.1994 22.4345 71.3051 110.779
threshold=0.62500000000000011 0.35400000000000004 2499.5000000000005 0.063950000000000021 0.060850000000000008 0.29845000000000005 0.72050000000000003 0.10350000000000011 709.53500000000008 0.34735000000000005 3564.0000000000005 0.27015000000000006 0.22500000000000003 0.77500000000000013
decision_type=2 2 2 2 2 2 2 2 2 2 2 2 2 2
left_child=1 2 5 4 6 7 -4 -1 9 -5 11 -2 13 -13
right_child=10 -3 3 8 -6 -7 -8 -9 -10 -11 -12 12 -14 -15
leaf_value=0.016222677399767502 -0.00061558716550341307 0.0017820033028444595 0.0024125130486026295 0.013105830328536667 -0.017986243901324733 -0.019839786638364786 -0.0099528506662090524 -0.01943536730564956 -0.0022148053530164154 -0.0085236854636698608 -0.0097761704515593965 -0.018136980227511253 0.0027705876689460818 0.0080631064007722249
leaf_weight=115.56804537214339 22938.43732869532 2934.6894795894623 987.73488450795412 600.92050955444574 587.10290259122849 483.07015096396208 539.16797635704279 65.24625332839787 915.53459321707487 140.0040426813066 491.55774426274002 1041.9377756454051 16179.686100492254 658.26965387910604
leaf_count=1618 363698 50875 18527 9444 8648 6859 10082 1389 18077 2511 9549 13361 270886 10782
internal_value=-6.8061e-06 -0.00171536 -0.00402993 -0.00235799 -0.00640728 -0.0135238 -0.00195421 0.00335196 0.00280987 0.00901815 0.000297976 0.000419319 0.00174701 -0.00799321
internal_weight=48678.9 7369.04 4434.35 3770.46 2114.01 663.884 1526.9 180.814 1656.46 740.925 41309.9 40818.3 17879.9 1700.21
internal_count=796306 128030 77155 67289 37257 9866 28609 3007 30032 11955 668276 658727 295029 24143
is_linear=0
shrinkage=0.05


Tree=433
num_leaves=15
num_cat=0
split_feature=0 26 0 3 3 34 18 23 1 3 33 3 11 7
split_gain=9.85796 29.8134 25.0125 12.8401 55.4003 70.4849 81.3116 61.6469 61.0063 38.4497 143.798 51.0322 46.1509 33.7059
threshold=0.78500000000000014 -0.00023149999999999996 0.84500000000000008 1305.0000000000002 1034.5000000000002 0.83350000000000013 0.00038165886800149061 0.00044350000000000005 0.18415000000000001 1407.0000000000002 -164.21499999999997 1565.0000000000002 0.84250000000000014 1315.5000000000002
decision_type=2 2 2 2 2 2 2 2 2 2 2 2 2 2
left_child=3 2 -2 4 5 7 -7 -1 -9 10 -5 12 -11 -12
right_child=1 -3 -4 9 -6 6 -8 8 -10 11 13 -13 -14 -15
leaf_value=0.011892931996248395 -0.017629857690966939 -0.027691578431523173 0.03260985139271888 0.024453355475122108 0.017125143471418396 -0.02323759533717442 0.032514107992926179 0.027027616017982304 -0.021135621346205436 0.02925446375162254 -0.024037760627945132 -0.00016898829473944389 0.0032017457193164269 -0.070411110287313936
leaf_weight=271.36001966893673 45.819014532491565 117.43342524021864 53.718601209111512 180.97839698754251 568.79054469242692 88.224947342649102 252.0249953456223 73.274778354912996 633.4961833525449 277.10186285898089 371.71868433244526 45218.14828998968 439.56772316992283 43.748518504202366
leaf_count=4072 680 1364 925 2372 8525 1095 2700 599 6771 3248 4772 750377 8563 243
internal_value=-6.64055e-06 -0.0106381 0.0094891 4.10225e-05 0.00408401 -0.00154321 0.0180554 -0.00836188 -0.0161392 -0.000122958 -0.0127352 4.08348e-05 0.0132778 -0.0289366
internal_weight=48635.4 216.971 99.5376 48418.4 1887.17 1318.38 340.25 978.131 706.771 46531.3 596.446 45934.8 716.67 415.467
internal_count=796306 2969 1605 793337 23762 15237 3795 11442 7370 769575 7387 762188 11811 5015
is_linear=0
shrinkage=0.05


Tree=434
num_leaves=15
num_cat=0
split_feature=31 7 1 13 23 15 33 0 33 13 2 15 3 3
split_gain=10.0059 19.8412 24.7635 23.039 27.9733 38.5179 32.7546 58.6576 38.6723 27.3543 59.2607 114.289 38.6473 84.1826
threshold=0.30500000000000005 3328.5000000000005 0.25780000000000008 0.049499999999999995 0.00034250000000000009 2.7028954204178484 -12.975 0.65500000000000014 -10.459999999999999 1.0000000180025095e-35 0.056250000000000001 3.4843933094152604 2570.5000000000005 2379.5000000000005
decision_type=2 2 2 2 2 2 2 2 2 2 2 2 2 2
left_child=-1 3 -3 9 5 -5 7 -6 -8 12 -11 -12 13 -2
right_child=1 2 -4 4 6 -7 8 -9 -10 10 11 -13 -14 -15
leaf_value=-0.00061830113037477296 0.00065892228433387268 0.047744961750213755 0.0070722723848767686 0.010572978396309789 0.00011768790474227379 -0.0057572370447393781 -0.033465529930931791 0.0092802377268507812 -0.00039135253970723786 -0.015942976434246359 -0.0055793894232795925 0.016818134418484634 0.005922545452117272 -0.037864279956497389
leaf_weight=28126.791849277914 802.68794123642147 40.009537734091282 560.06834055110812 439.12340662255883 3326.7534517273307 2029.9276005923748 91.265666626393795 3677.7650556769222 2706.1447305865586 852.01886567659676 2991.8592507448047 703.38288832642138 2074.5582116935402 172.14359461516142
leaf_count=476112 11064 290 7472 7545 57976 34694 894 55526 47055 11453 43457 11065 30271 1432
internal_value=-6.26296e-06 0.000834801 0.00979158 0.000564224 0.00190389 -0.00285258 0.00310204 0.0049286 -0.00147156 -0.00159976 -0.00405671 -0.00131572 0.00206407 -0.006147
internal_weight=48594.5 20467.7 600.078 19867.6 12271 2469.05 9801.93 7004.52 2797.41 7596.65 4547.26 3695.24 3049.39 974.832
internal_count=796306 320194 7762 312432 203690 42239 161451 113502 47949 108742 65975 54522 42767 12496
is_linear=0
shrinkage=0.05


Tree=435
num_leaves=15
num_cat=0
split_feature=1 1 0 3 23 1 18 23 1 3 13 1 1 1
split_gain=10.5144 47.0009 116.284 70.4758 84.1123 72.4413 46.4525 46.3404 41.5978 37.215 37.1936 32.8962 64.6541 57.3638
threshold=0.22730000000000003 0.23960000000000004 0.69500000000000006 2648.0000000000005 0.00088650000000000003 0.23245000000000002 0.00064744810601214114 0.00092150000000000012 0.23395000000000002 462.00000000000006 0.16000000000000003 0.23990000000000003 0.24025000000000002 0.24105000000000001
decision_type=2 2 2 2 2 2 2 2 2 2 2 2 2 2
left_child=6 2 -2 5 8 -4 9 -8 -5 -1 -7 -3 -13 -14
right_child=1 11 3 4 -6 10 7 -9 -10 -11 -12 12 13 -15
leaf_value=-0.023558707413563338 0.021616558692173837 -0.017781950536215081 -0.010462541595473491 -0.0010887181509834764 0.014381458738092517 0.031746478368367026 -0.0083687679258312789 0.0031699874892739928 -0.022678526716255011 0.0047430825087224592 0.009743607378130105 0.028713876962139864 -0.0298974920722338 -0.00010321677097908454
leaf_weight=121.72591849043965 876.42864014953375 264.27525135502219 351.41334988176823 345.9589767716825 324.33380068466067 271.66881482303143 3020.5854233074933 1222.1182325780392 628.23725247010589 2494.907721657306 655.4270851649344 193.81482212245464 162.14854336902499 37622.350543618202
leaf_count=1694 11739 3879 6189 7444 5152 2838 50061 20997 8823 40399 11439 2272 1944 621502
internal_value=3.26068e-07 0.000298753 0.00588493 0.000534114 -0.00767015 0.0088668 -0.00181371 -0.00504501 -0.0150124 0.00342563 0.0161939 -0.000205717 -8.33644e-05 -0.000231155
internal_weight=48555.4 41696.1 3453.47 2577.04 1298.53 1278.51 6859.34 4242.7 974.196 2616.63 927.096 38242.6 37978.3 37784.5
internal_count=796372 683221 53624 41885 21419 20466 113151 71058 16267 42093 14277 629597 625718 623446
is_linear=0
shrinkage=0.05


Tree=436
num_leaves=15
num_cat=0
split_feature=15 3 34 23 9 13 15 15 3 1 1 9 13 3
split_gain=9.946 46.5612 37.0617 52.7329 26.8385 16.9529 16.521 43.9647 49.5589 90.4931 64.4346 62.4989 49.5687 40.3324
threshold=2.0613957098106064 3576.5000000000005 0.41650000000000004 0.0012005000000000002 0.70200000000000007 0.22950000000000001 2.6826018834518894 2.6480379782320909 2831.0000000000005 0.24105000000000001 0.22410000000000005 0.59450000000000014 0.18050000000000008 3378.5000000000005
decision_type=2 2 2 2 2 2 2 2 2 2 2 2 2 2
left_child=1 2 3 -1 -3 -4 7 8 9 10 -2 -10 -11 -13
right_child=6 4 5 -5 -6 -7 -8 -9 11 12 -12 13 -14 -15
leaf_value=0.018086415368285723 -0.00054618548681770109 -0.0084546505939218902 0.011424223978242849 -0.032618326966858617 -0.05237796420699501 -0.00053584815199599902 0.00031495193415778032 -0.016924887616837109 0.0035375059471926666 0.017989770270309634 -0.024605247717700108 -0.008998637514981497 -0.00037504437131977072 -0.038302952988379629
leaf_weight=83.108004577457905 3349.9586776448414 328.39370475709438 1335.3583931475878 133.56813590973616 38.807477742433548 380.75841124355793 36918.588281331584 471.08519414439797 1184.9215408414602 1062.5525334309787 303.40632615238428 2229.4956048876047 561.61369742825627 123.85871398448944
leaf_count=887 56062 5889 21840 1310 219 8097 602133 7526 21650 15095 4105 39671 10866 1022
internal_value=5.02579e-07 0.00320952 0.00631044 -0.0131707 -0.0131097 0.00877074 -0.000159241 -0.0020443 -0.00124896 0.00182063 -0.00254487 -0.00582733 0.0116398 -0.0105425
internal_weight=48505.5 2299.99 1932.79 216.676 367.201 1716.12 46205.5 9286.89 8815.81 5277.53 3653.37 3538.28 1624.17 2353.35
internal_count=796372 38242 32134 2197 6108 29937 758130 155997 148471 86128 60167 62343 25961 40693
is_linear=0
shrinkage=0.05


Tree=437
num_leaves=15
num_cat=0
split_feature=33 33 13 2 2 11 2 0 1 23 15 33 11 2
split_gain=9.53678 35.9266 33.4934 32.6567 51.6774 39.6926 32.5734 33.971 54.7589 42.0413 59.8937 37.9806 32.9381 32.651
threshold=-3.8299999999999996 -4.0599999999999996 0.10999999999999997 0.94585000000000008 0.88595000000000013 0.84250000000000014 0.94535000000000013 0.74500000000000011 0.24980000000000002 0.00039350000000000002 2.6301797686105899 -178.96499999999995 0.84250000000000014 0.94455000000000011
decision_type=2 2 2 2 2 2 2 2 2 2 2 2 2 2
left_child=1 6 -3 4 -2 -6 13 8 12 11 -11 -9 -8 -1
right_child=3 2 -4 -5 5 -7 7 9 -10 10 -12 -13 -14 -15
leaf_value=-0.00017593961775454154 -0.0035714260238102176 0.044604286648713729 0.0081417584209001487 -0.0099277180537709082 0.025860162484712956 0.0031771988084660415 0.021844713142368598 -0.0096688105804489718 0.0018800424187424504 -0.030533543660188758 0.015030757368379645 -0.051372571525427284 0.0053822623896994728 -0.0092233498277811046
leaf_weight=37824.97321796976 2404.2091894112527 73.254462897777557 445.89889219775796 1046.9316406995058 286.96537957340479 587.82503733225167 678.64825748838484 180.11453524790704 2898.5003989133984 95.813497606664896 290.6748699657619 78.280995592474937 550.24634776450694 1024.1142257414758
leaf_count=609544 43397 518 8075 18364 3941 11595 8993 3056 54347 1017 4897 600 10520 17508
internal_value=4.77518e-07 0.000220049 0.0132944 -0.00223991 0.000214906 0.0106202 6.44165e-05 0.00396271 0.00563021 -0.00670886 0.00373003 -0.022318 0.0144746 -0.000414465
internal_weight=48466.5 44140.5 519.153 4325.93 3279 874.79 43621.4 4772.28 4127.4 644.884 386.488 258.396 1228.89 38849.1
internal_count=796372 719075 8593 77297 58933 15536 710482 83430 73860 9570 5914 3656 19513 627052
is_linear=0
shrinkage=0.05


Tree=438
num_leaves=15
num_cat=0
split_feature=31 2 1 33 15 23 2 2 13 1 0 33 13 3
split_gain=9.91139 27.3812 27.0437 27.3963 19.8956 29.0139 25.5807 18.7459 38.2815 32.5486 66.701 27.7425 29.9975 24.8529
threshold=0.41500000000000004 0.92160000000000009 0.36130000000000007 -6.129999999999999 2.8265409023160699 0.00038350000000000005 0.94430000000000014 0.054250000000000007 1.0000000180025095e-35 0.25025000000000003 0.64500000000000013 -8.6299999999999972 0.019999999999999993 2836.5000000000005
decision_type=2 2 2 2 2 2 2 2 2 2 2 2 2 2
left_child=-1 7 3 4 5 -3 -6 8 -2 11 -11 12 -9 -10
right_child=1 2 -4 -5 6 -7 -8 9 13 10 -12 -13 -14 -15
leaf_value=-0.00034320209140817045 0.023844497279973204 -0.0005350719025009194 -0.0058490899423250791 -0.002865860827491613 -0.0014371648242449645 0.015229232281320754 0.018237839596772564 -0.006948971214372524 -0.012589733029821561 0.00039339426909070819 -0.015489516488975631 -0.0051277517748844264 0.022617977983460158 0.0040260327471287804
leaf_weight=39334.000627595 204.24975087679923 372.84911395423114 526.62173887342215 650.31914721056819 758.79378494806588 1343.7278406843543 211.07921524345875 117.59956217557192 281.79479278251529 1856.7001740634441 1026.3460900969803 301.61641320958734 316.60446917824447 1115.8913981560618
leaf_count=642108 3424 6596 9392 11293 13689 21031 3097 1771 4636 31774 15243 5677 5126 21515
internal_value=5.87845e-07 0.00148916 0.00468019 0.00634208 0.00857111 0.0118053 0.00284626 -0.000872234 0.00363079 -0.0028656 -0.00526116 0.00651999 0.0146103 0.000675381
internal_weight=48418.2 9084.19 3863.39 3336.77 2686.45 1716.58 969.873 5220.8 1601.94 3618.87 2883.05 735.82 434.204 1397.69
internal_count=796372 154264 65098 55706 44413 27627 16786 89166 29575 59591 47017 12574 6897 26151
is_linear=0
shrinkage=0.05


Tree=439
num_leaves=15
num_cat=0
split_feature=10 1 1 3 1 3 1 11 1 33 3 15 23 33
split_gain=9.74242 13.0277 129.215 96.8225 47.3743 102.022 66.1272 54.2648 45.1597 43.3666 49.601 40.7504 86.8139 59.0977
threshold=-0.20000000000000001 0.25905000000000006 0.25585000000000008 3154.5000000000005 0.26550000000000001 549.00000000000011 0.26610000000000006 0.88500000000000012 0.25555000000000005 -1.8049999999999999 2468.0000000000005 3.5315340190116467 0.00057150000000000007 -50.079999999999991
decision_type=2 2 2 2 2 2 2 2 2 2 2 2 2 2
left_child=-1 2 8 -4 5 -3 -6 -7 11 10 -8 13 -13 -2
right_child=1 4 3 -5 6 7 9 -9 -10 -11 -12 12 -14 -15
leaf_value=0.002733799046923736 -0.0034939093118048002 -0.04650961762609538 -0.031201971475037449 -0.0016831335423763217 -0.033337502059118083 0.017255114365352191 0.0058633604497515292 -8.6632397449822951e-05 0.020843861663239087 -0.0086792808252875199 -0.00037015809948748427 0.029888637863306651 -0.025715931813202909 0.0027359242442491468
leaf_weight=3054.2268754392862 6833.1569840749726 82.241399519145489 606.94610339403152 512.18313981592655 148.53718054294586 1132.9132345840335 3767.1273652631789 749.50905203819275 252.6365385055542 1332.0047671254724 20873.626486085355 86.527172017842531 370.17019538208842 8594.9389108605683
leaf_count=55599 113489 551 6545 10335 1421 16449 59957 15848 3499 23402 352518 961 4482 131316
internal_value=4.82681e-07 -0.000183636 -0.00126487 -0.0176937 0.000480694 0.00796822 -8.24945e-05 0.0103507 -0.000125427 0.000107817 0.000582855 -0.000459058 -0.0151767 -2.32953e-05
internal_weight=48396.7 45342.5 17256.6 1119.13 28086 1964.66 26121.3 1882.42 16137.4 25972.8 24640.8 15884.8 456.697 15428.1
internal_count=796372 740773 270627 16880 470146 32848 437298 32297 253747 435877 412475 250248 5443 244805
is_linear=0
shrinkage=0.05


Tree=440
num_leaves=15
num_cat=0
split_feature=0 1 3 2 2 1 1 34 11 3 3 13 0 15
split_gain=9.64842 22.116 27.2771 28.1505 40.2879 24.8865 19.8358 60.4417 98.4412 76.3634 118.219 116.988 70.7564 58.3712
threshold=0.62500000000000011 0.35400000000000004 2499.5000000000005 0.063950000000000021 0.060850000000000008 0.29845000000000005 0.27015000000000006 0.22500000000000003 0.77500000000000013 3008.5000000000005 3021.5000000000005 0.11600000000000001 0.67500000000000016 2.7028954204178484
decision_type=2 2 2 2 2 2 2 2 2 2 2 2 2 2
left_child=1 2 5 4 -4 -1 -2 8 -8 11 -11 -9 -13 -12
right_child=6 -3 3 -5 -6 -7 7 9 -10 10 13 12 -14 -15
leaf_value=0.0024599315721001293 -0.00068131318886619776 0.0016958059424229989 -0.001824366692345017 0.0026265307375515109 -0.017297233213354486 -0.019308012273198425 -0.017186413653523729 0.015284873964077071 0.0075914204812772834 -0.033537769600874921 -0.0070769041529336711 -0.0017739387201888984 0.016294363262498442 0.00256500406384829
leaf_weight=181.26880868338048 22950.092463766225 2926.6555489916354 1523.3995697852224 1649.2428748980165 581.12027042917907 476.02890904992819 1024.280456263572 2462.8387945536524 658.49069023318589 259.49309370294213 1959.6756015252322 3171.4690479133278 653.38394276797771 7885.8502084258944
leaf_count=3009 368106 50919 28604 30010 8700 6864 13372 35097 10862 2491 32857 57770 9984 137869
internal_value=-4.27695e-06 -0.00167415 -0.00391004 -0.00226457 -0.0060975 -0.0133054 0.000294395 0.00153323 -0.00749064 0.0024596 -0.00023234 0.00678579 0.00131294 0.000645805
internal_weight=48363.3 7337.72 4411.06 3753.76 2104.52 657.298 41025.6 18075.5 1682.77 16392.7 10105 6287.69 3824.85 9845.53
internal_count=796514 128106 77187 67314 37304 9873 668408 300302 24234 276068 173217 102851 67754 170726
is_linear=0
shrinkage=0.05


Tree=441
num_leaves=15
num_cat=0
split_feature=15 33 2 9 33 33 33 33 13 3 3 3 3 6
split_gain=9.37079 50.0066 35.0563 17.1151 15.1759 92.1986 51.5513 113.723 62.4094 50.0031 80.0378 114.715 87.702 49.0463
threshold=2.0613957098106064 -6.129999999999999 0.11180000000000001 0.70200000000000007 -28.774999999999995 -28.174999999999994 -34.044999999999995 -34.649999999999991 0.12000000000000006 1625.0000000000002 2808.0000000000005 2880.5000000000005 2648.0000000000005 0.12102025539607476
decision_type=2 2 2 2 2 2 2 2 2 2 2 2 2 2
left_child=1 -1 -3 -4 6 -6 7 -2 -8 13 12 -12 -11 -7
right_child=4 2 3 -5 5 9 8 -9 -10 10 11 -13 -14 -15
leaf_value=0.0076200345435207886 0.0002965478535995929 0.0037212125206129705 -0.016128322845655994 -0.051661187862338059 -0.041850783380208582 0.028330328857986961 0.016600764509096391 -0.029092010689759536 -0.0015885500193261769 -0.0037999073358298374 0.01892480320642603 -0.00067533922283557102 -0.021052518953233835 0.0033487653537481871
leaf_weight=1662.3049152232707 28411.141639805399 283.32152223214507 286.60176936537027 38.373908534646034 139.76834683865309 257.29689057543874 1051.7480616439134 332.93779434636235 854.80846267007291 4934.0371632315218 828.73644343391061 7516.4432441685349 865.7992931753397 830.25745148211718
leaf_count=28412 472395 5123 4395 221 1058 2661 15162 3727 17221 76991 11919 130991 12317 13921
internal_value=-4.13026e-06 0.00313147 -0.00913376 -0.0203387 -0.000158835 -0.00144089 0.000484164 -4.39549e-05 0.00844589 -0.00106984 -0.0018642 0.0012713 -0.00637569 0.00926104
internal_weight=48293.6 2270.6 608.297 324.976 46023 15372.3 30650.6 28744.1 1906.56 15232.6 14145 8345.18 5799.84 1087.55
internal_count=796514 38151 9739 4616 758363 249858 508505 476122 32383 248800 232218 142910 89308 16582
is_linear=0
shrinkage=0.05


Tree=442
num_leaves=15
num_cat=0
split_feature=12 5 33 33 33 33 22 23 23 2 33 33 3 5
split_gain=9.65279 18.9763 17.3363 149.336 92.9175 84.0249 81.6258 60.1752 102.676 55.5564 76.7813 63.9856 28.8629 15.769
threshold=0.19000000000000006 885.17000000000007 -56.454999999999991 -51.774999999999991 -56.519999999999989 -53.684999999999995 -0.00058049999999999996 0.00037050000000000006 0.00042550000000000004 0.93890000000000007 -100.08999999999999 -90.069999999999979 3053.5000000000005 411.47500000000008
decision_type=2 2 2 2 2 2 2 2 2 2 2 2 2 2
left_child=1 2 4 5 9 6 -4 12 -9 10 -1 -11 -5 -2
right_child=13 -3 3 7 -6 -7 -8 8 -10 11 -12 -13 -14 -15
leaf_value=-0.00022355590272658639 -0.0050080820994670913 -0.0016767098913271637 -0.021444461712358576 0.016367815364309986 0.037870999526600883 -0.033509984762840991 0.013230748310244265 -0.020768282704168313 0.00095564748896410771 0.0022032999006479799 0.009730709389887569 -0.01174771318991592 -0.00064698229057893954 0.0023517218230430874
leaf_weight=5036.7293794434518 811.08406487293541 15681.137343024835 391.99065529182553 871.11225091293454 177.14856698364019 489.53449404984713 299.16131241619587 575.10833704099059 9998.6460040193051 1830.1172272283584 3147.8757846169174 1491.7227696757764 349.11579923331738 7080.6765778660774
leaf_count=75529 11157 294706 5087 12621 1593 4713 3988 7359 142441 31313 49713 25358 7153 123783
internal_value=-3.96016e-06 -0.000316825 0.000547982 -0.000710092 0.00194507 -0.0176631 -0.00643575 0.000987198 -0.000226106 0.00139165 0.00360502 -0.00406178 0.0115001 0.00159526
internal_weight=48231.2 40339.4 24658.3 12974.7 11683.6 1180.69 691.152 11794 10573.8 11506.4 8184.61 3321.84 1220.23 7891.76
internal_count=796514 661574 366868 183362 183506 13788 9075 169574 149800 181913 125242 56671 19774 134940
is_linear=0
shrinkage=0.05


Tree=443
num_leaves=15
num_cat=0
split_feature=3 3 3 3 3 0 1 1 10 23 33 3 22 33
split_gain=9.2498 105.36 59.4268 45.4541 123.013 61.5028 138.499 82.2431 68.3824 48.7243 54.1676 44.1476 41.4708 70.4073
threshold=2298.0000000000005 2203.0000000000005 2177.0000000000005 2608.5000000000005 2624.0000000000005 0.67500000000000016 0.25915000000000005 0.23690000000000003 0.039999999999999959 0.00024550000000000006 -32.689999999999991 2162.5000000000005 -0.0011084999999999999 -27.469999999999995
decision_type=2 2 2 2 2 2 2 2 2 2 2 2 2 2
left_child=1 2 11 5 -5 6 -2 -7 -9 -8 -11 12 13 -1
right_child=3 -3 -4 4 -6 7 9 8 -10 10 -12 -13 -14 -15
leaf_value=-0.017146785322878652 -0.041085923624647004 -0.015470389587941015 0.023260985231931288 -0.023124794768795563 1.7954873719520207e-05 0.00019360239926294903 -0.018738839131486437 0.028063634748447325 0.0082643902049628747 0.011146524191836009 -0.0040892293732294879 -0.022432257340927249 0.0020040899584542393 0.0045824729649224611
leaf_weight=812.13908077590168 201.48961111158133 1167.90425786376 277.86768722906709 584.76545313932002 31474.849095348269 1497.1201946865767 256.94372344389558 715.05532625317574 1117.9611582923681 1277.4501172192395 1073.577744519338 218.09600529074669 6832.5895498013124 688.98032831959426
leaf_count=11174 1574 17936 3686 7594 539179 28860 3658 7994 20595 20780 17414 2926 102166 10978
internal_value=-3.81759e-06 -0.00135777 0.000509062 0.000350545 -0.000404238 0.0042918 -0.00115657 0.0088882 0.0159891 0.00192979 0.00418936 -0.000230463 0.000350827 -0.0071739
internal_weight=48196.8 9997.58 8829.67 38199.2 32059.6 6139.6 2809.46 3330.14 1833.02 2607.97 2351.03 8551.8 8333.71 1501.12
internal_count=796514 148866 130930 647648 546773 100875 43426 57449 28589 41852 38194 127244 124318 22152
is_linear=0
shrinkage=0.05


Tree=444
num_leaves=15
num_cat=0
split_feature=10 33 33 3 11 3 33 33 33 33 33 33 2 22
split_gain=9.84319 18.4164 74.4584 125.599 48.728 51.2347 48.7191 88.146 48.0647 61.3451 68.828 74.8105 37.2043 35.3803
threshold=0.070500000000000076 -22.254999999999995 -14.034999999999998 2011.0000000000002 0.91500000000000015 3065.0000000000005 -11.169999999999998 -10.459999999999999 -24.214999999999996 -24.894999999999996 -27.469999999999995 -28.774999999999995 0.054850000000000003 -0.0029474999999999996
decision_type=2 2 2 2 2 2 2 2 2 2 2 2 2 2
left_child=1 8 3 -3 5 -5 -4 -8 9 10 11 -1 -10 -9
right_child=-2 2 6 4 -6 -7 7 13 12 -11 -12 -13 -14 -15
leaf_value=0.0014580186707797854 -0.00085628857053303236 0.024341325692675012 0.013094483508357855 -0.027328068549235824 0.035396547945104537 -0.008517475885929833 -0.03567025054504596 -0.015946619654181302 -0.0092185508026116983 -0.020025891333098178 0.027490653531538369 -0.025119637327523949 0.024318118354719975 0.0014581168971323276
leaf_weight=18347.974389298819 19873.972014900297 223.21314334124327 742.02389897406101 688.90257896110415 44.890847489237785 762.99165504984558 172.74411971867085 307.90427125990391 105.75247620791197 339.20906997472048 249.79480336606503 268.54724188707769 378.49135715514421 5615.6023424956948
leaf_count=286487 358910 2696 11945 7589 416 13616 1544 3964 1863 4765 2950 2633 4722 92414
internal_value=-3.74475e-06 0.000596065 -0.00134037 -0.0106392 -0.0158571 -0.0174441 0.000998638 -0.000473836 0.00143775 0.00104544 0.0014244 0.0010745 0.0169938 0.000553164
internal_weight=48122 28248 8558.27 1720 1496.79 1451.89 6838.27 6096.25 19689.8 19205.5 18866.3 18616.5 484.244 5923.51
internal_count=796514 437604 134184 24317 21621 21205 109867 97922 303420 296835 292070 289120 6585 96378
is_linear=0
shrinkage=0.05


Tree=445
num_leaves=15
num_cat=0
split_feature=1 1 1 23 1 1 4 0 11 1 3 3 3 3
split_gain=9.61085 32.1254 23.7879 42.255 24.1499 57.0907 84.7878 40.6281 39.8799 29.8987 22.8252 24.6324 19.0554 27.4724
threshold=0.30820000000000003 0.30695000000000006 0.30345000000000005 0.00047350000000000002 0.29555000000000003 0.29505000000000009 1.0000000180025095e-35 0.69500000000000006 0.62450000000000017 0.29475000000000007 501.50000000000006 1886.0000000000002 3419.5000000000005 3296.5000000000005
decision_type=2 2 2 2 2 2 2 2 2 2 2 2 2 2
left_child=1 2 4 -4 5 9 -7 8 -6 -1 -2 -12 13 -13
right_child=10 -3 3 -5 7 6 -8 -9 -10 -11 11 12 -14 -15
leaf_value=0.00018535105783198317 0.023718626261118023 0.010892307367888831 -0.020489838610165793 0.0022253729760522171 -0.028314978161033545 -0.025057867734333075 0.010905099009452286 -0.040626541375404238 0.0080731719886450708 0.015433657543520139 -0.017001029206658958 -0.00097821603647571206 0.0039917281070067125 -0.0095138071626135971
leaf_weight=34637.035994608887 88.811598312109709 709.175516448915 379.87874022871256 443.86914603225887 78.241758041083813 513.30723737925291 240.67736766114831 46.371324203908443 1939.0892606936395 324.38805915415287 256.62839579768479 5842.2414975520223 1424.1078138016164 1123.9765281789005
leaf_count=563716 1129 12145 5229 8178 837 6238 4089 354 35279 3531 3882 106454 25750 19557
internal_value=1.42765e-05 0.000347628 0.000153884 -0.00825117 0.000337171 3.32874e-05 -0.0135783 0.00559608 0.00666053 0.000326876 -0.00148583 -0.00174498 -0.00127816 -0.00235552
internal_weight=48047.8 39312 38602.9 823.748 37779.1 35715.4 753.985 2063.7 2017.33 34961.4 8735.77 8646.95 8390.33 6966.22
internal_count=796368 639596 627451 13407 614044 577574 10327 36470 36116 567247 156772 155643 151761 126011
is_linear=0
shrinkage=0.05


Tree=446
num_leaves=15
num_cat=0
split_feature=31 6 15 1 15 15 3 15 15 15 33 0 15 0
split_gain=9.88792 18.3716 22.5571 50.8304 21.2417 58.4153 36.376 40.8327 32.0223 74.2802 37.4206 22.3293 22.2798 35.4073
threshold=0.30500000000000005 0.21971657224334465 3.5315340190116467 0.26050000000000006 3.511764630913309 3.497385124232657 3011.0000000000005 3.5495242412257118 3.4843933094152604 3.4795640780011685 9.8450000000000006 0.66500000000000015 3.523994421222715 0.67500000000000016
decision_type=2 2 2 2 2 2 2 2 2 2 2 2 2 2
left_child=1 4 -3 -4 5 8 7 -6 9 -1 -10 -9 -8 -14
right_child=-2 2 3 -5 6 -7 12 11 10 -11 -12 -13 13 -15
leaf_value=0.00074454575917567707 0.00085806430002654741 -0.00079661419780431911 -0.027074759797060272 -0.0035546037009458516 0.022751626466662567 -0.02630383995119441 0.021678353866504945 0.01022314193775971 0.015512615816226469 -0.029461245966038031 -0.026056186759638545 -0.021351273735668932 0.0039027723700796185 -0.020675540760693199
leaf_weight=7408.815430900082 20121.599091598764 15183.364369723015 252.85135922208428 2500.8969326335937 494.57419019192457 203.38709124922752 94.287117071449757 136.81386549584568 575.18593387305737 209.18112652003765 59.673450842499733 94.643466178327799 439.25922862440348 219.76168836280704
leaf_count=106253 320014 280341 2857 50719 6486 2437 1243 2358 7832 2335 708 1665 8086 3034
internal_value=1.3399e-05 -0.000596375 -0.00155175 -0.00571515 0.0011284 0.000161396 0.0066556 0.0146412 0.000813928 -8.52452e-05 0.0116019 -0.00269136 -0.00104178 -0.00429518
internal_weight=47994.3 27872.7 17937.1 2753.75 9935.58 8456.24 1479.34 726.032 8252.86 7618 634.859 231.457 753.308 659.021
internal_count=796368 476354 333917 53576 142437 119565 22872 10509 117128 108588 8540 4023 12363 11120
is_linear=0
shrinkage=0.05


Tree=447
num_leaves=15
num_cat=0
split_feature=10 5 13 13 1 33 3 15 22 19 15 26 15 2
split_gain=9.04302 11.8619 17.1075 25.4216 34.4256 30.8624 18.8877 24.9117 18.7724 21.5994 15.9459 15.2704 14.338 59.2476
threshold=-0.20000000000000001 1012.7050000000002 0.15999999999999998 0.080000000000000002 0.24890000000000004 -60.54999999999999 2624.0000000000005 3.5000914685188254 -1.1499999999999998e-05 0.00069760274375651728 2.6301797686105899 0.00010850000000000002 3.5717949193831546 0.056600000000000004
decision_type=2 2 2 2 2 2 2 2 2 2 2 2 2 2
left_child=-1 12 3 6 10 -6 -3 -8 9 11 -5 -4 -2 -14
right_child=1 2 8 4 5 -7 7 -9 -10 -11 -12 -13 13 -15
leaf_value=0.0026474890037574291 0.00017809056020480274 -0.0096847990659131682 0.0027494949622373643 0.02145054557634786 -0.01652850164107789 -0.0046583806897500905 0.0076125801099040493 -0.012048122577285027 -0.0020943598744653544 0.00022744139322610076 -0.00065674866189862984 0.013877387892754771 -0.011482891067152948 0.010628396751569423
leaf_weight=3049.3708796240389 26820.307754489593 293.61882838234305 692.43708493188024 88.820246249437332 953.65124759078026 1286.1537175234407 1005.8882895577699 191.75159587711096 6173.6937622688711 4269.0734386630356 986.37331535108387 555.70556678436697 405.24888173490763 1199.3420204538852
leaf_count=55623 406410 5104 11900 1178 14898 23776 18061 3181 118981 83530 17778 8957 6568 20423
internal_value=1.26587e-05 -0.000166203 -0.0012327 -0.00374386 -0.00618275 -0.00971288 0.00167774 0.004464 -0.000200317 0.00191909 0.00117133 0.00770464 0.000452772 0.00504369
internal_weight=47971.4 44922.1 16497.2 4806.26 3315 2239.8 1491.26 1197.64 11690.9 5517.22 1075.19 1248.14 28424.9 1604.59
internal_count=796368 740745 307344 83976 57630 38674 26346 21242 223368 104387 18956 20857 433401 26991
is_linear=0
shrinkage=0.05


Tree=448
num_leaves=15
num_cat=0
split_feature=0 11 23 1 2 3 1 34 1 3 15 34 15 0
split_gain=8.95731 19.3635 52.4146 57.5416 70.8984 51.497 50.3116 49.0342 38.6303 27.9574 19.3088 48.5859 23.6866 110.547
threshold=0.62500000000000011 0.70500000000000007 0.0012245000000000001 0.25745000000000001 0.073000000000000023 3284.5000000000005 0.27475000000000005 0.29150000000000004 0.31150000000000005 3576.5000000000005 2.0613957098106064 0.41650000000000004 2.7028954204178484 0.68500000000000016
decision_type=2 2 2 2 2 2 2 2 2 2 2 2 2 2
left_child=-1 2 3 5 6 7 -5 -2 -6 10 11 -3 13 -12
right_child=1 9 -4 4 8 -7 -8 -9 -10 -11 12 -13 -14 -15
leaf_value=-0.0016017909838278216 0.0085264343319957411 -0.021321741363266374 -0.022406895581154978 -0.013264351427660949 0.015852182486488366 0.036690265220855944 0.0047146339595420996 -0.017773275362715574 -0.016240853157378027 -0.02151529769641055 -0.01331899536431091 0.0089151866882160192 0.00046193144581669119 0.00063585485594828647
leaf_weight=7290.748763024807 248.01895512454212 148.46856270357966 193.27652620896697 495.31530073843896 1704.4925032109022 62.511601708829403 1813.3762953933328 620.41247680224478 99.145961441099644 151.90379812195897 1859.9882733523846 1256.2550205029547 26024.648965923116 5986.9882196085528
leaf_count=128027 3906 1543 2342 7006 25079 593 25976 7204 1497 2108 29607 22218 437524 101738
internal_value=1.2045e-05 0.000301391 0.00313931 0.00411876 0.00665985 -0.00710572 0.000856948 -0.0102621 0.0140872 -0.000118082 -2.58824e-05 0.00571808 -0.000264112 -0.00267203
internal_weight=47955.6 40664.8 5236.55 5043.27 4112.33 930.943 2308.69 868.431 1803.64 35428.3 35276.3 1404.72 33871.6 7846.98
internal_count=796368 668341 73603 71261 59558 11703 32982 11110 26576 594738 592630 23761 568869 131345
is_linear=0
shrinkage=0.05


Tree=449
num_leaves=15
num_cat=0
split_feature=33 33 33 15 6 2 3 15 3 3 26 22 11 23
split_gain=9.04957 68.2877 39.8509 31.9439 40.6256 68.4283 25.997 52.7443 29.8752 43.1135 38.5466 25.275 23.1358 23.2273
threshold=-180.83499999999995 -176.79499999999999 -174.09999999999997 2.3502401828962087 0.15552289405652744 0.080150000000000013 462.00000000000006 2.4414009612931857 1305.0000000000002 1407.0000000000002 0.0029115000000000005 -0.00092949999999999988 0.84250000000000014 0.0016115000000000003
decision_type=2 2 2 2 2 2 2 2 2 2 2 2 2 2
left_child=3 11 -3 -1 5 -5 7 -4 10 -10 -8 -2 13 -7
right_child=1 2 6 4 -6 12 8 -9 9 -11 -12 -13 -14 -15
leaf_value=-0.010375707043456101 -0.027103867424468117 0.011117860746005069 0.02477918248123372 0.020454649639628404 1.2943142676773604e-05 0.0037343713588130038 0.008917791230160798 -0.030940729359060549 -0.014704356174376191 -7.2902262608042274e-05 -0.038305747708106054 -0.0084988307239140248 -0.035116590207015651 -0.035011614614591936
leaf_weight=476.45605456177145 224.26743667200208 806.27951730415225 56.557663217186928 767.83845132961869 3234.5819266401231 691.43459347635508 1291.7084926906973 169.66927926801145 510.03664449229836 38556.24699202925 44.610551495105028 980.41034310869873 45.560077160596848 40.871728852391243
leaf_count=8106 2559 13688 703 10804 62190 10451 17497 1831 6263 641875 620 18551 839 391
internal_value=1.14201e-05 -0.000229896 0.000111299 0.00196881 0.00319939 0.00986699 -0.000107153 -0.0170057 -1.2491e-05 -0.000263963 0.00733857 -0.0119644 -0.000585457 0.00156738
internal_weight=47896.5 42639.8 41435.1 5256.74 4780.29 1545.7 40628.8 226.227 40402.6 39066.3 1336.32 1204.68 777.866 732.306
internal_count=796368 703587 682477 92781 84675 22485 668789 2534 666255 648138 18117 21110 11681 10842
is_linear=0
shrinkage=0.05


Tree=450
num_leaves=15
num_cat=0
split_feature=31 15 2 23 33 23 2 13 13 23 23 23 33 33
split_gain=8.84389 23.1323 29.8151 36.1594 35.1448 48.3357 32.9547 21.8279 20.9813 22.2664 17.7193 17.3152 16.2077 131.997
threshold=0.41500000000000004 2.8265409023160699 0.06270000000000002 0.00047650000000000009 -6.129999999999999 0.00038350000000000005 0.065400000000000014 1.0000000180025095e-35 0.16999999999999998 0.00048650000000000006 0.0012005000000000002 0.00045250000000000005 -79.334999999999994 -87.234999999999985
decision_type=2 2 2 2 2 2 2 2 2 2 2 2 2 2
left_child=12 2 3 7 5 6 -4 -2 9 -3 -7 -10 13 -1
right_child=1 8 4 -5 -6 10 -8 -9 11 -11 -12 -13 -14 -15
leaf_value=-0.00070046301253822352 0.033231191414454915 -0.0077216872765800033 0.023277422201438257 -0.010107062034848286 -0.008911470406397488 0.015005130877903623 -0.0024881140039902314 0.003232248732986841 0.016224507321414162 0.00035896026570912302 -0.0013335893861820586 0.0010516880781062713 0.0003858204936739672 -0.025254318579054039
leaf_weight=12510.620391999371 71.337873952463269 1423.6898557823151 139.86405558511615 704.89459348283708 340.47758764773607 1595.1301887426525 1094.9567313604057 401.26476169005036 271.96842478960752 2124.657859666273 185.18737669847906 608.82023598253727 25794.632256412879 572.29125445336103
leaf_count=210738 1948 24675 1768 12057 6095 24108 19520 7562 4539 37107 3245 11527 424077 7070
internal_value=-1.48323e-05 0.00140108 0.00391195 -0.00293322 0.00631396 0.0080335 0.000431911 0.00776657 -0.00116878 -0.00288333 0.0133056 0.00573804 -0.000341238 -0.00177472
internal_weight=47839.8 8962.25 4533.11 1177.5 3355.62 3015.14 1234.82 472.603 4429.14 3548.35 1780.32 880.789 38877.5 13082.9
internal_count=796036 154151 76303 21567 54736 48641 21288 9510 77848 61782 27353 16066 641885 217808
is_linear=0
shrinkage=0.05


Tree=451
num_leaves=15
num_cat=0
split_feature=7 35 1 11 1 33 33 11 2 2 15 3 2 15
split_gain=8.6471 34.3931 35.1307 13.8954 14.6642 9.96414 33.4004 30.1618 29.7887 29.8178 30.0792 29.8174 32.7717 25.9947
threshold=3402.5000000000005 1.0000000180025095e-35 0.28005000000000008 0.67850000000000021 0.2909000000000001 -3.8299999999999996 -4.0599999999999996 0.81500000000000006 0.94535000000000013 0.94525000000000015 3.2274271645380197 3450.0000000000005 0.94855000000000012 3.4927872071332122
decision_type=2 2 2 2 2 2 2 2 2 2 2 2 2 2
left_child=5 -2 -3 -4 -5 6 8 -8 9 10 -1 12 -10 -7
right_child=1 2 3 4 -6 13 7 -9 11 -11 -12 -13 -14 -15
leaf_value=0.00045727259970924493 0.051911049033939838 -0.027483666492190879 0.020922708473003503 0.019070913963994466 -0.014389919966581566 -0.0077937143293513606 0.041942551833059775 0.0077801324722631118 0.0092832402025476487 -0.01850244050292963 -0.002800699998698827 -0.030198853190988958 0.00073997561137235132 0.00045765494206465485
leaf_weight=28264.700838441961 38.882165733724833 76.976175505667925 151.75978901982307 54.320006530731916 82.104759138077497 1458.8557192515582 75.686987735331059 438.64687177911401 1890.2085776049644 227.72835720703006 9454.1242207381874 63.725292570888996 2763.6680432725698 2760.4473001491278
leaf_count=466522 312 1037 1894 673 1331 26330 588 8002 33424 3391 152367 662 49348 50155
internal_value=-1.42429e-05 0.00726849 0.00250205 0.0105182 -0.00106267 -7.63398e-05 0.000150282 0.0128145 -2.42002e-06 -0.000468265 -0.000359335 0.00374459 0.00421001 -0.00239544
internal_weight=47801.8 404.043 365.161 288.185 136.425 47397.8 43178.5 514.334 42664.2 37946.6 37718.8 4717.6 4653.88 4219.3
internal_count=796036 5247 4935 3898 2004 790789 714304 8590 705714 622280 618889 83434 82772 76485
is_linear=0
shrinkage=0.05


Tree=452
num_leaves=15
num_cat=0
split_feature=11 12 1 1 33 33 23 31 1 1 2 2 33 2
split_gain=8.74981 17.1878 18.6975 29.8934 23.4565 23.6185 22.3688 16.6631 19.6156 81.1858 153.127 167.491 73.9474 71.6891
threshold=0.86950000000000005 0.15000000000000002 0.23245000000000002 0.2366 -3.9549999999999996 -2.2049999999999996 0.0008135000000000001 0.16150000000000003 0.24645000000000003 0.25745000000000001 0.94045000000000012 0.060300000000000006 -11.169999999999998 0.053500000000000006
decision_type=2 2 2 2 2 2 2 2 2 2 2 2 2 2
left_child=7 2 6 -4 -5 -6 -2 -1 13 10 11 -10 -12 -9
right_child=1 -3 3 4 5 -7 -8 8 9 -11 12 -13 -14 -15
leaf_value=0.0050545628106693401 -0.0099757074008165903 0.0037897050200955359 0.013958457006634728 -0.00054370548045566799 -0.025250538073768286 -0.004991991578696918 0.0010567189544771947 -0.0093319507997350944 0.045559672273639717 0.00045933816369671932 0.0158916518363174 -0.022659530244217962 -0.0084707193105313435 0.0039603982118079474
leaf_weight=1816.8662959365174 1330.8181281499565 1548.4123550243676 327.91588163375854 7809.3514588382095 180.75909255445004 703.88032591715455 701.65808204375207 1171.6466144081205 95.525117702782154 21748.586326744407 674.40001362375915 1524.5507331341505 578.63417759910226 7551.6580174956471
leaf_count=28518 28283 26712 5213 154665 2391 15933 14489 17378 638 351225 10224 21290 9393 109684
internal_value=-1.34559e-05 -0.00114382 -0.00183489 -0.000858844 -0.00141787 -0.00913382 -0.00616719 0.000391692 0.000137612 -0.000584222 -0.0084834 -0.0186345 0.00464166 0.00217499
internal_weight=47764.7 12602.8 11054.4 9021.91 8693.99 884.639 2032.48 35161.9 33345 24621.7 2873.11 1620.08 1253.03 8723.3
internal_count=796036 247686 220974 178202 172989 18324 42772 548350 519832 392770 41545 21928 19617 127062
is_linear=0
shrinkage=0.05


Tree=453
num_leaves=15
num_cat=0
split_feature=0 1 3 6 2 2 34 2 1 5 5 33 31 0
split_gain=8.8453 18.1754 22.1685 25.7493 23.9112 34.8763 19.2404 31.4076 33.4648 17.8135 17.3543 20.8311 17.1552 16.8759
threshold=0.62500000000000011 0.35400000000000004 2579.5000000000005 0.46324448650167988 0.063950000000000021 0.060850000000000008 0.22500000000000003 0.071300000000000016 0.36130000000000007 545.33500000000015 701.98000000000013 -182.15499999999997 0.30500000000000005 0.50500000000000012
decision_type=2 2 2 2 2 2 2 2 2 2 2 2 2 2
left_child=1 2 3 -1 5 -4 9 13 -9 -3 11 -6 -7 -8
right_child=-2 6 4 -5 10 12 7 8 -10 -11 -12 -13 -14 -15
leaf_value=-0.015257655030424503 0.00027515130952603594 0.020156711859557266 -0.0012842604436294819 0.0063927144375663233 -0.02634176360545562 -0.032415358578835644 -0.00785633505724119 0.0052101216793389435 -0.0099043633655104164 -0.001909291425638864 -0.0019320903420283109 0.010737354665592657 -0.011455223749093805 0.010170069024624251
leaf_weight=681.12194677442312 40469.675671795383 241.27021523565054 1325.4449821617454 171.94917919114232 40.130480371415615 125.63407457619905 155.96860484778881 573.80774188041687 1011.9476711153984 147.23928766697645 913.16243257559836 649.41650988347828 437.71700540930033 772.82640392519534
leaf_count=10143 668157 3286 25009 3619 479 1257 2826 11003 17423 2938 18154 10922 7401 13419
internal_value=-1.29353e-05 -0.00162155 -0.00366828 -0.0108935 -0.00190271 -0.00571411 0.00144151 -0.000158659 -0.00443518 0.0117957 0.0025891 0.00857591 -0.0161345 0.00714245
internal_weight=47717.3 7247.64 4344.58 853.071 3491.51 1888.8 2903.06 2514.55 1585.76 388.51 1602.71 689.547 563.351 928.795
internal_count=796036 127879 76984 13762 63222 33667 50895 44671 28426 6224 29555 11401 8658 16245
is_linear=0
shrinkage=0.05


Tree=454
num_leaves=15
num_cat=0
split_feature=31 15 33 4 23 23 11 0 11 33 11 33 33 15
split_gain=8.82306 20.2108 21.3997 23.781 44.2627 24.0758 20.6736 37.1192 18.3323 21.1662 20.7713 17.838 15.9984 31.0304
threshold=0.41500000000000004 2.8265409023160699 -6.129999999999999 1.0000000180025095e-35 0.00038350000000000005 0.0012395000000000004 0.72850000000000004 0.68500000000000016 0.72100000000000009 -11.169999999999998 0.73250000000000004 -166.84499999999997 -8.0499999999999989 3.1338273155872591
decision_type=2 2 2 2 2 2 2 2 2 2 2 2 2 2
left_child=-1 2 3 6 11 -6 -2 -8 12 10 -10 -5 -3 -14
right_child=1 8 -4 4 5 -7 7 -9 9 -11 -12 -13 13 -15
leaf_value=-0.00033842728958292738 0.0057108341428791084 -0.0076263769780864164 -0.0069646178264300938 0.010820256258346692 0.015632940545105972 -0.0066165357014697935 -0.012334640018624977 0.007998083449412394 0.030025394222225193 -0.0036949122635450945 0.0041288646215006403 -0.0079518567294443159 0.027897666392842902 -0.0033873627400791573
leaf_weight=38771.127703970298 1100.74492437765 1348.0681611336768 421.33471434563398 178.02265487611294 1288.9508924093097 134.19273003563285 573.5316606592387 368.67455171607435 81.784488413482904 1056.028295814991 1425.5037053581327 436.995580162853 99.062969468533993 394.81779253482819
leaf_count=641885 18936 22747 7833 3133 20145 2487 9106 6714 851 19173 26660 7949 1144 7273
internal_value=-1.24055e-05 0.0014066 0.00376238 0.00486998 0.00869109 0.0135346 0.00105758 -0.00437867 -0.00100117 0.00173301 0.00553589 -0.00251722 -0.00480604 0.00289219
internal_weight=47678.8 8907.71 4502.45 4081.11 2038.16 1423.14 2042.95 942.206 4405.27 2563.32 1507.29 615.018 1841.95 493.881
internal_count=796036 154151 76303 68470 33714 22632 34756 15820 77848 46684 27511 11082 31164 8417
is_linear=0
shrinkage=0.05


Tree=455
num_leaves=15
num_cat=0
split_feature=33 3 3 33 33 6 23 33 22 3 15 23 26 15
split_gain=8.60053 23.8377 52.8911 21.5804 62.8028 37.3509 37.3607 34.006 23.9218 22.8537 47.5268 27.2333 22.0033 19.6713
threshold=-191.69999999999996 501.50000000000006 1347.0000000000002 -180.83499999999995 -176.79499999999999 0.10888402305697094 0.0016115000000000003 -174.09999999999997 -0.00092949999999999988 462.00000000000006 2.4414009612931857 0.00025950000000000002 1.5500000000000004e-05 2.3502401828962087
decision_type=2 2 2 2 2 2 2 2 2 2 2 2 2 2
left_child=1 -1 -3 5 8 6 12 -6 -5 10 -9 -11 -2 -7
right_child=3 2 -4 4 7 13 -8 9 -10 11 -12 -13 -14 -15
leaf_value=0.024968427137104336 -0.0024924272227757902 -0.039727827647103052 -0.0024540503447727921 -0.026430403621057343 0.010345486511196333 -0.016230046829053449 -0.034617475677047954 0.02380517436170293 -0.008152191166561051 -0.0083510458421320998 -0.029744927956526779 0.00020380048639462363 0.018322790437932581 0.001919374727176779
leaf_weight=67.833643138408661 153.99492575973272 103.28075007721782 1199.0675672776997 218.91400157287717 796.46179300546646 157.64530270174146 40.126964185386896 55.395597919821739 981.0060687251389 952.76473285630345 163.56722874194384 39254.588865386322 722.47178346849978 2787.3358726128936
leaf_count=607 2515 850 22782 2546 13741 2455 388 707 18548 15420 1822 650368 10101 53164
internal_value=-3.17581e-06 -0.00390702 -0.00541281 0.0001124 -0.000213339 0.00369084 0.0125046 0.000114896 -0.0114888 -8.66879e-05 -0.0161926 1.06218e-06 0.0146657 0.000947315
internal_weight=47654.5 1370.18 1302.35 46284.3 42422.7 3861.57 916.594 41222.8 1199.92 40426.3 218.963 40207.4 876.467 2944.98
internal_count=796014 24239 23632 771775 703152 68623 13004 682058 21094 668317 2529 665788 12616 55619
is_linear=0
shrinkage=0.05


Tree=456
num_leaves=15
num_cat=0
split_feature=13 3 2 2 26 1 3 11 33 1 18 1 1 13
split_gain=8.69671 32.5671 28.0889 65.1782 35.5268 34.0298 28.1463 20.608 18.8115 13.2799 36.7872 30.1329 42.002 52.8801
threshold=1.0000000180025095e-35 462.00000000000006 0.055150000000000012 0.057700000000000008 -0.0007294999999999999 0.24600000000000002 2670.5000000000005 0.64950000000000008 -1.0000000180025095e-35 0.19830000000000003 0.00071471418282842045 0.22730000000000003 0.23715000000000003 0.011000000000000012
decision_type=2 2 2 2 2 2 2 2 2 2 2 2 2 2
left_child=1 -1 5 -4 -5 -3 -6 -7 -9 10 -2 -11 13 -13
right_child=9 2 3 4 6 7 -8 8 -10 11 -12 12 -14 -15
leaf_value=-0.025197045977933381 0.014584167712846414 -0.0036015307834870434 -0.029174866832560264 0.031282304279740901 -0.0039876808278294052 -0.013862810301067894 0.0063489040004724526 0.026947507141072243 -0.0074902055691560918 -0.0046018569843255565 -0.00065382490841671458 -0.021764867352554691 -0.00038355200789137218 0.0085221024060625032
leaf_weight=104.44489257223904 564.7686823932454 227.99260314553976 168.82047960162163 105.34284786880016 1198.963314268738 40.844462722539902 1460.965642683208 375.51498106494546 44.292554061859846 3847.4273926597089 1325.4749042801559 154.18578280135989 35806.071999225765 2188.0149023197591
leaf_count=1359 8360 3891 1555 1001 16143 586 21339 6187 762 62326 26328 1937 607155 37085
internal_value=-3.0981e-06 0.00231563 0.00310951 0.0009764 0.00281813 0.0121965 0.00168971 0.0200146 0.0233132 -0.00020003 0.00389953 -0.000384562 4.07829e-05 0.00652748
internal_weight=47613.1 3727.18 3622.74 2934.09 2765.27 688.645 2659.93 460.652 419.808 43885.9 1890.24 41995.7 38148.3 2342.2
internal_count=796014 52823 51464 40038 38483 11426 37482 7535 6949 743191 34688 708503 646177 39022
is_linear=0
shrinkage=0.05


Tree=457
num_leaves=15
num_cat=0
split_feature=10 33 33 33 33 6 2 33 2 33 23 22 5 15
split_gain=8.66534 11.2629 22.9659 20.943 58.722 35.6148 38.0473 24.8595 24.8481 23.1014 21.2764 21.0272 17.0523 16.7742
threshold=-0.20000000000000001 -191.69999999999996 -203.17999999999998 -180.83499999999995 -176.79499999999999 0.11136065323385712 0.93165000000000009 -173.65499999999997 0.06270000000000002 -173.08999999999997 0.00033450000000000005 -0.0010844999999999997 460.08500000000004 2.3502401828962087
decision_type=2 2 2 2 2 2 2 2 2 2 2 2 2 2
left_child=-1 2 12 5 11 6 -3 8 -6 -9 -8 -5 -2 -7
right_child=1 3 -4 4 7 13 10 9 -10 -11 -12 -13 -14 -15
leaf_value=0.0025884348761258374 0.015188749527477603 0.020451724618224566 -0.010202813634669494 -0.02603430845976476 -0.020098544834169972 -0.015386223456084475 0.013256667514332696 -0.017287372045126297 0.0095795963766185932 -0.00016843286924082988 -0.011074269625233647 -0.0083533072357992108 -0.0039034310353743581 0.0016795459923685876
leaf_weight=3021.1559158377349 193.2718722447753 548.22263811714947 772.48671609535813 204.10399219021201 75.824950985610485 152.26815625280142 160.10612701997161 198.02191364765167 993.30024434253573 37194.410255180672 204.49801211245358 953.75919620320201 295.86662724986672 2618.3529041539878
leaf_count=55628 2741 7409 12780 2399 1057 2399 2648 2929 17438 610615 3080 17916 6673 50302
internal_value=-2.90871e-06 -0.000178589 -0.00483526 -4.29063e-05 -0.000378187 0.00356331 0.0121282 -4.41841e-05 0.00747307 -0.000259137 -0.000389286 -0.011472 0.00364197 0.000741122
internal_weight=47585.6 44564.5 1261.63 43302.9 39619.4 3683.45 912.827 38461.6 1069.13 37392.4 364.604 1157.86 489.138 2770.62
internal_count=796014 740386 22194 718192 652354 65838 13137 632039 18495 613544 5728 20315 9414 52701
is_linear=0
shrinkage=0.05


Tree=458
num_leaves=15
num_cat=0
split_feature=12 5 3 2 2 5 23 23 2 3 26 23 7 15
split_gain=8.28251 14.5962 17.5963 31.8214 22.5798 14.3342 27.7733 46.5511 68.4915 44.4209 56.7517 41.8864 40.0312 46.6344
threshold=0.19000000000000006 445.55500000000006 1989.0000000000002 0.06295000000000002 0.052150000000000009 559.1450000000001 0.00037450000000000005 0.00032050000000000009 0.94120000000000015 2274.0000000000005 0.00056950000000000002 0.00041650000000000004 3223.5000000000005 3.4795640780011685
decision_type=2 2 2 2 2 2 2 2 2 2 2 2 2 2
left_child=5 2 -2 4 -4 6 7 9 -9 10 -1 12 13 -8
right_child=1 -3 3 -5 -6 -7 11 8 -10 -11 -12 -13 -14 -15
leaf_value=-0.026408725502438637 -0.013461823335059792 0.0022671934773691171 0.010754518632698939 0.012071452967255458 -0.022102317479991931 -0.0011566468617325563 0.0038297927003547848 0.015492804616141177 -0.0060931686831140518 0.0033834676123679869 0.0081144954648781128 0.00041823971310847282 -0.035649559574391941 -0.021238302644768354
leaf_weight=320.67687844205648 340.76788817718625 6886.2437120433897 74.808613047003746 296.66424883902073 173.21163233183324 21794.945532154292 460.38071103207767 1442.7423096690327 492.99627632088959 1572.3416289333254 189.22404903359711 13063.426271852106 136.39386372640729 310.62596111372113
leaf_count=3895 4927 122164 1248 4299 2226 403433 7376 20373 8394 25785 2854 183793 1284 3963
internal_value=-2.76295e-06 0.00149018 -0.00455231 0.00102314 -0.0121916 -0.00029441 0.000750263 0.00441365 0.00999523 -0.000775441 -0.0135981 -0.000303345 -0.0106906 -0.00627118
internal_weight=47555.4 7771.7 885.452 544.684 248.02 39783.8 17988.8 4017.98 1935.74 2082.24 509.901 13970.8 907.401 771.007
internal_count=796014 134864 12700 7773 3474 661150 257717 61301 28767 32534 6749 196416 12623 11339
is_linear=0
shrinkage=0.05


Tree=459
num_leaves=15
num_cat=0
split_feature=1 2 5 33 1 3 33 15 15 1 15 33 1 33
split_gain=8.49262 23.5474 22.0513 23.0381 21.7216 21.2782 19.926 18.0533 28.0562 23.2224 18.6662 32.2334 22.1695 16.7932
threshold=0.30820000000000003 0.058950000000000009 196.48500000000004 -3.9549999999999996 0.30695000000000006 501.50000000000006 -188.92499999999998 3.5983648778348312 3.5727776372294477 0.30450000000000005 3.538891571506309 -62.099999999999994 0.27415000000000006 -164.21499999999997
decision_type=2 2 2 2 2 2 2 2 2 2 2 2 2 2
left_child=4 2 3 -2 7 -3 -7 8 10 -9 12 -12 -1 -4
right_child=1 5 13 -5 -6 6 -8 9 -10 -11 11 -13 -14 -15
leaf_value=-0.00049410245527304361 0.0070074250730488303 0.021845639022689538 0.0062338268970651284 0.03703318698137447 0.009164695514629187 -0.025187850995055685 -0.0032176881437882333 -0.0036642402925245593 0.0099851297957447328 -0.031822644831294392 0.013035647227147371 -0.0061724417440739161 0.0022173493923588342 -0.0024182594948463183
leaf_weight=23687.273465299979 285.70881541073322 83.105226863175631 861.87023902125657 82.20998340845108 680.60660633444786 105.04919696226716 5584.5582145266235 308.10542364791036 728.15695215389132 95.958722490817308 243.19149021431804 2136.2163695320487 11057.736107192934 1605.2154954858124
leaf_count=386559 4579 1109 16155 705 12076 1300 100848 6077 12714 974 3984 38357 178829 31748
internal_value=-2.81654e-06 -0.00142408 0.0023076 0.0137248 0.00031138 -0.00325673 -0.00362377 0.000153851 0.000266085 -0.0103576 7.54291e-05 -0.00420878 0.000368832 0.000604455
internal_weight=47545 8607.72 2835 367.919 38937.2 5772.71 5689.61 38256.6 37852.6 404.064 37124.4 2379.41 34745 2467.09
internal_count=796014 156444 53187 5284 639570 103257 102148 627494 620443 7051 607729 42341 565388 47903
is_linear=0
shrinkage=0.05


Tree=460
num_leaves=15
num_cat=0
split_feature=31 2 2 2 23 12 11 11 15 15 13 15 15 0
split_gain=8.13612 21.1157 26.2449 18.0775 23.0354 18.6871 17.5404 22.5475 17.2058 30.696 24.2786 13.9337 32.4724 56.8468
threshold=0.41500000000000004 0.93685000000000007 0.94150000000000011 0.9436500000000001 0.00069950000000000014 0.22000000000000003 0.62450000000000017 0.63450000000000017 3.1338273155872591 3.5717949193831546 1.0000000180025095e-35 2.0613957098106064 2.4414009612931857 0.69500000000000006
decision_type=2 2 2 2 2 2 2 2 2 2 2 2 2 2
left_child=11 6 -3 -4 5 -5 -2 -8 10 -10 -9 -1 13 -13
right_child=1 2 3 4 -6 -7 7 8 9 -11 -12 12 -14 -15
leaf_value=0.0039005165986012429 -0.0081836709912957734 0.011890994223985393 -0.0099048011087970855 0.010412725403035351 0.025919278978640999 -0.0031003536395223905 0.030163082233968755 0.015920010646575267 -0.0085561706409564321 0.0050515047561476897 0.0011081912049119285 -0.011137180410617769 -0.00012887041461738275 0.0055846373317880831
leaf_weight=1870.7029506526887 612.65080643445253 937.67212821170688 293.05912881344557 400.13929869420826 108.34932637214661 709.0562585759908 64.169722266495228 299.46048340387642 1152.8702870160341 646.91047868132591 3619.3312934972346 1694.1074304655194 34387.185608191416 725.99542009737343
leaf_count=32150 10430 15570 5119 7157 1274 12737 670 5524 20556 11512 63552 28325 568522 13115
internal_value=3.92517e-06 0.00137211 0.00532077 0.00124193 0.00392551 0.00177495 -0.000139565 0.000712793 0.000381801 -0.00366504 0.00224044 -0.000308912 -0.000522863 -0.00612086
internal_weight=47521.7 8843.67 2448.28 1510.6 1217.54 1109.2 6395.39 5782.74 5718.57 1799.78 3918.79 38678 36807.3 2420.1
internal_count=796213 154101 41857 26287 21168 19894 112244 101814 101144 32068 69076 642112 609962 41440
is_linear=0
shrinkage=0.05


Tree=461
num_leaves=15
num_cat=0
split_feature=33 33 15 33 33 23 33 22 4 1 33 1 33 22
split_gain=7.90626 84.2635 66.0044 56.6433 90.043 82.7107 77.9493 67.8069 60.5912 44.1338 43.179 105.536 132.282 86.5632
threshold=-67.064999999999984 -87.234999999999985 3.53504376687845 -56.454999999999991 -51.774999999999991 0.00038650000000000007 -53.684999999999995 -0.00087049999999999985 1.0000000180025095e-35 0.21905000000000005 -32.999999999999993 0.25675000000000003 -37.059999999999995 -0.0020074999999999993
decision_type=2 2 2 2 2 2 2 2 2 2 2 2 2 2
left_child=1 -1 -3 5 6 -2 7 -5 9 -7 11 13 -13 -6
right_child=3 2 -4 4 10 8 -8 -9 -10 -11 -12 12 -14 -15
leaf_value=5.7111386564337922e-05 0.038790429610219619 -0.017902376975766753 0.028333061982534838 -0.018535622156626731 -0.018665568526437637 -0.020359758744639411 -0.025140303240174956 0.0044608676151223917 0.00012813772955138034 0.013009301824442515 -0.00075299946426867718 0.0046240495906803595 -0.021372690639801746 0.016205649129407508
leaf_weight=16026.534082178958 175.2192922309041 1001.4852400906384 83.547284010797739 506.75909845158458 196.24403862282634 104.81440482474864 637.00311669334769 871.95992677845061 3633.5431141871959 1787.9873543586582 18049.788637949154 1854.7113748434931 664.58685265854001 1902.8823090046644
leaf_count=274643 1480 14868 967 7333 2966 2641 7854 14833 70635 29162 301748 29780 9711 27592
internal_value=3.74845e-06 -0.000855876 -0.01434 0.000487847 -0.000549689 0.00497961 -0.0106764 -0.00399241 0.00390691 0.0111605 0.000350852 0.00466486 -0.00223443 0.0129449
internal_weight=47497.1 17111.6 1085.03 30385.5 24683.9 5701.56 2015.72 1378.72 5526.34 1892.8 22668.2 4618.42 2519.3 2099.13
internal_count=796213 290478 15835 505735 401817 103918 30020 22166 102438 31803 371797 70049 39491 30558
is_linear=0
shrinkage=0.05


Tree=462
num_leaves=15
num_cat=0
split_feature=10 26 2 23 7 1 15 3 2 2 1 34 11 3
split_gain=8.58802 16.6558 19.5181 18.2879 50.9531 37.2695 34.4761 29.9751 33.7233 112.593 67.5596 21.407 31.945 18.7681
threshold=0.070500000000000076 0.0030685000000000005 0.05290000000000001 0.00027850000000000005 2451.5000000000005 0.36220000000000002 2.2532604939306951 3450.0000000000005 0.055150000000000012 0.056250000000000001 0.24600000000000002 0.29150000000000004 0.67850000000000021 2274.0000000000005
decision_type=2 2 2 2 2 2 2 2 2 2 2 2 2 2
left_child=1 3 -3 4 6 -6 -1 8 10 -10 -5 -9 -13 -8
right_child=-2 2 -4 7 5 -7 13 11 9 -11 -12 12 -14 -15
leaf_value=0.039030774433505416 -0.00079419175725180648 -0.025135868144608192 -0.0032462588065466321 -0.0059552165286915109 0.0100820053226545 -0.019951732344770483 -0.023313835896225946 -0.018460860145942819 -0.021096554038096502 0.0014860347157475788 0.0097525680805626569 0.025932067305412965 -0.0046887690428874008 -0.0083029079167571563
leaf_weight=34.247941490262747 19708.590812534094 115.06041521951556 880.55753401294351 899.76591887511313 714.13710417412221 120.66316645592451 271.38279432617128 256.61079327575862 568.74005420133471 18593.984747413546 2860.8603891730309 90.578882485628128 1403.2594907470047 894.77970953658223
leaf_count=573 358478 1118 13286 12431 12285 1694 3492 3580 7379 291499 48934 1065 25092 15307
internal_value=3.64479e-06 0.000571213 -0.00577824 0.000807919 -0.00374747 0.00573902 -0.0103446 0.00118368 0.00166527 0.000815688 0.00599427 -0.00512276 -0.00283046 -0.0117979
internal_weight=47413.2 27704.6 995.618 26709 2035.21 834.8 1200.41 24673.8 22923.4 19162.7 3760.63 1750.45 1493.84 1166.16
internal_count=796213 437735 14404 423331 33351 13979 19372 389980 360243 298878 61365 29737 26157 18799
is_linear=0
shrinkage=0.05


Tree=463
num_leaves=15
num_cat=0
split_feature=10 3 3 2 2 23 2 2 15 33 15 2 2 26
split_gain=8.08593 10.8861 114.493 66.1401 69.5682 49.7271 44.9101 71.3454 42.9122 53.4073 41.6736 40.4223 56.7798 32.6072
threshold=-0.20000000000000001 2608.5000000000005 2624.0000000000005 0.064150000000000013 0.053500000000000006 0.00027850000000000005 0.93165000000000009 0.9275500000000001 2.6301797686105899 -27.469999999999995 2.6172200415413349 0.055550000000000009 0.056450000000000007 0.00056950000000000002
decision_type=2 2 2 2 2 2 2 2 2 2 2 2 2 2
left_child=-1 3 -3 4 8 13 7 -7 -2 -10 -8 -6 -13 -5
right_child=1 2 -4 5 11 6 10 -9 9 -11 -12 12 -14 -15
leaf_value=0.0025114808447084256 0.022011278314192546 -0.023090105898113489 -0.00029257138934885902 -0.027299120907335356 0.029211119298541102 -0.0012179327417754324 -0.011842494059610725 -0.020570675452360184 -0.012044441267234356 0.011152208779127801 0.0060564587287529554 -0.037543543385243273 0.011281990808850765 0.013431729653479392
leaf_weight=3009.0956107396632 164.0499283792451 561.42326503992081 28673.884940549731 272.53940107859671 308.41129922866821 7158.9745230134577 361.35003156214952 510.0741751305759 846.87371217086911 350.86471919342875 3242.7030175961554 61.47416839748621 1809.6624455191195 59.875066248700023
leaf_count=55616 2413 7277 496115 3155 3364 110281 5955 7007 12254 6122 55077 520 30074 983
internal_value=3.26711e-06 -0.000166794 -0.000730444 0.000921117 0.00690224 -0.00090402 -0.000341914 -0.00250535 -0.00196356 -0.00524887 0.00426159 0.0124414 0.00967596 -0.0199608
internal_weight=47391.3 44382.2 29235.3 15146.9 3541.34 11605.5 11273.1 7669.05 1361.79 1197.74 3604.05 2179.55 1871.14 332.414
internal_count=796213 740597 503392 237205 54747 182458 178320 117288 20789 18376 61032 33958 30594 4138
is_linear=0
shrinkage=0.05


Tree=464
num_leaves=15
num_cat=0
split_feature=1 1 3 3 1 1 23 1 1 4 22 11 33 13
split_gain=8.27931 18.0823 17.7195 20.3706 22.8898 16.5947 31.4311 18.9572 50.6282 71.7159 28.1011 27.8927 25.1499 16.754
threshold=0.30820000000000003 0.30695000000000006 3419.5000000000005 3296.5000000000005 0.34635000000000005 0.30345000000000005 0.00047350000000000002 0.29555000000000003 0.29505000000000009 1.0000000180025095e-35 -0.0026784999999999995 0.62450000000000017 -12.975 0.030000000000000002
decision_type=2 2 2 2 2 2 2 2 2 2 2 2 2 2
left_child=1 5 3 -2 -5 7 -7 8 12 -10 13 -12 -1 -9
right_child=2 -3 -4 4 -6 6 -8 10 9 -11 11 -13 -14 -15
leaf_value=0.0010499393374332551 -0.0012716945343120168 0.0084304289371114286 0.0037531500232545426 -0.015281828498788267 -0.00080171683042255879 -0.017917873940198673 0.0019608539186893176 -0.037326766065244578 -0.023734628215122067 0.0097507592583293209 -0.023694189283248356 0.0085140214475570904 -0.0021995690445449317 -0.0043774515152926767
leaf_weight=26863.643669035286 6088.2470020540059 674.22080766037107 1395.758214129135 597.20297285914421 502.56938027776778 359.8253517895937 444.28636653907597 47.556823264807463 496.56263556703925 235.75245605036616 69.886539228260517 1703.4975113756955 7650.0090321805328 202.75588572025299
leaf_count=439792 111217 12141 25741 9335 10165 5264 8246 408 6250 4105 845 30807 127569 4328
internal_value=2.99758e-06 0.000314245 -0.00140199 -0.00240305 -0.00866544 0.0001705 -0.00693564 0.000323837 5.36229e-05 -0.0129549 0.00502982 0.00724348 0.000329676 -0.0106499
internal_weight=47331.8 38748 8583.78 7188.02 1099.77 38073.8 804.112 37269.7 35246 732.315 2023.7 1773.38 34513.7 250.313
internal_count=796213 639755 156458 130717 19500 627614 13510 614104 577716 10355 36388 31652 567361 4736
is_linear=0
shrinkage=0.05


Tree=465
num_leaves=15
num_cat=0
split_feature=11 15 2 10 33 0 23 1 33 33 3 2 33 33
split_gain=8.62945 16.2904 33.821 16.8268 16.6085 25.3766 18.8567 18.2621 15.2092 84.66 108.722 133.649 55.6066 73.1336
threshold=0.86950000000000005 2.6667018695222073 0.054350000000000002 0.11000000000000003 -12.975 0.70500000000000007 0.00071450000000000018 0.22410000000000005 -22.254999999999995 -15.119999999999999 2511.5000000000005 0.92185000000000017 -24.214999999999996 -24.894999999999996
decision_type=2 2 2 2 2 2 2 2 2 2 2 2 2 2
left_child=8 2 -2 -3 7 6 -6 -5 12 10 11 -10 13 -1
right_child=1 3 -4 4 5 -7 -8 -9 9 -11 -12 -13 -14 -15
leaf_value=0.00099522523482019516 -0.032668444864121231 0.0040397857224160191 -0.0036625018800040196 -0.016312363539832491 -0.012808795291729919 0.0050395964073196124 -0.00073296604816662861 0.00034174879485297858 0.032575172006623715 0.0007439913270735173 -0.02091626310915359 -0.019524987127229991 0.014957947685144255 -0.021459828992656693
leaf_weight=23757.72016235441 105.54784312658012 1830.5796858277172 2062.4537052791566 168.75753906555474 936.86356481723487 444.05000157654285 493.58524755388498 6538.1151954047382 255.37855369225144 8293.3584116734564 1067.6551119014621 237.44573256000876 698.88528863340616 368.12071584165096
leaf_count=375976 1035 32293 45491 3929 16846 8396 10542 129335 2608 135968 14850 3369 10340 4983
internal_value=-1.13424e-05 -0.00113313 -0.00507608 -0.000312078 -0.00124046 -0.0054011 -0.0086423 -7.7537e-05 0.000395598 -0.0012664 -0.0119502 0.00747413 0.00105531 0.00065251
internal_weight=47258.5 12580 2168 10412 8581.37 1874.5 1430.45 6706.87 34678.6 9853.84 1560.48 492.824 24824.7 24125.8
internal_count=795961 247867 46526 201341 169048 35784 27388 133264 548094 156795 20827 5977 391299 380959
is_linear=0
shrinkage=0.05


Tree=466
num_leaves=15
num_cat=0
split_feature=31 2 2 33 33 15 33 15 33 0 33 15 2 5
split_gain=8.04114 19.1577 23.8823 16.0013 108.638 56.501 77.1399 56.3066 55.7123 44.2689 40.3085 42.4989 36.4538 34.3136
threshold=0.41500000000000004 0.93685000000000007 0.94150000000000011 -79.334999999999994 -87.234999999999985 2.4974295509100419 -169.58499999999995 2.5983350594391563 -184.41999999999999 0.78500000000000014 -64.484999999999985 3.2062302460526388 0.069950000000000012 304.73500000000007
decision_type=2 2 2 2 2 2 2 2 2 2 2 2 2 2
left_child=3 -2 -3 4 5 6 8 9 -1 -7 11 -5 -9 -13
right_child=1 2 -4 10 -6 7 -8 12 -10 -11 -12 13 -14 -15
leaf_value=-0.014431920568403801 -8.8444550436179731e-05 0.01141818726589152 0.0012188261548068619 -0.021519815890916397 -0.023461302394308672 0.020861778625008723 -0.030157153617427768 -0.0033924185362204091 0.008341344555070988 -0.028643387483055307 8.2584145215061541e-05 0.035599212926860621 0.0025338848518944405 0.0091431730116350498
leaf_weight=554.74940871447325 6361.7399698924273 931.26729511655867 1495.6528608258814 79.27273640781641 551.83212736994028 485.15789955854416 359.65980072692037 5100.1626227591187 520.3954380042851 49.705104069784284 24878.493066867813 179.61623823642731 5282.2891202438623 385.72169640660286
leaf_count=8671 112391 15593 26232 1106 7132 6711 3969 85269 9573 568 414438 1648 95855 6805
internal_value=-1.09707e-05 0.00135342 0.00513287 -0.000323024 -0.00175796 -0.000788178 -0.0101158 0.000437786 -0.00340937 0.0162567 0.000402453 0.0127457 -0.000377293 0.0175535
internal_weight=47215.7 8788.66 2426.92 38427.1 12904 12352.1 1434.8 10917.3 1075.14 534.863 25523.1 644.611 10382.5 565.338
internal_count=795961 154216 41825 641745 217748 210616 22213 188403 18244 7279 423997 9559 181124 8453
is_linear=0
shrinkage=0.05


Tree=467
num_leaves=15
num_cat=0
split_feature=11 1 1 2 2 33 9 15 15 33 33 0 15 2
split_gain=8.19023 15.9854 109.58 69.5043 90.7884 70.7482 54.3251 52.8664 76.2153 58.8228 39.4047 112.086 50.7927 35.5175
threshold=0.86950000000000005 0.24810000000000001 0.24980000000000002 0.053500000000000006 0.11180000000000001 -159.01999999999995 0.68500000000000016 3.4962347597865295 3.4795640780011685 -18.954999999999995 -114.74999999999999 0.71550000000000014 3.4936202227480657 0.92730000000000012
decision_type=2 2 2 2 2 2 2 2 2 2 2 2 2 2
left_child=1 3 6 5 10 -1 -3 8 -6 -9 11 -5 -12 -4
right_child=-2 2 13 4 7 -7 -8 9 -10 -11 12 -13 -14 -15
leaf_value=0.023513861749062028 -0.0011036563328767075 -0.0047687947296685303 -0.0012495950045375533 0.015136627561433365 0.00036037523355305923 -0.013287119198539022 -0.030906111652858871 0.028354645981683437 -0.018778257911256976 -0.0011741810698672603 0.016132431339174177 -0.022839601652186625 -0.013787528657485374 0.0026598851520018198
leaf_weight=148.15904874354601 12568.614643961191 378.01286640390754 14460.541480051354 536.37101491168141 4036.5084297433496 1096.6491835080087 419.33327221684158 321.29183017462492 597.04167466983199 354.86117309704423 2074.3824709914625 304.52560266293585 152.18323778733611 9710.8812969494611
leaf_count=2203 247867 7251 229591 8408 60540 16654 5530 3590 8140 6066 30734 3891 2457 163039
internal_value=-1.05352e-05 0.000386655 -0.000280591 0.00211812 0.00375627 -0.00890547 -0.0185169 -0.000200087 -0.00210603 0.0128593 0.0106044 0.00138269 0.0140869 0.000321045
internal_weight=47159.4 34590.7 24968.8 9621.97 8377.17 1244.81 797.346 5309.7 4633.55 676.153 3067.46 840.897 2226.57 24171.4
internal_count=795961 548094 405411 142683 123826 18857 12781 78336 68680 9656 45490 12299 33191 392630
is_linear=0
shrinkage=0.05


Tree=468
num_leaves=15
num_cat=0
split_feature=1 2 5 33 33 33 11 33 33 23 2 2 22 15
split_gain=8.14185 21.1296 19.6969 22.9851 18.5537 18.1832 17.1518 64.3752 84.3884 48.2037 42.9147 71.417 38.1695 56.9521
threshold=0.30820000000000003 0.058950000000000009 247.09500000000003 -3.9549999999999996 -188.92499999999998 -170.38999999999996 0.70500000000000007 -53.684999999999995 -51.774999999999991 0.0012245000000000001 0.50160000000000016 0.057350000000000005 -0.00027249999999999996 2.4974295509100419
decision_type=2 2 2 2 2 2 2 2 2 2 2 2 2 2
left_child=6 2 3 5 -3 -2 7 9 -9 12 11 -10 -1 -14
right_child=1 4 -4 -5 -6 -7 -8 8 10 -11 -12 -13 13 -15
leaf_value=0.0025899181816148981 0.020889049630547402 -0.024204629674225483 0.00032727670680033483 0.033947605133269623 -0.00275406480954196 -0.0025783536389964233 -0.00010406723959062371 -0.02664364816015425 0.0060206253179727635 -0.01529720981068842 0.0083632948108012199 -0.018497574740048223 -0.013563336339543817 0.019697058352521175
leaf_weight=829.58318268880248 129.82923278585076 102.53622995689511 2366.9880972579122 92.487416364252567 5665.0675137415528 226.27606993168592 33573.898785567842 316.09212637320161 630.59477261081338 188.4627254344523 1042.4536895938218 561.27850817888975 143.80537265539169 1220.4860997274518
leaf_count=12909 1796 1302 46343 875 102299 3993 568063 3727 9636 2432 16834 6045 2249 17458
internal_value=-9.98248e-06 -0.00140253 0.00214805 0.0117531 -0.00313583 0.00598088 0.00030042 0.00305343 -0.00246706 0.00896328 0.000954258 -0.0055261 0.011048 0.0161905
internal_weight=47089.8 8583.18 2815.58 448.593 5767.6 356.105 38506.7 4932.76 2550.42 2382.34 2234.33 1191.87 2193.87 1364.29
internal_count=795961 156608 53007 6664 103601 5789 639353 71290 36242 35048 32515 15681 32616 19707
is_linear=0
shrinkage=0.05


Tree=469
num_leaves=15
num_cat=0
split_feature=10 3 3 34 3 34 22 3 18 23 10 1 23 2
split_gain=7.82783 10.6271 100.309 63.4707 67.8111 46.8537 43.1968 43.0747 36.3632 33.1154 29.5906 28.9102 31.7787 22.3701
threshold=-0.20000000000000001 2608.5000000000005 2624.0000000000005 0.83350000000000013 2525.5000000000005 0.58350000000000013 -0.0002285 2511.5000000000005 0.00037285830702581309 0.00026350000000000006 0.050000000000000024 0.19495000000000004 0.00049150000000000007 0.066900000000000015
decision_type=2 2 2 2 2 2 2 2 2 2 2 2 2 2
left_child=-1 3 10 4 7 6 -6 9 -5 -2 -3 12 -10 -4
right_child=1 2 13 8 5 -7 -8 -9 11 -11 -12 -13 -14 -15
leaf_value=0.0024598876737897853 -0.014174809317209503 -0.011822524561430549 -0.0018699457687027202 -0.0043995870012584872 0.013450858481612919 -0.051219072043260011 -0.00077176522788578662 -0.021450352422167938 0.036560538983868907 -0.000462137043188725 -0.03535256698161672 0.024963213295925601 -0.016996888759473878 0.0009439516097621306
leaf_weight=3004.3283044695854 458.53036145120859 309.50224878266454 12903.094141757116 204.25350028648973 1557.4163983780891 33.121852666139603 812.27754049375653 263.59646307677031 39.250284814275801 11001.77511558868 235.22314120084047 529.18428424559534 93.429176209494472 15604.895159058273
leaf_count=55683 6749 5168 218942 3073 24578 192 14719 3514 515 174410 2099 7507 1799 277013
internal_value=-9.45302e-06 -0.000177891 -0.000735814 0.000903235 9.76597e-05 0.00774949 0.00857584 -0.00147064 0.014041 -0.0010109 -0.0219879 0.0197316 -0.00113751 -0.000329658
internal_weight=47049.9 44045.5 29052.7 14992.8 14126.7 2402.82 2369.69 11723.9 866.117 11460.3 544.725 661.864 132.679 28508
internal_count=795961 740278 503222 237056 224162 39489 39297 184673 12894 181159 7267 9821 2314 495955
is_linear=0
shrinkage=0.05


Tree=470
num_leaves=15
num_cat=0
split_feature=31 9 8 23 2 23 33 2 0 1 0 0 8 3
split_gain=8.31724 16.9412 21.1668 19.0239 43.2875 35.2732 50.0203 45.7678 30.7766 69.4844 21.5516 20.8616 19.1081 19.179
threshold=0.30500000000000005 0.65500000000000014 0.90208333333333346 0.00093350000000000019 0.94335000000000013 0.0007375000000000002 -19.919999999999998 0.054850000000000003 0.68500000000000016 0.26975000000000005 0.69500000000000006 0.66500000000000015 0.10152777777777779 849.00000000000011
decision_type=2 2 2 2 2 2 2 2 2 2 2 2 2 2
left_child=-1 3 -3 5 12 8 7 -7 9 -2 -10 -8 -5 -14
right_child=1 2 -4 4 -6 6 11 -9 10 -11 -12 -13 13 -15
leaf_value=-0.00057117645574558445 -0.012161537372265481 0.0026318709335908987 0.015865277160167852 0.033870595462021563 -0.037465553236733583 -0.0050751538841882849 0.0027185893878368728 0.019372770924634811 0.013332153776901216 0.00025696976427567027 0.0022203225387553097 -0.017915543394095852 -0.028933494498717405 -0.0024776825189273084
leaf_weight=27419.50842697639 1300.2100025191903 3405.3190312739462 331.50258605368435 34.912673193961382 93.723445553332567 247.7679858468473 327.36381415091455 841.29992934688926 581.4940118175 8421.380884418264 1747.6822025030851 195.61463209241629 70.811730265617371 2020.0413054209203
leaf_count=475787 18697 52041 3943 394 798 4782 5923 11366 10789 143351 29904 2757 694 34878
internal_value=-8.78129e-06 0.000777216 0.00380623 6.45232e-05 -0.00422882 0.000761991 0.00770785 0.0138108 -0.000167221 -0.00140405 0.00499492 -0.00500134 -0.00276174 -0.00337501
internal_weight=47038.6 19619.1 3736.82 15882.3 2219.49 13662.8 1612.05 1089.07 12050.8 9721.59 2329.18 522.978 2125.77 2090.85
internal_count=796104 320317 55984 264333 36764 227569 24828 16148 202741 162048 40693 8680 35966 35572
is_linear=0
shrinkage=0.05


Tree=471
num_leaves=15
num_cat=0
split_feature=23 12 5 26 27 11 26 5 1 1 13 13 1 1
split_gain=7.75479 8.40485 18.3075 22.9607 19.5715 20.1648 19.0619 16.7411 23.5654 36.3726 26.3608 25.4217 21.7563 50.8957
threshold=0.0017445000000000002 0.12000000000000006 215.29500000000004 0.0053115000000000011 -0.00036149999999999995 0.81500000000000006 0.00037250000000000006 247.09500000000003 0.27950000000000008 0.19685000000000002 0.019999999999999993 0.017500000000000019 0.26550000000000001 0.25905000000000006
decision_type=2 2 2 2 2 2 2 2 2 2 2 2 2 2
left_child=1 2 3 4 5 -1 -6 8 9 10 -3 -11 13 -9
right_child=-2 7 -4 -5 6 -7 -8 12 -10 11 -12 -13 -14 -15
leaf_value=0.0033463890922800334 0.0089412871334002501 -0.0077672932601951655 -0.0011383945170544587 -0.028084876807333514 -0.017202308468885038 -0.0048272059261768412 0.0030178475864051282 0.0028270265063304804 0.0050902430587957048 0.0074851941108643356 0.034091900821723996 -0.021790791019683384 -5.8341362542688595e-05 0.023447660298639254
leaf_weight=6764.6115064080805 240.70509511977434 84.087766001001 25367.708417408168 64.58653374388814 258.02621817961335 849.23272021953017 212.47317764721811 4100.2071760781109 370.23909515328705 89.267361108213663 67.904911868274212 436.56801245361567 7794.4173420779407 322.70064226165414
leaf_count=85769 4174 1492 457199 709 3713 12308 2967 71920 5418 1481 667 5371 138827 4089
internal_value=-8.38984e-06 -5.44571e-05 -0.000476081 0.0015857 0.00182308 0.00243467 -0.00807237 0.00101082 -0.00505338 -0.0105939 0.010944 -0.0168203 0.00153108 0.00433203
internal_weight=47022.7 46782 33516.6 8148.93 8084.34 7613.84 470.499 13265.4 1048.07 677.828 151.993 525.835 12217.3 4422.91
internal_count=796104 791930 562665 105466 104757 98077 6680 229265 14429 9011 2159 6852 214836 76009
is_linear=0
shrinkage=0.05


Tree=472
num_leaves=15
num_cat=0
split_feature=22 9 33 33 9 1 1 3 0 7 0 3 34 33
split_gain=7.5139 9.82108 10.6981 21.8944 19.6125 14.1747 45.0537 35.5331 10.4763 10.0506 9.92395 8.84285 7.71071 7.47853
threshold=0.0061435000000000005 0.87300000000000011 -203.17999999999998 -200.62999999999997 0.70200000000000007 0.2909000000000001 0.28830000000000006 2867.5000000000005 0.63500000000000012 1351.5000000000002 0.59500000000000008 3303.5000000000005 0.41650000000000004 -3.9549999999999996
decision_type=2 2 2 2 2 2 2 2 2 2 2 2 2 2
left_child=1 2 8 4 12 6 -5 -7 -1 -10 -3 -2 -4 -12
right_child=11 10 3 5 -6 7 -8 -9 9 -11 13 -13 -14 -15
leaf_value=0.021308239815255408 0.012205151647737174 -0.014811186117520185 -0.023496513832049638 0.00064057364799297327 -0.038406638667250921 0.0030022046037589374 0.015790367351233996 -0.0027665948941290263 -0.025607727798513464 0.0071999523671072239 -0.0010373726886233456 -0.0016651417620684675 -0.0023865467416264467 -0.0070425709777972509
leaf_weight=117.33378893136978 269.09782259166241 144.27582672797143 54.812009837478399 25792.646093793213 60.801603101193905 3761.2040633633733 500.16471603140235 9194.4133927188814 27.649580799043179 146.96631395630538 5975.6691893432289 200.45752741768956 203.9450234696269 567.60370269790292
leaf_count=1577 4444 3863 694 410180 522 61321 7630 162366 530 2709 120600 4226 4117 11325
internal_value=-7.94083e-06 -7.14322e-05 0.000226055 0.000155681 -0.012877 0.000261825 0.000928825 -0.00109182 0.00976058 0.00199333 -0.00184453 0.0062847 -0.00686558 -0.0015584
internal_weight=47017 46547.5 39859.9 39568 319.559 39248.4 26292.8 12955.6 291.95 174.616 6687.55 469.555 258.757 6543.27
internal_count=796104 787434 651646 646830 5333 641497 417810 223687 4816 3239 135788 8670 4811 131925
is_linear=0
shrinkage=0.05


Tree=473
num_leaves=15
num_cat=0
split_feature=15 15 34 2 15 13 2 12 3 1 31 15 1 10
split_gain=8.07963 28.6214 31.7564 24.3496 30.5876 28.3786 21.0481 21.4442 16.7452 30.3082 24.3169 15.9717 27.6058 15.1647
threshold=3.5717949193831546 3.538891571506309 0.41650000000000004 0.056600000000000004 3.5932770349567842 0.030000000000000002 0.94175000000000009 0.13999999999999996 2846.5000000000005 0.29150000000000004 0.27150000000000007 3.53504376687845 0.27890000000000009 -0.068499999999999936
decision_type=2 2 2 2 2 2 2 2 2 2 2 2 2 2
left_child=1 11 -3 4 13 -5 8 -8 10 -10 -4 -1 -13 -2
right_child=3 2 6 5 -6 -7 7 -9 9 -11 -12 12 -14 -15
leaf_value=1.1250003238996598e-05 0.011546994620148521 -0.030309054470292085 0.0012495767640175771 0.023902218005731168 -0.020689817013066235 0.003389276025508146 -0.021230385780022509 -0.0010003472664357768 -0.0021415730552930869 -0.030701658571632734 0.030842712152844468 0.017457613939448915 -0.0055912355620055367 -0.0063607159271540136
leaf_weight=41163.90046769008 212.47935267537832 122.73751353472471 385.47289448976517 183.4709153175354 227.08553268201649 2069.1522953044623 313.73970991000533 224.86231618374586 1102.6159275006503 101.34055308252573 84.566163405776024 337.80662387982011 210.9846619553864 266.24113189801574
leaf_count=690237 3571 1310 7957 2335 3114 40545 4204 4658 20973 1037 878 5024 4002 6259
internal_value=-7.46346e-06 -0.00017735 -0.00556379 0.0025219 -0.00558133 0.00506099 -0.00418981 -0.0127862 -0.00142334 -0.00454791 0.0065792 0.000124228 0.008597 0.00158835
internal_weight=47006.5 44048 2335.34 2958.43 705.806 2252.62 2212.6 538.602 1674 1203.96 470.039 41712.7 548.791 478.72
internal_count=796104 740280 41017 55824 12944 42880 39707 8862 30845 22010 8835 699263 9026 9830
is_linear=0
shrinkage=0.05


Tree=474
num_leaves=15
num_cat=0
split_feature=1 0 1 2 7 23 2 1 11 2 7 11 18 33
split_gain=7.50138 55.8435 31.7074 43.0522 33.2845 36.4745 30.0879 25.2909 31.2696 21.8199 21.3347 19.403 19.367 19.1859
threshold=0.21260000000000004 0.69500000000000006 0.20800000000000005 0.9295500000000001 2172.5000000000005 0.00038050000000000003 0.068900000000000003 0.21860000000000004 0.86950000000000005 0.073650000000000007 2592.5000000000005 0.69500000000000006 0.00075485981244037634 -50.079999999999991
decision_type=2 2 2 2 2 2 2 2 2 2 2 2 2 2
left_child=1 11 3 4 5 -3 12 8 -2 -6 -8 -1 -4 -5
right_child=7 2 6 13 9 -7 10 -9 -10 -11 -12 -13 -14 -15
leaf_value=-0.054271936645358801 0.026857733507386683 0.022554403064877736 -0.0099163943341963531 -0.0059464077373247394 0.03518662419185304 0.00050476116604019131 0.0087409004022741543 8.9243690761911672e-05 -0.00098981819032152411 0.010641614415757427 -0.022292457444718364 -0.01647669975560296 -0.033531881893327745 0.017719199147428869
leaf_weight=37.606655923649669 197.75675494596362 211.83484814502299 194.72274803742766 1591.5045587643981 135.84973408281803 1630.3865090385079 225.53267328627408 41608.809462826699 205.49991993419826 271.53827561810613 73.298129700124264 344.32267229631543 156.74850622564554 90.416795894503593
leaf_count=265 2290 2991 3392 28578 1265 28278 4192 706732 4419 4657 950 5212 1524 1359
internal_value=-7.15262e-06 -0.0018453 -0.000313939 0.00137778 0.00590181 0.00304131 -0.0105402 0.00021003 0.0126699 0.0188331 0.00112403 -0.0202114 -0.0204549 -0.00467321
internal_weight=46975.8 4963.76 4581.83 3931.53 2249.61 1842.22 650.302 42012.1 403.257 407.388 298.831 381.929 351.471 1681.92
internal_count=796104 82663 77186 67128 37191 31269 10058 713441 6709 5922 5142 5477 4916 29937
is_linear=0
shrinkage=0.05


Tree=475
num_leaves=15
num_cat=0
split_feature=28 15 33 34 3 9 3 3 33 7 3 13 3 33
split_gain=7.35592 9.18725 38.2696 34.5205 28.9538 22.5872 16.2675 13.893 38.8761 36.7655 32.7563 49.6777 20.8615 13.7806
threshold=0.009999999999999969 2.0613957098106064 -7.339999999999999 0.41650000000000004 3576.5000000000005 0.69350000000000012 420.00000000000006 1581.0000000000002 -16.054999999999996 1387.5000000000002 1864.5000000000002 0.12450000000000007 1940.0000000000002 1.0000000180025095e-35
decision_type=2 2 2 2 2 2 2 2 2 2 2 2 2 2
left_child=-1 2 -2 -4 -5 -6 -3 8 9 -8 11 -9 -12 -10
right_child=1 6 3 4 5 -7 7 10 13 -11 12 -13 -14 -15
leaf_value=0.0017164993748175603 0.008965093270742696 -0.019985995179513185 -0.024958836722085733 0.0096154326255590943 -0.0062255127459549522 -0.04764497165801429 -0.0011073985554858612 0.0022720577719407106 0.020407183378317002 0.029448408793954245 0.0077870109763011038 -0.014550395140399786 -0.00045309867573741365 -0.00028927865120322726
leaf_weight=5447.2946488913149 1149.963559884578 105.66925578005612 173.91457448899746 356.36444655433297 240.21454359591007 38.049730062484741 2111.6276739556342 778.31898551993072 378.20246125198901 103.15848856046796 785.68189300596714 1006.0421795248985 34142.736383194104 102.14318038895726
leaf_count=97420 20310 1526 2146 5885 4504 245 30634 11871 5298 1142 12337 16274 584191 2145
internal_value=-1.09111e-05 -0.000237807 0.00310479 -0.0052302 0.000179346 -0.0119043 -0.000403492 -0.000350932 0.00311394 0.00031707 -0.000605301 -0.00721291 -0.000267723 0.016007
internal_weight=46919.4 41472.1 1958.51 808.543 634.629 278.264 39513.6 39407.9 2695.13 2214.79 36712.8 1784.36 34928.4 480.346
internal_count=795928 698508 33090 12780 10634 4749 665418 663892 39219 31776 624673 28145 596528 7443
is_linear=0
shrinkage=0.05


Tree=476
num_leaves=15
num_cat=0
split_feature=31 3 33 11 2 2 2 3 7 23 25 3 2 2
split_gain=7.40251 17.4952 24.314 19.4323 17.6747 22.5957 18.9713 27.7089 27.6243 15.8345 14.3947 14.2306 17.5405 21.8188
threshold=0.41500000000000004 3181.0000000000005 -6.9249999999999989 0.62450000000000017 0.91110000000000013 0.91930000000000012 0.052600000000000008 2836.5000000000005 2341.5000000000005 0.00098350000000000022 0.00015650000000000004 3295.0000000000005 0.063350000000000017 0.94255000000000011
decision_type=2 2 2 2 2 2 2 2 2 2 2 2 2 2
left_child=-1 3 11 10 6 -6 7 -5 -8 -7 -2 -3 -13 -14
right_child=1 2 -4 4 5 9 8 -9 -10 -11 -12 12 13 -15
leaf_value=-0.000310927960415785 -0.011448327665605466 0.013459269703565487 -0.0053939149269533141 -0.011328605223436447 0.034917648555947915 0.0045375262220831106 -0.0017200059176851097 0.011823089105239068 -0.017542526820422916 -0.013869151274031922 0.010376791402578162 -0.00088016025382834306 0.013458603937305014 -0.0010081055890110975
leaf_weight=38150.268187914044 560.91163020767272 547.81358704343438 536.06992645561695 176.03756289184093 58.354554787278175 1846.3653381727636 1945.5222629159689 485.36713059060276 321.33602737262845 124.63689593970776 87.226696135476232 891.7635760512203 754.07750320807099 398.25211043283343
leaf_count=641748 9429 8952 10218 2978 534 32863 34745 9305 4430 1999 1410 17224 12080 8013
internal_value=-1.03209e-05 0.00130276 0.00429851 -0.000368889 0.000695588 0.00428168 -0.00178972 0.00566032 -0.00396359 0.00337293 -0.00850995 0.00630327 0.00438491 0.00845917
internal_weight=46884 8733.73 3127.98 5605.76 4957.62 2029.36 2928.26 661.405 2266.86 1971 648.138 2591.91 2044.09 1152.33
internal_count=795928 154180 56487 97693 86854 35396 51458 12283 39175 34862 10839 46269 37317 20093
is_linear=0
shrinkage=0.05


Tree=477
num_leaves=15
num_cat=0
split_feature=15 15 33 0 2 11 6 33 15 1 2 2 15 3
split_gain=7.33467 25.5609 29.6622 25.1554 22.4343 28.5045 27.0161 18.9714 14.6421 25.5029 14.0522 47.9636 41.6254 34.8709
threshold=3.5717949193831546 3.538891571506309 -62.099999999999994 0.65500000000000014 0.056600000000000004 0.65500000000000014 0.14819051560903282 -59.334999999999994 3.53504376687845 0.27890000000000009 0.94395000000000018 0.94335000000000013 3.5315340190116467 3403.5000000000005
decision_type=2 2 2 2 2 2 2 2 2 2 2 2 2 2
left_child=1 8 -3 -4 5 -2 -6 -5 10 -10 11 12 -1 -12
right_child=4 2 3 7 6 -7 -8 -9 9 -11 13 -13 -14 -15
leaf_value=-1.0162637373574763e-05 -0.023051452004064433 0.011579311594704314 -0.03537564378549015 -0.019968466795892221 0.014537716687313419 0.00036876035480946955 0.001738728560014312 -0.0044064127010113767 0.016888891028438515 -0.0053391044027889748 0.0031693255046411671 -0.021793313316159107 -0.012909198394578537 -0.0086206121703140317
leaf_weight=33032.672880213708 172.52861635014415 233.96878029033542 76.196474388241768 220.0075427480042 543.95744227617979 525.10284826159477 1702.6008969191462 1777.5731282848865 332.52183522284031 210.77196625992656 6440.6649996247143 260.36553559266031 637.40827968344092 694.72367214411497
leaf_count=549247 2218 3951 687 3033 8454 10739 34465 33156 5012 4018 114986 4053 9690 12219
internal_value=-9.81277e-06 -0.00017178 -0.0052937 -0.00719783 0.00240609 -0.00542568 0.00483825 -0.00612128 0.000112307 0.0082661 4.41357e-06 -0.000419735 -0.000254392 0.00202132
internal_weight=46861.1 43916.9 2307.75 2073.78 2944.19 697.631 2246.56 1997.58 41609.1 543.294 41065.8 33930.4 33670.1 7135.39
internal_count=795928 740052 40827 36876 55876 12957 42919 36189 699225 9030 690195 562990 558937 127205
is_linear=0
shrinkage=0.05


Tree=478
num_leaves=15
num_cat=0
split_feature=31 3 33 11 33 33 15 33 33 15 0 33 15 23
split_gain=7.10556 16.3289 21.7202 18.0079 13.761 100.37 47.9684 71.4446 48.9664 46.2482 40.1881 34.8855 37.3811 33.7798
threshold=0.41500000000000004 3181.0000000000005 -6.9249999999999989 0.62450000000000017 -79.334999999999994 -87.234999999999985 2.4974295509100419 -169.58499999999995 -184.41999999999999 2.5983350594391563 0.78500000000000014 -64.484999999999985 3.2062302460526388 0.00036350000000000005
decision_type=2 2 2 2 2 2 2 2 2 2 2 2 2 2
left_child=4 3 -3 -2 5 6 7 8 -1 10 -8 12 -6 -13
right_child=1 2 -4 -5 11 -7 9 -9 -10 -11 -12 13 -14 -15
leaf_value=-0.013403078134956118 -0.0082024670153361453 0.0060811282582906188 -0.0050131065132575084 0.00068783780888913336 -0.020663823653521405 -0.022763271301298502 0.019425882030786112 -0.028936595417084033 0.0080297680887856902 -0.00031563540364069756 -0.027890127456201258 0.0064414405342193047 0.016554501651720278 -0.00046151352932640523
leaf_weight=544.90172508358955 643.6536154858768 2578.8247907329351 532.14096972346306 4944.8858324475586 76.777515161782503 538.58942543715239 472.61498681455851 350.6927171126008 521.37871756684035 10321.689553359523 49.49615215882659 1921.7138102613389 551.61459328234196 22773.402823561803
leaf_count=8705 10839 46269 10218 86854 1098 7084 6760 4000 9622 181064 576 31014 8418 383407
internal_value=-9.38372e-06 0.00128001 0.00418332 -0.000336221 -0.000303621 -0.00163981 -0.000711724 -0.00936303 -0.0029233 0.000418829 0.0149358 0.000371738 0.0120046 7.56814e-05
internal_weight=46822.4 8699.51 3110.97 5588.54 38122.9 12799.4 12260.8 1416.97 1066.28 10843.8 522.111 25323.5 628.392 24695.1
internal_count=795928 154180 56487 97693 641748 217811 210727 22327 18327 188400 7336 423937 9516 414421
is_linear=0
shrinkage=0.05


Tree=479
num_leaves=15
num_cat=0
split_feature=1 2 3 5 2 12 1 2 23 1 3 3 34 13
split_gain=7.10953 19.1473 18.9284 17.0035 18.265 16.7884 17.0983 26.8122 18.8583 15.3485 45.7658 87.9136 76.7134 85.8603
threshold=0.30820000000000003 0.058950000000000009 501.50000000000006 240.58500000000004 0.055150000000000012 0.060500000000000005 0.32445000000000007 0.063950000000000021 0.00033150000000000003 0.27015000000000006 3008.5000000000005 3021.5000000000005 0.22500000000000003 0.11600000000000001
decision_type=2 2 2 2 2 2 2 2 2 2 2 2 2 2
left_child=9 3 -3 4 -2 6 8 -8 -4 -1 12 -12 -11 -14
right_child=1 2 5 -5 -6 -7 7 -9 -10 10 11 -13 13 -15
leaf_value=-0.0005672812007436887 0.0027965206305565139 0.020762295319221722 0.0016279115507078956 0.00041914700502801997 0.023869086140422303 -0.0011039040476702627 -0.016945344605758125 -0.0014474416337251477 -0.021304860578716407 -0.0099445435186942457 -0.030739853044249477 3.4788570593061677e-05 0.015001715244693757 0.0021512281991987133
leaf_weight=22243.412506783381 256.61311918310821 82.709276581183076 121.77180816978216 2377.3213020097464 171.52739426866174 3405.0203549582511 346.16198188066483 1438.4880849793553 339.55436959676445 783.01271251402795 237.89095759391785 9320.0396313536912 2024.9904363043606 3629.6856755465269
leaf_count=368321 4302 1132 2541 46626 2163 63992 5170 26018 4639 11053 2482 163815 29175 64499
internal_value=-9.09818e-06 -0.0013135 -0.00296963 0.00207124 0.0112425 -0.00331734 -0.00667283 -0.00445429 -0.0152525 0.000282191 0.00146346 -0.000731487 0.00472222 0.00675329
internal_weight=46778.2 8539.17 5733.71 2805.46 428.141 5651 2245.98 1784.65 461.326 38239 15995.6 9557.93 6437.69 5654.68
internal_count=795928 156583 103492 53091 6465 102360 38368 31188 7180 639345 271024 166297 104727 93674
is_linear=0
shrinkage=0.05


Tree=480
num_leaves=15
num_cat=0
split_feature=1 1 1 2 1 1 2 2 26 13 3 2 13 26
split_gain=7.17236 32.5053 30.9886 68.075 44.392 42.0256 30.245 73.2557 54.7616 50.1909 41.0073 31.9447 32.7955 29.9296
threshold=0.2909000000000001 0.28830000000000006 0.29280000000000006 0.91110000000000013 0.29385000000000006 0.29475000000000007 0.053500000000000006 0.054650000000000011 0.0021535000000000005 0.18000000000000002 462.00000000000006 0.052600000000000008 0.28950000000000004 -0.00028449999999999998
decision_type=2 2 2 2 2 2 2 2 2 2 2 2 2 2
left_child=1 6 3 -2 -4 -6 8 9 11 -8 13 12 -1 -9
right_child=2 -3 4 -5 5 -7 7 10 -10 -11 -12 -13 -14 -15
leaf_value=0.0016681762571473379 -0.037016137098096029 0.010827955898534379 0.016294523623317438 -0.0013576933493386542 -0.018423731722114228 -0.00046518567492051933 0.029771748171759423 0.0038470327984675224 -0.018375447153015614 0.0050785311056209155 0.00042534427841488969 -0.012925475873129449 -0.033415970010129428 -0.039634531401401697
leaf_weight=2537.8648695908487 187.40394173562527 730.77294808067381 385.43692826852202 467.73452277295291 334.05062859132886 12989.33733240515 347.70418187230825 61.644495416432619 567.8044554926455 504.08158861845732 26924.299293866381 510.83352370560169 68.304256848990917 110.3657733425498
leaf_count=43782 1646 12468 5845 10157 4811 232581 3804 914 8239 9675 451819 8370 654 976
internal_value=-9.49274e-06 0.000403196 -0.000939324 -0.011562 -0.000431592 -0.000915586 0.000162333 0.000723719 -0.00409551 0.0151608 0.00026983 -0.00149372 0.00074742 -0.0240586
internal_weight=46727.6 32363.7 14364 655.138 13708.8 13323.4 31632.9 27948.1 3684.81 851.786 27096.3 3117 2606.17 172.01
internal_count=795741 540701 255040 11803 243237 237392 528233 467188 61045 13479 453709 52806 44436 1890
is_linear=0
shrinkage=0.05


Tree=481
num_leaves=15
num_cat=0
split_feature=10 33 33 33 13 33 2 3 33 23 6 15 26 3
split_gain=7.19656 8.39716 19.1944 42.6445 31.8744 19.5609 21.7817 18.8217 15.9648 14.8484 18.3006 14.3012 14.0741 31.5154
threshold=-0.20000000000000001 -191.69999999999996 -180.83499999999995 -176.79499999999999 0.019999999999999993 -173.65499999999997 0.06270000000000002 462.00000000000006 -203.17999999999998 0.0016115000000000003 0.16533235564740903 2.6301797686105899 -0.0015899999999999996 1347.0000000000002
decision_type=2 2 2 2 2 2 2 2 2 2 2 2 2 2
left_child=-1 8 4 -4 11 6 -5 -7 -2 10 -6 -3 -10 -14
right_child=1 2 3 5 9 7 -8 -9 12 -11 -12 -13 13 -15
leaf_value=0.0023653048650124227 0.0028112718912244468 0.0010264101354662063 -0.0099751902259707179 -0.019557460149974323 0.008611677714553588 -0.015522745224956806 0.0086218815081382429 -0.00020079296811162771 0.018128753105773939 -0.023968243746695556 0.00021557045894687245 0.026277071534210713 -0.038324471037244318 -0.0065272296461698527
leaf_weight=2986.7453967425972 486.21645348332822 76.756283326074481 1123.9955401048064 73.669766053557396 888.84852286055684 201.44194426108152 974.97221637144685 36452.237266013399 45.378294304013252 53.8293811455369 2404.4816719777882 208.0962182842195 89.207530707120895 612.05552705563605
leaf_count=55632 9471 1324 20272 1040 15086 2455 17453 610890 778 748 46241 2380 757 11214
internal_value=-9.16602e-06 -0.000171491 -5.33685e-05 -0.000378524 0.00342246 -9.23986e-05 0.00664054 -0.000285042 -0.00423916 0.00205574 0.00248182 0.0194758 -0.0088302 -0.010577
internal_weight=46677.9 43691.2 42458.3 38826.3 3632.01 37702.3 1048.64 36653.7 1232.86 3347.16 3293.33 284.853 746.641 701.263
internal_count=795741 740109 717889 652110 65779 631838 18493 613345 22220 62075 61327 3704 12749 11971
is_linear=0
shrinkage=0.05


Tree=482
num_leaves=15
num_cat=0
split_feature=13 3 15 1 25 26 3 25 1 5 15 1 1 0
split_gain=6.99741 26.3329 21.7501 41.1923 27.224 20.4208 23.6858 14.958 11.6031 31.2926 30.605 23.6713 36.6929 79.9482
threshold=1.0000000180025095e-35 462.00000000000006 3.5573183671354554 0.30675000000000002 0.00054550000000000009 -0.00076349999999999996 2670.5000000000005 0.00068050000000000012 0.19830000000000003 336.81500000000005 2.6301797686105899 0.22730000000000003 0.24025000000000002 0.69500000000000006
decision_type=2 2 2 2 2 2 2 2 2 2 2 2 2 2
left_child=1 -1 4 -4 5 -3 -7 -6 9 10 -2 -10 13 -13
right_child=8 2 3 -5 7 6 -8 -9 11 -11 -12 12 -14 -15
leaf_value=-0.023288349645048143 -0.019047634710059748 0.029050204051066071 -0.018154759992416648 0.021517373360148657 -0.029374370280911607 -0.00038787999117718031 0.0087998167150179583 -0.001891892533407193 -0.0041456829477356004 -0.0012608919463801607 0.01570716758655194 0.01892156545512004 -0.00048151199111682355 0.00080654994559899423
leaf_weight=99.107861186377704 70.497378380969167 88.472092926502228 276.33024324849248 85.629894141107798 85.820061288774014 1274.4319600202143 1560.1900020800531 116.87468796409667 3753.7548708729446 1185.2042461447418 617.54610107466578 787.53258287161589 33968.627641400322 2686.7353527359664
leaf_count=1356 1043 1012 3593 1145 857 18485 24825 1482 62277 24562 9067 11360 589523 45154
internal_value=-8.71382e-06 0.00211309 0.00283554 -0.00876606 0.00417922 0.0054081 0.00466921 -0.0135366 -0.000185422 0.00366308 0.0121439 -0.000360425 1.90679e-05 0.00491321
internal_weight=46656.8 3586.86 3487.75 361.96 3125.79 2923.09 2834.62 202.695 43069.9 1873.25 688.043 41196.7 37442.9 3474.27
internal_count=795741 52755 51399 4738 46661 44322 43310 2339 742986 34672 10110 708314 646037 56514
is_linear=0
shrinkage=0.05


Tree=483
num_leaves=15
num_cat=0
split_feature=22 31 33 33 9 1 1 15 0 1 7 2 2 3
split_gain=6.7771 9.64236 9.23895 18.0078 16.9761 12.4828 36.1455 30.1723 9.22495 8.85313 8.6885 8.24745 24.8528 7.71215
threshold=0.0061435000000000005 0.11100000000000002 -203.17999999999998 -200.62999999999997 0.70200000000000007 0.2909000000000001 0.28555000000000003 2.6301797686105899 0.63500000000000012 0.34635000000000005 1342.5000000000002 0.051050000000000005 0.051900000000000009 3303.5000000000005
decision_type=2 2 2 2 2 2 2 2 2 2 2 2 2 2
left_child=1 9 8 4 -4 6 -5 -7 -3 11 -10 -1 -13 -2
right_child=13 2 3 5 -6 7 -8 -9 10 -11 -12 12 -14 -15
leaf_value=0.0050259236828849238 0.011601486701434644 0.020268376079896958 -0.0062915682172220563 0.00039643429954793163 -0.036507650527017807 0.0045479651302634946 0.0079504888704134049 -0.0020739104483465851 -0.023827244919075972 -0.014038968234205723 0.0067342152530087424 -0.036507789246981004 -0.001737127316993793 -0.0013932508727963139
leaf_weight=443.85854741930962 264.53670419938862 113.04910242557526 254.70287280529737 24353.229098618031 56.779122270643711 2046.595095641911 1693.5903561394662 10784.523053085431 27.43024112470448 145.03653910756111 149.71258601918817 51.732375003397465 6044.2031777668744 200.78810616582632
leaf_count=8498 4427 1559 4785 390374 513 35893 26865 187657 518 3840 2785 443 123361 4223
internal_value=-8.13321e-06 -6.86575e-05 0.000228693 0.000162862 -0.0118095 0.000258812 0.000887635 -0.00101768 0.00911582 -0.00182474 0.00199106 -0.00155365 -0.0020328 0.00599515
internal_weight=46629.8 46164.4 39479.6 39189.4 311.482 38877.9 26046.8 12831.1 290.192 6684.83 177.143 6539.79 6095.94 465.325
internal_count=795741 787091 650949 646087 5298 640789 417239 223550 4862 136142 3303 132302 123804 8650
is_linear=0
shrinkage=0.05


Tree=484
num_leaves=15
num_cat=0
split_feature=12 3 25 7 2 22 1 0 2 22 15 3 3 11
split_gain=6.80412 12.0928 33.0895 31.0584 32.0853 50.284 29.8533 25.9495 24.2619 37.9183 29.152 22.5623 50.8802 52.8367
threshold=0.19000000000000006 1565.0000000000002 0.00058850000000000016 779.50000000000011 0.92730000000000012 -0.0020614999999999995 0.21685000000000001 0.67500000000000016 0.9326000000000001 0.0012605000000000001 2.6172200415413349 1864.5000000000002 1756.0000000000002 0.81500000000000006
decision_type=2 2 2 2 2 2 2 2 2 2 2 2 2 2
left_child=1 2 3 8 5 -5 -4 -6 9 -1 -10 12 13 -3
right_child=-2 11 6 4 7 -7 -8 -9 10 -11 -12 -13 -14 -15
leaf_value=-0.0095004283662042457 0.0013574288092307451 0.0092253138091477789 -0.052722054539528322 -0.0093610242614542254 -0.021731521394378023 0.023352140378130871 -0.0057216650082693079 0.0066053915911847109 -0.012072818373912575 0.017438024613304636 0.014236646484075494 -0.00025326899454961244 -0.021931907807535182 -0.011580043151721973
leaf_weight=823.11968646943569 7633.2159566469491 605.43040696159005 46.325216582044959 147.06671679392457 107.32135982438922 582.67273789644241 124.20102941989899 325.79672162793577 139.54033673554659 155.17377752810717 428.05347236432135 34492.026247700676 393.56795939803123 615.08035479672253
leaf_count=12054 134795 8170 432 2350 1412 7063 1705 5728 2049 2216 6036 594713 5264 11754
internal_value=-7.68984e-06 -0.000274979 0.00284337 0.00418848 0.0103612 0.016759 -0.0185132 -0.000419544 -0.000455149 -0.00522619 0.0077676 -0.000523657 -0.00630134 -0.0012597
internal_weight=46618.6 38985.4 2879.27 2708.74 1162.86 729.739 170.526 433.118 1545.89 978.293 567.594 36106.1 1614.08 1220.51
internal_count=795741 660946 41045 38908 16553 9413 2137 7140 22355 14270 8085 619901 25188 19924
is_linear=0
shrinkage=0.05


Tree=485
num_leaves=15
num_cat=0
split_feature=15 15 34 2 11 6 33 3 9 15 0 15 1 2
split_gain=6.61179 23.2692 24.7208 19.8682 26.3356 24.052 18.4813 23.9351 23.5246 23.3675 13.0783 12.6253 22.7789 14.0866
threshold=3.5717949193831546 3.538891571506309 0.41650000000000004 0.056600000000000004 0.65500000000000014 0.15065542583351643 -62.099999999999994 2846.5000000000005 0.73150000000000015 3.553637506185781 0.6150000000000001 3.53504376687845 0.27890000000000009 0.94395000000000018
decision_type=2 2 2 2 2 2 2 2 2 2 2 2 2 2
left_child=1 11 -3 4 -2 10 -4 8 -8 -9 -5 13 -13 -1
right_child=3 2 6 5 -6 -7 7 9 -10 -11 -12 12 -14 -15
leaf_value=-0.00040294830740917145 -0.022150421777909483 -0.027683366051494435 0.0095797593982097501 -0.0034496830219954769 0.00045911823409357 0.0016579663878795649 0.019548682179036412 -0.022911861242375167 -0.0030321515819938857 -0.0059778001281972091 0.017223363565098057 0.016033912700025632 -0.0051484638071012598 0.0020433180031398843
leaf_weight=33743.264643873088 170.33879884332418 114.49490578100085 228.93399770185351 92.007818885147572 527.11416831798851 1693.0901320520788 157.02664930932224 249.27225663885474 433.63886393979192 1113.5045723952353 453.0318102594465 325.08051178604364 208.1014316752553 7127.919083731249
leaf_count=562737 2242 1309 4029 1820 10791 34339 2401 3189 8577 21586 6781 4992 3982 127469
internal_value=5.96928e-06 -0.000148333 -0.00504678 0.00230295 -0.00506519 0.00459915 -0.00385798 -0.00543322 0.00297319 -0.00907675 0.0137336 0.000123416 0.007767 2.36836e-05
internal_weight=46636.8 43701.2 2296.87 2935.58 697.453 2238.13 2182.38 1953.44 590.666 1362.78 545.04 41404.4 533.182 40871.2
internal_count=796244 740271 41091 55973 13033 42940 39782 35753 10978 24775 8601 699180 8974 690206
is_linear=0
shrinkage=0.05


Tree=486
num_leaves=15
num_cat=0
split_feature=23 31 3 33 3 3 2 33 33 11 33 33 33 23
split_gain=6.5391 6.94016 14.6061 18.5811 17.1511 12.5423 15.639 11.44 31.6581 27.1143 18.7416 85.8251 31.2654 14.8609
threshold=0.0017445000000000002 0.41500000000000004 3181.0000000000005 -6.9249999999999989 3170.5000000000005 3295.0000000000005 0.063350000000000017 -189.98999999999998 -184.93499999999997 0.75500000000000012 -79.334999999999994 -87.234999999999985 -56.454999999999991 0.0016115000000000003
decision_type=2 2 2 2 2 2 2 2 2 2 2 2 2 2
left_child=1 7 4 5 -3 -4 -7 -1 9 -9 11 -10 -12 -11
right_child=-2 2 3 -5 -6 6 -8 8 10 13 12 -13 -14 -15
leaf_value=-0.0050394994148396264 0.0083329589045831043 9.1594511090000241e-05 0.012492996447865851 -0.0045571241187371894 -0.020263425283119668 -0.0010083545244057455 0.007816463800337568 0.02552010290215332 -0.0011903774219820154 0.0054745644356874413 0.0036762520996201386 -0.021882724066182652 -0.00064154229245104509 -0.031743361434960371
leaf_weight=1246.7419561073184 234.46126724407077 5465.8925810661167 542.04887019470334 528.38954792916775 105.38514556363225 896.12630967237055 1141.4425240326673 178.59656198881567 9574.3596764644608 1126.1730828527361 5327.3994258493185 528.6893501393497 19680.296308981255 27.377269230782986
leaf_count=23585 4120 96473 8972 10235 1438 17298 20039 1944 163012 21479 98888 7110 321369 282
internal_value=5.64161e-06 -3.64828e-05 0.00123822 0.00398435 -0.000293794 0.00573403 0.00393543 -0.000330027 -0.000168898 0.00739652 -0.00045596 -0.00227341 0.00027829 0.00458859
internal_weight=46603.4 46368.9 8679.28 3108.01 5571.28 2579.62 2037.57 37689.6 36442.9 1332.15 35110.7 10103 25007.7 1153.55
internal_count=796244 792124 154455 56544 97911 46309 37337 637669 614084 23705 590379 170122 420257 21761
is_linear=0
shrinkage=0.05


Tree=487
num_leaves=15
num_cat=0
split_feature=1 2 33 10 33 3 33 15 33 2 3 1 34 3
split_gain=6.3948 17.4946 18.7389 21.6673 37.5651 17.0728 15.289 15.3964 21.2693 18.7925 15.0526 16.6677 37.3402 59.4346
threshold=0.30820000000000003 0.058950000000000009 -164.21499999999997 0.064000000000000071 -3.9549999999999996 501.50000000000006 -188.92499999999998 2.6301797686105899 -166.84499999999997 0.93180000000000007 3564.0000000000005 0.27015000000000006 0.22500000000000003 3008.5000000000005
decision_type=2 2 2 2 2 2 2 2 2 2 2 2 2 2
left_child=10 2 -2 4 -4 -3 -7 8 -8 -9 11 -1 -13 -14
right_child=1 5 3 -5 -6 6 7 9 -10 -11 -12 12 13 -15
leaf_value=-0.00049323286327325195 0.0075920810318191902 0.019943862853372109 -0.00093949771263096722 -0.007486094743485769 0.022954744598271692 -0.022630763523503478 0.0098621603467604589 -0.0080689187865960934 -0.0026029226974900281 -0.0011718726780869306 -0.008530569608815609 -0.0058108526049975972 0.0064361690527597291 -0.00019557335153014339
leaf_weight=21961.407575171441 976.62747328728437 81.090261107310653 870.58383934013546 753.46271219849586 202.70608532056212 98.842493768781424 503.04656385630369 1889.232674119994 1069.8681718967855 2069.5075605455786 478.31414618529379 1516.6373717933893 5614.4543008878827 8483.136065877974
leaf_count=363715 17871 1133 16823 15908 2621 1301 8791 34055 20390 37846 9524 23055 93623 149588
internal_value=5.34255e-06 -0.00123329 0.00200162 -0.000987428 0.00357499 -0.00282106 -0.00314927 -0.00280076 0.00138401 -0.00446348 0.000282501 0.000394708 0.00164359 0.00244559
internal_weight=46568.9 8514.97 2803.38 1826.75 1073.29 5711.59 5630.5 5531.65 1572.91 3958.74 38053.9 37575.6 15614.2 14097.6
internal_count=796244 156739 53223 35352 19444 103516 102383 101082 29181 71901 639505 629981 266266 243211
is_linear=0
shrinkage=0.05


Tree=488
num_leaves=15
num_cat=0
split_feature=10 15 33 2 9 15 2 15 1 15 9 33 10 2
split_gain=6.43971 8.33132 30.9832 30.8751 15.293 10.2411 41.375 32.325 82.0897 30.5539 23.6195 29.8065 21.3848 19.0597
threshold=-0.20000000000000001 2.0613957098106064 -6.129999999999999 0.11180000000000001 0.70200000000000007 2.4414009612931857 0.94240000000000013 2.5983350594391563 0.19980000000000003 2.6090018179979402 0.72050000000000003 -61.274999999999999 0.029999999999999947 0.9436500000000001
decision_type=2 2 2 2 2 2 2 2 2 2 2 2 2 2
left_child=-1 2 -2 -4 -5 6 10 8 -7 -9 -3 -12 -10 -8
right_child=1 5 3 4 -6 7 13 9 12 -11 11 -13 -14 -15
leaf_value=0.0022519275772635568 0.0063992981826158368 -0.0031004861259165757 0.0049391493601159443 -0.014287710201719445 -0.04874941138665756 -0.021899531537804842 0.018938314298340295 -0.031636215714233147 0.031841949570152316 -0.00023486178642224118 -0.026498433118619998 -0.0058055003905986922 0.011895700199622059 0.0018635677625851073
leaf_weight=2984.6609548665583 1602.1569890268147 1481.897038243711 264.86953130736947 248.32844905555248 36.92480580508709 164.76540580019355 218.8224597685039 77.526632837951183 187.10884117335081 37410.166533628479 290.80011296737939 433.32320825755596 477.02592976763844 644.93750091642141
leaf_count=55691 28370 25545 4885 3963 228 2230 3122 793 1905 635658 3303 9803 7963 12785
internal_value=5.20075e-06 -0.000148822 0.00288408 -0.00735282 -0.0187641 -0.000306553 -0.00308528 -8.3924e-05 0.00968198 -0.000299886 -0.00671747 -0.0141181 0.0175192 0.00619093
internal_weight=46523.3 43538.7 2152.28 550.123 285.253 41386.4 3069.78 38316.6 828.9 37487.7 2206.02 724.123 664.135 863.76
internal_count=796244 740553 37446 9076 4191 703107 54558 648549 12098 636451 38651 13106 9868 15907
is_linear=0
shrinkage=0.05


Tree=489
num_leaves=15
num_cat=0
split_feature=13 3 2 2 26 1 15 33 1 5 15 1 1 2
split_gain=6.50312 22.4452 20.6683 38.89 27.383 23.5578 23.7718 21.671 10.6171 28.3505 26.316 21.4404 35.0984 72.6571
threshold=1.0000000180025095e-35 462.00000000000006 0.055150000000000012 0.057700000000000008 -0.0007294999999999999 0.24600000000000002 3.5932770349567842 -21.859999999999996 0.19830000000000003 330.80500000000006 2.6301797686105899 0.22730000000000003 0.24025000000000002 0.053500000000000006
decision_type=2 2 2 2 2 2 2 2 2 2 2 2 2 2
left_child=1 -1 5 -4 -5 -3 -7 -6 9 10 -2 -10 13 -13
right_child=8 2 3 4 7 6 -8 -9 11 -11 -12 12 -14 -15
leaf_value=-0.02172270490644191 -0.017641443552154218 -0.0028439032631142709 -0.024081591574542326 0.028388056650039004 0.0039762052855589368 0.021516534296522494 -0.01378392766352789 -0.0065147812055477072 -0.0039355623265733058 -0.0011033733133245815 0.015077447793396892 -0.019130385009381516 -0.00046096716206739559 0.0070136920666103485
leaf_weight=96.435825549066067 68.345908560790122 217.38708727061749 148.14963458105922 96.335090214386582 1891.7951167467982 392.11232745833695 54.224322222173214 665.2767002210021 3752.2207725644112 1191.5415592491627 602.90628509409726 289.94586299732327 33856.607222540304 3172.7423611432314
leaf_count=1358 1043 3862 1562 986 27292 6715 868 10137 62413 24637 8928 4101 589790 52552
internal_value=4.94292e-06 0.00205794 0.00272035 0.00084068 0.00223304 0.010653 0.0172258 0.0012466 -0.000165373 0.0035265 0.0117439 -0.000332825 2.94169e-05 0.00482405
internal_weight=46496 3561.72 3465.28 2801.56 2653.41 663.724 446.337 2557.07 42934.3 1862.79 671.252 41071.5 37319.3 3462.69
internal_count=796244 52780 51422 39977 38415 11445 7583 37429 743464 34608 9971 708856 646443 56653
is_linear=0
shrinkage=0.05


Tree=490
num_leaves=15
num_cat=0
split_feature=11 15 2 31 1 1 0 2 2 2 15 15 2 1
split_gain=6.27964 15.1633 27.5592 15.1008 17.1403 70.2097 121.823 62.2427 51.213 70.1742 55.0103 52.7674 32.781 30.791
threshold=0.86150000000000004 2.6667018695222073 0.054350000000000002 0.16150000000000003 0.24645000000000003 0.25745000000000001 0.68500000000000016 0.060300000000000006 0.053500000000000006 0.11180000000000001 2.6301797686105899 3.4962347597865295 0.055550000000000009 0.26550000000000001
decision_type=2 2 2 2 2 2 2 2 2 2 2 2 2 2
left_child=3 2 -2 -1 8 6 -6 -8 10 12 -5 -11 -10 -7
right_child=1 -3 -4 4 5 13 7 -9 9 11 -12 -13 -14 -15
leaf_value=0.0048644756604319037 -0.03043884153511674 -0.00014434833290054638 -0.0035058174036732698 0.026280655227524319 -0.022725093127059531 0.0073981410371930971 0.041603008460277896 -0.0025646361539613896 0.030722331965738692 -0.0025169219201960774 -0.011452410222308989 0.013247580027979745 0.008378637048519641 -0.00010135449143486155
leaf_weight=1771.7446217574179 99.460897676646709 10374.993477981538 2066.0521647259593 106.63933478295803 935.68042197450995 1471.6054330915213 83.481124103069305 1747.5829239208251 174.91287669539452 3812.0417579486966 1016.39097096771 616.58696788549423 2650.6617910340428 19550.113940485753
leaf_count=28539 1038 201644 45495 1412 11762 23338 622 29168 1859 57734 16020 9160 40866 327690
internal_value=1.73924e-05 -0.000938686 -0.00474419 0.000370683 0.000123142 -0.000561793 -0.00804911 -0.000548801 0.00206811 0.00360632 -0.00786738 -0.00032182 0.00976283 0.000423673
internal_weight=46477.9 12540.5 2165.51 33937.4 32165.7 23788.5 2766.74 1831.06 8377.23 7254.2 1123.03 4428.63 2825.57 21021.7
internal_count=796347 248177 46533 548170 519631 392580 41552 29790 127051 109619 17432 66894 42725 351028
is_linear=0
shrinkage=0.05


Tree=491
num_leaves=15
num_cat=0
split_feature=12 5 15 3 33 33 3 2 2 3 3 33 22 23
split_gain=6.55776 16.0647 21.9896 39.7325 34.0716 46.3458 63.7854 43.5294 23.8089 23.0343 39.057 29.2365 22.1878 20.7005
threshold=0.12000000000000006 208.97500000000002 2.8410123450540588 967.50000000000011 -164.21499999999997 -114.74999999999999 1625.0000000000002 0.056450000000000007 0.060850000000000008 1407.0000000000002 1672.5000000000002 -18.954999999999995 0.00042250000000000008 0.00036750000000000004
decision_type=2 2 2 2 2 2 2 2 2 2 2 2 2 2
left_child=1 2 4 -4 8 6 -6 -7 13 11 -11 -5 -10 -1
right_child=-2 -3 3 9 5 7 -8 -9 12 10 -12 -13 -14 -15
leaf_value=0.0027075838732353546 0.00096506726668747669 -0.00096247051629508881 0.029620859173575251 -0.031305915688315214 -0.048240741114774797 -0.018186541245071988 -0.0057632790517063107 0.0011600341160088062 -0.0037225409150602054 0.028291150264941431 0.0031757187108257105 0.014698389600394324 0.0091032277211454318 0.027968136441137353
leaf_weight=140.81171088665724 13085.023198463023 25538.570242101327 155.17314046807587 99.047486551105976 129.54604349657893 330.9969743732363 277.74819217994809 2385.6627719979733 715.63923751190305 164.81466863676906 2523.548298580572 52.921473659574986 637.48588411323726 191.23896980285645
leaf_count=2084 229142 464029 1666 1040 1057 3935 3880 31412 9735 1874 34101 706 9374 2312
internal_value=1.64931e-05 -0.000355762 0.00162952 0.00499224 -0.000465113 -0.00355611 -0.0192824 -0.00119773 0.0052648 0.00364573 0.00471646 -0.0152863 0.00232018 0.01726
internal_weight=46428.2 33343.2 7804.63 2995.51 4809.13 3123.95 407.294 2716.66 1685.18 2840.33 2688.36 151.969 1353.13 332.051
internal_count=796347 567205 103176 39387 63789 40284 4937 35347 23505 37721 35975 1746 19109 4396
is_linear=0
shrinkage=0.05


Tree=492
num_leaves=15
num_cat=0
split_feature=22 31 1 12 25 7 34 15 2 11 2 23 3 0
split_gain=6.38413 8.1437 7.66397 7.6514 15.2495 14.881 19.8607 22.1472 17.4949 13.6731 14.6135 11.4021 14.6667 10.5344
threshold=0.0061435000000000005 0.11100000000000002 0.34635000000000005 0.0099999999999999273 0.00054550000000000009 2920.5000000000005 0.22500000000000003 2.7028954204178484 0.93970000000000009 0.77500000000000013 0.12670000000000001 0.00034850000000000007 1672.5000000000002 0.68500000000000016
decision_type=2 2 2 2 2 2 2 2 2 2 2 2 2 2
left_child=1 2 -1 5 13 9 8 -8 -7 10 -3 -6 -13 -5
right_child=-2 3 -4 4 11 6 7 -9 -10 -11 -12 12 -14 -15
leaf_value=-0.0014004169901341223 0.0058403141611560391 0.0013994426869310902 -0.012937988182532121 -0.00047091366754800922 0.021052735700637815 0.0064483979354080833 -0.0059914161552579864 0.012538583621066877 -0.029208031876386362 0.0031882113317773931 -0.0066326526944123819 -0.023591416116738567 -0.0043561738715290925 0.0014677698248544079
leaf_weight=6558.4221013840288 465.62402292713523 1277.3025142662227 147.06641868315637 21370.369133927859 40.537825493142009 70.02938936278224 197.62684667482972 874.78694192692637 67.462589785456657 2491.1293246345595 1017.1658195797354 107.10997680574656 1311.6443123966455 10425.285948229954
leaf_count=132647 8689 18950 3831 365425 563 1105 2597 12584 734 38217 14113 1174 20488 175230
internal_value=1.57014e-05 -4.33259e-05 -0.00165365 0.000231783 -6.46357e-05 0.00187589 0.00682975 0.00912359 -0.0110555 0.000623325 -0.00216142 -0.0050623 -0.00580991 0.000164752
internal_weight=46421.6 45955.9 6705.49 39250.5 33254.9 5995.5 1209.91 1072.41 137.492 4785.6 2294.47 1459.29 1418.75 31795.7
internal_count=796347 787658 136478 651180 562880 88300 17020 15181 1839 71280 33063 22225 21662 540655
is_linear=0
shrinkage=0.05


Tree=493
num_leaves=15
num_cat=0
split_feature=1 1 1 0 1 0 1 10 1 15 0 33 33 0
split_gain=6.33162 76.9268 73.6698 68.0361 39.3844 51.6423 43.6399 41.0568 29.5907 27.5232 47.5129 30.3495 97.5484 52.179
threshold=0.25905000000000006 0.25585000000000008 0.25745000000000001 0.67500000000000016 0.26550000000000001 0.66500000000000015 0.26610000000000006 0.070500000000000076 0.25555000000000005 3.5315340190116467 0.67500000000000016 -50.079999999999991 -32.689999999999991 0.68500000000000016
decision_type=2 2 2 2 2 2 2 2 2 2 2 2 2 2
left_child=1 8 -3 -4 5 -2 -6 -7 9 11 -11 13 -13 -1
right_child=4 2 3 -5 6 7 -8 -9 -10 10 -12 12 -14 -15
leaf_value=-0.020043893362455899 -0.024936792623710072 -0.028200385980895221 -0.048166423073803165 0.0030758027292854297 -0.024996540238020531 0.017826685698670543 0.00013253728855124015 0.0028481996790318612 0.017703055196774908 0.023227298956270032 -0.020404017314271758 0.011597629353602212 -0.00076926433925213883 -0.0011742362928107508
leaf_weight=387.26644721627235 117.01456922292709 479.46826657280326 72.597495600581169 594.50090268440545 173.80207873508334 802.83361743763089 26558.774087379687 1063.5205377489328 236.26497747376561 75.803042314946651 350.79157476499677 2097.1180591192096 6652.7527546975762 6755.9997432036325
leaf_count=5144 1455 5435 450 12901 2147 11110 465681 21301 3501 991 4859 32062 108302 121008
internal_value=1.49539e-05 -0.000728791 -0.0132529 -0.00250706 0.000473452 0.0072714 -3.09325e-05 0.00929198 0.00013863 -0.000115762 -0.0126474 0.000220683 0.00219486 -0.00219751
internal_weight=46418.5 17702.6 1146.57 667.098 28715.9 1983.37 26732.6 1866.35 16556 16319.7 426.595 15893.1 8749.87 7143.27
internal_count=796347 294653 18786 13351 501694 33866 467828 32411 275867 272366 5850 266516 140364 126152
is_linear=0
shrinkage=0.05


Tree=494
num_leaves=15
num_cat=0
split_feature=12 5 15 33 33 33 33 3 3 13 33 33 23 7
split_gain=6.3845 9.43999 7.94576 29.2564 25.826 17.3118 28.2868 11.4746 36.9662 49.045 40.7878 34.5564 29.3667 26.5336
threshold=0.32500000000000012 418.22500000000008 2.0613957098106064 -7.339999999999999 -7.0999999999999988 -6.129999999999999 -4.2449999999999992 1565.0000000000002 1864.5000000000002 0.12450000000000007 -44.129999999999988 -16.054999999999996 0.00047650000000000009 1396.5000000000002
decision_type=2 2 2 2 2 2 2 2 2 2 2 2 2 2
left_child=2 -2 3 -1 -5 -6 -7 11 9 10 -9 13 -11 -4
right_child=1 -3 7 4 5 6 -8 8 -10 12 -12 -13 -14 -15
leaf_value=0.0076463089056251834 -0.01153595691453251 0.0031715654035358999 -0.00069738382349918344 -0.0370833686494026 0.008640785933058474 -0.017907378805011989 0.0045305297539001759 0.012734888220105066 -0.00017385260552842943 -0.022890705493030617 -0.010447811296070874 0.014378417892400861 -0.0051802531707932885 0.030939006344752197
leaf_weight=1282.8018622249365 114.31204203143716 2351.9582967497408 2330.26070364099 55.786523297429085 262.41515477374196 286.51258492842317 275.39346752688289 401.54165729507804 37091.147592039779 541.43592899665236 359.51173975504935 523.67528084013611 412.37756502255797 68.117077380418777
leaf_count=23290 1779 45494 33914 472 4677 4286 5102 5912 641131 7434 5692 8351 8074 739
internal_value=1.41021e-05 0.00248943 -0.000124994 0.00282985 -0.00419046 -0.00196018 -0.00691158 -0.00027816 -0.000505683 -0.00768246 0.00178375 0.00274334 -0.015235 0.000202384
internal_weight=46357.2 2466.27 43891 2162.91 880.108 824.321 561.906 41728.1 38806 1714.87 761.053 2922.05 953.813 2398.38
internal_count=796347 47273 749074 37827 14537 14065 9388 711247 668243 27112 11604 43004 15508 34653
is_linear=0
shrinkage=0.05


Tree=495
num_leaves=15
num_cat=0
split_feature=31 11 12 34 3 4 3 3 1 0 3 23 1 0
split_gain=6.46717 15.1232 16.3124 25.7294 19.4137 17.0488 33.6279 30.5228 22.1268 60.0666 44.788 17.5774 15.4524 19.5877
threshold=0.30500000000000005 0.83100000000000007 0.016499999999999963 0.22500000000000003 3437.5000000000005 1.0000000180025095e-35 2791.5000000000005 2958.0000000000005 0.28045000000000003 0.68500000000000016 2964.5000000000005 0.00040450000000000007 0.21960000000000005 0.69500000000000006
decision_type=2 2 2 2 2 2 2 2 2 2 2 2 2 2
left_child=-1 2 3 -2 -5 8 11 -8 9 -4 -10 -7 -3 -14
right_child=1 12 5 4 -6 6 7 -9 10 -11 -12 -13 13 -15
leaf_value=-0.00049110720462127442 -0.0074589167728997532 0.017096133302582344 -0.011690189705342123 0.0049322806679525941 0.020106077183530139 -0.0015573627734304682 -0.0087189276667940657 0.00097922636015983938 0.0070433534587027394 0.0022193201809846742 -0.0033368269795942896 0.0080848007094422164 0.0059720415168141149 -0.0053253758081245363
leaf_weight=27077.603393210098 354.11277399398386 220.80482866242528 1673.2462742775679 1225.2785500977188 254.52594673074782 614.21547957137227 1041.7578817121685 3666.2727634161711 1578.7760603893548 1447.5552534963936 3040.0371049437672 2050.3038084032014 1553.1857650298625 509.45009662955999
leaf_count=476002 5389 3213 25920 17692 3162 10026 17490 66170 26277 23486 53142 32292 26274 9574
internal_value=6.83837e-06 0.000708008 0.00019328 0.0046463 0.00754335 -0.000347138 0.00137355 -0.00116685 -0.00198622 -0.00523853 0.000211342 0.00586215 0.00452778 0.00318157
internal_weight=46307.1 19229.5 16946.1 1833.92 1479.8 15112.2 7372.55 4708.03 7739.61 3120.8 4618.81 2664.52 2283.44 2062.64
internal_count=796109 320107 281046 26243 20854 254803 125978 83660 128825 49406 79419 42318 39061 35848
is_linear=0
shrinkage=0.05


Tree=496
num_leaves=15
num_cat=0
split_feature=0 33 33 1 34 1 7 1 15 1 22 15 23 2
split_gain=6.64766 27.5718 50.8406 31.2224 29.1846 22.5128 17.9714 17.6881 46.6774 94.335 44.1349 40.7677 36.4715 34.2192
threshold=0.64500000000000013 -58.389999999999993 -48.039999999999999 0.29610000000000009 0.83350000000000013 0.29690000000000005 425.50000000000006 0.27415000000000006 2.7707194825327863 0.27790000000000009 0.00047150000000000008 3.3058000285655358 0.00035550000000000008 0.053500000000000006
decision_type=2 2 2 2 2 2 2 2 2 2 2 2 2 2
left_child=1 5 -3 4 -4 -1 -7 13 -9 12 11 -11 -10 -2
right_child=7 2 3 -5 -6 6 -8 8 9 10 -12 -13 -14 -15
leaf_value=0.012251668298373567 -0.0064588896227165309 -0.016024825903012442 -0.017644998710987313 0.0005009808220544326 0.016042806150044671 0.018054232738593239 -0.00025439439792377744 -0.0028221553110644808 0.040379001002641447 0.0097642201371852533 -0.0042919857243680741 0.00056159623694032503 0.013825732677419539 0.00016047529352310747
leaf_weight=403.72838036343455 2152.3165129087865 759.79159766249359 449.23663036804646 2716.3231759704649 74.944908387959003 136.63086390867829 6791.6002074070275 3597.3364509586245 148.23193963617086 2062.7572710011154 2074.374761801213 2888.7791246883571 1011.2720578312874 21014.25280062668
leaf_count=6293 35857 11618 6633 51457 1813 2004 123662 62473 1174 33187 38849 51393 16214 353482
internal_value=6.44874e-06 -0.0010459 -0.00438478 -0.00165517 -0.0128263 0.000775822 0.000106923 0.000347673 0.00192491 0.00401116 0.00183048 0.00439543 0.0172235 -0.00045453
internal_weight=46281.6 11332.3 4000.3 3240.5 524.182 7331.96 6928.23 34949.3 11782.8 8185.42 7025.91 4951.54 1159.5 23166.6
internal_count=796109 203480 71521 59903 8446 131959 125666 592629 203290 140817 123429 84580 17388 389339
is_linear=0
shrinkage=0.05


Tree=497
num_leaves=15
num_cat=0
split_feature=12 6 15 11 11 2 33 33 33 1 1 0 33 2
split_gain=6.35458 13.3079 13.8051 12.5527 15.9755 20.4472 12.077 11.7967 19.4102 13.5738 11.3797 18.3572 28.7687 17.8008
threshold=0.12000000000000006 0.3381561883641428 1.9946300134983452 0.82850000000000013 0.7945000000000001 0.92210000000000014 17.050000000000004 -3.9549999999999996 -2.2049999999999996 0.22410000000000005 0.40095000000000008 0.6150000000000001 -174.09999999999997 0.062400000000000004
decision_type=2 2 2 2 2 2 2 2 2 2 2 2 2 2
left_child=1 6 -3 4 -4 -6 10 9 -9 -5 11 12 -1 -13
right_child=-2 2 3 7 5 -7 -8 8 -10 -11 -12 13 -14 -15
leaf_value=0.0067571335939176635 0.00094231730166025496 0.0053717909022885403 -0.0025843701221091486 -0.0064188413977964189 -0.01913715641937069 -0.0024768850743790466 -0.025637550766851525 -0.018781938933329391 -0.002279019711013042 6.0280229705036126e-05 0.0081579767741676041 0.0032274571013899698 -0.0071647889895488249 -0.00021364755914636687
leaf_weight=477.3089470975101 13022.440216204152 668.03693457320333 1777.876285335049 902.07061054557562 392.86983003467321 346.66583455353975 44.229793075472116 240.02558629587293 690.76918572746217 7774.8894644752145 472.33654572069645 5403.7391584441066 1666.0918920235708 12341.292423427105
leaf_count=8230 229124 12733 32332 19105 5954 6236 531 3761 15176 151160 8430 82373 28588 192376
internal_value=6.25511e-06 -0.00036093 -0.00162521 -0.00201075 -0.00515357 -0.0113289 0.000431734 -0.00118723 -0.00653622 -0.000613366 0.00048849 0.000306305 -0.00406438 0.000834254
internal_weight=46220.6 33198.2 12793.2 12125.2 2517.41 739.536 20405 9607.75 930.795 8676.96 20360.8 19888.4 2143.4 17745
internal_count=796109 566985 246457 233724 44522 12190 320528 189202 18937 170265 319997 311567 36818 274749
is_linear=0
shrinkage=0.05


Tree=498
num_leaves=15
num_cat=0
split_feature=3 3 15 12 25 1 1 3 1 3 1 0 7 6
split_gain=6.0576 13.8534 15.6991 14.9655 14.7095 10.9381 34.4787 71.3097 39.7602 26.2426 64.4321 45.7461 8.70573 8.44979
threshold=3587.5000000000005 3564.0000000000005 2.0613957098106064 0.0094999999999999547 -0.00073149999999999984 0.2909000000000001 0.27415000000000006 3318.0000000000005 0.26675000000000004 2867.5000000000005 0.29505000000000009 0.67500000000000016 3272.5000000000005 0.097067464858933611
decision_type=2 2 2 2 2 2 2 2 2 2 2 2 2 2
left_child=1 2 4 -3 13 6 8 -8 -4 10 -7 -11 -6 -1
right_child=-2 3 5 -5 12 9 7 -9 -10 11 -12 -13 -14 -15
leaf_value=-0.024706115751777072 0.0070381896697282913 -0.031953289417214488 0.00015236016664498163 -0.0051150052689309449 0.004967534403436058 0.02173041195959946 0.0063727354466073041 -0.0040171970860932932 -0.0064021954747584585 -0.0023990458980970375 -2.6196610568331923e-06 -0.035738530465531382 0.02284616540904278 0.0040626000875137189
leaf_weight=64.856965601444244 304.11385199055076 58.21850711107254 19912.529795159586 475.73408726975322 1653.5325733274221 378.29629827477038 5477.3218035846949 2364.1886491179466 2617.7435362432152 9233.3868971988559 3454.2569324690849 103.95096524804831 70.92400011792779 42.003378745168447
leaf_count=721 5852 658 332776 9904 29849 5102 93971 41462 44691 169091 59466 925 911 730
internal_value=5.90406e-06 -4.06971e-05 5.35357e-05 -0.0080467 0.00458842 -0.000137207 0.000384642 0.00324019 -0.000609224 -0.00134066 0.00214307 -0.00277059 0.00570413 -0.0134048
internal_weight=46211.1 45906.9 45373 533.953 1831.32 43541.7 30371.8 7841.51 22530.3 13169.9 3832.55 9337.34 1724.46 106.86
internal_count=796109 790257 779695 10562 32211 747484 512900 135433 377467 234584 64568 170016 30760 1451
is_linear=0
shrinkage=0.05


Tree=499
num_leaves=15
num_cat=0
split_feature=27 3 1 3 33 0 11 1 3 3 1 1 15 0
split_gain=6.53961 13.1516 11.9043 10.7795 9.95915 8.3902 7.79057 41.3313 32.5601 48.7386 31.9996 29.6057 14.4665 15.9975
threshold=9.2500000000000012e-05 3181.0000000000005 0.26700000000000007 1615.5000000000002 -180.59999999999997 0.69500000000000006 0.69500000000000006 0.22200000000000003 1940.0000000000002 2499.5000000000005 0.32890000000000003 0.30100000000000005 1.9946300134983452 0.46500000000000002
decision_type=2 2 2 2 2 2 2 2 2 2 2 2 2 2
left_child=6 2 3 -2 -4 -5 7 -1 12 11 -11 -10 -9 -14
right_child=1 -3 4 5 -6 -7 -8 8 9 10 -12 -13 13 -15
leaf_value=-0.051923920252518178 -0.023376174788094155 0.0063736853045371347 0.00797647846277812 0.011153488935445509 -0.0055625505389403536 0.00082611634725731514 -0.00042271396029491365 -0.010046956551792514 -0.021529171265337835 0.0051077287171191572 -0.0038795979936020182 0.0011688226312731749 -0.014707355590425073 0.018180862325937658
leaf_weight=35.835116848349571 33.81600184738636 1181.7564336396754 157.94269143790007 353.3220441956073 966.56509503722191 443.44973342306912 37152.257354125381 60.857274480164051 370.54735242575407 3228.8306734841317 1428.5604692064226 234.56999402865767 39.938214730471373 487.16130882594734
leaf_count=259 437 21623 2800 6936 17791 8916 645792 856 4616 50128 24750 4315 623 6267
internal_value=5.69622e-06 0.00220971 -0.000307393 0.00423202 -0.00366039 0.00540653 -0.000154948 0.00153508 0.0018634 0.000616506 0.00235102 -0.0127317 0.0130218 0.0156866
internal_weight=46175.4 3136.85 1955.1 830.588 1124.51 796.772 43038.6 5886.3 5850.47 5262.51 4657.39 605.117 587.957 527.1
internal_count=796109 58503 36880 16289 20591 15852 737606 91814 91555 83809 74878 8931 7746 6890
is_linear=0
shrinkage=0.05


end of trees

feature_importances:
Column_33=1186
Column_1=1037
Column_3=990
Column_2=824
Column_15=773
Column_0=414
Column_23=372
Column_11=298
Column_13=213
Column_31=99
Column_34=96
Column_9=95
Column_7=82
Column_10=76
Column_22=73
Column_26=72
Column_12=66
Column_5=64
Column_6=36
Column_18=32
Column_27=19
Column_35=19
Column_19=13
Column_14=12
Column_4=11
Column_29=11
Column_25=9
Column_8=5
Column_21=2
Column_28=1

parameters:
[boosting: gbdt]
[objective: cross_entropy]
[metric: cross_entropy]
[tree_learner: serial]
[device_type: cpu]
[data_sample_strategy: bagging]
[data: ]
[valid: ]
[num_iterations: 500]
[learning_rate: 0.05]
[num_leaves: 15]
[num_threads: 0]
[seed: 0]
[deterministic: 0]
[force_col_wise: 0]
[force_row_wise: 0]
[histogram_pool_size: -1]
[max_depth: 6]
[min_data_in_leaf: 500]
[min_sum_hessian_in_leaf: 0.001]
[bagging_fraction: 0.9]
[pos_bagging_fraction: 1]
[neg_bagging_fraction: 1]
[bagging_freq: 5]
[bagging_seed: 3]
[bagging_by_query: 0]
[feature_fraction: 0.9]
[feature_fraction_bynode: 1]
[feature_fraction_seed: 2]
[extra_trees: 0]
[extra_seed: 6]
[early_stopping_round: 0]
[early_stopping_min_delta: 0]
[first_metric_only: 0]
[max_delta_step: 0]
[lambda_l1: 0]
[lambda_l2: 0.1]
[linear_lambda: 0]
[min_gain_to_split: 0]
[drop_rate: 0.1]
[max_drop: 50]
[skip_drop: 0.5]
[xgboost_dart_mode: 0]
[uniform_drop: 0]
[drop_seed: 4]
[top_rate: 0.2]
[other_rate: 0.1]
[min_data_per_group: 100]
[max_cat_threshold: 32]
[cat_l2: 10]
[cat_smooth: 10]
[max_cat_to_onehot: 4]
[top_k: 20]
[monotone_constraints: ]
[monotone_constraints_method: basic]
[monotone_penalty: 0]
[feature_contri: ]
[forcedsplits_filename: ]
[refit_decay_rate: 0.9]
[cegb_tradeoff: 1]
[cegb_penalty_split: 0]
[cegb_penalty_feature_lazy: ]
[cegb_penalty_feature_coupled: ]
[path_smooth: 0]
[interaction_constraints: ]
[verbosity: -1]
[saved_feature_importance_type: 0]
[use_quantized_grad: 0]
[num_grad_quant_bins: 4]
[quant_train_renew_leaf: 0]
[stochastic_rounding: 1]
[linear_tree: 0]
[max_bin: 255]
[max_bin_by_feature: ]
[min_data_in_bin: 3]
[bin_construct_sample_cnt: 200000]
[data_random_seed: 1]
[is_enable_sparse: 1]
[enable_bundle: 1]
[use_missing: 1]
[zero_as_missing: 0]
[feature_pre_filter: 1]
[pre_partition: 0]
[two_round: 0]
[header: 0]
[label_column: ]
[weight_column: ]
[group_column: ]
[ignore_column: ]
[categorical_feature: ]
[forcedbins_filename: ]
[precise_float_parser: 0]
[parser_config_file: ]
[objective_seed: 5]
[num_class: 1]
[is_unbalance: 0]
[scale_pos_weight: 1]
[sigmoid: 1]
[boost_from_average: 1]
[reg_sqrt: 0]
[alpha: 0.9]
[fair_c: 1]
[poisson_max_delta_step: 0.7]
[tweedie_variance_power: 1.5]
[lambdarank_truncation_level: 30]
[lambdarank_norm: 1]
[label_gain: ]
[lambdarank_position_bias_regularization: 0]
[eval_at: ]
[multi_error_top_k: 1]
[auc_mu_weights: ]
[num_machines: 1]
[local_listen_port: 12400]
[time_out: 120]
[machine_list_filename: ]
[machines: ]
[gpu_platform_id: -1]
[gpu_device_id: -1]
[gpu_use_dp: 0]
[num_gpu: 1]

end of parameters

pandas_categorical:null
